addr,name,amount,44
xch14ett5jxc3v6us0ek9nkg9kaqy27xcwue9hsks90qyugddf0z8kvq6ly63v,BSH,2000,
xch1w6xqvcnmv4rs7duzyxnqhqxhwgx8wc3szmeusjhy2msr7ucwh0qqd9layt,BSH,2000,
xch1rgx496f5hy356vpgvg2v96ysu8s28fu9ljw326n522c52p5uhknqsq2taz,BSH,2000,
xch1le26sqcu54tln7xaxam78j6du560eqj7snqza0nhsvpmhq696qysmquvhz,BSH,2000,
xch1nhj8scvy548zl806mpgjy3yu6px9d4mwnun6qwwmcf0d36r0e3ks6t4rdl,BSH,2000,
xch1dmp9gea0mdwl096r7nf5a3q6zau34r4k9uwlv45nt08cahl8cejqkzwkdm,BSH,2000,
xch1nd8jg2u6dfv2atn4r63nzf4x6wm7dqqy6ktad9svn8vfx5qg9fusp2d4jm,BSH,2000,
xch1c57nq53ck69a4prffafcl58rdem8qdyllvh5ktyk8v6e0d8hh4ysxk7pz3,BSH,2000,
xch1vm7avytlv4w9akeg49z6kkxkupd8q5nzqg5dhmns6ln5mtw0q3jst6l9me,BSH,2000,
xch1sqzxr0nwax9zqqugnsedpsl895u0pzy28fzphd999uq3v2l9s22qw36lrf,BSH,2000,
xch1902v3l6ptck4pjxc5hlttu8v7kgq5uxgldl0ggqklnacud8gqmpqy8kq7f,BSH,2000,
xch1s2pg2nrrj8ekfpdqlcshwld6pqqaj43wkexntfzxwzhqwsl0ryaqkjmcev,BSH,2000,
xch133r8rdl7r34wvypx9fd52mz5fmxjl8pef2preqefl8xlajnzyckq4yquks,BSH,2000,
xch1ldccz42tt0e88qhxgxadue3am38y8qfx6z8ul0yj9mjlczxk66mq4k7w60,BSH,2000,
xch1ff46lvq98cexvltvevj3gdurau7nsp7ta3r9cfmc7we2dldqlveq805y8s,BSH,2000,
xch1398ddea8q2fvrckwkvn8vxe9kvd4zslwdz5k7ynx23795ze6fzksqupvss,BSH,2000,
xch1d9tw22vdepnaspj9yluw9gzf2qhtp956rxa350awh3v7lxpmzd9spg847j,BSH,2000,
xch1s2tqxt95z3j9prsppkzcd6wt3r0svk0yyrwzzhkfnklqtz8awlyq693kag,BSH,2000,
xch1kn8quqmjdfl6x70s3krnzzvpdy6vemez4r6djr5hycg4xt28hlwqk8pvu5,BSH,2000,
xch1l0kjlw25qh2xqr599e5qkkaw6leyazxe05z4p54p4xjcp3xlc68q34g45k,BSH,2000,
xch16a8qk05pyn0ktgx6dxm6hl9wexmpspmhhk3e64s07yvzkfqhgvfq2rplvs,BSH,2000,
xch1v4c5su4a0z4q8y5yl224sym5mjxfqhvmnqjzx9m6csla8rmh4a8seatgyf,BSH,2000,
xch1cr74d5thxw2mgeq3cpmuvf23hp4ekr84luempudjtfwdz9spl7fstwl2ds,BSH,2000,
xch134709cyvrq6mntym2e7tv4ylewh0xhxfakpdnasc72nchhgufmws3pygds,BSH,2000,
xch1z5fug46wlawrtqllvzvsxkpvepfrr6c87ap9q4lw40nlgpls3seqn4d55p,BSH,2000,
xch1t6qddyf4pczlrk78962ue7luy2cjdrgu4p27xf8c7ryzy89vn0xsm0jnpd,BSH,2000,
xch1yfkp7x9xckyqj7znhcekjacjcw750g5d7fffu7h3mtgvhppl67tsrwt3a6,BSH,2000,
xch13hxelx2sxj5dt7pauq83xu45568h8vfqp3jaayrulaz4flz5cfuquqj5gz,BSH,2000,
xch1npcqnyp6y5nyltzl582mfstk4h7lxu70mlwxh5k34wcp2sp3jdhqqy0mx8,BSH,2000,
xch1zsce6mszu8ypz0gwz37445h3cfzfcph3w0nfpfm6nhhxqsz5yqgqs96ctm,BSH,2000,
xch1xq77kj52km5axwyzvf6g8yremwf34wwstl63hhvhaqnyxrcqmyhsmhydhr,BSH,2000,
xch1r759nntl7xuhu7fv9cyvexg0x2zq3td8c055y6uqyl732q8scx4q0max74,BSH,2000,
xch1g7sjrydqun5yc7tchx3tmvl736cajxktnt7zjqu0rrspmtm6gn0q6fjan6,BSH,2000,
xch13aewnx84lvdg3dtd504wwa2fad55f7zutkemfnzr42mjge2nyqcs9z3nt8,BSH,2000,
xch1dqx54jgk7tw6yuepwfvg0njjc3kzg6583wru69g9cmc22hmc802qdhupv7,BSH,2000,
xch10dcsurdl0ln3sqpwrxshluqvgdsu5qh89vvkqaat20e03s5pek5sv52kup,BSH,2000,
xch1h9saua0wpvkz5g88checgtqyv3glq3kl30huuhdhw7l4u4z3ajgsf8zm28,BSH,2000,
xch1779y0kemdl6rg74ypz06246y473jnh73rr6rmu034tr8zmsutsgq30exqa,BSH,2000,
xch183ektr7z6wkeucfdl3m8v9kvn629q52u7su3w6jn8fukx8jx78wsf78w0v,BSH,2000,
xch1rp8wxc4n7wtw38ncgqpurgdzvduttj88y5732qguwnn6uwsd49usym3xgy,BSH,2000,
xch1gkuwpa3nx6ventht07xh7mwzzn8mpxz9utvk6adx9slamyylfptq3vnnyc,BSH,2000,
xch1s2eg4xth0yyvgrrajl6jmfzndclyj4z038eg7pq5zz3zg9mcy4qsru2wvd,BSH,2000,
xch1fr3feyf6xxz3uz3wxjyxz0rxqwktl06wz3mff5gm5s4jy38w3lgqv7ueth,BSH,2000,
xch14s34veney5yesla3rh4tu44xsqr40tzysuz2wmef0xpxxk3qj05s6rq0uq,BSH,2000,
xch1kd6j78wsyvu29g67hdlfqe6aw0r546tn47mysk7f6wj34kfxj77shr2458,BSH,2000,
xch13x403eqaj9l29j6rj4vy34g349f39apyjgcps0l6emmcuum425ys268uqm,BSH,2000,
xch1n2kxp683y6x7y2s5qcf56czsem23343lhnsc2el4csx96qlgxtesq8xxmx,BSH,2000,
xch18qrs3v4es7d9u4q6ahswspjq8nwjqclrn5r36yze45tszp9a6uwqhs30xj,BSH,2000,
xch1h9v5t6kqcyne5s0nkx64e6cwsjeh38f3dmhkggl0nr4mpecj2qqsr0hj8g,BSH,2000,
xch1rv3f09eyxw4u05sffhg4kc4gezn2zeurcm5rus0launzvhr9tf9susfwrh,BSH,2000,
xch1lqj2v5huzzyu6ynyqu2rlj2afxsq3305kp2u4jwdr4qr50m8zadq9prtll,BSH,2000,
xch19kftuncazutjkwee7hl3ez74wjvjdmhwqqvda264hupqsx63u7msapapdr,BSH,2000,
xch1ydhjdtdk3yc4rxhl6t9tcuukyeeenam0zfylzjsrpzzrfseg0wfsrmf86d,BSH,2000,
xch1xmar5n4h0s6trktyyvy226zxc9vp7ggc4wxqpxvfxg64zlkhe2ns52fp4u,BSH,2000,
xch1uchx58362vm5gqephftz5s39e7ltekp3k4zlw5mrfgg07u66v4xq6se03v,BSH,2000,
xch1jn5r2e0g4fzjyt0qh2ucdtxh4rgvge9c989tcwtxy2kdf079f7xsld22k5,BSH,2000,
xch12x4yjtvgfu93xhy9mkp83tetxklzrlx77reqz0xkxz628dshaq3q83e29c,BSH,2000,
xch17tw2mp65qut9uxwz2h3x6pvelqer7esq3d9mlgffjrr0ygds64eqy88yd7,BSH,2000,
xch1m6enyg0s7rd7kmz9kg7jmyfjjf29p6mwcutlgn83t04c3ep7jcpsmtuzf8,BSH,2000,
xch1ar080tdwl4ma5ypngexhdysttqnlqk3eez0w89szvn7zg3srkvys4x9pt8,BSH,2000,
xch1la55yqx54c950zjulw4u62088zhy75uhdtgre9ugaecqdfkm0tqsw0ahw6,BSH,2000,
xch1zkr3tn9pap2e5mlr52n3535sreq34z947wdrtwjz4yn2ktzsty8q09huc6,BSH,2000,
xch18kewuzcesjag6seucjdkwpvm4z8hlwzud6nxgjyn2kw5jdeq6jfswaekvt,BSH,2000,
xch1ecus5r06n8xwtt57wr6gndtqvfl7tf9r6axez8l20dak04s8j8sseefk3g,BSH,2000,
xch1wgq4eyzcqpjcmuzzt8g4smj50jmvsqd23ycvxurw786v5xgfxh0q5gk8ru,BSH,2000,
xch15khh0p5yceshvlf5tdsu379lqdm0fyphgjgfcsdx3gfhdwrw2avquvw6x9,BSH,2000,
xch1spnkjln6avgq3txa77w322xe2aq6ek42z6a5zz665v60e7u4teus7xqh9w,BSH,2000,
xch14z076ugjvzu4930p2xsz4urzzafwgvfnyead9acw05csp0frjmysyd7sh5,BSH,2000,
xch1zgftgevnqcv4jccaqu3r5ahddzguhunj79ep9cv7m3ee4zs6fcls430n8g,BSH,2000,
xch1kg954um9vd8wgm2x8xrngz0fyrhth3g07l45ev7xglywk2y73lkscrn32f,BSH,2000,
xch1zysvvclg4zlpzxhymmcl4gu2s3u93grucra5hs5unnx82g7m7ges3wyker,BSH,2000,
xch1rq3wc5j4hl9j7srcprkfwgxt8cg4gaqzsmdldarp5yrfw943tfhqqcwq7j,BSH,2000,
xch12e8q7c8g0hpa68n9ukgzh0hgdnqdrv27tz88fcqdccynyxv3vg5svlr85t,BSH,2000,
xch1wxcyuy438zsr0q2v9mydeauera8uvtw6dd8ay0q7zp7mwlhz0hcq0kuwsl,BSH,2000,
xch1zejwwc33qljl7gnu49p0u88zhha3qwc4g9pslxjwxq40kdlq0gjqy3c0e9,BSH,2000,
xch1fcqk8kdl04gmdltg436l5fky2azkdw00gr6ga92wypc25cjsasxs63zj0l,BSH,2000,
xch138u0hnhke5lydjn4m9yqj8mvmlj5mflavl5v7cw7jucx37xzx97q3yc69l,BSH,2000,
xch1rhz94f60rcu8xw553ylcu6u64p28zcl3snmmshcfajns7eu9s59slvnffd,BSH,2000,
xch1y8k8cerzvms73h0rn7kkk8lzhlayp85lmvhl9mkjmlln4u5p2kfqllg23z,BSH,2000,
xch19fjygzrw6t4pcjxtm6gqh2shzu49daw8fq7udnmc2vhe5js6zcfsks7gjn,BSH,2000,
xch1hxknpfcxanrf2zprv47ejjdm9kasvz0euafulzjq4snuy5xrxcnqvgx36w,BSH,2000,
xch1swyr70qjt5uu425argvh25gpch06sqshjqfxzlp47walt0hmqzss2g6c3p,BSH,2000,
xch10f6dct4ejqryeppjmdj49j2jytncj2rxy6c4dffezr50ln0dfssqwuap6m,BSH,2000,
xch1g42tua390mpu4y69zptkqkujdtxtv4c7p4jg9ydxdzrm4t8e59dsjggr89,BSH,2000,
xch1wjw4eylzj8jxmh9qffsuye28sza7lqjd3fzaatu7n2v4am6sqjjs7fjfdx,BSH,2000,
xch1k0svvtmv04tjhkn9tdyf34e5ff5ma0hnxhul0nm8e6pzca5s9f6s9mpzhj,BSH,2000,
xch1eymvgmqek3ndt9npvftkpq7fzv7nwne26atqwyq5d9ckxk6j049qpqa2pw,BSH,2000,
xch1934ugfvjazjt5qtd32vrkm0wlmv0amehzyelggk8ussy7dnx7z3sp56t3q,BSH,2000,
xch17a46arktdeu2gsgkdh6hck8ve2hxwzwpdgdv4xt90xtr75muy4tqepkwvd,BSH,2000,
xch1x3nygek7u4apzwpnte5xhat09rfwtxmuklr8yfdgrcrhrcujw0qs4wm7s2,BSH,2000,
xch1e2kttktakhy9qs542us79ruy4lcxrz7advhqdeac280pphvv4rqqqdu2lg,BSH,2000,
xch15srt5ldwjxahfzsezwqjqhydp06ne5gfqsl59v0uc9tykq9tya8qeg529q,BSH,2000,
xch1ex5t5znurhucm9wuxcx2tm7yxzrzjw7j8reu9zy5zudw7u3pthdqm8ktuq,BSH,2000,
xch1auhzuv2adwjwv2t4xqsryw30f3utcsezhdf62r9q7fddek2zuktqv5se0r,BSH,2000,
xch1gm4n9ru3834wrn63gpx78nmlxex0dxev955jh274xkpg8xg6gpwqg2gfqt,BSH,2000,
xch1ghk660s82d3g324je4f2f4vw6wtmz5yhl0gcharuvd6k0a62fcws34ms0t,BSH,2000,
xch1s47tpar0n37atf5dadumaz2njt5kk7sfu6l6k6gfply8dgyp4f8qgdz580,BSH,2000,
xch1aqq85aw2h0weeyvh7k9h3hf6qkwvmzmkdke2dpzxxn84uar2pazqxnhhwg,BSH,2000,
xch1zhmql3m3a0vjxxdlelzqprqqgvufdcrezj4vc0eqavskym2qwx8qr8alfp,BSH,2000,
xch1mcepgqc3z0l8cxmnjnhsnkg3cmjvlnykze55jn0aq7kj94svt93qlvptwc,BSH,2000,
xch1rglj7talr4k0l43nqqq82ytz2xq68l9sr3yqhj6wnw0p2lfmu9psqsfkh7,BSH,2000,
xch128ryftayexwxphqgwu56ljwen2gxql2gau8zfuk87kltavun49qqjf3rej,BSH,2000,
xch1s09tzlphnjsmpw9h64t8x5q62p4ylejqh5gtynu0t6sa054d4tts449sm7,BSH,2000,
xch12tmehcjjpl6p5a84se8rt5udha24r4n749ulyw0xwgf72d3tngks5mty4q,BSH,2000,
xch17w3r980ysymjh5pl8k6xywhz4m2qkfh30m5g5rfd3sfyd7d0609qy076hz,BSH,2000,
xch1vd8hlz0nmh83jv745yvv6qfzy444z3acysjuc3de0n0f72nr55js9smzhy,BSH,2000,
xch1c5de8tql36k3jnzpdytwyrq3jefk43w9tls3y96mcx59v3c72dysxs56s7,BSH,2000,
xch1slnwdaxjhfvm9v38epp5k2xaw86yjfefygyeums49r9xevukw5pq3x8k24,BSH,2000,
xch12qqceg3xmzsyaqrs7fjlt7p9deyujeejnyvz04mnf8sqn3te5alq3kz6qm,BSH,2000,
xch1e5mz07fjukukustusfsfy6rlgp4nam2dfc6e6ulhu8tajtclgc4qtwkpw5,BSH,2000,
xch157agkn98qnemxya0eq5mj885s98qr5vs8tu3gyq7r8s7psm29d4qp8ccr6,BSH,2000,
xch1tglywv35klejy9ru5ghcyupkmghr0jp8xy7czwtxqy5phxmcdp2sdff4tm,BSH,2000,
xch1mkn62743dmx0g4ewra307l0ush8qknt486k0vdnlg2lal9xl8kgsnnuqxs,BSH,2000,
xch1j0h7xw2xrwcqwcccwzwhm50mjsl07546fnjcdecqfyantlgyfhwskt4pjx,BSH,2000,
xch1g06yx6wg30297r3h44qzmqn5ummpswym88wgnx6uufr5psl2vcasgyjak7,BSH,2000,
xch1dzu5lxythyamuydnz3thay7pe5cad9yl05utwtfy9kye7vqkct5qj88ywj,BSH,2000,
xch1dukcu6th4ez8fqcg95xdtjmurg7v7llcqkn6asapz7902hzwm0jqhfs78e,BSH,2000,
xch173g224dfnkpg6vlqp0nw5hjv66f7dykgnyj32mdkwyug4aj5c67qguwckr,BSH,2000,
xch120v83vnvkruv9fqpav5l9p00e99wwrd9jf7xepfeglsrmhgsdv8qgtexcg,BSH,2000,
xch10r3waxkyl4symvelvp8xydhf0dhp8868ramt0hjy76dy89g352vqjpr5ju,BSH,2000,
xch1tqru4w76vf8r6tlldswut8hu0uadsqdm5y9hugzkpj2ju2he3zfsrjazqj,BSH,2000,
xch1xvawk08kzw5knpgesal4z70nggdvqlrtt97r7mp7qkeznqmgzh7s4evq2e,BSH,2000,
xch1c4n42mu6elmfc32yjamcwe8n3uvptcjfnj7hdvml9teueas4y5rsgcq6yu,BSH,2000,
xch1ha5ek2gc9p3ywuunxqf9jaaufte74sk6eaf95d9s8w2825cm3fzsnzjem4,BSH,2000,
xch1xkrnr8qg0mez4ay328dv7rttrtp2ds7uvaucrxz2wrs35fsl4hwq0asu4n,BSH,2000,
xch1kx38cptfyheg6rhlhy6e363yygw9g9pepz04gakvu25kzykluyrs8j35lt,BSH,2000,
xch1ueu99w9q460rtsmkexesnfr5l6dtv6yjjsk3mqmnlq9n3h2tkh7svcaehj,BSH,2000,
xch1zeec52sdppk3yre6tcqtx7f24cjtm3te6w8hkqctrh5qkgv6mz4qpv8wl6,BSH,2000,
xch1c0sg0sjyft7qxfcqffnxdw5pmjzfs770yr8exg8542t878rkgqpskd6rce,BSH,2000,
xch189x7e8un5vnmu9tt2n5p0hp0qsy920mhjgu5el0u2450xlfez74sk26a54,BSH,2000,
xch1lkql5pj5vlwhn7strr04j8e3zqyg7e9pc3xfw0dtr53wkc4m7gkqewajlt,BSH,2000,
xch1jaelzwwk6sc4t080w6s4nwvwjyhpl6ljxhkkqragazf2kerln68qc5lgr5,BSH,2000,
xch12uve7fyyjzvjstly8kh770wsvm5zjavkxdu50mz9nkxw80dmrnjs6s4eps,BSH,2000,
xch12dkvtfd3ehnt9xckcs706g6fdrj4lsmj9thfnh48g38q26fpyy6qd78z27,BSH,2000,
xch19lj0ywdpc5e6yy7gt4vju4c7ptaq7n0q7qswuq7t3zfeasd9tzfs2vj99e,BSH,2000,
xch1verl2f6vvc9j7yqm80nh8n9ev0nz9eajee72pe4s9rwwy25mmznsrkg363,BSH,2000,
xch1wmlhfxvc9leudets5mqcj520aw8x0r4hv8kc3422dq7re4yc2xhqy7d0rh,BSH,2000,
xch1r59mkrw853eszhfew4zc7l5unqerqsvug850qp6tvqk363hgsjlsa9l6l5,BSH,2000,
xch1lwlt9ndy703m8xaahlz0079s88pktw7xa0z90h25fzwtqgp0zdwssuyfpa,BSH,2000,
xch1afj848spy4rkllqjrdj39s4ecuk9cgss0lqzclq8pn7xkv7v6glsw5lf8m,BSH,2000,
xch1atcrx7t8qehcnt8q6tdhz4a4xzj3gr4xg4pt40pjglcurzkmhwgq0kqghk,BSH,2000,
xch1y03swp99wgsyqmxdpf35yzlpz8lms7qrmt02tq3zrpvmpa0wrf0qd9mpue,BSH,2000,
xch1ve0dwgxau74dcf50t4aswk4afkln8hf5q4wrk4cq30k2pcz9n83szlvk2q,BSH,2000,
xch1eltd3zt5s4kat3m4uw59kua765l3w66uxwwuprwgy3nk8a79hcsqm4qg6h,BSH,2000,
xch1erqvyewwl5372trwdxf50fqvjw05rstazj6pzr22twx4m6scl7ks770k8p,BSH,2000,
xch14m5z2xgu0zrw29fyhvdluzy36np0nagpfx28g908nu05ppl580jsahhvug,BSH,2000,
xch1fw4yzustqh4wf2n098fktwrasgzw8ggwmxppnlc6620h0pj5v6kqm6pnhk,BSH,2000,
xch1aqjwald7jrf625zp2ndhcdsl043mqwfnujyc5zl5j23w98css6yqsg7dae,BSH,2000,
xch1x5sjnp6fhkdnq3uwg7nr7u3rn33yj7z0rcwvqsj7zevpmhtpu6pquqvw0w,BSH,2000,
xch1kcm6qu90eqe0shu85ds6e0rxyzm42rc6s7nl7wzjctmv9c8kqq9sv3ff5f,BSH,2000,
xch1mjes2sadyt6j6623ylq3zd4kjxl62s859xmu8dy74dlr4ufvmx7s9arwtr,BSH,2000,
xch1fw88dzcygqhh6sl3qsl9djs642r8y60qwh4v8tnnwyenhssm9skq3td3ww,BSH,2000,
xch15stl6fnxz6kerndv99x58vyak3gr8xgal3f54fqzagy6dw2262us7zc2pp,BSH,2000,
xch1y8934ryfy9dn0k7p3sn85v9lssugllarv6kgau0wdus4ul3emw6qdku63d,BSH,2000,
xch1y85fc9ayz3wm6ehhfvysvu35cqhrnyfujkruwwkzsusvsmx04mgq28fxmm,BSH,2000,
xch12t28kkkwknpp2zqnzt6ndn3v9l637hv6tn77mjw4zns8h785rk8s4797nr,BSH,2000,
xch1rsmzt2nr4slsxw8la9878dfjfu99vp4t4xsg9ss38wppukrly4essfzlzw,BSH,2000,
xch1ldckmfce99xcfelkv7vrej98u9rycyth92s3pg9s2eg42xc644dshcqaly,BSH,2000,
xch12x8vau0d4lqfegdmlrr78n88jf95ughagqn0c29ag2y56e6dpvvsj484l4,BSH,2000,
xch1nxegmf269l9fkr9etw09slxnpyklfz3zjj2f7w20yzrehakj6zpq5sysq5,BSH,2000,
xch15ly09hdrsvth8vjdwvetextujr83fggjyhg53upvz9r38rdkgm0slr9q0e,BSH,2000,
xch12zt4p04vth94cwjw4hgysdeytfy48629nkmgdhltsekx34xpjrcse6uxqu,BSH,2000,
xch1mk6jq9056dm0jwfyma8dm9v68ewk9ly80mx9sxz2myp7hrwshytsnu2wks,BSH,2000,
xch1603t4qxg74ax02kmskk0zm588uvnjxysqz9ghttvftpxhdvmq5zqlh8c54,BSH,2000,
xch1hujuh6v7tu5hfqz2f860cqhzrp6gzvxauxhtr6y4sy2lftf3eljqutaetf,BSH,2000,
xch1ea8pttlwrr7u3e864g3le7ryggty3p0rcac6sy6vjg09v9gujx0s75f8dl,BSH,2000,
xch1gkdddk3fsazevwp9d9f67k9s98xq6p8qs8m53gw2jv6erm4jv59qmwj0q4,BSH,2000,
xch1n5fjhr3gsr4fqklxqlypyznjhz6rhem9ymaurplm8s4exs0yd5hqsulzqq,BSH,2000,
xch15lxrhfc6a5hy3whrl8wt784lt5g7dj5vsqnferh4e3qdcsgtd58st39qmx,BSH,2000,
xch1raqljp9nlrpfp7w2027d8k0mck88mew9jy50zpjcsngrqp35jkdqd3v407,BSH,2000,
xch1s49nazasmwwxqtd5w870lq62vrhd6mk3mhrsy388yd3hc096wdnspw46uz,BSH,2000,
xch13gqrtmlc6nctj04eqkp4nzvjyghk7ydpn529e2n0pp8w4ndj2nws3a37uk,BSH,2000,
xch18nfhk970g3vlk2pg6jychtc50p3zy9xuc3fe0fw54js6hnn5ghcqmgfe7y,BSH,2000,
xch1l730gh53dveesyfprqr5ye3vgukwhdpeczk2dxxgmr6v07gp4vuslg4ndf,BSH,2000,
xch1g3e866sajm83a4uxh583m4jy8cg7cr4jtycldrcwmaktmushvtwql8pmkl,BSH,2000,
xch18sze4ng4dnsl75kfqh4znd7nrzcm8fa28n0eeu5sh50htuh7xrtqg6xqsj,BSH,2000,
xch1gf484efqrhzd5p9akhsvlk7utfd9h8wfpshy6nkmg6cpynut9g2qkmu0j7,BSH,2000,
xch16ylr7r9d3px7cx9wk04dpc2kxv3f6zsajh86g8z0w58ky5ughqksl8nu2l,BSH,2000,
xch1m7n3wjnkfh76t24el8nf8ppcrzxjs55d3zaczemftvzpmw0qtugs8g2y5c,BSH,2000,
xch18zf6pthe0206ua40efy327ks3lga0pjz38u2th963ephl6gvsxyqf2yqd0,BSH,2000,
xch17q8wyx4239z7uj80hpqahe2z7jd52rdf0dnk9ykz3rhcx0a3e05sx46u82,BSH,2000,
xch1t60p237dtgk0zj5fqugwjxg0crtky4pzfm4kwfpeucplg7hq6qushmxpr7,BSH,2000,
xch1vjlvu8v8gjt0pl0usv028nx7yqhac3d0nneq7y5n7vyg5hkhvans7fvp8r,BSH,2000,
xch1aded6khsxwu5ujwsvwmsu0k4fvrgfx6lpzza258f8zahhxvqfleqyv6jxp,BSH,2000,
xch13lsrp7suy7nydld6su7elmdwc8lvcjtsdlfll3vwlk06xu34gjlqk3sekc,BSH,2000,
xch16t6rtrdl8zmddl36m378jclvgd6w0lwxhu4mrzdxk96mp7lgvwzqqj27a8,BSH,2000,
xch1t6p4330fme23l9xe2272hxhkd46temwg9jn9qmcw8jx0mn6rw3tspcp5px,BSH,2000,
xch1jay795c6zepzfgftxhvu9ayx7j3p58q6jxc99vq5vtx5ahytrsaqd5xkqn,BSH,2000,
xch105amt7gz2sw3675csshs97n4w4z2eghht5qpq3me8l6djuvxge5s4mezf6,BSH,2000,
xch1rw3ycjkcwecm40mvsqusvn4kfqlndsher5wfjrxeqx9vf997zvnsdegw4k,BSH,2000,
xch1cz79f8ne823dj0quntegkm79plfklmcgu56f0zwg4mf59g4gp9eqlemzx7,BSH,2000,
xch100d4u50vfq4wtmzhntzuqvut5jh3mjjdf888jnzd8r7ytc9j9zxsxc550s,BSH,2000,
xch1hrkq8ens3pm3gxr2sdlrlzc6946pela9g9cxh277hx66j8a8tl0s4yqlz6,BSH,2000,
xch1ymld20gg5w0098dke23x2e64jevucvvqy8k5dyed36tvs7n9wdequu2v0e,BSH,2000,
xch10pwfnezshgah5wmz5lj90c3qfjkdcz9cqzk6hxh5rx9eha6dewfsxllk8r,BSH,2000,
xch1mavrf37zwh8s66n8cjvtsdyj2xq7p62u3duj9xnm7qncmty4xmequ4y7y7,BSH,2000,
xch1shj8ahmepmafamcj8rl3504vwzll3tzk8sp2aa5yntf6qsrtveysscfwmx,BSH,2000,
xch1d6twlk5e43rje6x4qtqyr0uuakzsfy8uknee36qultjx4gdhck0sna3sdl,BSH,2000,
xch1hcgnj7w5982hc4kx62pyzczz9yhwavtpu5kq39yuld4ps0xyhhfse8dznr,BSH,2000,
xch1zlm82h5pn6krltwh68tms9z9j6tpll57t4nnfprktfhhja8k539qnwuntq,BSH,2000,
xch18j6n3dl6uszltx2sxj0sjejpn39mgn8e8rf75tr09er6zc250p8qvqvkd2,BSH,2000,
xch1n8ma7h4p949tm5ll7m60aa62nryn6el46fgkdrd82pvmk7m3sr7qu6tewz,BSH,2000,
xch1r86r200lu65q7vgqs7w9a2ewqzs7cf7u43t9a5hymn5r82scg6zqgf5rtu,BSH,2000,
xch1hw46uyul2ypqqlraeaelfj74khxjxklcfd225jhlnpsg6n63k4mqwta0mw,BSH,2000,
xch1ap9f2uq49fu382lcffc689lwfy9fqqv0xppuj56prffk6e6kmcls4mprp8,BSH,2000,
xch1dewvx282anmtaf82re2f8v0ysca450xnnd56q67usvwxrktnrtdqd6ge7u,BSH,2000,
xch1r6zh30n2xm03ea4k95tz6ku5tvfgm3t5694ag6ju2rwazvjkckhq4ly7tt,BSH,2000,
xch1a7vd56vdw239g2u68a6rd2elmlmqvyufm0etl5r3dvyn0c3rr7rsfd4c05,BSH,2000,
xch1nvumcns4l733ycffyft9vpmv77lxgtr2w0v25f7ne3swqg5du27qy6w74x,BSH,2000,
xch14nec28hylc49rse4sqefwdkee7rmyu794zc7zclaaxd6tpnesr0qwzykt6,BSH,2000,
xch1zg3mt47xgmvd2f9nf9kr6aec05xl8vm4xyjr7ndgmy2p2sk2vk4shypz4w,BSH,2000,
xch19g7es3kxthfkrj6pjxe0ycfg06cahas4k95643gaa89htwz3cznqfz86sr,BSH,2000,
xch1z2892kpgxrr5d5sk5j4dzjcws3skvs92uz4um503xef956q5fw5q8e6440,BSH,2000,
xch1wmmd39enzfcyehn070zc8muaf7xj4marrc6wvv86lknxe87fprsq27pmj0,BSH,2000,
xch1c0u9737e5zph9kg5y4d7l90zlywqasqarf40p6mtkegpjdxc8zjqkzc74x,BSH,2000,
xch1n206zx2cqta5pxjye8z3q735w9rq0t477pz4twn5xerup9hfyk8ssyc456,BSH,2000,
xch1f7frfna66t44dfg0efxmep25mxdqj5utnjl0v0nwtxg503rl0a3s4pxqrd,BSH,2000,
xch19t3y3y5c372tm5c3vrk9c6fwmyner755x9nx0hhjvpgnx6w0t29qj2rsq0,BSH,2000,
xch123az7epafutv2tqnr7yrzsryf4vkjj7dkrk6njcg2r5ftenz9lqsc70vjr,BSH,2000,
xch1rcl8r93u3nksqym7d6x90lmfsx5tgfh78d5eewk5mznp346v3vzqsgtdcf,BSH,2000,
xch186v4sct9q3lmaxtm5k2f5qqguev2rma3rkfvug6ga3u85a2wuv5s2h42cl,BSH,2000,
xch14naslh2hh5eflp750kc0n0n6sxr2ug2wy5c2rkvslnqxz9u8m4eq8lzmfh,BSH,2000,
xch1h386p4sl58yeql38c30u7t96fy2pxju820gvn0rzga6p5ftd4cjszrt295,BSH,2000,
xch1teaskgkt0y0rclaam9z2zv70av0qh7hs304l3xamrvqe5cuplhuqsch8pp,BSH,2000,
xch1f4mslgx6gqwz9qqht9cqtr365uvk2vpdpf6ln8eed6rewa93nrgqwxhcgf,BSH,2000,
xch17cm75cmwgv2h2qdd5wy3293xdm6ycsspvru95t4h5452yh8vzvjqmdkdcx,BSH,2000,
xch1gswmezmlpsaernxhssdclmmghgkpax58sx47shmrvj3lrzsd2slsemwkd6,BSH,2000,
xch1v2un8qk7xzg6aqlx2hunuqfz5lulmgka89kmeae79ulghuzhe3mqnh7mrs,BSH,2000,
xch1wmle4wrsqghq22jl53hg5m8sja9csdaqj5uzmhq7mxsz5e6zf3fq57ua8m,BSH,2000,
xch1x6kxjqhhg9mf2lu2un34n4nztrzxf390f0htj7rmkgl23aaz8llqlja8xd,BSH,2000,
xch1flrmhu5ekydhsrjj469s8lfsn0nd2q6tjku52hzsgj4wdx5642tsme2nh3,BSH,2000,
xch1fz4emjdxcdzq4d0g9m3j4ytprnwyhj5vuejs9qz7rukf7nqet02qxgp3e9,BSH,2000,
xch1ep6mg8u27erxylq6dwsxt2uajnalsxd3n528jvj8yag8jlps8g0q23nh8g,BSH,2000,
xch16l6r6f7a2drnehyx2ej3gx5gceglahqdhryp2mgkkn9sslne82nq5ku3wx,BSH,2000,
xch1cqsug4zsvka2reyrgea5x4qanwjntxnshtqyea9mnud7n00v64zq4jvd5z,BSH,2000,
xch1gtfyh6233qm5pcgcqg9hcngdewx7upnny3e8lrtr3u02d57kfmgsrfwrnn,BSH,2000,
xch1vwv84wnukyr83r7sg3m209uce5egkchnuprl79w4mwk2y54k3pjqj39j88,BSH,2000,
xch1yklvutyqz39y4c0872mlew9mvpsxuq5fek6jqetaa2a5v8p4l0lq84tjwu,BSH,2000,
xch1wmwev29mtyt4lycqnatmaa9205dkpyk3dc9vu5a635anufhxkpfs28zefl,BSH,2000,
xch13nym7c5gx87fvvumcfkzhxz4qwt55jkfkmspwgzw88sy06d6u64q0mmagv,BSH,2000,
xch1hhfflkvdtnx3v2tsnugxtg3ssf7fap64z84t0fk9hs2gpmuk79zqxv4tat,BSH,2000,
xch1mkm7t8y5mdwu8d65ufg34a0y4e8ww59qax8su4d98k94lnw9ryssya4kce,BSH,2000,
xch1gfqdkw4zhdr8yuq5qzeznp3tla2jh7zzfwgr7q3m0crg90pwztqs7c6004,BSH,2000,
xch1yxzgd89t2aes2wletugcgqhmjlen8kd40nnxwv96dwcgzgy6xmkqxgyk4u,BSH,2000,
xch18kg0wmmzeg45r5acykylxxl92tlkm7zujrdejd4yzlfmydz70c0sex6png,BSH,2000,
xch13rwwellz5mgc0u8glhe8mh0ltdv875djw2amq9d9ny6q7ehmyaysk7dngx,BSH,2000,
xch1ahhrz5ee2jgr3ta3v93fqcwktzx4r3lau3x7exg838ngh38vuz2sqwtk5t,BSH,2000,
xch147mvj5w9mqxxqfvt2aqha0m3z0czz3tvvs9qjve44lfautjad2fqgtzpeu,BSH,2000,
xch1acd64079jphfxfzk0dxh630hkzdfuya68ppkd6zfhlxckrv6mw5qfved3q,BSH,2000,
xch12kc7z86m5ktrpc6pjhlm6ucn4eq7sg95dyjzmhnp7j5gdnuq9ggs9pfa7h,BSH,2000,
xch1kv0lscknp72qqluaevzmu7az9lr7q943zhcsvvkfcszeat94zgtsvvgqdd,BSH,2000,
xch1gxp86848s3yf8vu69j98hjn3ex287el9p65zfn7rmt6cnr86anvqpujcwl,BSH,2000,
xch1mlc4cxmjk9qkw2v9rky50tlvv45cynsfutf2u062s0dyw57tk8eqkjzkax,BSH,2000,
xch1tm2qvjwndtgm2xq6ej6v2ntthgsf2f6a22ywdjre8xl5s9u88seqfmef29,BSH,2000,
xch1dcsfphldl3zau3jm56ychcxmfxvfrtf0d9uhgwztxn2009mgkmqs539s4w,BSH,2000,
xch10lda6r4ta5g60r6uf3gglffedsj0atsuvxv8qzraecyyxurlehkqqxsuf2,BSH,2000,
xch19zzqr6mphdz8pn3yd84gx34eqhyzn4efxxha5kc5wnfg4xz6vaas8fvjz7,BSH,2000,
xch1rhlehm4ndlwvm73r97hgd25cnavs9p84myd4ku0wyfwyq5pgmm0q873v84,BSH,2000,
xch1h9u24wdewrsjd9mmw66xh7jacl8usa8rgqy3ya72e2u8jata054s9le9k7,BSH,2000,
xch164glzjzfpfxpf4nkxpq6sdcc5a0zx8ryu5dlx4vrahauqyfhnr6qwd6zr2,BSH,2000,
xch1uzy6n8pwtawate2dlydhc0ml2yuw97rar35qxg42aznuw66vlveqgu6vje,BSH,2000,
xch1nmw6snfe8g322q87sde8etgph6zu0hca7zszc3fuapchcudrmnhqpr3vk5,BSH,2000,
xch1n5x5x8nqv7g3znafpskrwqyjll0rv5tmv7zakqtp77eu9mdpfvrs8k6sq2,BSH,2000,
xch1j6yrp5va7tljs2rv6xr2lutq7xcl36cpd78h2sf234tj55c5cmvs04ng65,BSH,2000,
xch1ll9tr8205w48p5hv78tfvevfn3n7ssgya4m3ka42d6qe0axzc7rstk5gqr,BSH,2000,
xch1ke52qysgafjflhq6ma0903ppdd6u9lhlpwurspn5twvsxtewrkjsekqcg7,BSH,2000,
xch1687dp0awrky7za0r0hwwwsr37flx0zecuf38aukqcxlnuk0e6q5sldsung,BSH,2000,
xch13hc7sq2fd04dd2xp07mk56czcta2l4gacv3hm9qwefenjpzulgksvn8dg0,BSH,2000,
xch1zstymdxsh3n5ykqyqp0tv6t97k2ymgjz39csrqhz9jhu00asg75qkh3uqz,BSH,2000,
xch1cw3ltwc7v5nve4my72tphasv3clktdu3v39wmc63nr9759pyxmss2zqgrh,BSH,2000,
xch1tyf3q0agctf4enzs90l0y6hat5gfhrrxdy9ygl54rw2cvg848gzqmg2a3g,BSH,2000,
xch10xt9s2zdlp4uhzaax8s7lsnaq63ufhgs3p4w9tpq3l96sn6ldagsc6hfr4,BSH,2000,
xch10pujn5p6mykkge0v48z6ganggyarqe3q09dmlm602pumh9qchw3s2ssjjr,BSH,2000,
xch1cufxn6gj66cvzx6p486zdxzn8thk7s3247hshlnq0c5dt7fda7hs73lkjt,BSH,2000,
xch1xm8j5g25tnyu667r6drgc59j2ph8kuvplujetgy2guxeda53k3dqukn59c,BSH,2000,
xch1w5pe37zl07l2snvq2k96jrrycr4s3ldkvhrkv9kw4p2fw3rq2weq8362v9,BSH,2000,
xch1a2gus8fth6zv9p9dln54j4edlfr3r327d3z7p5hh5p35xx7nvytqtn9azn,BSH,2000,
xch1sfhp7t8mxhllceex32uwjzv3rf2rupv0dy3ddlmnm9vy9cn0rp8sysxsw9,BSH,2000,
xch1jz8zdt0umq9qh3tw4df4e0h2hgzp8slxgpe0m5nwcljdz5ldszgs95kdcp,BSH,2000,
xch1s0jv8kr267pmfzyg68j6dughevwsw3emnlrzp2s0s8vkuekggf4shx3jje,BSH,2000,
xch1ycuyuhdzw60t3jjuw5avf5mzav5sdtqcsq6ycv5whhdp08hguw2sr9wrsj,BSH,2000,
xch1hpa8qzrp569y8rg2w5s4pqzg5hr4tj3cdq3f46m2uvdhy84565xqvfg0uc,BSH,2000,
xch125vmk4rxyma96feapj927an8xj0dygsh7xt6uv67ymkey2vug3jqtuxx5v,BSH,2000,
xch1tjz2qcaqcfr5n9narempeyaugywjluf88qqp8wcwfrn29lxx5c9skzuxwe,BSH,2000,
xch1ep0k8sr9ltfdn99cd7nd4u5sf6vv367udr75vxmt67f57gnptm9qagr2l4,BSH,2000,
xch1v429yqa02z3ltsyx7hdag8sr65em6eznaquafgvxpluzhfl4tgwqz3j5f5,BSH,2000,
xch15k460qm6js2grkuyd6v4hqw2y0ve6ppm2lyf6q4x8nrdtrpw42ashtnqfp,BSH,2000,
xch1vem7qrht660u2mljj7ljzfrahrjawkqclz90ca2qc9w0tl4drk5qqfue5t,BSH,2000,
xch13wqzlnwz8q559gn9rxwzfwj2ptdjqthqx6e6mwvg3mc0x2uar39qxjrzwh,BSH,2000,
xch1cfxgwp66x2hvk8e6a7kz7hjggelpg5kn4q00n44m8fhluj89dkzsfw8n0p,BSH,2000,
xch17ay8ucmtc3jtcwhltdy420xp7n4dpsyzlq22dsjuflg3md72qspsyf7c8e,BSH,2000,
xch1djz0j9vagv3u49j9sz73ejgkxkq4e825nxllgr9qrfdvev0d5v6qrxehwp,BSH,2000,
xch1te8vz6wst5cqktypp2de6fprmexcj9h00kue9w4wdt9jt2azt62quezh4y,BSH,2000,
xch1727v83rwrdregayfue29hlfnnmvkh2vxu6e9cnlsa5ewcwd55mpsrcs6fu,BSH,2000,
xch1kuyyk20h04eh2s0z5z6vmnwtzdvxerp9ppz45vmjpwx3jlr7k39qfgayg7,BSH,2000,
xch1s4jnucq4vdkp45wa3xffavpgd9j56nev8vuzgzzyt8qtlr50kxqq8yzsw8,BSH,2000,
xch1h5dqem9gkfcmrgmdemqz89e80xhae3n9wsczxkymefzs75cmce8snj7nn3,BSH,2000,
xch17qdds2s83gfrlh4tmxm0wwdr6t4rzjawsxdw4lgmjq97uk82t7rqvvv2ya,BSH,2000,
xch1808v3dffxgeknk99gm4l422ded0cjel88nt0d8cdjvdj0tz9g2qsj6p4ax,BSH,2000,
xch17adk9gtn0adn7887vaku4szz4sd7tw4wjh47nn5ccvchtm9y06jqy45u77,BSH,2000,
xch1k0te0vz8flc2zzvc8yayedv0ucq3uz42nu58kga0j6e5hx4y4qysfupzme,BSH,2000,
xch1s6e8x2mp7j9vhm8lw3n7lmcsv4yr8u4dcmmk5vvl908pkr8xhw2qkmtejs,BSH,2000,
xch1z2ufzehk9dvxp0hayx3s44wqpyc7qd4h4zhmfmxzuw87g8ryzefqtujpm4,BSH,2000,
xch143788rt3j38yg8hse7ld8xffedr4x9pq2vefgwhqageml54kdfzswlhcfh,BSH,2000,
xch1ufth0s44v54yp0uyzdw8u47rhhv9t67px7um5n9lxke4m2kp7zlq2crhvs,BSH,2000,
xch1xekwrfs802anpy6xfuw0klfpn0d7djmr9f09ucg6zdgdqzr4s57qu323n7,BSH,2000,
xch1trxpsnskpv77uzecjhc64xltqppz8ttxaakk9e52lg0jtaxn77fsqx86qf,BSH,2000,
xch1wvfk2lt5qfkzjxw72eg3dw3mfdulhth65gftawk7a09x7facwfxqp8pyw0,BSH,2000,
xch1r05ufm2xan0txa8ajhgyvqpnfehj07q5p6l7juste5uar5zxstuq6dp7yv,BSH,2000,
xch1tt3smmufqq89kmlvxhyl30egllwd02g8dx3xtpcxncd84ahvjuss5yp6s7,BSH,2000,
xch1xru7gyw0g6x6njduj9fzdwpmj85qtzy8v3kg304f5e6846sjr69qewprkt,BSH,2000,
xch1vxv5fml8yllgyc78yvcnz7zrg7e68fd2kx5carm55gn5yk252jqsv0wfv0,BSH,2000,
xch15z7dswyp68x9eruredkfuu0rgnw2mzdpe3tj5g9pn8q58rnjexhsfs25z4,BSH,2000,
xch1svj4y4j5uldc90vqrrhpgu7k366a90vt0sr7l5eeze9vjyzl3uusrdh5fs,BSH,2000,
xch1fhuzc6vewgxedrxn44ry3hkpgr5y3ac0f8sc469sc8tmf7e5ykwqfylwr6,BSH,2000,
xch1wck7unsn49d0sm3g99d7372fw80f3zlyaykunmlfj0xykpxe7e2qe3ezde,BSH,2000,
xch1kzr9chjazryc2zecan3e0mcyj66xvprtlvmvz62s6hlzmqn7x26s9h5u3z,BSH,2000,
xch1jge8txf04ry976km4ddnkhttjcqhem5aeuuhgdm2c3el58d79tgsm30y4t,BSH,2000,
xch1ggc3r05qpffs9sw3k6p6y49guuy09x343lrsu82amv9ag8tc5yyqpdmavj,BSH,2000,
xch1a9nadr8dw6fsnvtgtfr2l0g40jmx8x3fjqt0rkmmkvr9gxf78fsqj3xpjr,BSH,2000,
xch1709g7fnf2phhdc8dhsrczv6ypnw90c6q7dpn27wwt9cv6lx7y3zs32mh0p,BSH,2000,
xch1wwjw62hxs0w89cvl5eru2dkjh5ad0m38cdm4kpva2nn6j5z6xttsczpph3,BSH,2000,
xch172lm3zstht7zzryyf74ksecqw7w3h07qvgruv5lztv84g07kr09s982rqj,BSH,2000,
xch1a9vwtaadyv5qp7za3yrh4qsnuvkmpltrwh5w8324vmcj8u6dqh5qwl6d5s,BSH,2000,
xch1vwmdadafxqs3mgld9uz30shwcuedkjpxdfvt4lfz4rj98jpc8tyq75ql75,BSH,2000,
xch1srjm42luh3cdfn0we2rs2tma57caaqfkusg3f8spjajwn4qsexpqas74ha,BSH,2000,
xch17pgkwawhu33spl32pf0eycz85ehge8nyr37fsh20ws9v584xmszq0z7t8m,BSH,2000,
xch1kjkx60pfahcpuddnf5deeuzn256086jp2qkq9xq4pxp0t93xtjysw3vwgt,BSH,2000,
xch12zwjn9t9z9tu03795deqzdln09l0a0mgh8m5dq0wn8hc66ylxf6sra23qr,BSH,2000,
xch1huyru062eq2ahxgkns23tqd8m6hddgf0ermzqyglp3pyf49plrmsqtvv9t,BSH,2000,
xch1k4j3sjhqs8725ls3ddqr00hzand4rc7t7llrkvz7p0jzk4yjat2qc90nju,BSH,2000,
xch13zkyhfat9r4c59h7sqtv4rkrk9slfxn93pt4ds8vr9p9746tsa8slfc2uf,BSH,2000,
xch16lz0nds2kskem35htr3cay9fgkkjs8t720lu7wzuw4erp6r9y4esa7nps3,BSH,2000,
xch1eztg8lfh8mtlpv3ml44tsuhltw5yyr2783mq5wdj6lh4qxpf0xxsyau06e,BSH,2000,
xch1grpgtz3twu0d35d09wttfve8e83ds40an2hvs4pgapum7dgk5sss8lnp74,BSH,2000,
xch12ehkfe6fq8rz7n79kjaddznl6kmq9j7uqmacc69950r9d0urgkts742tm8,BSH,2000,
xch172lmlacfmc9pudcyt48hmnmg43u68uclz8dxuqs80qh69yjxq78qn09x86,BSH,2000,
xch1hf0dvhnumyz9yuuzfr78zluwt6584r67xme9nvnthahdntd38z4shnefys,BSH,2000,
xch1nt75ga0s0la9rkexxllsl8nc75z82v0z6apx2fglsad43ndxt6dq7key2x,BSH,2000,
xch1jwxemg6eyw23fv70l8r4t8smzj4pvmtr24k8qvqlr2pvte4wqzmqllaye4,BSH,2000,
xch1fapjt4echkdm83a9wdhkkjkp5xx6y4fsv8pt6l7qmutv5fcclzkq7y9d05,BSH,2000,
xch13supw7d7j3qpzqj5hrc8t0n4rae5vczqh0h577y7nxtn9lfr2qesr0tvxq,BSH,2000,
xch144fhr749glqvej5tgf2eyhr943ls5srscjk8spl6c8echztr8ytsdcq6pt,BSH,2000,
xch1nd0mvj6msmn6mnv6qrvyc0z995az5cs4puet83e8lr93n8udpzrq5waw98,BSH,2000,
xch1epjjkch89s5ezptsfvwxcjht9fxecuxmhyrxkp7gvnkc5qrnye9qdnwjj2,BSH,2000,
xch13cnx36gawkszqfdc3r39l5yx8krtpf82ec8hurc3sv9lxw6j6fws4zhncx,BSH,2000,
xch1nca3028hrnql8jc2pz6jg3tfhetgjrwu4gnu7p4u6zysup67c0lq7yd5zq,BSH,2000,
xch10a03a6y7gfk24e23rlnh2z3h24a2e924cunluxycrjczcxn5x7cqxazrdf,BSH,2000,
xch18d2ym7s3t0e2gyyqxt4evv3rsnyh3zkls78x7m37rh7cfnxx5gfqe0adlw,BSH,2000,
xch1c79mt0pn2nu9n92hqn2e74vpgx5cjt25tprrmfjztxvv8g8vu4hs99k3nh,BSH,2000,
xch1gmyw8h6622pynh9pfc74xrtq4xveyy6jss3cy5p4v4qhtnz6djasu5sdfk,BSH,2000,
xch13yzum4mawwey8ka9q92h6q5wajh8zakujnwpl0ux4s6ulxh8e40s83xml5,BSH,2000,
xch1atpch3f4k2nv3jwykq9ag83fvf0myr46l9jd50uv8zdxquqdfffq5jekwq,BSH,2000,
xch1y3qmpa22ykff0m8lzzw2hguq6xcl5f6tnz3cc8a5xu509e7s9e8shvw3a9,BSH,2000,
xch1dpx05y08yspcnhdyqp3zge5rlh8wh4mkhtj6eqdj57uztwqt5zvsuu86pt,BSH,2000,
xch1lv8pyt04z09krjv5q4mfp7jjnc3xgkmrt5d53ex3edxktxwl6lvstshx7e,BSH,2000,
xch1f0dvxarr6kcn9nzdg58n0u7gxp684ce35xhgwlzdkq8q6mvfj8lqr8rrvl,BSH,2000,
xch1agqgt05m85t5q499fvsepgsvx94xavxkscxx2pex0y93e9eg2m0sxwg4l9,BSH,2000,
xch1k8mm05wdgg7qjsymvs7hq6n6ea32hzmj5wac5xnq89qehgxhwv4s5f5n5w,BSH,2000,
xch1ddqg7q6x7prawf64qg5gpdxw4w29qq5cppgczcacdcs7rdlm95aqqh35ne,BSH,2000,
xch1xym2n4x0t6dfaejemj6z85ux6prg2archsnm39ds5ucz6fdsnvjsyxwjs8,BSH,2000,
xch1fhv7a2php23lseqala3zfg0ann5fgd0kpfr2p9vp239c78xx2fhq480r88,BSH,2000,
xch10hl7jl3chgmjaa2mtuhzs0pas67n29ahhrx8ycx0uytyxwzk5h9sumtz4j,BSH,2000,
xch18v7njnqvvyypntwxpuueu0yyqlyl43fhrg2qfqvwejpqp2ca2jxsam2tme,BSH,2000,
xch1swc053y6twpjzyqf2nl4ufs3lp4dh0x7ctlhfq9k9jt4y5804u8slxu07k,BSH,2000,
xch19zzurdswmqsd6ek9mamcqrzjeh6meyz0vlwtzkgzxkmqyw548lesaqzkpw,BSH,2000,
xch1h5tc5tspxseqmswjxacpefhhye83h4k2r430qjqekvzrjvzqp08saucy27,BSH,2000,
xch1sfnf2ldgmepcj23swd0c7mkesclemy2c8z78s6sszr53xuapy4kqwyqgf8,BSH,2000,
xch1dwjw05lskgppsjkpjk8hmr8afzr948g3prx9stnmu0wg850qv97qfuwdw4,BSH,2000,
xch1e4ll0pvxsywg06esnfjqksqfqzyn3pw338njrf6z7sqrzlk5re4quw5m5u,BSH,2000,
xch1aa8z3ns9pu9h8nefcxcgt3yd68v9ejsjn8fmczp0t5vdmtd99t3smzzrqn,BSH,2000,
xch1zwu349fwtlapd853d0scvs5emhxqqvcu7lst8wagwq5srmfj6emqydan96,BSH,2000,
xch1lq47t4x7ankjm6xhra0xj3y45mfz78e275r9dlarg3jkfxd2kpqsgd8nr8,BSH,2000,
xch1ft5kea47g9xp7k02m2frs3l5mmgmw6385nutvdxef95hwq6qvfas9q860r,BSH,2000,
xch1em5nkma8g06tu8dsw4snaj4v2n0m90rkcmc3wt99p9mwd56uu9uqsmg5az,BSH,2000,
xch19jzr23sskurfzhjxeyxh6hapxwzfe0uj6gcsemk58uqfjqwfzdxqn8kwhd,BSH,2000,
xch1w7q25wztf6zmyx2yrjrddt5rfhs08xdrxdpj8nrwzlny6wscttaserr5nf,BSH,2000,
xch1fwss8kkw3lwnst8p5qlkp4wrz0rdmgvv3700fjnpdrtnq6fxvsaqha5pxz,BSH,2000,
xch1fhgx8k2mwnra2gl0shr4xm48tpafhmu8dvg7fvqvwdw44gn3xusqxaartm,BSH,2000,
xch1k4lnxumx8qvuf92eqwpq5j92x2ahe4ggdam6vy9h2m5tt0y5zf6qc9589f,BSH,2000,
xch10uheuqcmsh8a79uahjdqhyk5hrmd07t4m3v58tfey7383lr203rq9hhpl2,BSH,2000,
xch1y6gklsuglrm97p6rsjf85yvlaepaa0j0shl4qzy8fku0lj2qkdaqqa7krd,BSH,2000,
xch13r2pnu2l0zcvg6wgu6t3ds6namcywy45ddpscl02ver5jalpe9psc2nugw,BSH,2000,
xch17c740p4cm70eh6zavfljt7ad56kr0g0f83r65cj7c2t5pdwkv9wq9chtnc,BSH,2000,
xch1g0xf9lunhc8tsapc3v7wmjuhakg92s6ccdc5vpeh4e5s9qkt3x3s00v4z5,BSH,2000,
xch1rdxa6sst2q8x77j0kr05val9pskvkp37sd3lcyz66h0h3qjpal9qwr89eh,BSH,2000,
xch169vu8wfv5hw5qhdw9mzpj0tq0g2xclv3m5yfxhk5f9tjpwsesgcqz7htq2,BSH,2000,
xch18677knt4kqfn5fjnd5fjmq2sp6twv0842mpt2ywcgn480tcrtntqeerhrl,BSH,2000,
xch1z3ppe9gwf5d0xgqpx6ffgqlyvstpk45c876yrd6qerpfmrx44svqhz9gtm,BSH,2000,
xch1l9zf6w88ggedshnfgtx0stgmmgkd82lsd9k7yfa7aye48p4ng6xqtwfpa2,BSH,2000,
xch1a4mkwtvt60jywfa8ecv93se63z9haqq9xhne6lhh3ksgrkm0ts2qjv853c,BSH,2000,
xch10e2zs2ve7rzrgn65e085a0ruem4htw3szre6wdetyv5ngymeqf3qx0tlju,BSH,2000,
xch1f6x9ukaw5gzcf2fvujs2qe6q8wfra6ry5kydmtnr8zmm3uvz5c9sg26p8k,BSH,2000,
xch1y32807vcnwjcwyyjjmwlwyrxmzvr4n7qmtgpwyrjwq4puxexf3jquagwzw,BSH,2000,
xch1sfzqt99nmkdh85kty8yyg5m809w2req8gfrvlnmwtgnxqqfslh6qpzf84q,BSH,2000,
xch1v23qcu8rr2jmxcs8aglhtr2ah9gupv0wsldhgsl4pr54zn572h2sd7g888,BSH,2000,
xch18z48zfzvusmqyelvxc8t640szreukujujxa07kp6rupe0ssttsnq593lml,BSH,2000,
xch1yx3rzy7akjy8z962qxn93s90r9s5jhng7kxr5aj89hmsu3cvsh9sjauz7f,BSH,2000,
xch1jf5c5q928sprtr5dqwqjfplv323dpwlzxzknkz7u7utq4sllkdvsvwmljj,BSH,2000,
xch1lnye2cr6p3atgp7dcsxey8ja6aky6sqlrfxkjg342yrkry6zwmts72ak52,BSH,2000,
xch1j0y8r76xeuzppqnzy84q8w96kshjatvunr0tgfl48lchnf34pmps93a4uf,BSH,2000,
xch12czm2nudjq2jqldahy8qnr355qy6z4na2fdfjuf8tvv8a4rsquss5akwpe,BSH,2000,
xch1fm4uugwpwx28rz8t2x72g0yu6hw8jkxyw6aplu20s97m4zc2ksjqqjh04p,BSH,2000,
xch1kesjdyf69l4yvpkwrr2yz5zxewmwlt4xngaer83he2swdzdxcx2slpxhu2,BSH,2000,
xch1refhfx2yr75tgjastxnv4hqwxeje9mtzy0ne98h48qamzkl89tzsd43fhw,BSH,2000,
xch14mefqt0v6h2ryhem34yj8y4l9ct74jrp86reajqv74zt3nc7udcqu7lsae,BSH,2000,
xch1z44h9sy3xhnsayp0jx2nds8d2hjd56qwp2cxjkz05t30h304cyeqddggjk,BSH,2000,
xch1c7y9v8pfpj8hl8940yxz5v069tyarjz3ten3jfa6rr8rca5yap4qszvt60,BSH,2000,
xch1v84jrsq8y87whvc4zvyl23jx6z0lm8xlfrz2fc3q36ygwsyc5fzqtshpj0,BSH,2000,
xch1hw9r0l59askzdsmp2fprmmzfsfxfy7qnr3g20lq4uh2y5wgr5gtqwghlp7,BSH,2000,
xch1fx7a3glw2tqvk688arfv829q099akslxdmx6adwr200xzef076squrjstt,BSH,2000,
xch12lpkyhsvwajdqn2ljnay8ef9d3y2dq4autt2ekct2kzx2xv7v6msxqvqp0,BSH,2000,
xch1hk6wygjttml7e7zr4qcrsg8mm0fuqqjs8epu9ajzgge3fttr4fsql652xg,BSH,2000,
xch1rlyyq9qmlqhq858f0kf4n9rxvu6xu04xxf5489m05uwqhz9hnads3nff7d,BSH,2000,
xch1r8kglyma26u3taf65z78zaqs4suexxcqup7lcurh4f6wzjch3m0qqpwhq9,BSH,2000,
xch123gvnwet3yctsarmrder78e3p9v7j23xr7q9ew36s8smrvkfec7s75x5g4,BSH,2000,
xch14ld2jx83jrtc8d0vhk5rhg567ary3252np9y9y8a4km98ch80dxs7c8yx0,BSH,2000,
xch188sj5z7jd6xgf0vx73hn9xvlx06zlxpxgs5lfr45r2uym6mjslaqlhyx6l,BSH,2000,
xch1r5c09jvwm35nggt4zyks2mz42ez2x8pex0thgsf32xywgt538naqeusg7j,BSH,2000,
xch1frj5e26l6agxwjvtltctf59y6nwc3gs8p67gjyv3v2d9x9gh2lvs8cexrw,BSH,2000,
xch1l4ydypq8kfeqz0slc23nd8mvm7ak474av9g0p0u3swkjchx2vd3qzdpj49,BSH,2000,
xch1k8jz9c4w453yrpyqyvhrqnnlc29ma9q3k27wezq9zen9g7apywzq5pfc6r,BSH,2000,
xch1uuhytal2cqatqk035qmlmy8h8cwguytrrxdq3zuv8r42qtmx0r6sumtugu,BSH,2000,
xch18enr5fcqtm3f27klrlgr28285p29sy2vhjuly3pccm2uky33zdlqr0fpx9,BSH,2000,
xch1agfjhahtw7vc9v0j7y62dlaczg8hk8xfukhj029df7dx2ws400fsdstxv4,BSH,2000,
xch1dthcte8fzza0re73fp4uahrdy0ak5u4s7mrss55ym6qrtaav00jsmc7cst,BSH,2000,
xch18rhrht5qdt4s8x3cc58l3mwdrlfgxzwg56zpff77q3klsd96s05q3z604f,BSH,2000,
xch1mpjdq5vhgzycv9fxrtzm97ue8pwf235l6y0nm48gp64qwqx8pzlqtfkl49,BSH,2000,
xch1ktdxukafhwyg2sc3kl8zgcg0l54ata0xp2mcqvjtultuw8t2vkmqstm0ln,BSH,2000,
xch158s5a7prpgqjuqsf4sq04r06a0culct3s387sh4frs90m3padzwskxssz0,BSH,2000,
xch1gkhz7y73v9c2dj9yuw3hw9hd0clfsgsnvua9mdgfe63k62sfd7fs3zatwd,BSH,2000,
xch166892uswa3a6n0lvlr5xck6qa5kk9erxx7x7eq7ag3pgxcvrgqlsdg8a5f,BSH,2000,
xch1g0cl3yah0afjaze54ehnach8q8d0py3e736nj50cw27r7tz994ksr279cq,BSH,2000,
xch1fpqdg7x8z3qtg93g07w30clgfkreftt5kfcp2cja07natkeumcjqdstzrd,BSH,2000,
xch1x3xcl4hn3eky3rakltj7y3trg9mwxwyz47zdlxrll2f9txyf4drsh55aum,BSH,2000,
xch1rn39a4mtrn9a8y9lvtggscn4acnvafl0sa23e0jcvvn36lt8hxzq8v92e6,BSH,2000,
xch1r509tqrsh6u0hmx5mfe4elwdjn6w7khphjenqdllpuqpnleyc7dq4h5ngj,BSH,2000,
xch1tvrzd5sstcvlxzejlk7menjcxh4sa7a5tfuw44egfvhe09jeqqnq3exdyy,BSH,2000,
xch1uvsxcws24a5lmgpemrht6k0rnghaj07m3c4s0uxj5zenh3jh02lsrgldqh,BSH,2000,
xch10svjh6wkwc04dveenyxjdnnyu6yzz5h69nmvl3mlqjqds6asd42qexthp2,BSH,2000,
xch1x85rzmyrgech5pr2rpyhextw4wevtck3l7a5weqcfl7h9c7vcp6s2tgsfv,BSH,2000,
xch1a9nwu7ngla7j25fgg0zunjlx5558hkn9747y7f6dwjj0pyvta0vsfpu9ft,BSH,2000,
xch1ruuea6w0j9p57yg70ra5exda3z3kwk3jxcyfpx6dha655c5zv08q6n4c3m,BSH,2000,
xch1aqj2ph0gcvj8pxa0j5gyc5v4jxawdr3s35ga6jpy9ucjftdjddzs3rnd7x,BSH,2000,
xch103r5urmtput2gmdwjhr6hfjr2xksdusattg9gk64m5t5saa8ky5sr7r6kr,BSH,2000,
xch1nenr5277nggdrstl5j448rmwd5qew67wsgs390nag7sakpph3v6s3avwqn,BSH,2000,
xch1a738wn82rmgjdjdx7sy3d5kftaa0qvuk6ryhpvfcwtujx6hfuxeqv4cnl0,BSH,2000,
xch1a5lugrd24tfe0kucm3wavnv4v4qf6zrgsxpfgul4s6j0rh2wl8mq280k4l,BSH,2000,
xch19l053nwy3n2psc6pddkcskfvxtlc47lnr7qjf3a42twlwr5qlc8szdlscg,BSH,2000,
xch1czf0rl7fx8766pqnd9srer7ceql88maugncqt2w2q83z8alks0pq6hdy9a,BSH,2000,
xch1fdj4hz4qvway537mvg4k065sj7muvz4wnjlghl0uv8n3y9zwhc9q4f0lj7,BSH,2000,
xch1gahxv8d28uu520gye0jzvr82fsmdefw3jmfksewxaqjuadn74x2qfhwe3y,BSH,2000,
xch159xw8yvwds4vnhx4zgzczgvn80lx2tjlz9xs8fj3246p8ya9fp8quam7cv,BSH,2000,
xch1de97v7pcyqyrlret5fgq77rpwv39tlqpl3nnl4elktxc8947x3dsx7zppx,BSH,2000,
xch1x5l08ml5m62a5tl9qgyg96js7qfrd2shv7rdxtnxas6ryv9wtyvsd6dnw0,BSH,2000,
xch19en80300yzk7x5yfavshwxskhg3nh7ql3cgl39x7v0qt9qk9ad0s0yr4ru,BSH,2000,
xch1ueylpu74xy54wf8aapgwfhn9tvymw97dd98s097ne9633uqe0pusnqn4c6,BSH,2000,
xch17w4r9vqmfq2uqnzvwas55a75eds7nda4h3ur2h0s9zspfpartcjshjg6pk,BSH,2000,
xch1j3rn8xxxh9acv6m9pkqhkqq2m9z6srhjzqcenelp5fpg9uv3gslq0lj4ze,BSH,2000,
xch1xdzzhnzyqmxvx6y862rfxmyqmrpmzwan406h35eq9dt85en6utpscs4luc,BSH,2000,
xch16ss4n3zu6z2j2gugfwdhq888q7l6s0mu7230ekqvjdsmrwdrcntqedqlaj,BSH,2000,
xch18u9wq5rrwkrxwh0g97r9n5es6hzpd36w2jsvrnma32aje6anq6xqngkwyh,BSH,2000,
xch173nhh9splsmk64hrdfdazmzdx27ljjwcrtmga5qvtrqcvsla3xnsv9qshw,BSH,2000,
xch1vzew5zrcpn26ddz5q290a0kk40p72fcrh0tlg8yq0u2yac87zwys0g42dd,BSH,2000,
xch1mwwjw8uh4zadeprvujnrseqtzh70j9sdgx44yafsfejwk7dem69sflmk27,BSH,2000,
xch10egr4s7wdzgz8f7fxd7teg9xq8l2u5g2u3yn65l44760nxretnlqku6ez6,BSH,2000,
xch15tvnwn807xdlnwqrwyw3h7hpafqu89jn2k39dw5kuqmlfxq290ssxlwyzh,BSH,2000,
xch1dpeunceyuam2cpfccjtttdyxxen907ywy9kqjxgy3xe453sdx45scp4dld,BSH,2000,
xch1vu4st396k34l77glqt2cywdrfflm0tlzjywuu5s8mevwtwlvc7rq45dpty,BSH,2000,
xch1u7wzun0hu2p0jcvcakcva2y405crhr4def9clgaj4eas6ftmcsmqu8qqr5,BSH,2000,
xch1jr78rvfks06z2tyz8rl5daau59q9t6ssxwa8gx47jlk9637kmmhqu6dvwa,BSH,2000,
xch1f3nddftpypelrnuatczdmnylfq9nm5kskvum73dk8jvmpn4l3htss742rk,BSH,2000,
xch1a368fcfkmcdar2x3lw2gd0u24vy3ah4rdtstmswuermt945xke7s6hwdfj,BSH,2000,
xch1u9vjeka9kf2ff6phy00hz9awg4y5xr9qyktms4e7cufsnx39zhtqumgcdl,BSH,2000,
xch10tkt23eyfh7ljk9rdtvvydyhwlclu8gqz950f4w8jqxhezh86rnqlxmfkv,BSH,2000,
xch140syhf43vpn0lgf4g3mqqpenqhzmjz0s50cmhwm52qcvzpquugts9de8ps,BSH,2000,
xch1c9qje5gfaw9jh99j7q5dfnzztpr57d97gramttl0m7mu4q7k3rvs2e8j6a,BSH,2000,
xch1hnhgaw9hdd4u8a6xw4nuruqhr5y7t3vvmgrc6cd4fhr6w0p0kc8sgnsgc2,BSH,2000,
xch149gutc4744jwl6am6dklfw8gpgsgy7g2dyyncahmuyxs0yqzhz7qezmk9y,BSH,2000,
xch1yxaewqat7nuqh5zrfnhkvudhhe3dhkuurvsckd086e8tnq09rw7qxlc6rv,BSH,2000,
xch1uyhuzaw0xzhpx7vz2zcj0afvr5d64ggc86vstdzvlch5w9099z7su2wc4w,BSH,2000,
xch1luwpc4sqre2d39ccurnflnhh534x82d4ysywfvlpgjst5eu9urfs0c03pr,BSH,2000,
xch1ufnmf2rv63ssypxe6mfry59esx37u0720t2sekgqgje8yd7gz4tqzpanhn,BSH,2000,
xch17jd9r7sjsmkzv88yn6sj9cex62dty4v2sy3x467cp670p3pcyqrsdh3w4j,BSH,2000,
xch17qjfxwzsrjpx3xgpkg9wq0h6xygjupt5m4ps8z3tjdkzrjp92cgqpu3xcz,BSH,2000,
xch15craakysddauk2x7rsg299hgmytlamhf43rccqslshehpfckcc7s7eugcu,BSH,2000,
xch1clwpmfu66cmnplqcrq3xt5guc2fc4rk6zs69a3e5m8snv290f92q2kfuxm,BSH,2000,
xch19kjj75xqemjst8cn9jd7e5a9p4e5waxqqnwm5eneur578ztaqlas0e6xfh,BSH,2000,
xch1eafaughgjp503tr74yrv42f59jmfw6pv6txnkdsleh625yk8t87sdmp4mm,BSH,2000,
xch1mumce5gtz8s0s7gjqh9uzyljjjkqtgrzzj8kpyhkv0uy5k4uc3yq3qsd4u,BSH,2000,
xch153pxtvfd44el34nw7rdffl0m4d5036vuewru4wjmr59dd2gjcccq4l42ru,BSH,2000,
xch1xs8hmjs2sxkavzz87068tc3crfppkhaq9e82eenl0a6eq7t9ttcqwur2e6,BSH,2000,
xch1h66vjwyhphsvrktqttxd7g0re986hm3pt5kyd83zzlfu4f8z6uwqrp99m4,BSH,2000,
xch1jepwsl3dn934xpqy5zpz90gua8uptjlm575t7ftavxv99snjzy0qxuev0r,BSH,2000,
xch1hal647emsummcj4xg3rgkyrz0ua9waplhqskhducs8spmjkcs8vs658usk,BSH,2000,
xch1m652pvafzpqcyr8wagtnp362jfcaeu8xekzkdtehqch7hjqz5dcq5vq0z3,BSH,2000,
xch1jk6unu2agpz5308u3rzyf65rg80ev6u5emj3j6v48tqznag7tzps8adzy5,BSH,2000,
xch1l4gkuk69nencaec78zew7w24wqd6yeuz8szen9c5hx504q9jx48skg6uwz,BSH,2000,
xch1gtp9hqf5hn7aqf5t8pecgtdd37nr0f2z6t3adllvjkr4835ewe9q4zhgv5,BSH,2000,
xch1c6fnf5jf3h0zu83jr7zpgfnr7td0464pv3au9x5jcwj70fmgm5nqr675sp,BSH,2000,
xch1ua8elutx0m9tzcgdanqq33lu8tugg8g805zyk7rnlzpknyxqmldshstnzm,BSH,2000,
xch1jxmhvlesnfhvzpylzfdmfls4630zwrg74fjxur2836pzzuwfzrlq03vq5y,BSH,2000,
xch1eqwsck86gqyueanxctpc59p8eexyhedc0al94ks95armjqjhr5tsg5jggw,BSH,2000,
xch1mc3nfd5alteat0986qn0fnq9svk3velzr8qvnfc8n78qzhzcnrdq0shl0w,BSH,2000,
xch1f8av52sjqt8tqghv9z79gvvsrlnzl4w6da5s6vq69d6fdtt5sadqyqfvp3,BSH,2000,
xch1j32ykarnavffpck3rcxr7nk7rfd5mmzc2sp857y5ljzzmdlmq0esc5c3ye,BSH,2000,
xch1r02tauegq7hlw0rnaegm6lhmc3sfjjq82yvahw25mrscr7m38dfswm3362,BSH,2000,
xch1xwn5vtj6xft78gnz0dyw8qc5gl5g7mnavs9k0hl269c7xjg4jxgq96m7a5,BSH,2000,
xch1csxhmuhj9xz5xj4wphac9mr3jwlt29m0whnyen5876psz6wvp3dsa3rpdj,BSH,2000,
xch16tr457zstg3449x0766037gkk4n65zcmaz4sgx2y7888c7av9xksphwpny,BSH,2000,
xch168zzc89t4hq40hjg7j35eu96mgtcskfce3yuvufq6u84vj6ftdzqqhjxw8,BSH,2000,
xch1ul236fssjlagy60r2jnt6jy30r9vwk0nxvjkfxdv63hxdm5zhw5s27gg29,BSH,2000,
xch167rcezqxnwfnspqnxlmyyrcz0hs2eryw4sgmlmpra7c0md42s0zsqefh4g,BSH,2000,
xch1teg7nxqkhfj7xl93fmv0f9rslvznrkraq9graa8xd4rm0esylkxqfk54ma,BSH,2000,
xch12574sgcxe6pl6ry9thjsnxtppkt7lxwq8yc7fjxc30a00zq70qhq8vpm5n,BSH,2000,
xch18pxrgsllwmzdh60esx754dcsqwvuyptyvu2u6jrv5p6svgngc3nsrfdsrg,BSH,2000,
xch1z2s50mx9352fslttxla6tz3ukvcpfzqfgw06eq46adsef68qsmvqsum3f2,BSH,2000,
xch14cfgkc4tz600fp3nfgccrgvy5vulrw4hngu8pzvp5fscuk6trdyqpktjgn,BSH,2000,
xch1y608e8cmj0369gd0x8dkurdms82n5hcpndlxfjr7ep5zfzxsac3q57pqau,BSH,2000,
xch1j432a9pfxa58y53kmkfnjrvuu5pjems33pygu5w73uspg02tkcvshtl4tc,BSH,2000,
xch1tth4a8r5hnxdrr90vkn97ghs0lk7lc0pvzerv8fdusf5tu44p3qqrq9yey,BSH,2000,
xch19q7wu6xvnn4f7zvu05l4zue96vesrs6ljm3twjg707638vxsge8qqa6ujq,BSH,2000,
xch12qe2eppc34v99lvd9y5d9a2sacnfxtn3tevj4j5ntkskteegfv9sh55ufv,BSH,2000,
xch10uddx8eygv5vp6sjm2p3hg8jff2zmyl3l0cxmxxw8u27zwl6w5dq0yyfv6,BSH,2000,
xch1tt7e3vfcn0r4x83zq3dhjr0fwfng4uwvkwnn7s3fsgzqa7p9apushdut0y,BSH,2000,
xch1xtvw95vwy2c9u92rn7el2v6w87wvklvz52l298a09rhuv8km4c0qtkzvpc,BSH,2000,
xch10w0salcytzck9dvaa9w0hhre6s23978c85tj7pjrfgs2zgnqxj8qd3cahd,BSH,2000,
xch1843x4r7jla76qp2dk95u4ey8vj3l2a34evadf5v67e05smsu2lfqtzqyq4,BSH,2000,
xch1f6gegryz8ze8l2tcderydm7d36qcsmrn4hr0097l6j9erf2yzh0qyrr3h0,BSH,2000,
xch1av5lxureyz70ztgsded57n727y9jtlamlv72rwv2vrpvejemczmqzatsfz,BSH,2000,
xch1wm6ehygu45744vjeyccptfq37hea0rgky35wyrranaa9rfs8epwq6ms6g7,BSH,2000,
xch157zl4aadqfywghxtlqf328gmyr6765a8yspg9sl0kh2mhkmgnwhsmram9x,BSH,2000,
xch1mp6g598sawagnpt224z7sdaeyqq6pmasjzkcds77kqh9upvmeltqnuwpdy,BSH,2000,
xch1flwwlp40wyy4lsdaztwh2dtz8h282nl60nd556uxkha3hfu8324qrw2qye,BSH,2000,
xch19g89ka3mhtsl3aec9m324l7ren5g8cwc4pcf9qedctjr922t788q3kc8nw,BSH,2000,
xch1c07qese9dtr4hnn4cjvpzq574mkld3fkpa2xhehwy9yyv8umkansw9nfad,BSH,2000,
xch1lmqarenkkdrdh8tc500jkttjt7nkpytel6a0vgzcd5pk39lgavrs3lryxx,BSH,2000,
xch12y4r2x35znvllwh0gtmz7lsd7vnru0q5pw0x04mdy5xkkl5phtlsluey0k,BSH,2000,
xch1egy9mmuvja8s06q5v50pgdt0k45q636uhkade38g4fy7uavq3syqckzmhg,BSH,2000,
xch16nqlaku4t8kv2wyx45vamfz27hvnw5uz2au9hf26lhtas3sur9nqvjzja9,BSH,2000,
xch10ew9mlxathvp94uyjjpaqq6nfcev76drlxvfz0s5fdq5uwnyezdsw9nz7w,BSH,2000,
xch1ae55dcftfmzrpkkcweczyp44e56wqylfdjje6703rw96aafz33lq30cnjk,BSH,2000,
xch1dflmzns6w5e0z9c76nx8v8psxdh9pp6gw0fnlz9mkhwrma4ardtss7c2gf,BSH,2000,
xch1tt688atkegz8ej0q3mvpz7sx4ye5zu5gxhhs27kkf0yzal33ylhq8nr6hq,BSH,2000,
xch1crvwgtuhtpr0nlj2h30k5s8tvmu04485vzmggkyp2qs29c43tjls7nf709,BSH,2000,
xch15ncswp8v4plm2d6jys05c2n6syugzya6968rhmqe9an7dhks29tqsvn472,BSH,2000,
xch1serumga576p2a6l4gwrt7zvsdnn79vjcldfnytms8k0tcanmu6qqhwxlhx,BSH,2000,
xch1w8sncjpdrcx7as7fpt9wl3c9zw55qrzx2mkdau2wyaj3cq44hrmsjs96fd,BSH,2000,
xch16uyx089uuuj6p7lv2lneh9ntys6g73g9aq6peqjtkul0nmwyk9pq8ta6ja,BSH,2000,
xch1aju5h2rnl7rs5y6ez7keq727lnc9ztlt6rgpmedl87u8kkjpy45s4rrn4k,BSH,2000,
xch13hxtt5esxlfs67lsrkcx5yhj0mczcmqrjaqr5aghnatuntuglz8s5kplz0,BSH,2000,
xch19v69kv7hanpgzcwuat30qv0lj3840yyrm02ds8yuxarlneughdusdlkh7l,BSH,2000,
xch1rv9azhyk4j6r720l4wzfjm75w7zw4zc4sf9fvnzksmp0zwg59a2qnjurzp,BSH,2000,
xch1fg7ag8nr6zm7cpcujz37hknv476eel9h7c7rmrsxl2hsk7f3lcdqzz34w0,BSH,2000,
xch1rt35jq93kyfhxwagalh97w8j6dmpt49e95ymn7vv66zgmkzpw94snefyfd,BSH,2000,
xch1kvmkvt65hgcne8ez7e9uvgerc6ecf3nwa8zrztuetncvmngvp23qmlx2um,BSH,2000,
xch1as63yqs2ujn7n4nhxmh9ujn2kgyetfau0nuqj9acudewg8cwf4rqpx5w4p,BSH,2000,
xch1y7lu385p2r88djqzcxlvjq5m8ug76nz96dyra55ladzl3n9jakrs4f8r76,BSH,2000,
xch143cep5t8ek7myqtf375jx4c6862crn4f63wwdg7apr7pm20re0qqhvdlmk,BSH,2000,
xch17vyee9nltvj6sjww9d3zwqkacp658lmlq8m5qwn3jrnf6dkyhmpqea7gnz,BSH,2000,
xch13zxvhg4gvsdxnhmcquctstaqmwmru4wtdektzsr7tjp9f22a33nqlhcv02,BSH,2000,
xch1hmtaygm5fh4f8sscmg22hflc99jy7dccp43fjf8nhzc8ma5zsruq2wtuqz,BSH,2000,
xch1n3lpqlwg0534wp2qlxjgvj59k8v99dsye7a5a0jy0e8qwhz8dkrqwayp8x,BSH,2000,
xch1lh6z845gsp50er0dkhjqt6fqfhhhg35qgzq36ecrt2c333a09wjq5wame5,BSH,2000,
xch1yuu28y73wyr2s3c462rvwxg7eelnmmpd4hxs93mqvqdf50v3z76sw2cmgp,BSH,2000,
xch1lvtc9fz3qv0hy0qel3p43t87hfcxlypaujezsjue7laxm3ma20nqlgrlw8,BSH,2000,
xch1dwre38kxg6tgewllp4gvwh38q7yyc92w07eesguw6zswn3uyc3tsevaph9,BSH,2000,
xch1cn68pk7p3kfk9dtwt5cd24hvu76sdar4ge3palkvdjqlgw79syvsrfk93j,BSH,2000,
xch1m5f5gzx59a9tsh8rcqu6ymja8jjhr56vt8dc5jvqr7uvvrsu7xnst9q7nm,BSH,2000,
xch1xk5dkm8qnu6nd80h7alr3e8gecght93j7hr38aeqpnjtjq2k7n0qvpfpp4,BSH,2000,
xch1z9lgmrfq38wrw53l5m58c4tdln093e38s4rghd6ec9p946ck2yuq37sk72,BSH,2000,
xch1emg3n7uwalyl962sk5zggl9nzjan7a5qrnjkgs6kt7dx43t8czhspes88l,BSH,2000,
xch1cesytdh7amc3w7fjaa7rujjz7q3xsfewrkpkzqj99tzvrm3fpq0qxep9hg,BSH,2000,
xch1gd8yney67ffk9ttykjxl4sxmk0agkh59cwhfhqzdhemv2rehg4jqattctr,BSH,2000,
xch1n0pxg39xncd8n3waecgj3p35fm8mvcesyaz7whqacp7zy0gp4g2su7y6qy,BSH,2000,
xch1m7rxxnyl60jn7jekhc4c9rzhpzvt9cgrjm3pksrg3ssnu9jwj6tqgnpedw,BSH,2000,
xch1xmx95hqca52mya39y5k7rh604pxskjrvmgtcacv9srqmd2gvhhrqkhrt27,BSH,2000,
xch1f8ph42jr2ndpjh4pamkuk7g2ps42j7hulndlqaa8seasadde9nnstyaa2g,BSH,2000,
xch10p0pgc0xjachz22000jmwjd4vjnd8xrgja2ccf0pwnxh8ur8fxwsqmm36l,BSH,2000,
xch1wjwyc5qwmrs8lc5sseywvu049ltm0vqwekeur9zqerwfqxqf2u6q3qk22m,BSH,2000,
xch1jtdnn7z7cy0eghzsmc7z64clevvgfm303rf8fs0ykdn3c3t4aw6s7gxj79,BSH,2000,
xch1ue0t0890j8jfexxkh0uxqlrdrtqt9rrav2pnudm6kxdn8sch66nqqyqg94,BSH,2000,
xch195pk0hxd3rersulv02907w6zqg9xrcg7a84ruav6d9gyjd4mtv8s5vyx3j,BSH,2000,
xch10fl7styxhqww9sktpl73q8jydmr25x260szjmk2hwmnlz7raq46q6xre0r,BSH,2000,
xch1092p7gwqhu5tj73hjptnera2synjdphdt8uwld9c9hh0tm38fd0q6yg6e5,BSH,2000,
xch1m8579h2czs444fhvhq5qvx8sjlfv8ftyt98yrj3gy7pct3ff6ers4tuvpa,BSH,2000,
xch18hld7lju3t4elxuqjzwnmxw60dkh5twtdcuza0c2pqgnv3m3t6msfvfusv,BSH,2000,
xch1ayv2u3tfyvwj48f23ey0wl2fffv3rf9njk86wp2z4dqeznad0qmse5e35z,BSH,2000,
xch1zfxtswhyqt0yntq7rp0k672ae0tez9cym7tjzw43fxf2ye8guukspapwdl,BSH,2000,
xch1tgvrc2eryapm2lwfjd97ws8t2vm46x8v6kx7pucca9t9gjgpzh2sq52lk9,BSH,2000,
xch1j6c3x9ug70vp8qc33phxtwplywwvsrkgw54mz8snh3u0dxqp04xs8usfvu,BSH,2000,
xch13ldzv6q77d55qa4fdyr26emr3f7trytsfcwd30fc0wq4f3x444tqp9yekn,BSH,2000,
xch1rpe22k7p5hfyl9tsr3adqe4wapy2yxhas7d7ft2uslaqkjh4pghq7ajprx,BSH,2000,
xch13563xyaz4x59tlnmsvvkn7dzmm8dqfga0rg9xmdg7dp888appexsu3xk4u,BSH,2000,
xch180smcdpzfwl6nltue2fxwm07f4htsksaf2agyc5seuhs392jgehqs4trsw,BSH,2000,
xch1lkk2269h5thkvfutc53sgrfpl69azrnthxtsmv67hwjwh60pav9qfkkyuf,BSH,2000,
xch1l28qyxxx7cmlh0m5xtt59u9za8ywxdxd020ucn3pg20umaa2thsstt9p0k,BSH,2000,
xch182mzpygqg2gnktrdh5x0ecem5jmlsswg868avrrteu2q9gd5d3yq2zxg8q,BSH,2000,
xch14554dmzl5zg808rmw09km5j6rr9nvjxncmua4us0nf940xytaehs7n3kp4,BSH,2000,
xch1vmeft6zs9dwczxtdzsfkc835jrm3uhzemncz2qsxtczvs5cew4vq254yn9,BSH,2000,
xch1kh8gzhxsmgsk50awq222lwtln65ggnvnuypcfjykmqw6j7xrx00q49z9y9,BSH,2000,
xch1nk7r2r5ez6782xqundew2ry7k5q44jvqxr0emh4z8tmu2sfj2jxqsz7rte,BSH,2000,
xch1f72m7f02qujuaw000ktch36qf5dz2x9amwnhaw7heqqnvq8knlzsnytv5s,BSH,2000,
xch1rnh4kcc9f3d79ckgt2sg94zuu223zqgpj2ctsy977kj708ngmflqda8y0u,BSH,2000,
xch16c3tlvm0f7skjrsraefm23qduqklx8s2cx47p9uwdmcq5akuv4fqgqvm05,BSH,2000,
xch1ustyaw5d4msruyaths00nct0zjgt950m9m9uv226mxdczqmfk8lqpvav6z,BSH,2000,
xch1a8gldtsw30qfc9awtcw9rl5st5656rn0gtcal0sn45gaserpeulqnldx5y,BSH,2000,
xch1lyl5k0eqqxwh4xhnjpnn9unggrt34tt0pvrlswplkc0gtq5ae3mq5nxc7j,BSH,2000,
xch1epw3v6exxm2ef3sdrx8lu3a67et6g0f6zk8zq5fgd70x6sufv0tsqymxl0,BSH,2000,
xch14enkmxyvxw8ejzvg07nl64pfwxa4mnqmj5jme2va3lmjf27y97tsup977z,BSH,2000,
xch1znuhejduph29sxy5wx4ezmtyf6azdw54j5qmgzwe6gfqsam6f0kqhfsaxg,BSH,2000,
xch1kpwrcwp99vz9rah4tcm53qr04vlvs5nywhmgcwhlxwhjp72tu90qk7gehx,BSH,2000,
xch18g5jtq3j3v72kj054s5n94ecdkcdfpr8kh3jrfckuxjvhnus5tnqrv4205,BSH,2000,
xch130l2yvddj3lftxev30rac59m5shdzpsu749f53ttsgysj2acp76q6r5we9,BSH,2000,
xch124ykvj0k5nletv738x9k9hg3w6uvle5gxu2uqsvhqwnnq6ze4ueqwtspmu,BSH,2000,
xch1dhq4d7qn8zffysr3euqf3atksay29usrnnf3nxx2m459j98mwxjqkp58cj,BSH,2000,
xch1lv4pcy44jhzlgpkz65mmv36wf263w2x5w6tpr33fc7unyzc2wrsqftnzuk,BSH,2000,
xch1yd3psjex23y46fxmzlcgxjsqqnynuj9vf38mdvg96vyampw03tdqnsuj8f,BSH,2000,
xch1ug0yrctvmdvsnm7awyusqzrss4usl47uj62epjz7gunvqmwdhpuqphx6q8,BSH,2000,
xch13twxmfmevy6hd54a8wl3svnrk5w9u7w60nwv0qny56vk34h557fsu0r05s,BSH,2000,
xch1g32qufp6u7z68atjdsvukr7wzr2gz8gfswj0dpq70gk9rewuv6wqg5l59d,BSH,2000,
xch1w26eqsq7eqky8q00y06kv9mf5xhu4fdujgn795r235ns3kfnzmhsplafql,BSH,2000,
xch16jxq0scdzk6zp25vmn75syt5sxs57mqcghcj7mv7l4s02c3x2dwqu6yftj,BSH,2000,
xch19z9utrwm4jhjcugh5ehat7k7j7ej4wttnxykth9tpwv02e9s3u6qxke2ul,BSH,2000,
xch1ntr3gdejdnjkc5xk5psd8ptz5m6kwxnqda5k9zfvgsekc98sr34s2tyk8k,BSH,2000,
xch1w4f6rc6g58dflaf6c4ly87j56sdk0vffkkty0vzglyulpx7fxqfqxg4vns,BSH,2000,
xch18sws0ldvaj3dukzv6l0pvke43rtyezmam2hkrr79z2f2krrm36sqy6ezzk,BSH,2000,
xch16mj00sp60u76fqhqaaa576sr3nvwt5wajzal2tzml2gx5sfqe6tq2r5w0r,BSH,2000,
xch1gpf67at7w8eek97lnw4lcz43jfyrq8aszch604px3m9k7r6eyvdqh8d74w,BSH,2000,
xch1sll295ugs24twdatgugc4wr80k2cqlzsqjfe6zkeys8kz2909x8sqysfad,BSH,2000,
xch1sv3vnnhqn7y0t4xaqu9hzp42z0c0ca64zmtmdj9hjr9kd4qn2x8qmfuz9x,BSH,2000,
xch1kxje884xrk3t6gtekxeh4mmgs8x9dvmnzvpd09n27xwwx5qeydpqja0mya,BSH,2000,
xch16w6s5x9xnfhjksrzxeupvfe57hfqj96px7wfgzsulg3h4l0qyedqgtu9mz,BSH,2000,
xch1krwmsplk7gs4qynf38xyzhpyxc0kh5k26hw4hhf80977avknmekqrp2yzu,BSH,2000,
xch1sqx5e55nt0kwfypd7z65060pkwtg9llj0cfwvtz6t8f9ju9x897q9pr69l,BSH,2000,
xch1dd7t3a07k0x9n30jvlvs7ynjnswyapmx49q7envu4l9aluee4gcsfkcy68,BSH,2000,
xch1ltv05j0tmu9nt75r6f696v8gy0jlek8uadeuh2lzjtlwx3kw2jxqk96z52,BSH,2000,
xch12n4rhzd2avqw9fmcmjd8qdn06730m6t4v6735wrac3adc6guk0fs6ktw8g,BSH,2000,
xch1nmg7zd8qaq3n2q9h2j79lwltee5c9r3ce4ga80us0aprm2vfqctq5wtuxh,BSH,2000,
xch1shrc9s4lehnf0ykyjchsetlpv0e7vvlw84tx3q9gergkj5rxdz7s2re2fz,BSH,2000,
xch14uydd4jt9advv52p97r8we78qxpy8h8rptqgqp894pqu94tvccjq50p0gp,BSH,2000,
xch1v0ttj7qulzx7uplvyw87dtkh20mje66a4j09q3vwcyxf8ldlfyjs45d2d2,BSH,2000,
xch17ptvwcsksvm3zh9chhdczuyx0y79klr3kqpac7jdxvtshcf4cpqsykk6rf,BSH,2000,
xch1a9fsqu7fqvyynwf0gjxzqtyj6hqge56qumrxl2qrujlh5pq20f7s7nztlp,BSH,2000,
xch127hqtnfu970snt4yg7a6mgwtwcau2t6sugn330ggdfypdenl9hwssqlg5c,BSH,2000,
xch19evwvuhsn6x4l40lkjqpky66np53zfu2z5dscd2pck3kf3rhpkwssfrmhh,BSH,2000,
xch1gu6hxxr7vdj7qvkazr6z8wqkgg3tzw3jtcwssr2sd27ujpsjg8mqzhruwv,BSH,2000,
xch15x2kz253wmzu4u6ln6uas9emx2tw3xal7s7gg0pcyeakwyrpl6jsy5lnn8,BSH,2000,
xch1jh9q5qn3f4rahj7499cxggdgp5h3frknr0f67w5dt5ywyxmj3lcqatkwud,BSH,2000,
xch1weejtm26fv4c5r4e747jxz5v4q3y8d3kkt2sy6mw5kj2e8ky0srscn3hqk,BSH,2000,
xch1c2ntq4uulfu5ra9vzgmxs6l2dnjmjrurtca4rtgkr2s47fuuez7s6z04k2,BSH,2000,
xch1zmu5k5fq5lqfyke3g33tep9u7dt7e2tygcx2csscrs06mkns4dfswj3gra,BSH,2000,
xch1awfj7yayx4dnvr6y5zd9mxkzk037lc7rptgqxykyzyay4j4y4vqqh8yzpy,BSH,2000,
xch1r3w0xalncmqwd304c3s4xzwf66mnee56dn4pzq8gz9ml8qmeha8smcpqlu,BSH,2000,
xch1czftx2w05u7wu6tyqtua6uepvg4k24kyt4px0dh6y67dlwj6vwjszdue4w,BSH,2000,
xch1tccmzha06cfqdp0w0q6h3v6p5jcas9eldz4nxfeqnqdr0365rl4s8f8c8v,BSH,2000,
xch1snuzty2fnyr9zv0yfv5d3jwv5uky03mcumpxfwnf3ken4jrt479sc9e8e9,BSH,2000,
xch12yk4e5eqqax99yte43ylnwmrev2tavljgs8lmxpzad5gy5uk42qquyp5z4,BSH,2000,
xch1fwrdkdwt4yldmum254ahy5rjag4qn3uqtvwacajsj4flg3ygnugqnqkx8c,BSH,2000,
xch16rtl53c3u65thmf4k9v3d9ysnnpyxwyuvgrswk58392nthqq7rfqssk6nh,BSH,2000,
xch1x0y56z2nqr0pac0yetzzfwqlxdl3k7pvhdcn3nufsc0ejfazg5esgr44ye,BSH,2000,
xch136lxs2pdphmxdu3wlhtu92c0q63l52zawrm4ylaehs5as0lsxuxszfuy7d,BSH,2000,
xch17qkrstdxtqtwul7ptawj9tgvcqanmjfqld7eqa23mlqg0t76c9ysmcddt8,BSH,2000,
xch14mrcgmke2nhxvmfarr472ahz83zdvy7sslun85gvl4gptsgmh3ws40ems3,BSH,2000,
xch1t0y0hczx3fugxk0rt7khnu26ekg33wgdez6n6rvjh3w0d7rpc0cscqwjwh,BSH,2000,
xch1yha6plxvx5eh9lanj7q7nswl0jkvwav68xqyj7kf975myhtygnwstlwjyl,BSH,2000,
xch1eyu2r62phg0l3jl267xaujvxk87xvqgyetx2shgkqzc70ulqjwuqpmpjqs,BSH,2000,
xch19aqw3xlphydrm75zvjhl44y4uc6ww852maaqglrppkplrhz2jx2sp28nyn,BSH,2000,
xch166w2c6ehp9r4sgeply0642643cnnk797hvea0qdj25yvevnf8e9sgh9sfu,BSH,2000,
xch1u5awequxj0r7gvq6aeq82n35c78h7yw6mvpv5v3exuh6xs407xhsejqxm8,BSH,2000,
xch1uzq5fkkmjjt5m373dvd7s6nx24gzlwyd0mjlkrf4xzqvma2qeers2cqg3r,BSH,2000,
xch1ftv2896y8fghtxlekd09xdxak6dtljdgngh3qn9lg00v422aza6qchcthy,BSH,2000,
xch1esdwmkdvh3y8ytp6ca84phzafyrgmg2xef8mvder8sqg4zpfdn7scqeg54,BSH,2000,
xch1f0lt0eyrhdpl0qzxealt0vq803t7z52qutzpwk4zmfhylvucyfnsqmra5y,BSH,2000,
xch1gefxdar7sxhax0tmu00mye3n6jwnheu0mpk0ykqky5djp8v3tmuquy7ad7,BSH,2000,
xch12ka5qd4glpyqc0gw8j4pe7rmrwdeqgtuhc8kmqmvh62xxw9u7pwsgyleum,BSH,2000,
xch18gr73hkx0h32tfsmz4cp96u5y6zyayjsfj2ww6j8mfcww4rv5zfqvzjhjf,BSH,2000,
xch12wsh3hnltl9g203kl2wzguu2axdnzs8urph0j0e75w9fqmcw0xxqt70m6f,BSH,2000,
xch1sgsgxelmysnx73h2kzcunrs90qnk75gec8zthjv4lum32fxckmmq882rmz,BSH,2000,
xch1zgsmaamdt5pa7yaxqqydpngaqemlcmc5xzcqmttqx0rlmw8jr36snap067,BSH,2000,
xch168c2gz0xjqqgeysf3c7vuv4m5xtrwrwf4f3neet28tq6nvcpxpgq0mewzg,BSH,2000,
xch1zdv9te5knp7aw3yzn3q8qpcukgnuxc69u89g5p238e2ahg80w9xsfrqx6l,BSH,2000,
xch1xlxp8za2jpjnmx88hzhqtq6kjv979vm79a820qqvuqa6xrtygevstvls39,BSH,2000,
xch19sumtxc4q2wq979rjyyhz93ld7m6hn6za2rt6pka8deupjxmydssx9e2hq,BSH,2000,
xch1gsj8qh29nmrrr2994t8m5r7y2qd4mm769xdajjw7gca6plww76rssh5avy,BSH,2000,
xch1mzyjgcthxzs000qwdzlycxlpp9t670apu29kxqjgcykkf582my2qjcafpl,BSH,2000,
xch1detlacwvu2p49j7xmfld3pd8pe5jhc8v32443rnjnp8e594ts0lqevgkhe,BSH,2000,
xch1jeyemgy4stux0ewwmmw6h4v6yjk0834ekljmhwqs26zt6jwkhvxqqdj0hw,BSH,2000,
xch1sfntar359cs33fcxk85rnns4am4vngv3x2zmppsdavxlekq76lwqrl80q4,BSH,2000,
xch1zldemlcnhq50nseteexqmxf2mxrqk509396f65zzsk254nsxu38qz0qmk2,BSH,2000,
xch1rjxae2xjhtqz6llypnd2egkn8r3xrqjwdkxu4uz4cvg7a8tpfg4q42km5x,BSH,2000,
xch1ukkrk9r02egquwxf97cdx5y432njjftx3l5e6j0jht0rg0eu6d8qmwc5lc,BSH,2000,
xch1sjleakjrwpuzq2eq97mgnv7vva8hk8y70q7msjpdhh04qu5ca0lqalpq34,BSH,2000,
xch1ufaxmf66u05ydwp8n72k6ut8j8627t656tqft8cymq5vp9jlnfkq8jfm68,BSH,2000,
xch16399t38gc7v02mnl8kenqakjfjj28cqy2nsdve86kvgg926v3nps6jj264,BSH,2000,
xch1rp9ur982046sqn8hf96yjuac3wacxl8urc78hkrdkq5nd67afaks3jhvn3,BSH,2000,
xch1mw2n47vq7mqe53ugjvmzse2cy5s50h54kdedmxhfa9jm24kf3cps2sen99,BSH,2000,
xch1znyxzrhqv3ncucpt7gte6nx4meps3k8u4qu6yl4gr802s9w7gvvqua4m4v,BSH,2000,
xch1lq7adk5ejc9h50f8dw3s0c8ae6rsrenkyxm8ntxuqzppzcjc8lsqdtg9u7,BSH,2000,
xch1u0wg53v2hc98rzza43em3nn053t67s0egql9x6dh8m9x55y5gt8qywsj9a,BSH,2000,
xch15t4sf80g4nzmj87m7zmhpgm2u8z79dt2u63l0xgpd92z7hwvnp9q9jkjdg,BSH,2000,
xch16zvtzklce72c65t785hcmcpu6c54pcj3psf655uh5d5mpc6h60fqqx2ech,BSH,2000,
xch1th9rp9f3zzq8m05cv6egrq32khcaqp5996ptcnddw9e3jgt4nnsqtagms4,BSH,2000,
xch1ycnxsnjtqqdelhrvft2wynsfccf3uf7sj9h9u76309e7k3tx53pqy9zy53,BSH,2000,
xch1du3q92nyz0297vy3t8p69e7nc9ghxdnsa5xdzv7gfvn8lm6hx9qql6m2ak,BSH,2000,
xch1apazlrsd0qp7z8ftuz97a85whjsfkzgyqa6y6xuu9wyj3xurw6pqn8dfkd,BSH,2000,
xch1r4ww2n8f9g59vx4clmkvck8c3hkquk4xsas3a77wglqlke2zmk4sqkyyg8,BSH,2000,
xch1ty7ruxjp57vg33xt5r48k5eg249q4l5x2zrret4jw8k9uq8lvukqjdp9n6,BSH,2000,
xch1ykwt9mymegukwzcz4gd9gdkwyddgrnh6wgk62nmehp9cjnrxvpjs0na45f,BSH,2000,
xch100dvdnr9q2vtc3z3nm57dwu6fqj2xerj6kpy23d2fzaus0yla8xqa64pxs,BSH,2000,
xch14mp3dg8eelqct3w9ygljlvkqr4tqjs5lza7kzjrcewyj85tueu4scchjf3,BSH,2000,
xch14e6vzf78xfvz3ug0u6y6r2mcqfxcsaqacaglt7dd9gc60j9xjxcs3ejhem,BSH,2000,
xch1ypfrara67csdnqfrj94uqx6e62huayxl407whl4hwfr2gpamun6qetltch,BSH,2000,
xch1lvqazfcavrg7mfwmjeypsultxa3m382lv2sgcpnh664acz05nyzstw53ul,BSH,2000,
xch1kvlc20ym9ftp7n28srvt9searpswuqcu5pq0lvejewdfj603k69q2wws8s,BSH,2000,
xch16p6kz7xr7wtdpnj3km2xx86w3nxyf77lmxzjycu4rvfpnyuz383shgz9yq,BSH,2000,
xch1vvlnl2rn32ljh6at56aqkw4lr3rgeys8c6336pdzycakkyp06ayq6uvtf9,BSH,2000,
xch1d2x04a8jgfmhumyrnp045dch3mmpqe9nmg2wk72vlzm270k8fxdqk3sfen,BSH,2000,
xch1c3fklfrc7yc7lqd4pmjd0t8dh8233tcatuvyzxmfuc8ql2mwhr2sl3e2rt,BSH,2000,
xch1mz37c7qhk5mjq234pgh007grx0rj39987lhsplvh3cc7jg567kvqpkef88,BSH,2000,
xch1xuwmpgr49wkv259xj3yse06j4sj4uuttztgglxkfeq9674a5akmswqvm0v,BSH,2000,
xch1nyexex77mqry9qcp5s7j6qkmah92xzlz66l842ee080c7xg74jtqhtyvee,BSH,2000,
xch1ghdaxddzwt5wvztjc3ds865ycu0gzzjy57mp67cghkc3w806r2nqevz0vv,BSH,2000,
xch1l72wkl5ttq2c2dvv0748kt5w36dly5zr5jd4v73jx2d3m0s4306sj9urnj,BSH,2000,
xch1tj9a3pq9t6xfyr9q3t0vzdkzxvt5m5s7rc0uvaa7u78ztu8gc46q08yzek,BSH,2000,
xch1lw3fz9jnkz0d3hkvppye8nykuztwp8gmsfezcdjl9p9ezlpjenjsy9drjn,BSH,2000,
xch1wrmd29w8zjjznztqv6w2xuf7uqzk3pglgvkdrvvekg0u58770h5scknjaq,BSH,2000,
xch15tt6jdf44eketp2gz96f79pmz5veyc3zvk33pzgpcelw0tqmwu8slyfddw,BSH,2000,
xch16rjjng6lswe9vhm5j69tk0xwfssx0emuzwqe8kdt06lmjmzp4gcq7hca5g,BSH,2000,
xch1e6wuxp2q79jxswat0jk5jxummk8n6kqwjk4shgsa98rq6vf6ze8s0pnzrl,BSH,2000,
xch1ue4j0xetz9dju64a4c7epqf2kfugvrc3q8tghwekmgk06r5jkp6sut4uat,BSH,2000,
xch1x0lq9pnnzqatcqntvvql4khq9vvn7y82nzx9eh5ases9wnwsacasfstmqr,BSH,2000,
xch1gqxku3wc72k8rc7q52sxa537dzg73v7av6spsc2y80vf8u8jcflqul9zz4,BSH,2000,
xch1vx2fkpc56ch9n5mcv7le4jvq4fshmqfkz68svfxngrgyjkqxxpvsrtxqf4,BSH,2000,
xch105es23xs8pdtyllxxfvdv38nt42a7g0u7s50ran80aveqzk7vqhsx00c6f,BSH,2000,
xch1rlyn04fsahcs8kmwv77huwku29p3fhvmz3vd3t86nmnehfflnljq82pud0,BSH,2000,
xch1rnss8afh89f5k45gdamhh2j2kzxryw3nx2q3d56spmplqkahzvfshuuh38,BSH,2000,
xch187wnf97mdns46sxsjaed3ynt3v0s0thxlm3yqkjdre2qc5t07t2sx87zqz,BSH,2000,
xch1kjc8x6a6nnzsucu5vgeddrmh3gcde3hwf49f0de7n3sevnmpx76svpegem,BSH,2000,
xch1z9e78cqnwpv0dap04h0av3j9mt640cjrtqfu7v7r2jxj2z6rydmq33wwfj,BSH,2000,
xch1jy4taemlga9uk5f8ykkz2hye4m4nqc3kz28xpnqyj6x8qmp8zq8swrflr0,BSH,2000,
xch18768u6xaprye6ggnl2zdhum6vwcav8zgn3mf0guhssrjn5nmw4aqwfqx8e,BSH,2000,
xch1rupdk5fnrvh62x2us72m379c78mfwrn7aawvxx4c3x4sreed2a6qnaw3lu,BSH,2000,
xch1sjr7x0qae6r0a9vvwaadsa928eawapepcl0r0e3q66yk9mksgqts39kffq,BSH,2000,
xch1ccpe7knm7ajw9parx424jhj7a42uqr9crflhv9cmqv5slhptwpfqcyhevn,BSH,2000,
xch15h6f72asy5ldx4ry4k59jvm2dq8zt3f3wynunywvwel2r5psj7pq6hyk6t,BSH,2000,
xch1722fgzl666r9yuvk4pjawtwyq0qz627uhuxxz7a526qf2cnlml7q7484dh,BSH,2000,
xch1uxhzdsl4j0mkpj5yqf400kd0wp4fdnwnxnkqyeunl8d49qee400qus82fm,BSH,2000,
xch14enjt0yyfgu0at760a8snnn6p5h22xjtpkclwp9lm908dlxysemq5s74lc,BSH,2000,
xch1u4zsr4tsc2wf2a9uekx8dxh4f0llwwrekjquew5v4la8nq8srzkq4fk97s,BSH,2000,
xch1cgdvwjac7qn4sg6flqpp5mja8u0umgjsh53dnrmjaz8cnhswyr2qw3tw4k,BSH,2000,
xch1a7y2f7gvhqrlt25sdu7q0qk09uz9sh6zvd7xlhy8ru6at55mgveqjrnee9,BSH,2000,
xch1c8w9zgv8r57ph6za5n6faphtf3ekdzyrrz5gxmflaf82mdp5rr3qk5mtku,BSH,2000,
xch1hp2825wq9x5dt47etc3xglk3yrpalmxwy08xw4z9zf93q6jeqmqsdl07vj,BSH,2000,
xch18l9w4juthfg4kjlmgj7r66686yf7y3jjpd9l4m5mqlyvhme24ays5274jy,BSH,2000,
xch1x5wntevrag0mmrspzr2ry4960jqjne4868s3zdypx006s4w40m4s7zr2nh,BSH,2000,
xch1a93pd0fnr79vjm7au2kqq0vhe2jjwpwdyvzrar3f7fnhw4cx7d0qegu5j2,BSH,2000,
xch19zpf409c8jk88r58fpqnnr74q7z668ekzh5gg6r2chrnnpc9sg8sq9nuvf,BSH,2000,
xch1r3yuls0hlxt7duyzwsvvfz3jc9nnm758ndvmdq2a9a0jgxkczkrspuld3k,BSH,2000,
xch15qn49ftez7fwh9q2zhhx0nqlge0aw5hpye2x7mecwxphj6yx6zhqj6erdd,BSH,2000,
xch1h0v7vws7tj4vp6t53ejn2jk9r9gkmuje88f6lnhcuguh9mz39awqh3klzz,BSH,2000,
xch1kuqdmeywta8phr9mus4yedamnemdd94s58uu3hwdtmww074yseushy6uma,BSH,2000,
xch1kre6x947gmfkqhgrqstp566leqlhgnn8g8t7rjgacenpz9d2x7rqh27yw2,BSH,2000,
xch1455utcfgmg9aq36upuk3ls9r5628p97h78krw8h5vtjppsva9puqlm25rt,BSH,2000,
xch1wqv646aufy4rgum9az4euynnu7zgmka8kwpvhur2llc66yrsg56sez25z7,BSH,2000,
xch1mlx6fkd0y2z6anakcej9n8cej90udekp4yev3sllt3dswht6k6fqjsjw8r,BSH,2000,
xch18pserf8rrsex3px530sxpcz8kdpj93tf6grwdgmr9r4x2xkqkvgq32qgwm,BSH,2000,
xch1e6d6mlph2z89ja5nvnqdnyzumhfyms65mdyl54urrqegf8msrvgsjzzla4,BSH,2000,
xch15qgaq52gnyr9qdtg0njal37u7ccqmk7g2wedjmcslnhfg6lpze5qau452d,BSH,2000,
xch15j5h43w74yk9st3rc3rmrpzjn62z3zcm4y74r0nlwchzzwrjfacs9xg3tl,BSH,2000,
xch1k8ujhaezsxjjyq6qz8m9w3g6nrd0tjau4h4jqqhdq2pmp0fjywkqd0k7vv,BSH,2000,
xch17vtd8fq8hnkz6vt927k4w420ayxa6wg4w4r9y73j8j08nex02f2sg5hwza,BSH,2000,
xch1ew56dffngu899zt372cfjcr7zva7gu8k0vg6tl87af7799y9rlzqr25nuv,BSH,2000,
xch1cq9mlj2z8dzxc0faj7jadngv30ye7vpa254enlx5hh0l8wc8jf7sdeqqet,BSH,2000,
xch13hcke6mzl8cngxhasp72uzn2kff5g0254jtxgns2g9v3amk0fm0spxglwa,BSH,2000,
xch1wtg3hppq9ewtc2ves4qvrmv9p2ur85xs3eux7dk9d8a6czmqggmqqje8hy,BSH,2000,
xch1e750np5u35h3cahgg3wx9c7ep7tveqcue0we6x8nwdcvx2ydnrlq4mgwgl,BSH,2000,
xch10ra3sp8uz0agg3vv7ycd77zgvkpwkwav29me57k9s7wnp53dc9aqaxgh59,BSH,2000,
xch12a8h30k9ulf049h2sjhnvke9a6jehdz05q47pp4tg237pqsruerqygtkmf,BSH,2000,
xch1nh4tydna5d8zygt0jx3wwyadff9r92z2lwy8ahllyq2cllglnwfsz8gw3d,BSH,2000,
xch1vfffaaygndx2y8pu48vhhsgnr00leez608qycmere4s50j9s6krsu6mgre,BSH,2000,
xch1uk0tg26nvlrzjlc6v4ervgjv37welfyc8qklzm3je27geafld4aqjn87pr,BSH,2000,
xch1mhxnq3awgw252jxsjghk2cxv5fdry2vamxvt59dz8hvx73h20ceqdcea74,BSH,2000,
xch1gvt24p065z2nglzhp6s83sqt0l596jn2hpwfdfr98k4undhcxrus4l0cyk,BSH,2000,
xch1sfjpufwkjrngx5zalqcwly3lvz8cmfvnwtsqzzdp3764ae024x9symsdsk,BSH,2000,
xch1wujl5ncy7fpmuak6ym9sy2qhjkxxjca4dcpthdvzyk599wtlgadsx2pswp,BSH,2000,
xch14frrfg3x686jy3yjenl7cfpn4lsfnl4f9t2lr5v6zvhc04wey2psuldxhf,BSH,2000,
xch1m7gmf7lydf4xrt3yd200q6p60vqnh37nyhct8548hfgmr7s5n5nsnkjtxr,BSH,2000,
xch1d4c2t9xsrtrcfca8tz0xva4pkx4qg3ed7mcxwy3p6neyk5p6grysltnxta,BSH,2000,
xch1svqnjem4904ttsp0hj2pv3725mn3m665vmxyvnhqe6fuduaevmesvuy83s,BSH,2000,
xch1kwa83afncksgaswy7lrvuealjpnzx9s8r9448sev8cfhdpd6gu6syh87lf,BSH,2000,
xch125vsqhq4nn85vfmhl36ute3jajkz4e69s3dkqhe89lyykucx628sj9scfq,BSH,2000,
xch1e80xw5wdkqmlkyfa27ahlx38uurzymwhvhukkyh8u505zecafmfsj3fce8,BSH,2000,
xch146p4gtjvsjkr95cs462ezd3arje7hf2ztm7e7yte7mgqe9gq6mvqs93qp8,BSH,2000,
xch15zuglt9hlgug75py3kv2eeppw6y2fzkhfgzqauz2pf3k7feyfppspjhg0r,BSH,2000,
xch12pyg66xz72qg9szkk0ewj42mnd2zl2muk0al8lx7l7ps962xw4gqjqtqug,BSH,2000,
xch1jlp492uk0slx5cezh0uwnyrh0m92g5njzgd0y56j3nlueu99ad4qtv3q68,BSH,2000,
xch1y5gd74kjd43kg586as9u455ulwwpdr22dcphhxcasum7scuwa4xqrcu5l6,BSH,2000,
xch1tq27ruhteh6x800vdadhcexz6k8cgr350mqn0vkkq3t2sfvkd66svrrj7c,BSH,2000,
xch1hjcyj3m24jythpsldx9ped59mj0tk690ef3fcc272wemwl7vwcrqtwsl27,BSH,2000,
xch1kszth2xy965jyxk6cf2qk7mvycld873rynl3mvkhyf9dgvp0hkysysmkf7,BSH,2000,
xch1yyyyq55ellk0p77sjp5xquaajmhsxn7d6apzaxucy0m4fqx6djlsxhwkz2,BSH,2000,
xch1xl97xy7j3x73rkwn4ja0ury9c6htwyree32ewpu8dq5hvff8x4rqgjs674,BSH,2000,
xch1fw20h26z02tj8cttqwtjgjmywpd5wz4wnu204xadfhhugajwmr8salfnh2,BSH,2000,
xch1hhzq3ujze04k9xdjwsj20vewy3gjtv5wyqdqckv0gm2eel820keqnzxp4m,BSH,2000,
xch1yqzq5kfej8f23e4f83vjwp2g9a7gt53wcv9ytknprzwhq8h0w6eqexvm0p,BSH,2000,
xch14hnjjergc8993sm25jx00tu3y6rp048xefwhzj2mxaxx7tyjtzzqfxzpft,BSH,2000,
xch1yfvqwv4z9mn40ef838u383eh5qapha9k60d6g8rw4nxej3r36vhsakgf5x,BSH,2000,
xch1s368cncr7mqxxttd83n2yptsh2utu9htkxprv7xhap076ck4vq5ssrshyy,BSH,2000,
xch159gqhjx78k7sqg95vfl6uhkpr5c47nhhrwmhmzfz7jlryc6vuafspsfcgf,BSH,2000,
xch1v3xf9d5jmuzlgdm6txc4enna3xyxet8n0dfyujssluyljpjzetzsvdeglw,BSH,2000,
xch1gag0ftc4ehy58mnsm37e6qjz3wkekm23euh0dxmnrye86zmjkfjslw62sh,BSH,2000,
xch10gg4wrjdpk93wtu35g0zx5qur0p4qe5gn0zpw6c6q4l5lx3khnhqc3yfum,BSH,2000,
xch1mq5345397mzped33m4wvu4a9ataumvtvwtxtm05zd29nrfvw3epsv0kypa,BSH,2000,
xch1vhaqfr2j2q9dy3cux792v2vqea6h3zlrlv96tmmdrjpdrtqvqadshllhqh,BSH,2000,
xch10l9gqylt4v2hj4eh7lhzx4lpt6c3hevmrzqyeyjt4ajw8e8uvcjqhj5cv6,BSH,2000,
xch15ermnshq0j6dxtnvzfl5rf0xdkvyymmn2ey2734c0q5qrq8hsuvqwt24es,BSH,2000,
xch1mywwchazryze79f0pn78sal2t75u6u5hs6tm9dzdmefpsk8f95wq6wg6fr,BSH,2000,
xch1w99ua64f6ad66vype6zkzpdes37ym9fq07e92drt2ye8ktzsc22qyvt5h7,BSH,2000,
xch1atm3pwadxzj8m9mtq0s9ee2nr5jgtc2npasyxxjxklsgsq87ft4q8swt96,BSH,2000,
xch16u0978ttjkpk6grkx7kax78ufzk9xeujuc5kqlxupsmdekh968mslmpmt2,BSH,2000,
xch10wrprs4v9ml2mxz458xh58jh48ewq3mczqk0u96mdfm7ssaxq0aqh428vj,BSH,2000,
xch1e48yjtu7j7s3hwxax9n83tywllgtvcjgtqapdau6vz5rrmrael5s9qrus6,BSH,2000,
xch1x3vag2ea7x6epnyalu2x4m93w9kgkuz8u6rj43gtw3pry72p94zqfg67xj,BSH,2000,
xch1hvqklc2qn9d8yt98x05rj7s7uakmfeh6pfvrgh4r28ugw0gynkzseym879,BSH,2000,
xch1fdf36ahdcngdphp7efk39ky8v6vhdypwflh5nkc2ngj7uknqum7s4yh7p8,BSH,2000,
xch1reqs7ua0anfq3t2t294prcf9sgnzsds5z63jd39vtm5a50txh6vsvufx88,BSH,2000,
xch1u8s76frk3x7wjtsz3qka5s50ep8gzzl3zx8x3et5lvcd5wp2hcwqt73lgz,BSH,2000,
xch1ekvry0w46fhxa5kwwxzakc4lsudzqjv2du25uaruuu5yuj7w6z3q9c78yc,BSH,2000,
xch10d2948pu6kld6s00hmzpwl98cd7vrzuvq95fu7qrzlrvasd4fsvqnayjwa,BSH,2000,
xch1za6evku00csv90knu9xv2lt3ngshpsqv999t4862xwy6vhdkhr8qdh7um2,BSH,2000,
xch15jsh9w4272ysj63kq8jctc0fk42maum03nk6jnvzu7aludwhak9q48n5zx,BSH,2000,
xch1urwuze4ugqld0g7y9kmythpt08rpxl627wsgtzc4t2m3q5c97txq6qlwsz,BSH,2000,
xch16tuu843uz5kumj8zt0ja0f6wzkvyyg4xwkud7m5h4qz34z04hz7sdrw9fw,BSH,2000,
xch1f0jkwg9xa55yvtd5x5sxegp2hld2cgqxydg6hdprlzvw830t2ecskxz4k4,BSH,2000,
xch19wsywra9kwr2440pr4uc3t9vhxy90val40qkz2a5ypyetyyglrpsksyda4,BSH,2000,
xch1xd3jckwjcr9y909phltvjlz6s7vzhacyxhevdc38h4jptgvs52vset6k3k,BSH,2000,
xch1gcm99fe756sxfxn3zv08amcj0pvw2kzxdu6d0sym46m5xgpzs0nqjange9,BSH,2000,
xch1ck2s0llvxwreqgee97kj7dau406tdslu6hy6a25ln2hdjxptjenqaq0scp,BSH,2000,
xch1237keyvus785xxp6m7x2myt8uqczw3qlfjj08qx0afvaaxe4p55st0nk7d,BSH,2000,
xch1mnl57qr8zq72m59w32em2m6vqjjxhe5h0gl7vggf75qysxlpueysstyrzl,BSH,2000,
xch1mj0fchdug9e09j8rkg306ryr8hzr6vgs9t4za4k7tvlmm56jzjas49uyy9,BSH,2000,
xch1zczlzyne6l4fk37qr44e69qy9wcjlcr8d2fnydz8uvrzdscnadgsnp99en,BSH,2000,
xch14g0240u820q2vqhu4e9xkm6wmcd3tjmncdlzdnnhae37q3e7nlastew676,BSH,2000,
xch18l6sqxmdpcf5hk6swvns44w5dukjl6z47yyttkaxwn6ty93smwwss50n5w,BSH,2000,
xch1dgdqvedlct8qev3r3v8k75t36qgd5wnrgzvnrx0wak3rwtu4g43srfluwv,BSH,2000,
xch1fd5wt4vqq2k33ldzzzphcwvc8hesakt5z0e58ah0ahsn0y0kjl6satrzrm,BSH,2000,
xch13v2wsqeldha2e4nxz288gnyyt3kyc3ym3nn0mzfyl6h2v40xn3qqpt5esw,BSH,2000,
xch1adzj0q97yqcmgh2ay00lzgmuzz6lysrw5hjyh7guklmdjev9s5ks3azllh,BSH,2000,
xch17huahku2smu8gq9tmczc7adv4xmwzlszungs8hemmzemp50hh0tqz9dwus,BSH,2000,
xch1rx0vht5zkzjg2zzyptc7ngq89ym8fhlhkpk3585t067lhvekg0aq05tdv7,BSH,2000,
xch1evne69vl35c8jawjjvta5ucmzqgy8fhpjy6vnvl2q8jlcup0ypqqmv9d83,BSH,2000,
xch130sua9x8wvp8txh5cxpuevxlv55hxljpnlnm9p034h0v0978exhskv8940,BSH,2000,
xch172wu0lsevxqxh6xz8fpm5nn83jmysdc0pjaqnz33470gn98hsjusljudcq,BSH,2000,
xch18573gmecxy030lvpw3gvtl8mlgash2p5jxdqs8vhqfs0yps4fklsefkqj9,BSH,2000,
xch12hmllatwyf9a6qz9cuez75qvmm86lmlesw3v7z43h8um2scydefsqhu8yx,BSH,2000,
xch1v046r8lf6kkjdfxwluvhxn2f526w5ncv66uawvfp325ca4gu9r8qn9dvey,BSH,2000,
xch1eway29pwvtdydvxc87g46pmnw4g8mhllltjkc68f6m3234hxrmtszs897y,BSH,2000,
xch1gz3ge42l47jzwh4w96g6ttl89zrr9p2anf0s7jcnjdaxxrg3d7xshqlya0,BSH,2000,
xch1n0rf8f4khm2aca0ys95n96xs7x7gagj7777cztsrrew0vlcdnphsj5f6uk,BSH,2000,
xch1k7ng5z9sx5s8axn9curzs2pcg8sxcqczczkvle3n005t2w47dvrq7qmaz7,BSH,2000,
xch1s6ffn2rhmlzmw6atyx09j33965qkjqp3s38yp57lgdvcljcndqwqz2pts4,BSH,2000,
xch1fnjajj998wenwack30ee24426yx9zheq0zfd0svde5c5u05pe67sav3c6p,BSH,2000,
xch1gxd778sg628wrqp595htu6rtu3x2f67y8u0s0ypq3y79xx6qndgsrg62ks,BSH,2000,
xch1jfxqh4nmyuwdmkrz953z75gm05s657vetgr9xaa69c0gwxjgkzcqnxydr4,BSH,2000,
xch1ldyjzlk2485l8w2l5twqwmulqa0xvfu95mll2pd6k8l37t0p6paqgjxhmh,BSH,2000,
xch1jh927j5ccswcpadl6z9uqgvj0njw8xdf28apwemlycmv5ct7sw3qz7hlly,BSH,2000,
xch1e86543de5jxapwpwwtxqe5wgh53l5l3rqvv5ymznva64artfawjqdyre2z,BSH,2000,
xch1c5frdl2gm3lmlxw2sdnh99wefzaq4kdx8vrus73fwxp346wxn63qhzxgy2,BSH,2000,
xch1ydl6mw8rrmuw6g8yt0fs0k7wgd7rxvl530tr5hk79f9c0x2qxq7satte69,BSH,2000,
xch199tgeyw7tc78pqyc9pjff9jfhy7f78j0yuqje3ydl7h77nz88w7s2v8cvc,BSH,2000,
xch19wrkgpeehual54pgsypya8kngs5trfgvjfu458ala693n595kk4q4sl93s,BSH,2000,
xch1vef8w2klnq6nd3jrp05nv3k54kuxx2kede53mm6nk0z6mxa6xhnsnuf78q,BSH,2000,
xch12xy9qkmqfzvzv4xzrjl3yw4h5g7x4fdpys9x4hn403lt6467jd0qmcl3hy,BSH,2000,
xch1r9llfx3etk49swaq8f6zwpdzqjkrwut9utz5d548nav6zul0prqqsz3qvl,BSH,2000,
xch1zwy5vt6wwwegnamt7jhvxr4sh60sdlfdh69gxm88d05wwjaenhxq6frrwa,BSH,2000,
xch1xmn0em6v8fkcl6fdqpfsg29gay4dq3v5x8ul35cgtpjft03u3s8qgag65n,BSH,2000,
xch1cqdkl38edy8w0dk9gvuy4d3hkkvu9gyu9t4ry6aveevrg749v3lqnvuyfs,BSH,2000,
xch1s64wknvhvvjz2vt9al7mf2ta8esmxhh7g5wrtyl4m62skaaz7fmqu473f9,BSH,2000,
xch1l4mjvludh4th0m06xc4p8faa353477807cw3a3vz837nrsukcnhq2ar4tn,BSH,2000,
xch1crftkly7kt8e4d70lnvrnu2y0g3wepmvhppdqd529w2rh7mn3l2qd9zlac,BSH,2000,
xch1yvcd4rvj6vtedxrawgcn6uwgjv0g6zfzm70sv9s895glxsxgle8qw7n5qq,BSH,2000,
xch144jmv4wvu8y26z0u8h48ccxrcr6fd3d60rr9dv4v0eur87zlmf9q5vzcyv,BSH,2000,
xch1gq4jky287r8wwfcaqexa3d7j4s50rg2c7gatjlfvalp76rqqx3eqjypc67,BSH,2000,
xch1hf29lvrs42h7mqzd270n8x3y4mjgf7t3fpxe5hgadwashjlccypqvyqn8t,BSH,2000,
xch1hhap55lj5ldmnhwtt3fx90y8afyw0h490gfyu3pekpmvh8ttq79sm0gudj,BSH,2000,
xch1a4yeatgq5wvhjuzc677ppkchcmh9hxagtls3xh49gxevfz8y002qtdn7t4,BSH,2000,
xch13us769qjxr88kx452624wdkngar8u9v62h0qx364zdg07gay3s9s49v6n0,BSH,2000,
xch1c4zkvjzxz3adzx4tsn2gp0k5nr9mlvd2dahg3024lrkfgzm08arqn8t69g,BSH,2000,
xch16vmgpl4fvmsz4hr6aev7essg9lt2klm6jt2d5vj2ptlc4877lw2swc4f37,BSH,2000,
xch1hxln0hmtr2tae06yjyu369qh0255tqpqg89sjrua4wpfhg4qm26s99xs78,BSH,2000,
xch1uus5zd7xhtmqah8jmr3k4uh8k92mf8y9glqsn5wjdj29wdxvkjrsmtf6mg,BSH,2000,
xch18hh6rmj7jnnghjy4kj2jhqer0cvtk72tdl8flkct9r07w7mn9cgqz3gwvu,BSH,2000,
xch1wetl0g6m9dhahpjmvxlrsygkpslrfqqng4narfufj6vpe3svs8nssv5vg5,BSH,2000,
xch16pq6qrusvk6upfw5qp9rshglqwskt2rmqspv45avwftcfht02wkqj69lyt,BSH,2000,
xch1796p8phtphrrcvn864y8ntwhcf39ljkhu7u3alme26gvxp3ppmuq3jcstc,BSH,2000,
xch1erttxs9wf33yfym6r960dvypler3m7t3rddugn4ps4kyy9cd7dxs9j7anc,BSH,2000,
xch1u87vzaany66tk5397hsvplt46ghpzrn2av23mr9cxmrzaw2h83nsknk2l9,BSH,2000,
xch1yf86yptwk2awlujzudscpqrjprn9el6penkm6t3mpr8ju4nln8es42eu25,BSH,2000,
xch16vza65gk3jt5k2wufv7y7t6dgh6l5gxxfywxr3hux9y7xrmfgmss58ckue,BSH,2000,
xch18cjpcgsysl97ezqk8t47rsj4cwz8dncyacp2c2dvcm8ksmldnhls9np24q,BSH,2000,
xch1klzjjufsyuq6ywe4jqun86fve4gm2syqnthcux4ngm8x5648t7wqeml70y,BSH,2000,
xch162pm784rk78rxzq5ghtqyn3j55lpxqdyjmcunf7gz2r7wr88mu0qj4sfct,BSH,2000,
xch10sametjghjamq54vsw5phf27ushk4tkwqdedp5zcynnpjvte53qszrwa5x,BSH,2000,
xch14l07t7xguue0y9y77dwmgprasyctshxflz57jlh7xlaum9mkd2jsw3l00m,BSH,2000,
xch145xv4pmnlph4cfkl375zlymk3xfppxz22c56pa2j8xjaq6vfkmvqn58jgc,BSH,2000,
xch1jcfhsfmk0vpr2sjr570n9mqzpq0eyqj79qysy800u5g0ujvlrzzsjz8vg9,BSH,2000,
xch1clkum945dllh2l620acj9fhz43v7qv3nwhed2jsl8hwmwc4uazfq745v4p,BSH,2000,
xch1tu5tj5ggwn6hxp3d2uznlg76qu260rvq53njdxz5wgrzekq83nzsllfzt0,BSH,2000,
xch1kwgyewcu9wmhrr377asznu9ldkywwqvxzmjvkdjgh7fmgdl3q5wqycmp25,BSH,2000,
xch1fxwzntx5zrer58sv657xwkk3k37gf7w2gljchly8vw6dnyjmzsqsx4pm85,BSH,2000,
xch1wjfnupc4edrtt79uy33ptnussave3pw8jt7yxmyc644h2s7q7f5qt73pcu,BSH,2000,
xch1mggz4haj7shm77j4qprx3p2rx8m3wwa43x6pn9eueyhsgpv5j58qy4ct66,BSH,2000,
xch1cfactfs2wktser4nrh7prt02v8phyumk49zhqe43955k4mn6sn6szmgffr,BSH,2000,
xch15rpee7zyssrt877x8pyuwhyt3a523xrjp456zacp20qqhcaa9h2sh00xr7,BSH,2000,
xch1tw5rz5dh5cwa8f8muj7g20jph8eqw6kgt5npa4auq38g9qlgejkqxps7tk,BSH,2000,
xch14h8sfyse56xc5szh8k99pxvt0aps0pgzy5uxa4kr64u6k3w7snyqazme5t,BSH,2000,
xch1ujt3lnx75s29lmt4ynjefwt8vpk7uuny2m4wq5qymp4pds8avcxs2wxfrx,BSH,2000,
xch1jmjt276hptuk8yw4hmlnpnu4pjjxduwvk5ggc7s3jhx965gmmj8qf4ltzr,BSH,2000,
xch1ekfmgqe2srsulqka2mqhka5u67p8dy8j790f62j64n9v72genujs2xkugm,BSH,2000,
xch1zkkna8g2m0wn5gxx6s9p075kk7zyw24n2u04e7ezk0ynwxw2ln9qw06p6u,BSH,2000,
xch1maf3chx8v20f5kj7fnpe4hyzecky86t6grrhescr6tmh2zchwa9q3gjhxk,BSH,2000,
xch1zsx9gfp9qq8j6s46wm9reqe72kd6vs4fd544042m3lt2te9dta3s9e2xwg,BSH,2000,
xch1sewuslmcxksydrtk89xqsan3x4a6t4q562a0vemqp5k9dh976uksc2cpls,BSH,2000,
xch1mgnnn3p7g0jra824nlsdwwatk34nnypsy76yg3h2dtskw42g8nrqy8ku2a,BSH,2000,
xch18nfcfn85jpar9wycl8t3sagmxqwch9e40v5vypdc7cw47yaehy4sg3dsag,BSH,2000,
xch1smqk2h39q8rua4x4qevxaequcpsdfdlg3j843pwzn5rkmwy3ykwsja3ehp,BSH,2000,
xch1s5xmh0vvz7dujw6qhng7ge2qnl6mt9h0lw3p7p3xacjmmdgdeajqmntaxk,BSH,2000,
xch1rlneryqpgvap7xvhw9n8xqfd7hu7wtxw7c9zg0uyelrptyld6a2qg6c856,BSH,2000,
xch1csvsj6s22lvaketxyl00z94p0fpk9gm6656jsykh5tfm5ldncvxqu7yf2z,BSH,2000,
xch193gm0x2qw30r2vunm7wym3xdxt4jel93t57u32w0gdc7yu8fzddq20w0mq,BSH,2000,
xch1lqurl6fy8j507204t04tws632cl6j8yp034mlj5739t30fjnr8usxpm0yh,BSH,2000,
xch10jat3xundrp3pwpjre80x8vnxszqza5erupw8lkk5y8x70q6zu7swfmv6p,BSH,2000,
xch1ujs88nxpgx09zy7yj6mauvwfxuqdfk54s9yqjsqg0unfr7dvjqfqrwu9nh,BSH,2000,
xch1dqswnqu9rqjft9jd56jjtlzhsg72ty3h6lwmf0fntsylxazmkx6s8kaszm,BSH,2000,
xch1lp3neaqna2jyn336wty6xkvfm6mzdj6qza4ksrnjyy49kuxa999sr9f8hc,BSH,2000,
xch19jx25gnnrgsu8hskjxqsuc6t656k77442glzhda6xj0ny673chasapkecq,BSH,2000,
xch1dtfuhh4dmr4v3tepxhphmp6ts2jr849fmcz3r0qkek5vzt35u5es5gumw6,BSH,2000,
xch17acfl3xqkk8ra3xkxyqga0z7cdcet9355kwsxxc5dy26agr82fzsee2jzx,BSH,2000,
xch1krl5zdvss327ryms69hcn7v3gzgsjuzw83vze9r2hy8x23c6z3dq836saa,BSH,2000,
xch1l748th9ss4ye3ja3rmskyhn5cvpqdnaz3zctamz6869x8aggkf2s4u0ht6,BSH,2000,
xch1fvkvdzn0tuhkrsjkdwpx3lvuu4cugkqsnct03mhaerkgn8a5p8nsw2nqmf,BSH,2000,
xch1zfexhgsmk3kkuh695rt7rg203t3qfpwmsstumec5frut60jfagasxfr9u7,BSH,2000,
xch14350ueallqserxxp5ztq56ur3s5zgarj5c837nxytjykg4vmkvfst2tkju,BSH,2000,
xch19uq2qkyjg2fyhkcqwtyrq328aw3j98lc5scpgd8ewuy9ye5rk64s0rw4dj,BSH,2000,
xch1zqfp78sqpfnuj8zj0rn0qk3ts6s6u39mz5yvhh42t75507mcrltsv5vvf6,BSH,2000,
xch1fp4m05uq944qljuzvqmmk8zf0d06w7w5spfuhyr25z5fglzna90sw8mjp7,BSH,2000,
xch1jlrhyxrsvm9hlarq7ade3pqr2n73rz6rdue5q9uewdlummysauvsdxy08k,BSH,2000,
xch1ar3uuw60vtgmhjp7vdyaz6p989emptsd87z3wdhs3wmnmu6u7nwspe6mhv,BSH,2000,
xch12y68qfdry0wghva37pat8c70wunpkuddmnznykcn28w69dzquhqszkaawt,BSH,2000,
xch1vq44zcusuj83xxvcadwde27jnhnefg9hgz9hjm74as4dr3rufweq49xrul,BSH,2000,
xch1veh904axwcnjfc9j2t9dvmrrcnxj3c9eq950rmuan3pwcq9hy8wqckwaa7,BSH,2000,
xch1xlv688uy07edu0t4zgax2lcshsur9v35phsdkjhg6706zf2sv02sqlpuy4,BSH,2000,
xch1tnx2q5kgvhazq0ktran5hku02jkek4aegk035ly5py8v5c3jtwkqezx563,BSH,2000,
xch1gv6jw4503ymu6fhkcjujlqrrhtxtr5wr77u2pe60uus06npyldnq6x60yq,BSH,2000,
xch1fsc75dkweum46jmtxq49sccgd05fv3tz52zjngflnzsag9ftnc8q95qz2g,BSH,2000,
xch1h8x5n5k92zzqaj0dyvahupn7cyuu4q4gv6nkxufpxmkgn666ycsssp99xv,BSH,2000,
xch1h8szqaslz0uu852ylaycutq8mzzgc049e4w3cgyjpa8lg37g3dsqrdfnlk,BSH,2000,
xch17ctspxuyt8srutnkz37dpgjg748454e8fh0jjgsuppen4cyrkmkq6kvl2a,BSH,2000,
xch1s7qwncskptzqjycae83tfkl9sj66a8hvlt4kcyfwj5rrc4xht2esz6y3w6,BSH,2000,
xch1yemmndk2cwpuzw53sfqp3mmxmedtdjhxu0fyzstxu4dnncc6c2mq020jxq,BSH,2000,
xch12wg2nl62njh944zjuadp9nc7gt53y02779cwuhpmmk4zwds5re2qd4xrpt,BSH,2000,
xch1upny392yehgt653kucgt0wamwhk5k4hth2tya288htdq4upee2eqqtmd4a,BSH,2000,
xch1ws5uh67dne0475ruydn624v0gg47y9mq38uzmymax7g4dpfyxwqqh2d60d,BSH,2000,
xch1vkwd48j2wvr7xucle5teuuj8sxu3g0qw63t5atlz9tujy59qjy3qhn7jjn,BSH,2000,
xch1h5gutqm62s76hufcnurgk27q4l703ms9unmqy4q2z9lr9j2p00aq3axr6t,BSH,2000,
xch1yz47r6mhplmrfpvp0g4r5epf0pmwzzzt4czccsk9qcwxcsx20f5shd8pvp,BSH,2000,
xch10up5lwfgnzq7fccjdym5lsvwx06k6ce34qc4ehwkj5k0l3lauwtsc7wm4q,BSH,2000,
xch1vkez2ltacmx44ms7syn9n6jdfesen8anqu2xu3u8wa6n320g74vsgyekm5,BSH,2000,
xch13ntg9n6u67f8ghclws4dv6dxwhkuvynwfxf96pf0vwl77ekzhx8qayh6ny,BSH,2000,
xch1ufezh49k32xqxj7vr6m6zkhxpal8ve302a3erx6cs8uwsgccnnrque869l,BSH,2000,
xch1ns5wpfgc6crzceh5m4twsktd76v8a6jynm4jx7l9np4z6s0er74q922a98,BSH,2000,
xch1wcdvvqxufse5herwcuxy5uwwereny950nan77qhjy6jddykczszsvxmzyy,BSH,2000,
xch1a4a00vw38t2ws7eyg9v92pgqj48wmnwclrdye8ge9wundwkycmkqu58eh7,BSH,2000,
xch17pzhazases69anc23uss3gtf8003yc80rjjgcwzlm0qftvfcur4qjr4sc9,BSH,2000,
xch1rz4tfezgxs30jd6tztlmvsq3j5ez8ud08z2hzu2uz93u4xhr5jaqndwhkh,BSH,2000,
xch1rplxewlh49qrv2gqwdjgfhs8tgulqdfns08kr25ze4wdq4elzm4q8z6ygk,BSH,2000,
xch1mw7fyfuz3gpw9vkqcynk3exk69k8rzkwk26r5m6x4xvxksthqw3qeksy63,BSH,2000,
xch1rmeu6625rx7jdnsu3wg8wl06xalqg4mkd4j42kvytrpzd60r3xzsen4ysm,BSH,2000,
xch1h7sz6dj0knvf78v40ufcenl22tj64vs4a97gvcrhcsv0gedt0teq08xfj0,BSH,2000,
xch1zpqkwlwf9vyxyjnem64da0wqgted2vcg46nt4fg8266japhgtulqzwrxkp,BSH,2000,
xch19f7z52uuhn0jw9m6ujrfne0lp25g9nxsmdjzw2xgmuj5gj8erjsqnuke2l,BSH,2000,
xch1xenn7w35g7mm9pm8ne2almrg4lvc5tk5qtpvhxpflsne7emj2njqf58xcg,BSH,2000,
xch1dh7pgx9ka6sdlt8phuuvssffr8ah72uqzev5g088jvy7n9dh6adqysr69w,BSH,2000,
xch1jefqatx0jp9ae8euuh5nvln5rhtw63ly9grxlee5spzp97gugffqj73wgy,BSH,2000,
xch1sp9j484tdxukpc39hpj29a2qfdkk99k99dam88vkk2swgsmzd3rsnsaqyv,BSH,2000,
xch1sv6qjzdce2j3m8hemmdw3wulssuy3y06wetn3svevtrgtnpegqrsj3cer5,BSH,2000,
xch16zvtkehlmwmg62wdvmrjwrg0mx03xusl8wfsfpflupl27m95r4xs7gjasf,BSH,2000,
xch1a8pd4s3rney7psryj5s6nn5p7yuwnx55rat4ldrm37tusf35qn7svlc36a,BSH,2000,
xch1cpgnf9940ayje58waegeyqk4m8nh2uugfwpuuv6nfr882xknd06svgnpw8,BSH,2000,
xch1688lldwxaeh2g33nclhh39l0v92xd0xeejsjk6ztggxnw2gpnrvqegv5f0,BSH,2000,
xch1n66uz9pjxdm805yhrf7sxsl833famd5xgmhu6q7upfu97aupzcls5x2qs8,BSH,2000,
xch1dm8p2djkry4guyevgzwlvjja2xt6kr5378n6zn0al2na9txl34gqd7kt9r,BSH,2000,
xch187q4dj20yxld25sgtyzu0s4mcqngxkrszvp4xscv8fag0th5qacsc0zuu7,BSH,2000,
xch1cksv0gnshgst2975tukp4mnkcnhugpjqn99zjhtmec22ns2q0r3q7k4rs0,BSH,2000,
xch1wvnp73xk6m0qp6jpe5370fhwtxnkfy6wkkfjyz3fv3m8xaxvrj2qg2t8gy,BSH,2000,
xch1wer3g43gky9x5yawrzdu436w53dmrxuchneuq767gaf6s8xkkgvs8ucls3,BSH,2000,
xch1zh04hmsqph02z2wyuuvcm9xgzlkdsa8q4rldd2mcwgpxlkc9acaqsc3yyr,BSH,2000,
xch15jett8aeenzfwjzxfn5872wamn3yaek3s8l33qc52933cacyjf0slfjz34,BSH,2000,
xch18zle8c865cs77arpp8hysuxkq039zgcqr29vxwpzdzmn80jujh4q9f8np7,BSH,2000,
