addr,name,amount,ss
xch1tlpwumqdgqllnkemel42dqupx5dprgutd537veu2evw0e9nl7nhqn98pge,BSH,3000,
xch1x4syt388ms4jjs902hn6xdz2vu94ld7h7ncvmx7735qeyucf9psspnndrz,BSH,3000,
xch1x9f93v7uuxlt2t4t7jv8tlnnza9334axh57phzewxy86zd63sftqnhz962,BSH,3000,
xch14s38tw75dwhyqepjrcu97dwy3c7plpkh06kp0aquqwlrgweywpnsuhf9gc,BSH,3000,
xch1npvflxt7axr0j9806gst7fcwv2uzn497d5qer0kayp92hs9sefvsj7mn5j,BSH,3000,
xch1jh0c5z7m0wlgawj5qw9vag2pyzc5yg00rpxpywzpjazqx9tzr8jshya67z,BSH,3000,
xch1nrxsfsk6xnzgj2d6tzkxaw9njl55hpvdlr4h2m9e29rqt4az82xsdsqnrx,BSH,3000,
xch1dy55sc2qu4d5cxn9y2u5dvmk903xhlqwt6aw2qpraz4nw7mjk56spqmu7r,BSH,3000,
xch199dqwrpl3fwqfnykx44agygv6728dmyq6uerwztx8xa0mx0a2v9s78a8vx,BSH,3000,
xch15z24ap2rqfg7ruywzzute9dgj5eajjpcwl8hx2ecwutqtl4m9r4qenttdh,BSH,3000,
xch10qulunwsj40jas4zv2zezarhm5vsrt8hfpjkun2x728kl2h4n05sa7skwn,BSH,3000,
xch1vgwepyxna8a56me05y93yhcckrvqw5az8t5mmlwlrcm5pt3azphq4vuznm,BSH,3000,
xch13h0lkf08zknhdj6xpzsukf8u2xm06w3zscra67te0gys9ap9ex2s58eqwx,BSH,3000,
xch10phm3mrwvn6khja92zzecuphhjenadjc4rk4sj2jew5n7pezdhrsty3cg7,BSH,3000,
xch1t9mfy6qsd99jx02j48qlx2ncgsr5t54x5fwzepgfgul9m9el9y4qsh0z2m,BSH,3000,
xch19gsnl82p2ufewsqsxvnuew40v9zg6kfke70rw3m6xcs6x305pv4szu6zpz,BSH,3000,
xch1hepd2dejzysleq0ythfhsagh3sxjl8296759am3j9w4wn2a3sjfqjq4aum,BSH,3000,
xch1w5w0r6qqysf04rg6qd49f5w7qdzjh0ltjkk6yp4p5rnxcp5gtwqs7erv0w,BSH,3000,
xch1mgllwl5jqzp0fx4v0nnpnq7ajtf5tulvrc883ccaf044xsh7l9csx4cj5s,BSH,3000,
xch169amehaer5szsgd6ulqxq7758hsr86dq0q55u356qkhh3ssjtsdqn7l0zq,BSH,3000,
xch14050uejts5l6y3crhwwxr9ww4l24lkq35056enh5h9m444982a4shccsck,BSH,3000,
xch1dkce6hmr72u0ugsypgu9cvvnlryf2c5dc0et6f8thzq82q8a9duq6k6n5a,BSH,3000,
xch1n0va20mqr5gqext5e2xyq59xn897k8n7sfjqj2nas0jqwh8adjjqr3s3ex,BSH,3000,
xch19hvd53awkulqft0geymwh7uadx6a6q37n6pydyt8r8jd0k4jp8dqmpsscc,BSH,3000,
xch1vzqg7flu4sm924rqtq0mp8s5f3k03rsflxknalgfphckwyfp6u7sz0vgk7,BSH,3000,
xch192gc4mue3xm0hrd6zl7tj06d6wf9mg67y2z84s55tw7gvwk8ccrsyl3jc5,BSH,3000,
xch1cxq3d0pewm95fy2dhgfxhzcdrmw4axdh8u5whycq99kxy2allvcsc5xu80,BSH,3000,
xch1decf7zhujt4sxtt7kk2zk8c80ls4vl8vfwgwvpqy9a0xru6hpaeq847qey,BSH,3000,
xch1hhp9pn79yej3xcukh8w7dan4vvge57ev592wg8ccegw09h7djy4sm6av33,BSH,3000,
xch1305h24cddqvav4xl6ly5jtl3cwr33j7cv7xnnvh2d4m0q3h097eqxlugzp,BSH,3000,
xch1fgwgnf7999wsm0tt8d9j56gh0vef6feqyed46vatgz0htmcduh5s0qqjj6,BSH,3000,
xch1rfj5m4l6uvsy93gkmnvaxhjvv7pegh8wpa5c2e0fpvnavvmjhwasa0jls6,BSH,3000,
xch1dwznj9phr0d7qgtglatwzvyzuem96ee40cfdur62xh46cwfg3heswm07gx,BSH,3000,
xch14ncukqnx36zuhktyu3f24r7rdawe09llpul25m968tppksr5dlvqeq6n2e,BSH,3000,
xch1c5955wruuywh5wv2pglz6p4lu7n5m7v34l58whce8f57f7ck2z4swqjt3u,BSH,3000,
xch1z6dy9jnm787q3wmkar0xq86pnw2ppgeg6ejx96mxuljczlth6jyqy0pr6s,BSH,3000,
xch1g7z7p40zselfxhslmfx4huxjyyhqnr5twnt5xruts7usfv4wnt0sx9dslu,BSH,3000,
xch1g6pww9g0cm0mu629r4jx96skecw9075u752kzj2f2eek2qcay9uqtq35e6,BSH,3000,
xch1sadk0n5hray7qqg6tvnmarm45m39nxsc65vrqxdz0kp2qgt2hsys9tszmz,BSH,3000,
xch1m885t2wx6xvj2zr6ywjsp3dsxekfr3fp2sagjss5ug7cp7vnm89q84yu0x,BSH,3000,
xch19r9z9fecxguc2hvuuektn6hr29w5haa0xv5qzdjxp8pj8adn5wzqcjngxf,BSH,3000,
xch13v9rx3t0xz0f5pru5kyht8z6jn0u83e42adglhzx7gdrzwm65azsuhzrt2,BSH,3000,
xch12jnarz0k455a7jhw06fse372m39rcjpzv2tx7rj9k6wp76hes5wqwgf8ws,BSH,3000,
xch1jlkcu5sazlzf8g96drwk3y68pl4xcr35s2llv2tetfwgzn5fgurq7w5wrr,BSH,3000,
xch17spfrqlgdx49e2vk7u0gaua49qjk4qtfdhfcpxk6xq5a5xd38t8qllmydj,BSH,3000,
xch1gkmx9cxghy2jymu2yf8c0ezddslnrams0uzk27m2azsfmj9p9qxs24lnvn,BSH,3000,
xch1xz3fwxlwdugjzgcf9mt9lwcp65y3wx6nftm52fnm0w95zuwpemlsa4yl27,BSH,3000,
xch1rpadhf4zwyt3ass2zl7z3ym0h6ahc3wjvrqm4uqvdeerzqjqrsusx4xkqv,BSH,3000,
xch1k7u4r2sj5gs2cnlhg9jdw9lhj7lk7f87ppzfhnr48098a77e4x0q5qlh3n,BSH,3000,
xch1np4w9a4ah8c6ff3myka8vh5403ffcye266jgyfex3mrw4cyky0mshd8sh2,BSH,3000,
xch1tcd9592067ws6zmznpkmfd3pjh0whgml507ut7lnjfm8y308326qpn05r0,BSH,3000,
xch1r4mwq7vssf800m3l6gglwqrc82kufygxfyd89ynvzrs9tp7vtujq9k3lru,BSH,3000,
xch16v4swvnyszx7aerva8n7hq0whzvfdhrt0wch0athgw2fvl5ca0eq8nwkk2,BSH,3000,
xch1x42r6ueen4y3nls67yev2vx90w6ewc9ngf2uq5qkdm8w0e9tg32sf063d4,BSH,3000,
xch192ld0mwjuezkh0qkwq2mrljcrl8sy7ywer4hxn3fzlkzrc6rykssqjwlvq,BSH,3000,
xch178qucxlmu7h7a6kn34rn8h5xdcmkzxy2kzffy2u6e4mjzcezq7gsv8amrk,BSH,3000,
xch1j90ncjzq53l9uyt3ureqc49gnww2g5gspl2khvn4q2a3zm98qvrqwecu07,BSH,3000,
xch1hntyqg2uq50h3nvul3ccjl53eusqggsz9ducmj34wvv8u9yuuslskl5d6w,BSH,3000,
xch13q3vag9mzwh5j22v9022mu6apjx72wvu87hfvf33v7jajsqcftqsvl9q7j,BSH,3000,
xch1mpg5zwf7snd0c8320cezhwz0dpj9x33hhds6yc2pm2u82ranlrjsl3jfa4,BSH,3000,
xch193f6q2779jyex3j5jd9zf0eygck302ydsyemqtssm3ddtah5s4sq8uxkdl,BSH,3000,
xch102da2t750m37ztwmlez8gd6dvsed09ja04xna96upqrdprpegcvquwgx8n,BSH,3000,
xch1z93vxzv9cwxnm9pyekx9c367nxlpj4ltf4md7a8u8veuwdec0exs7s98w3,BSH,3000,
xch10lh6ncs4kkzvlwzeskhgupwdkxr0vs5ga4lzpzhdgj5t88d4cyuqdrh893,BSH,3000,
xch1xjxpkaz3tx37k9m26kp3uy9vpm896tudk3lqgaxgwpedp0prk9zq84jy42,BSH,3000,
xch17zldrfd7u3ud66m3ynx2tpjkzj4n06jku8jrcgqq2c6v5ztrvczqa6hlya,BSH,3000,
xch1f5p0dhd2ju8kkewnusl7mkagn442hsyqtrrwxg8zr3nxlef3wtjqcg0eds,BSH,3000,
xch1d8e3u4fmgswrywam428352tech0r04wtx0hxgc6xx3cx4a964czqzscpv9,BSH,3000,
xch1g4t7errffluuafxnwrk9p79awnmt2yyhdp7ye0quchtd02apgghq3xd08x,BSH,3000,
xch1ly724erzdcayr0j3n455skmmgsuw4ce0yex7lw3vxs2fugpjrsdqq204ln,BSH,3000,
xch1lf6fsrq7rpv49jymlppxatsya2gfvye30esc9e4rzuhxkljzy7yq8qxpk6,BSH,3000,
xch10w35m6xyx4ve20zsxc9ee0mhry5ynaspxumneg08r3n6w6yd2yjq8jlc82,BSH,3000,
xch1glxygyecgaplwwvhgm062n7lw7m0fljrlhzerw2xq7dfr705yr5qdswqnc,BSH,3000,
xch1tlhzr08ls2t2t3tgs7avgzzmrrgl6jxrulavj9qe3r5u79njsppsalm6du,BSH,3000,
xch1v02j692gr65axwly5udg7ppvu5zx3w94x6c72n870tmpddfzmy4skz48ak,BSH,3000,
xch1jpplafqnst7etam89a9339xf5sfmfr6hgrj4vy8yyzfa6fp7d95swsj4rd,BSH,3000,
xch19hxr7sn8zdq2dsrcrks845f8y2tythn80l4l2ue759y48zfw62nslvqsy8,BSH,3000,
xch1kvd2ufyzhyq4560tap2r3mvy76fh79l5fets9vam6ayp5l2qvnhskgat9u,BSH,3000,
xch13yjf6cdpnjh6cgmqw97xa4pgvs3xpgt69v7n57k7m77tantf55ws5990sx,BSH,3000,
xch1yt6ug8vpl8t39xe0t92ge8ndtr9lrkzx34csth3ztlc5665tp50s07dgz3,BSH,3000,
xch1lk2nst44vm8gd535cs26jyqaap9mw9jsy4qmwa862e8rrq565vpqg52a2n,BSH,3000,
xch1aljugv7fxk5yruckuequqs6nkykchu2dj7jf3m60vt8tt5dsr3wqn48en2,BSH,3000,
xch1j9ht9vqgydj3la3n8645z4crns67d09697gdak5625vva7v3qk8suc8m00,BSH,3000,
xch1w9km66jpuu39mwxql2lgnem4kfgadlmwnls26yqd6p6k5ye7xqgssewxhv,BSH,3000,
xch16amaf0sxepe6pwldvkawaeg58chanv3pc6alzz9gdfxggnud8jws834fsd,BSH,3000,
xch1zcpdqev2v4fa96cmsf3xp4cmakasfpvmment6snakh428xrzne0s4rsya3,BSH,3000,
xch17qcnr7u04tsse5gsxakt4d242m7fyp84h6qdfr3eqrrwmv20pr5qdzmwgr,BSH,3000,
xch1ys3eyv6s6y49ecd2z5lgeyhch6zrny4z93er2nljfa855ytldcns8etf4h,BSH,3000,
xch17nqk4f7n8a657d75pmrlrfzm422pfazdkq5f4aff97rwfpcflyksdqseha,BSH,3000,
xch1vm6x9ecrpu3f6s79lvmug2gwh6qc6z3ehkaqw0rfhm0f4tgckjwqzvc827,BSH,3000,
xch1xwt0smgmtvezlz9qtyt920snycadcvvyaqtc0w6p4p3e9w8yj48ssl80lg,BSH,3000,
xch14h0vahx26jn0aepskmx7st63t826gnyhz9gzpesfql4kff3xyqfsw8lvgc,BSH,3000,
xch1yl73latfgxks8s56dcxdg8ntkfx5xncfla8juhnazg6zg9dge06qc2xy04,BSH,3000,
xch1c6v6pu2tl2nf9t7gm6ma936af7phvfm5886v2prggpajz2gr26zq8u5gl9,BSH,3000,
xch1r4nuaw5vqp7w2s9gdug9s0qe7qt9hfsdehmw4mlfhq0qhjxc5vjqy42gmh,BSH,3000,
xch12xj8mj627nmln23zfy9xwpyw0xdn4yjnpenwn5l7l3rafvr50neq70att2,BSH,3000,
xch1wjwa7t6ud3ylquq564spn3hp2xvek7qvhmvalu60dpak8hrx7gusqkjq6x,BSH,3000,
xch1ys5p2dcqxd3z8t7v27vccqaekrc9668j4w64k430klct3qtkucfsyvqms2,BSH,3000,
xch1992x4609df8mlx9v6vm2tp9nh8ptmdstkn80jv5turc5ge43dydq9tplhx,BSH,3000,
xch1e7w2sxls4c6ztaw3u292l8t4ufhq3xfag3r26r6t0eaf4j8tw53snavems,BSH,3000,
xch1d2purp4gmuqfp3vp4yd6tag686puehljnsxgt2epxca82q7r3syq97p8a0,BSH,3000,
xch1a6v6vnc87pmmxpdctl9mrt7t9dugry4ee0n0hr4dgvrypdmkuhvq8a833k,BSH,3000,
xch1zqf63mdckcr0z54lrgfwly9uv2kfjj72jdxpprpse3zlq3s763rq0vl5xg,BSH,3000,
xch1jugkh0jnsew9sg0gr7p4vgmkc4fsyxq9fuzkmt70naazdm0lwljscxd5cg,BSH,3000,
xch1naw0gtdlpgkmcpt5zwgfznnyfaadtzk4hq0mrjdrgdxr9fnxtn0q0ka73u,BSH,3000,
xch1tzqth8dqa5rgkywa0jue4ydxt3paw8nefm0pt5yrm70e9auakekq46wwce,BSH,3000,
xch1tv60jftgzmtz65f20vu92yg3av0w20q5p3rxqmkkrjgrlr6hxvksugkgvq,BSH,3000,
xch12hsnnyxvwjy6suhj25gd5q58khc08z2ahx7gk5vx3h8rjecslx2qs3qx26,BSH,3000,
xch1x2qjt36jdeax80pxjckrwkvt9axatgxq5ak2kqzfkdjvufp3cmrqmuhn8h,BSH,3000,
xch1jryjzhl3vq9jjvk8vm8v0v5rm2rme8d33y2fg483v4p2gqssmlgs3qz3k0,BSH,3000,
xch1cm0rw00uh7ytd6ama6ce3h8g6ez6c96esjfflvkwz9k892jtyntq5hawd7,BSH,3000,
xch1tkekjamkmf73l6dcagdtuh0jecz0hx7x9fjlqvvkcuqx2dpwzmsqpn9t2n,BSH,3000,
xch16vcpzwhn23nancevnfdkvm9kjd0ls6k3t7z3h6x2774p5qge02lsxe05zc,BSH,3000,
xch1wwz2fgqgg2ry7mq3gp8aa0d2eyxrpvhwlc08ny37du93jqzctk0q28wsha,BSH,3000,
xch1hdat04pqwrhvz99muxyux8t6k33gp9s58yczejmhgygs5raxcltqu0d7gw,BSH,3000,
xch1ke394093m75mmvjjh9ccxfn948xtysmapd9hlfvxmj6n8zmmdvqs0n8gau,BSH,3000,
xch1zg3scu9c7g5dqxfxakxwve0zu4q7qe02hv2fgju768gmrsm9fr2swa6vqr,BSH,3000,
xch1dav802ywa5r35793ccet8fe6uddnxe04rlksx5qswq39h9wm03sssw3hju,BSH,3000,
xch1g9quyec50zuedzxexlmqea2jvw8u647y65kd86t8ghhpnrgx4k4q8da396,BSH,3000,
xch1mmpgykrdxf80p5yqlmxcac77d2530qfs5vzv5ta2a80gplm6fnlqv2j7hu,BSH,3000,
xch12an2xtmp83sxxegfc0wx9ux06nu6macu47rl9xatudys3m6r7d4set9xg4,BSH,3000,
xch1jxgg69gtwhxf0jp20dc6vchpkmpwf30mq8zkdw5v6r8288mtmgksyuu897,BSH,3000,
xch1ykfc4ywq0p98y9rsjvgw4wdjkaexmq9qmptfc49syc60x043hpnsetu9yu,BSH,3000,
xch13mjzlc85dysss5rnw26l3a9vklt7tx3p5556n47faxk7tl8qrs2qj3h2jx,BSH,3000,
xch1sed3ejvh6xp5q8cr5mjxadkt0u3maemggyq7el6nqe7g353vw2nsxn40n3,BSH,3000,
xch1s3fyzhrywmfh8n6l4y7vrxk4qq8lpzpds2zqjkw99ng5tzx2n5vs4cyyf5,BSH,3000,
xch1xnj8nk496nuwggumledu9ek0hzsxfj48rmaavk3tqzv33gnra4usj0g9r7,BSH,3000,
xch1drgrn2kwn4mvw34c2u76kdymggvvvm6sp4wj9vtrymqz5ajq9qqq92u4ay,BSH,3000,
xch15n4z0ftetpvcupx7u9s9xkhnsyde6pqm8f34erfcc4ng944zkytq0enez3,BSH,3000,
xch1gcqx6txkelj204vshhxur0mt4sgvqyuzw8t48cyt304vmh63luls8jzsdm,BSH,3000,
xch17pa7ktxwm6k7k40yu2s8tx48m8salfqtwvuffe9ma6wq5v4faeks9hs4ye,BSH,3000,
xch1acwx2zqgh273crl0e259d4ge3lj4dffunssd5wvtjlzed2qlqyfqn9pr2h,BSH,3000,
xch1lu66w6fm68jvsesymeqtdal64pt6zmxdl3hz98v4ddsl447zwrlswa9akz,BSH,3000,
xch1gahr9pt5tkng40mdt090zfflgykvff6qhvvyrkatl6kvskkvky3qqgcypz,BSH,3000,
xch14zvguwaym322p8sjkk4sx5smzducrpdda9zp4u2jq73ezzwqv5mqwg0rj0,BSH,3000,
xch1we70pelghe5yqjs6kmzkxsvh69rhl0fc3qgqjmntgzvph3xysa3swnc0m4,BSH,3000,
xch1u549tzz59ggks0zyu3k7kjzxzeur9gtwl3hydej43g966u7qtyzsfa82pj,BSH,3000,
xch1x3xhg37f2hmvnkctzke4njy0rhvnn299evdr2qyz86u9qj09c8ns9lfxh7,BSH,3000,
xch1mq0jury9g8gww6eqc0udswpcr5k4rnfj88n7quers23q0r2xkmnsv6gqtw,BSH,3000,
xch19urj4jumhtjgk3reujxz274qf23ulvdzx76yhy4cplz8vc2xa8tqnwq80x,BSH,3000,
xch106ruenuf9j80jem9fqfc7c8ywhr3g8s5eh0tspfdcwjv8l79phqszngh80,BSH,3000,
xch1uxhufs48q4wr2u8es5tmptzytjtklu2w6s947cre7t9l6lqeernqk0xp76,BSH,3000,
xch1js6qaaaqhpj5tkdttuxy8jnnq7j0stjddm595xf5s970fc5z84tqkm8ame,BSH,3000,
xch18k5dlgxkw037wekyv20kd9pydpjjq4jr47dffxawzdcacazkktass20yz9,BSH,3000,
xch1uvc5f7efjhplkfjwv3r7ctw5yvyu9tld3h9dfpexfpuyzeflgq2q8pt9dw,BSH,3000,
xch19aadze9tvdka2qu7t4puldcuga49hr8hlv5mu3gy6gj4ydgxguhscgwefa,BSH,3000,
xch1xtpf89pk62uyyuzyav6g038pz9sggy3h7r58jqetcwufgj78y4cqhrufut,BSH,3000,
xch1292352456nnfw82djez2smwcmv52wnzp4l3ppead7555tyhqsv0qrfd30g,BSH,3000,
xch12r0s89s7ekkyrvhqu6y0p452erlqncdcljaj2eqk6nsjqkpk5gvqm75x9s,BSH,3000,
xch1fvxdjvqrun9rxlra7f037eekq7fdnw5n0mz0avcq983nu20d6htsxn09r7,BSH,3000,
xch1xsl0ezrxn0hwx9twcs07txv5dyu8c83py8vhyty89sw3c2sue3qqgu6qf5,BSH,3000,
xch183qf6zrkmxnzw9t3n2sqyz609vtv4djvckl0xmlsmu3mndza60esut5t2c,BSH,3000,
xch1zqvl6u8x6uuztuc8t6qmxyx027kecl52a666nf44st477gpjqajsey2erh,BSH,3000,
xch1fgwtdqfumgn3mdn5r426qhtfegkcmmu0xf0x9z3fx20c5vwxk02s9m2eu4,BSH,3000,
xch18mrvqru0m2csplhc2kfenvv3zj9cuukm3c7fxanlnsnl9t2egfhsfkht48,BSH,3000,
xch19w5rq7ra5528pcu994mlzepg62dzj5hcsu636qemp836ft748jqsrjhmdh,BSH,3000,
xch18l4lvzzh4tdfzgrt60p9xfyly9gyr0zrktfd0sklpvjhdk2uq3eqq6khr0,BSH,3000,
xch14u232mk0z9sjvzk02sxul0dlhzde4xmrj7fuq3ugxnjrtgmqjxuqut49cs,BSH,3000,
xch1c2u63defuyjqlp000j9thetm60fafjm5cecen4x9qq4w394lnpgqcnrz0w,BSH,3000,
xch1nt8kqq8qltj09rr207rdsjf5pemj7eygl4ch6lzfvwrwnwdeahfsjs3vpe,BSH,3000,
xch1u93y8q5qm23wptpx4ze9syl9rvllytpwtqdelaee66t7stprtlysfjd23n,BSH,3000,
xch1uyv8yjpase5kchcxd09j258ekxdfzgacwmj4epd2wtcave46n0vsysjl89,BSH,3000,
xch1lra7z8ryd4dle3e8jk8lxawgwrnarjddxj6ypgdjlddd7clr3n6sztdulr,BSH,3000,
xch1ajj2h0nv8wp4h9mpy9ugl2555qjmcvpkm3sym0z43yh4s3epdarsv2y4fm,BSH,3000,
xch1rq40nw5cgvydqcke6plzw9r05m5wyeedwsq08vqs8w4ds0vkr95sg5n038,BSH,3000,
xch1vunyypdg2glh7hdvxglk8qvdfzy3a4xsq3yuxq3c8hkj2n7zpr5qrgn38k,BSH,3000,
xch189qmwkt2kk2dgexpk5rnfmf6gkhm3l275p9rpt6w57z302t7zhdsq42qv8,BSH,3000,
xch1wdxss43fg69g2jz678kwj8f9q032paagux7vqty7g2a2m09pjvjsqr42ra,BSH,3000,
xch1w4lahy9us9f458vfd5lz2fq7ttaav6qs3x3qp06ntjnuka09nynsm5zjlc,BSH,3000,
xch1xryjw4qkhmkhxzrgfkvwe44g6g0smvp3z4x4tcvn9e0qwzg2fa5qnyfxjs,BSH,3000,
xch1zkwy4zqq428tufcnysuaparq3ddzzwrl5ys222ss2j6pxz4mvv8sycr6hp,BSH,3000,
xch1cccy27wklqmya4zrpz43tltaasv7hd975ftmljnma6aamm8q566s0afe2t,BSH,3000,
xch1cugra4rvmkemffxdj34xyv4hfwthamwdw7skyrdvhejfhs68dy7stxrrcx,BSH,3000,
xch1wx7fj6xyzpqn0ur6qtdvft5942t0vcsqu3624rfjn4gvncsm92zswqu3ax,BSH,3000,
xch18mutue97y8g04jnynegzxc99e44pu3jcw5sf2xjy2vg620tjnk2se063t7,BSH,3000,
xch1edknthyyxrdhfmdl6wv6z9jt2zzt26fhfht2syzxs76va5tptg7sraum0u,BSH,3000,
xch1a4emkxmnarsrvf6ptev3jznmwl0r0vzjv060f072n3uun8quqcpspvjcl0,BSH,3000,
xch1cxxr765d96nv8zgqj77wuyhkhlehufj8jgufqgckc4m8aemkxg4s0rwxue,BSH,3000,
xch1c8lc9l60rkvzwha4khkxgcrrnvzaezenfl026kvtg5k3gc6e6xkszdryrz,BSH,3000,
xch1k0n6gv2ws9zdxnxs6r6rt2j3k5c6q2yv7td34cwuacf99vrx9s9q5ys2z4,BSH,3000,
xch1979qfgduxqam8gtv3ua4p9xyyja5m3gq0uz4g2guljmpyjkyw0wq5nck9r,BSH,3000,
xch1ms90v39dksyap8wxewplmxvv0tax9ap48qzavdv53emxgvegaxvsuqtksh,BSH,3000,
xch1sty3wynlkneacfaww6sxevndcwa52506598dm4zpkkqlmxmgs3xq79f0h6,BSH,3000,
xch1tfahdjs92cpe2gjpwvxsqdcv3umdtthlpyn93723ympqkuevvjfqcs8s8n,BSH,3000,
xch13dkyq25rs0gq68v76lntv8e43gcz5a528mquq8fvdvmmndrp9z7qggayck,BSH,3000,
xch1aj76nyk6rhn363fy4ctftk4llcdhufvw974ev739qhjccyfnvstssy67a7,BSH,3000,
xch17fqgjj8z9s2dygnff4skz99tjnrqucv2t0ntsj63ldm83j6079jqzj2c2h,BSH,3000,
xch1n6gw8m4uxywqherwd7e4uejn9k82enzy8xhrc3mdu2fe3hgmd7rsfgcwr0,BSH,3000,
xch1tl4anle6n7spz3fsv0rpnkkzrxghlpptnqyhqjhl32f9m45efm8sqnl5g4,BSH,3000,
xch17rj4jkcn9tt6msyymrre7nw35vln9yp2leg8a2v7dh5wf9thu43q4n99xh,BSH,3000,
xch1r42pffyrq72vkeyzue5l3t989vs8mprq8n8drjw9zply7ula8sys3qwg6n,BSH,3000,
xch19f6kps09tyev3p75dwfce08tahg7tj5wwjwt9fers03qs2xd685qj3506t,BSH,3000,
xch1x2fkcvc84mlduzweegk544jtkf280tyhs657cp80386k9zy8qkasvs9cu5,BSH,3000,
xch1as3umezxkm25r6ysu5l6hhghjwpt5282f080rwj3lmyj032pjuusxw734r,BSH,3000,
xch1gpkfzqz34xx7ug0rsul3symqjgwkr2ujp5dwemtpxw2crk3cqplq5d444m,BSH,3000,
xch10nffp9rzmrfx6yn4tjklwg4f7j646m09zet38uluvczytpuwqlpqpkyfva,BSH,3000,
xch1dhn5c5wvz6t4wzx6trsmvpfk6djyvm4p6vphqafghaqx8rjgxpxs5994pz,BSH,3000,
xch1gesdcd52ka7gu2h3khpmpdfrfne94xx48ks6fdfvwsgl3zrlr8qskjez0r,BSH,3000,
xch1j6wyeym4h6zcy3jr4fxzw74n3rx7w5mqzud0z8qlnpft8yyxfkzssafdus,BSH,3000,
xch1245gcl3rttkem35lcdcfnwzg2639r5flnpy8vaa2wc8pmv2a7hwqh789fv,BSH,3000,
xch16kvytnvxchlyhrsjuaun3cx3q63lxjw45af6ahwpye5zjrhpfusq9lwxhp,BSH,3000,
xch14zr57mqyc47jkp8ckl76k2uzzc7xlepe6lsgfl8kld9d2f2jxrps6wrwsf,BSH,3000,
xch16xs7c07hhmpwytwn0cvkvgadh58kywajqmvshkdml6cppprmdhjsawnss0,BSH,3000,
xch1ajcv8s9n2lywam2dduyaqwqumxqza8yr59wlv4tw8g6h25xr4n2s5hdxu0,BSH,3000,
xch1cfejmv5jf2x7kkev6nwzu5ekrvvps55zajz0hdwr4v0pe6emm7xq0ajn9a,BSH,3000,
xch12xz8pcf9vc8ssq3zqjek05pytu0xqxjg56e5pr0lfwu2dqnlkh7sgt6nts,BSH,3000,
xch19hczrmp3aky2k547xczl94cx4x89ppa9gmmzas0t5u7thlf2gpxsyvpnxy,BSH,3000,
xch1l8ac9k0tp4tg37gw5duesf56mqfchjvurqq7w9zhwluyjvhtrl9qplv9zm,BSH,3000,
xch1wn3cmjuv6fky8cg7y5qq96cf63h9e6ruxu20k565z9cgpsds5g5srclw5m,BSH,3000,
xch1d088nhq4a4mcqndg2z03y2tta7r0r58e8etl86agyt803hrux8assst2ek,BSH,3000,
xch19adsuphyv5ftnmkfqnmuk3g506tz3j3gl8h8zqezf04rd56px3ss93tcmr,BSH,3000,
xch1u8jk0vnfenun8cf3r7ttgwc9f3chlzm4epqv4zzmfnljj9vj7fjqrm76uj,BSH,3000,
xch1r6p2rtz09pc5qzu80gdhvrupva6v79h6djt2cpw5l68gfl2qeh8sy7a7vm,BSH,3000,
xch1yy3224y7hwftu3wuaa9wvzzjdzyzxqvxku7sl2s6fylzvxc9f76sv99mx6,BSH,3000,
xch1ghk6zazwjml9tzscmqr2qtxz9fc04u45v4pv7qcs802pnmvt0vcsn9p7dc,BSH,3000,
xch1hywxmga8vpervnx43q6a0wdplw7kc5ryqulvl56wjufqfyudceaqek6v6j,BSH,3000,
xch13tms3kzvafr7ul7tudxh9ujmfgg00vamt9ed8j8sf5hpaplmq67swnn9jg,BSH,3000,
xch1jt60tsgm7m9schfaml0fz6qcrgg0kqtjvatyz028ucz6yvw730zqvvdd79,BSH,3000,
xch1605n7v2mauf64gxfecxthfd8224xve6vnghs8k6ngalekh2q6unsasaeta,BSH,3000,
xch1kqxl2e9em3yrdz86zgg8wnclmkdlvs0fwl9vygcl57eejd94dr9qms5xch,BSH,3000,
xch10fd9j2pmhz952z45me6ulf847mlvqkglxevfz7j0kvkhk5egsglsmkls8t,BSH,3000,
xch1kl8zrataqdfskvgsppp320y26trf0fz4z7ykx7clnahdvx9wxjus3tuqq0,BSH,3000,
xch1safg3gcyn03h8j3a58wtarkvxzjd7lkpd49czze069q9hsns92aq69hpa6,BSH,3000,
xch1um4hhfkmgl0k4wjrgudr6ulyg4zqca2tcxe6xlpm5nya8saz237qshh20g,BSH,3000,
xch1hstyaatpy7arn7nzfk4z3c7fph2xph83uvzl3d7k7y9rhxl55zzq6uk6c8,BSH,3000,
xch1styrkmq0ps84mnjll3w5t4w62h3t483pwn8phnpwlc2ywypyhsgsnsw392,BSH,3000,
xch1sptfhtv2x80lcer5etgaqw0554urqwsra0c7wpejehaf3tnmq0qqfqpkq6,BSH,3000,
xch1a69c75xtf7ftcvpeyv4f7wrcucfu55rdv2uqzvq6nsmtscq0dy2qzfzgkt,BSH,3000,
xch1zkcqac98p7se36835tdm8qc94n6s3sttwgjhv3hgvdvnrs6j825s058upe,BSH,3000,
xch132dx8xp22m4pfhg9jzvcc0nw2yssjgm4x5yxk0xewv0se6dndgrq5ak0c8,BSH,3000,
xch1n2c80e99cune9lknu3xrhwtarjc5ynk0pg0xx56f9dd2hqxgyrkq245su0,BSH,3000,
xch196ffpcs7hjp73mhg6kh3mrdtmppsnlxat2nuc92weam72q46y4wsdyc8fc,BSH,3000,
xch1gd0ypy5a3q4htekusfxlekzklvrmcj0ead0nkfrwym7u56tznyasyvasx8,BSH,3000,
xch1hmdk9fsvp6zvxsu9jsvflgecx4lsz44j6rp7ywerq46kthxecmxq7a2qvd,BSH,3000,
xch1ksp3wzrguxk7se3ckfy5td7cg2d7htlwhska6gzqqm2wt284pfzq5yj57y,BSH,3000,
xch17kkcp9p57vrh9r8yz3rnkk7tpkk79cumj4dfrda36l8zwgdqnvgqnvu6e7,BSH,3000,
xch196qp8u0g3fap9jfjm9amxnxvl52h657vlrwjyresyyxz0fpxnveq55jw4s,BSH,3000,
xch1e5z7qhgj6s6srhazu9qffydfwkwdull3s2gwzzzu3lpcvxf40e8qht5v9y,BSH,3000,
xch1x823rx2l0tggd0mu5r9u49jvvhs0yj5xs4l5ffwh6kpgjskzxwqqpfl5hc,BSH,3000,
xch1sw228sdmjj6sxr8254f6gpl3lvkel8v9us2a7juyhc9zzv46mmsquns2nd,BSH,3000,
xch1zu4dczcxv9l56l259nuzezderalya06fh5rdn67yj9yrsgwf2fnqxsyvvj,BSH,3000,
xch1xnka2d7hc9v53gu3nv0sawemcgj3ctmp9jjkkyyggvhrxrewseeq5d645e,BSH,3000,
xch144z0c072jz4kqeayl4nuluy9mydyqk7yexyjx59z6zv7f3sx4nuq2zju4q,BSH,3000,
xch16xz5pa9gqydtppgspjx29nudag9sse3hqm87duyc3z30jdajgadsmx37dw,BSH,3000,
xch1wwhdfue4rjhxn3e2j86q6yygecyxuwvfs3gkg5qk70j592wvmmcqyv2pqm,BSH,3000,
xch1aj76p0gz6qxegw4779ry0pvcdaast47ylqd4qgnqn4epa7z98xpsk2ge3z,BSH,3000,
xch1c0pnzttmf6latarxtxwdwkukk0kkccgud94ye6ekak9u66ylh3hqqakm8u,BSH,3000,
xch1kecdvkj66mvpdg5747z00fp5klan47pqu5g28kg5q2k6hrhu06ksaxtpcs,BSH,3000,
xch1zd7gqn78kwhztha3cky5adyxtr26wsus6j0dzd7xcktn6yv5rhxqlxmwhj,BSH,3000,
xch1mvrrz5l6ywyggthz0n6za03j680wgl8apdqnqttqjs0mqkhx973qhj7ua0,BSH,3000,
xch1j85mew4c8tvt0m8gy8nf39tm4e5vm0q026h4us94h8p8yx40vmrs3dgx02,BSH,3000,
xch15l8mjz89wcz4jmn64qyd3eka858h4pjf0l6w0e6ufx0a3rzq3ksqujtyzv,BSH,3000,
xch1zuk96ul5gl97r8qys3m6qmmeg4hu7nlhulsrld3mnd8sds0l5fnqrzshd8,BSH,3000,
xch1l0xgkl8mvzwvjszhdngqcjvjaqrgsyxdtffevuf2lkzegvt80xcqlge7ry,BSH,3000,
xch1e7frer08484xkxxqjvjqtc4960jc5qf0ywvrjz3prll5gh4lyauqv5nyhz,BSH,3000,
xch1y6vm22n36vjnchrvf2t2239v05pdw778pky9ecpgtlcvq0ugp6rsmm9ms9,BSH,3000,
xch1z0vnksvrceyzcpflawsk04e94crdsltmk4nyevqkzsmvla5zl5csqwwngj,BSH,3000,
xch1w000hf8fsaejpzvlx2dn0nt0ntuctmt50fgxgfmcxah6cxd729eqjxpyv2,BSH,3000,
xch1h8grke7rdpaqhsug39udlu7yjvms49kdq9pwnnahsg4gpchlx0cqc5tgxg,BSH,3000,
xch13l45ymf9e4hd573yxk0trxgqnc6tj57zkzcjtqygkqclpsc7t57q4ctxnq,BSH,3000,
xch158a402hqn4a5wsexmp0gd83wfyx65car5etjaq3ftayucadswq3s57c835,BSH,3000,
xch1mmqnhn89f3shskyqd0nf3ajxl66euunvjc76sqynp09g034uxgdszv9c9s,BSH,3000,
xch1ufsucu7n44l2285r4my8utyjja4498qmnzc506ryjln52dw3dayqdfvlm8,BSH,3000,
xch1w3a4l7z3dyfychr5grlyrfmv4rwjywm009cv9dthsfq743m5mlkqtdw2fe,BSH,3000,
xch15cka67qglaap09ehr6eme7508vv3gpejvku0f470t5q3eygrn77sta807z,BSH,3000,
xch1vjl9fydwfdflgr3p3acwpd0hg24dnn4m86u8ylcju8vaqmkrdxpq8j6kdl,BSH,3000,
xch1jvwxj32g0vmez88yxqe6gv7ny7hzjcty3qp5e4xahf5cmeqdnl2sqmlyhx,BSH,3000,
xch1vdvxxq5w90a34d2f4z3p52d7xwf8wwysz0undeuspzzdynczqzcsc0rrqy,BSH,3000,
xch1rv8pe0hr9q5a0y7qvsx90qu0htek8rwxq3tp6q5nde5caq5vt8escjdnek,BSH,3000,
xch16l99trlddsud7ng0vmwthr5mkz66vlvqhqzv60zhlkttguk6cpmqzml2ek,BSH,3000,
xch1kjtsmjttuqe7d704a7qsu903tkt3fzrh2a02qsm3g839t4asctxs4tzklk,BSH,3000,
xch19r6eaef8dsgjx8wpymsg44tgc859ks0wr9xax68d353nhktjylusn9deyn,BSH,3000,
xch1mjqlqz0zx98kuyh75kur9c5ff7jmlst74uxa7hct4nydq6rje4jqltau6v,BSH,3000,
xch1zry2r9ase97z2h2u39e84zehdmzvcqf92wa368ea74w7l2afs5fsa7zpvm,BSH,3000,
xch1new2ykktxg30k94xxa00kr8qghmuha4yy9u9ct9rw4su66hns0ps7devjz,BSH,3000,
xch1ym2xhk4qlwy0k352kl6wpm0u3mz9xppxtagq453hx0jnrhe3tkvstw3c0g,BSH,3000,
xch15xh49jzfzxrxurdnkctnjjcpx9wln2n35m2a9eurjae7klegde8sj6fjy4,BSH,3000,
xch150zanhmxf5yxe6wj7jqzaq69auv4ashn5y0u2hd0adxjz6xp2e7snp7csf,BSH,3000,
xch1j039kj7vlq9jsxthz7489gr52vxgjwvzrvm3f4es0rfxfte3af0su36ah5,BSH,3000,
xch1nsel3rf4vz7y8emgd92l94hv35ahampgf4ewapukkxmefv7ht6ts67fg2j,BSH,3000,
xch12rl20w3x2n6v5lwl2t5chw4lpdad80rne0grhfr8cu4emwcse0msl80k3t,BSH,3000,
xch159qf2nw2rn8ca6vrlsuc0kcuzen065cku6hsmywdmfl3xumxnleqn2drx7,BSH,3000,
xch1u4dhetcw2jkmt48gz4egalep5ecd3vnvhqtljrauzeqh2pvch25s25h4ef,BSH,3000,
xch180t68w2q86vxlxk37myg8j6q937llf7ev6zanx4ln77dggyqkq2q9djq8x,BSH,3000,
xch1elumtv5u7g8wjwwadf687cqk99fjqwvh3hz8rhtzt7pe80yw49dq7a3ycf,BSH,3000,
xch1vc6tc7fk48x6kqfujnxdtlp0jyt60g0e2dpmz7sywsxf08rsg2csx5vezm,BSH,3000,
xch1r0jey30lam40y7q3qx6jvcz9j2phndazt7q9rq60hhp07mhhngks9u60af,BSH,3000,
xch1rmd97x9rzgmhnj9gn65ds4flj55pkcpfwd6mgtlncxpda4scdnvsh4qvp9,BSH,3000,
xch1eujd5vl7scts5pcl79xgc5kj3twe44rzq2qym2jt832nvst07mxqkrq2qp,BSH,3000,
xch19lcjsxan77w936sxxy3gsmvvnxran3uy3pd27tmlpq3p2z3whpesxk2d98,BSH,3000,
xch1npfht68nts663geqv36jkp074f0gkedcu7hs3lppqv4ap6h0kw7q28ddpf,BSH,3000,
xch1mjp6cl34fc6a3g989mn24f7u9ya2dpr2r2tgfgap4gma7t6shzpqart26j,BSH,3000,
xch1agmh0n65a5y7zvcc6v7xpk4z02hn90p7akl59ennunvc7spdl4ns3s0f00,BSH,3000,
xch189mckg3qjwe78a5s24llx3mjsazmwkrczhw55lh2skycsuz4t2hqhs2cu6,BSH,3000,
xch12agtzh24m8ttv5x2na2zlyvgs3apfhpl7aw5fmp4zmphjw2kly2sahyph8,BSH,3000,
xch14fjh64x5sdg4pfug9khvtdsljecua26y63cl6p9sp4hzkv75sqdsh6hdth,BSH,3000,
xch1yk5e6u9nhuaxtsmswdcfcu93s7w7azxddw4hseqe22alr9nxr6gq9clnmr,BSH,3000,
xch15dx6tgqd573435xxyte8qa0gg5v8me4m3tn0x0gd7auzlyxn8exs89d9tu,BSH,3000,
xch1aml5ndkxvdhsej50nare8qyl6u58mzeu439qtp34j7kpq996rc3sl62wpm,BSH,3000,
xch196mg7flel74yuwf7qu4lwqnw0ywky7nlkmse0q4v5cuyvg9639fqp004xz,BSH,3000,
xch1gf7uwwfa4el6v8gqsjfytgc7l4zsnjrf579ks75tvkyrpsysf8zsgsly36,BSH,3000,
xch16q38lzvx2fe5p0razh8wdx2v3nddtuwvdehxve88cz07rfc7mlrszakg40,BSH,3000,
xch1uav0d7n6765fwgxzjglnd6aqvurfpg5w5xvucd2tw544lw0rzutq3pgjr2,BSH,3000,
xch1z7dwl49atg73h7w6m7mmz2e4r6346tmwd0dee70synxzgycafe7sy4jyxg,BSH,3000,
xch10s38nm2aqjdn2v48ceywqnm7pw8znj0uydlcpf89ynqcywcnzv9qtw4re5,BSH,3000,
xch1nrjfpw2lcrcqzk3xez6v3mjhh363j3uqt5z4w9r4u8qkphudzhws86lv4f,BSH,3000,
xch1vvcl8apgsdslhzq37880n6yw5dsk8j73kympuq9fptfylhsr6a5q79h2a8,BSH,3000,
xch13n3nrufrm6ltl3lykzaxdtng5enpveluxxhtt82t98sdhqxyhjhs8m4xdt,BSH,3000,
xch16h5qcw9vt2hhmgm0ctmcel5h5k8zas2t6gddscf39g0uk6jlch6sx05m8x,BSH,3000,
xch15t8p6qvxhz0enmprtzsrzerjyz79jlmh5rxzdfwzmuwrk6g2fm4s2ak9dl,BSH,3000,
xch1repvsz07vv8lpfn64ayrsfzyfg85dxgs4n3gxwlxjejm48stn75s7qu3tp,BSH,3000,
xch1yshsxm64ulw8pszmyvvurtt7277l4zsfmws8vyrwgfnwppk34u7qtywkus,BSH,3000,
xch1uza6yrfpe2mfastqdvkkf2xh3xr8eaatrn8vw8wd6am6300c4haqahgjh8,BSH,3000,
xch1g3qvnhpr84ph73nd69ur05hwvqmeq8f3q3sdz5wnq5ezm756cp9sahu86g,BSH,3000,
xch14nn73a2pgussa79l3wn3n95gu5uyyp6m32vv0z3qegdtnl235jes0p7g67,BSH,3000,
xch1fy564padxpukzy2lgu2tnwsclmv3m46398px5j7vcxc5m5sz9hmswvfnt2,BSH,3000,
xch1ff5cs7z6c2qptx7jsrrnf37chganlajkzaw2k9r24y5r46jf0fnsfng764,BSH,3000,
xch1gwded4vu3y32e9kulpazx6hy6vslrqqy2yu468vu0z37uppm7eqqd6uchk,BSH,3000,
xch1kze6xdm2vzt8r0ulre88avyy728p4fyd3nyzarpw4q80s43g3m5shd8rge,BSH,3000,
xch13wmwle2ghzpzvq6h5ne7ex09w7u2exwcvtxhu0kzrsgc6vemz82qj7shya,BSH,3000,
xch1xjmpx6t2pmx7yyff4jrhlsr3jqgazs2cyqlt4cwgtpr0jtr0cc3s67csz3,BSH,3000,
xch1t6mtk6krk3gccur27e2cl75relq66laurhgjjqexwhawnjvpup5sxacuxc,BSH,3000,
xch1sfvdvdat8fpxkp6ktmhpfdldsexpd862gz8hx8e59rdc8f4m7u3q728nsu,BSH,3000,
xch18t7qydc74mkaav6w3mz6fhfn6war25ce0azgv9ckvsu4zkcpaa7sua9qke,BSH,3000,
xch17wx8p6fnmyaa3hef74trdkufe33mz5he0q6m4ghr78nhsrsw626qt2fgst,BSH,3000,
xch10fdqxw4d3s7mdzxrcsfll8vsy4gsq2knmnccx9vqy7eh9cmr77vsjywz35,BSH,3000,
xch1cazu2xmf9ushn4j55yj2uyhf7fxap4ldpsrs7cp3t5e6hvrdwusseqhgcm,BSH,3000,
xch1l8hkywxmtj2kzgwqmqvkp20verv6x9r3uuu4fmgtj462h0cqhtcqrfa55g,BSH,3000,
xch1szlvs7swfuf9g04u4dfamz2xua0j95kp2cuy4ktxmzhh7l39djass6kq97,BSH,3000,
xch1d4d9sayz9rmge6c0py2n93z2spf38h2htj27xc4vl6qzwdazs88s7e4j44,BSH,3000,
xch10a7nnxzn2m9kdduxm2lf88j4d56exxngw2npwz586l9znzsufjas7hvt3y,BSH,3000,
xch1ff4ldsanhq2whngyyrcm9v2v9ztdwdt4vnq2a28wxv8u2t39pn9sda79fj,BSH,3000,
xch10eqv76tlau72kz52mj5uvapsgprs27xk3hkawl25ulfkk3tff3xqyvxh2p,BSH,3000,
xch1uyj0zpjplf3nx3mnnsme4a2tdx09hz3v7l95dft4yxvg3085d7cs5wukjj,BSH,3000,
xch17qt73lq6sc37y9jp33amwy8lmyt0t6ken4rxexm2vwjxr9v8yyeqkravnm,BSH,3000,
xch1th6sp8axwr0aphmdyj3fvhd3qnsu8u67ezxu6sd357dctz40d87qde7kxg,BSH,3000,
xch1mnh0p8nlspen3wvnsqets48888cpl8luk9c3gjgrgel37a5a9zusyzkz5y,BSH,3000,
xch1nns6qsgkveeghcv4xlgnn7ara7jlmxecr5g8xv64f0786ypv2jzsxt85pf,BSH,3000,
xch18ckkag0tuv9ysl2v8435a3uvkaj7jd68tp3zcxp28s93rmu3axhscq03aq,BSH,3000,
xch1eykq3mc863gcxgnjsgjw8fde08h3cgma673sy7wx9p86vw3vxfdqfhs99y,BSH,3000,
xch1xdpxjfrp08xs6wqkhepay07l4fekzmquqrkn8muyvxuarnadv63sr0kryw,BSH,3000,
xch1g543ryfrfus8acz8nft4hq4phkcacnatkcuvs04kwfc9385z42vsc7sttx,BSH,3000,
xch1fqcgs9d29m487yueft8mexh066vu5zc9n4knsvmrnz3q9kjdtmaq9l4t6n,BSH,3000,
xch14dl3d4lgetyxfuy2vpcxhxq9yhuf56ume2nj6v6sayldftnfxehqcgfx2l,BSH,3000,
xch187cqcpcqt06l75njlv6z8hrg2rxdtj3nhtzshnm7lf0scd6ah33sf2xaay,BSH,3000,
xch15tzlmhdre59mv8skewvxk0eu2aakjy4xd5csjkvwppft37w22eds3s829u,BSH,3000,
xch166d4xp69hgg5362dkl5r5yz0nku07962lm8y8aeswnntz9s2936sddw8kt,BSH,3000,
xch15x9p48u72rl0l6aqnc9y0flyfg6l4xh3xhewucuatuymcm8nux3s9jujan,BSH,3000,
xch19y669mxr65tc20ht75la4cg5qwsujcdmqpj40v6u3zffudlgrmlsl97r8h,BSH,3000,
xch1cxey3yq7hfds8kfdfe8qlq4gg02g9hvu2xleegv44jurvn30versew8k3l,BSH,3000,
xch1l3e4sapypvyxc8ytqt4frgmehmllwmgduc9q8rv9jckhz3u7ym8spl6vqz,BSH,3000,
xch1ujdxvru2mf5rqu7200n9wsrh5vp2knkgaga7xrcsxdculnexgq3sgmn94f,BSH,3000,
xch1ypt7jxskyvl9xz0v5zl75spfpfqsjhh2h0n8ecu5deen50zyptlq435xsr,BSH,3000,
xch1sxjsnjp3p3pvf8c2dgdtsj6fyjuhra6ycjjntymkxy5epnxtkhrqk33urg,BSH,3000,
xch1uhfa7kczuttyqcu3wd7c04wcpyqhp97p88r3yf8m0hfevnyfxfdsaewnj3,BSH,3000,
xch16989wv40umkerns739r8d7vkze4y249hv8ta778wxneczy9qshnqfs3uk5,BSH,3000,
xch1mn54egzwt07kfm0v8z8a7vaqmx334z7fjdqze2hstsjt5zgzkxksmda6qr,BSH,3000,
xch1nexlvsje4pezvd4nzx6l4gxmkv7urjc9curd9w5kl4dwecn4pkhsvvp73r,BSH,3000,
xch12tu5y4rxgsp7tqsu0vlx46zfy436v89j5gt8n6mhvhzc0hecn5hsyy77xg,BSH,3000,
xch1th40upq6uq8gqt2jq6mkcvnn9h4u8xvmjlpyhzrh0x06c4wqnqasvqgz4f,BSH,3000,
xch1zzhzphu48f9at73at0fxtgek7kye0zul3dzseep48lu7wqlnmk9qet5vtf,BSH,3000,
xch1l6u05jkedn8qjpn04d3yvwayeupn3vlx9w55rdwvasu29eecndmsvykmcz,BSH,3000,
xch1087h5mz3ltzndu5tezqmyw50wy96z3wsf5lldhy4sl7jlsmqswdq0vww9q,BSH,3000,
xch1j9dk2tsvxdqg89ymp67ygx55qztjhtzvv5t39w49q3ymqmsl3wcspuztxh,BSH,3000,
xch1z5acwmes992rhmqeptesgla5ce46xl2a8qcxdhe37r9636asvf5qdjpzjx,BSH,3000,
xch1nds9xn9aeugr4ngc3x9a42z395y806k4vn8lrns8twcrs4adzxrquhw3ny,BSH,3000,
xch19vxg29el6xmnkr846kxvhqqmlfs5dzwynsw0rggqvdagr2qqgh9qx4zsct,BSH,3000,
xch1xt5k3jhcupe545qy5ehwd7nalcl85mwu4jcxrme6wjd2rka32mqsqztu52,BSH,3000,
xch1nu7258sqt76p2n0lrh8mfyqhjlmul3p962kwu39e76v8jwlvxcwqp8ea4z,BSH,3000,
xch1gsgslack3xxpryp96hr7wyjnpwpn3htxxylfmk0c2tuhp75u6ksq40tmzk,BSH,3000,
xch1kxp6tj32unw3gjtxxnwxc9zyswl4sx837jc9refwaa9d8jw3s43s46zlcw,BSH,3000,
xch1cexh6kav0w02vjgxmsqhag7c8yz2chtlqvqkd3yl34szzgz9fvmqehzerv,BSH,3000,
xch1kuf7jg8gqxng0dc8pyw3gdsc4kv6gmve5sa05pmq78z06545v66sxt9hnu,BSH,3000,
xch14k9k85jzy8cpfhq9yg9grxqy3899c6t5gjllpzkdndyz86hehgusn4hczs,BSH,3000,
xch15c7jgcnh9cp92u4p6csvurrdy56ex3wvhys8dnzan97lz24fx3psp07tf6,BSH,3000,
xch12fqt7fj7d43gcxsny8xm9drpxtdf2j33m96w9p7wglfj9fmqvhdqfcgnss,BSH,3000,
xch1evryd8zwndz32r5ny8asgg3v5jgqnrz3c99awql6phmvcsmh0y3s69aelu,BSH,3000,
xch1fave4rsu0s3ykdcrxccdlj7v8qr9ztka4x2ehp83vl5xn0dew2vqn9xzv3,BSH,3000,
xch1g5w4y7azy6rspa2wmjp26g6hfakj6hd2fpzkh442lf64u9frelvqn0xm9s,BSH,3000,
xch152pqrxph7uakg95z8sx2erzgwlxdtprcmf2ns4jtkeen4806n9uq8y952r,BSH,3000,
xch1myuw6usr3j2zjqvf0zkyffpt4s6uerdwjdyvuceevzk26k3wcr7skr3a4z,BSH,3000,
xch1m4e6plfc4x2h0pv3pc4z9uhqgxpf5fwsxl3jeaxhs62m3hzux5zst45hld,BSH,3000,
xch1w6spfrjk0juc7trra0uzzy8h5rjrt08datlz6dnzsrp9py99ef7ss6eped,BSH,3000,
xch1ttvd4nug9sy0dzra3x2ed4s76lnl03rk70mhp4sjk7nj3lulf9pqypd334,BSH,3000,
xch1l0wu63gv7tkaxm5xyr3je5p99dmfqfv9q65vmek9smllrwzv3crqnys2d0,BSH,3000,
xch17l8xt0r0d9f2c7705kvwrqkt530fswqy86tjxagkygkykex25wjsyalwdq,BSH,3000,
xch1xkgh0mapn0adru5jrmka8ve60mjdssszwwkh57s0f3eup6cg48sq76eds2,BSH,3000,
xch1wtzuypq7q0eqhtrhhacj248e6r22kzaehxh7t3cnw4sxeaemmhfqaftl9m,BSH,3000,
xch1rylshwjv6zdcw02hxtdq20v43drm4yh2z05lyfggehh4y52n0w9sep67a8,BSH,3000,
xch1crzch5egawt03q5p3mk9uh4srets70ff5039sfrvuaj00nl8q6yslfdu8s,BSH,3000,
xch15mvup8vagduvehahax0n2zytvuz6p7adv8vee768xfv469caz0ysj5gzgd,BSH,3000,
xch1gtwnx28jkspt32mnev9rps2f9xhrhp827h389px9xcvzp9lh8a9qjr98rx,BSH,3000,
xch18qrzrpn362ecjxfrhck7exzye0ddj4kf0e7mucae032w4a7ks9fqqkymgz,BSH,3000,
xch120ws2cnxux5dv8jeq3ex4zuqn96e0gw7zp56dhyuzcrsxps8zh5qc2e0vm,BSH,3000,
xch1jcsapn5skeppkrk3gf982e2ylwzpa5jwjsrh5whlcjc7c0n3c0sq7x5w2m,BSH,3000,
xch14qrsc056nz9xa2xxxcxp2vp9x7nsaayd0j8u4jh6azgngfhwqsfs98fdm2,BSH,3000,
xch10e86jq8gu5syjtzenl59236ll9zp902kqdh75ucj0rgda8zpuyzq0lzjpq,BSH,3000,
xch155t8aw8utxy0xqfr9es866yvd2e78h0gn06guu75zvqwts05ydusgt6gnu,BSH,3000,
xch1dckme86njpk6368502rjtnlk7gjnvnvn9q0vgtm922gs8npvzpjqdpq079,BSH,3000,
xch1aqsl4arygnxdysnd3f5az65tgde6dq5hq3duhns3wp2ns8rexsgs223a70,BSH,3000,
xch1rswyd58u4hucrt52xr9lw0kchfhz739nyr22vy55j49jqzuu6j6qtelp53,BSH,3000,
xch17ua9vcsstgv2895qj0ptww94pg0kk62h5vl2cqttavmgcm0x02zs8jqe8c,BSH,3000,
xch1tk3lnet79mpfvqqulga2kfvcut88xm26ghc7u20hq66ktuzhxz2sf4lpye,BSH,3000,
xch1jx7f6jfaw30f0yy2jdmvjl4z2snpgech9s5cy7g432sdg377jrwqcvlr6s,BSH,3000,
xch14pndy0uvx6eely5lkzyxkz0kml7c0yaeeudmw0a8m86d3kg5dsvq4sz7e7,BSH,3000,
xch1ak087du0xma4dwsu8permp6t6jfh9ylu030umen5kug4qjxy90ds8c7qct,BSH,3000,
xch12wjccm6ynfvxjt6v45ymlq2sd7s2c39w5qfemagwwu6qhdy4cx9qh9tepk,BSH,3000,
xch1m2jmjwrvmzuqtn3gmwju4azvxwhuh3ur9atgya0xhjzrtqpmlm9q7v5pfe,BSH,3000,
xch15waa30whndnw3m856xy8p2j4g0rmprw3zs26czs6agtmp86uh7xq5hj20f,BSH,3000,
xch1vjqe3pjawhj6e2hs2efvmcryd3zv0eupelfc673c4huu4gx96cwqaw0hga,BSH,3000,
xch175txygadt29t40tupgdxhlnh5lmrsxcz0v7gxtyfhckww97dn0mq7qvj00,BSH,3000,
xch15cqqpuf7vuzx0xms226aua324h968nku862nyvkwv9f6sqyxh7jqmqq3xw,BSH,3000,
xch1ntdmkx4kuwd8dp3nvgc2tjvft6sal770mh3vpqhw3h0q7rzdx2jqygra4j,BSH,3000,
xch1tae2y56dltlpn4u952gj76n8zd0mtvn6wfq9k4wwm6q95wg5lxaqpkn42d,BSH,3000,
xch1j3yy8698wxvufja3u87vfzwyllxllu6ylf2g5x3vxxla8t7cy4nse506zx,BSH,3000,
xch17aqq57p3z8tpdh303hxadr9ch8kjghffftfu7nznxrqemherp64syct25w,BSH,3000,
xch1j0y0ysduuf90fkdvedt2dnp79r0zvpjwnk0pdwejv4pcegmmw85sf0w5gk,BSH,3000,
xch1u9atr4wefty6agcdv0a9sdnc5ccau890ag87amgvvlsh9zhu7rssd3adx2,BSH,3000,
xch1jmrklk0dmh8jp56w7ky5qnrsruskfmlcemc6u0y0lqwjzc9zk2dsj5cht2,BSH,3000,
xch1rgt8ncjzmrz27x5uehel55f5mhx2q0vk4e80309zhdc77j2svc4q4ykhn5,BSH,3000,
xch15cvjgpvup4hrjf65ymnc5suj352mu9kqvqqjytythwk6cmpxm85q2xcx0q,BSH,3000,
xch1wnn3kw5vcs7u80vewe043pzp2mx5dvqsx06xw8s2pm2dhkpnwhhqutpauz,BSH,3000,
xch1aj8cfr2lelejy09xqrg5eg3hu5jhfy9uxldrdxlcq630ltqavn4q8ku9pp,BSH,3000,
xch13aj986rnhsf6h9jsw50rcgys865cw2rhlnhahy7q7upzd2skm8zsu0xwfk,BSH,3000,
xch1x3af03r678n4q7re9h0yampztfjqx8zxaxe2m4vmq8y89qger9ssa6fwhz,BSH,3000,
xch17d2t0dwn3va7vqfdj9nehjgv38awnvf670m04c0axzd4z68xrdvsc05fm6,BSH,3000,
xch1ykgdyr6hw4e3jkq4fqv2pdfuazd5spet3vc8clvg4lx90z5lyjdsvz9gvd,BSH,3000,
xch1cr6td7mh3pnqxkg9z6fj9pppyhdcga55nzg3zvqtvwkthz6rn8nq0h500y,BSH,3000,
xch1g4qdp4tg8s86st0uc546wztk6cf8n9z0rmfet0zcxchwyj4zg8rsxsnwye,BSH,3000,
xch1y885z5072h0ese58k2yatxarkckrq3ught7gr36f6rc0t24xrvjqwh3kqx,BSH,3000,
xch18a3zqaesh7qgv90aqwwwnxkvux32tr9eu8z9rm23yv0ufxl2de9qzanekj,BSH,3000,
xch14yy69chqh0tr7swyk2vwn4590pr47dwrrasrwef2l3nqy4ckcvjqwwetyn,BSH,3000,
xch1flg34zqdn77eufv2acrv5pg7ss0tjzq0s8g792s7xxedafuhft6s706hxr,BSH,3000,
xch1re5lsugtnf8hwy47cqrdna603yyy27ff5t8770de4vhsnpl0qqdqaln7cc,BSH,3000,
xch16s0edh78jxdlzzz567q0d7n5h2l0rany947v2f5fp2fdaz2edpfsn28zsy,BSH,3000,
xch1nz0gta2gwvjzj48uskh9ltqjrrk8typ3tjfa9vcc3h0anhf0m2vsu5mefl,BSH,3000,
xch14v5cnz4e2echy29vnft3wsfv9jhxt3nldpr3hyq9wr86y9xzjqzqwc2q77,BSH,3000,
xch1umvhmx2sdwv2l7xhkvtp4glvd4562eawjt6g6swy2zlfxw2egwmqqma3vs,BSH,3000,
xch1zhzvfdhs58kelhj6mrjk3wpl6qgarhrjvltte5rpm3xgfhwwfjpqvpe2z2,BSH,3000,
xch1hy37zfurqytq95s68v7qqrsfhps3wml0sl6ns3fcc4sjuh04l02sykld4q,BSH,3000,
xch1ynlccak87v4km5045h4lef44tw5nppc4ehegsq6mms567rqk9n9q43jf2d,BSH,3000,
xch1et9a3t5ng9u7y2njggzte5kmymdvjyxhxrvvdqqw6jvjj8vngngqjphrnx,BSH,3000,
xch17vrq5dus347zlwn5c5l63fzufecuae7ru2gz6ykcet7e3frkp6jqdfq034,BSH,3000,
xch1r5jkcr29pjerzhz23hggclntqhafyyhehtpjqy2rpjchfwxfus8qk54pmw,BSH,3000,
xch1ekf462ck5v7le0zrfyczvseag6ss23u6usgfdqcek86kfkvkwxpslxcp68,BSH,3000,
xch1r6rsjyen3mecv6dyhtflvm2px69t043c7g6gr79xzglxwkval26s9s43zf,BSH,3000,
xch1ykfqjr3tdu4jmyzeqcw940vqxvp4g60uemu6eq6p96y3hnu44w4svxcyy6,BSH,3000,
xch1aht64ns365vkx0vdm6dndqqcyxrtg5ca6en6q9dencsmll8ap4nsma6veq,BSH,3000,
xch1t0euaff4dvwa75sd056mdhefrwv30vyaj5w334rfewrntdjvl5xsu6gtc2,BSH,3000,
xch102p40wdk2crgru2kw7j4sutgftwptfhx6429dg6dqdysglj5809qpq9e8d,BSH,3000,
xch17ps7wu67d32vczv5qen23seks23tjux9fptfc869vscqu7cpu76qcflhrh,BSH,3000,
xch1hwqse79qs2rj9t03kuhzsk54vpjeh7ehmtdfpvdvt23a54dfhces4a0fqk,BSH,3000,
xch1w6fuelczm9cvuxj9d75x67nystcjpdnq6v3kgpyj65qh8kh6wumsqrwuhw,BSH,3000,
xch18qcd5afsagc22xef4p7xlcle3mwyus4d9h0cg4fwvxca40zhgrnswetq4u,BSH,3000,
xch1sp5060m70v0sgw7qqjttefvjlfx8fl89qvf34sjy50w9u74v2khstwu9fh,BSH,3000,
xch1ks5pawqkxqrf3kml33cpp7fqhr366u3nzafx8htag7a6kk0yk2qsnvetpd,BSH,3000,
xch13mth5frk6qsmvxe2hatt8qv3xysp9g2t05xehffucdykawnks3fs62fy8q,BSH,3000,
xch1cxf67uynxgnfy0369sh2g50tnd5ch2h3c8235h0hhnfume6jr79sfe6dxd,BSH,3000,
xch15m2xkd2ts3s3a8zde4wpqz2k796fsdxzs2t6pzavuyfq2yhjzlns83zy3w,BSH,3000,
xch1y4rc5tj76dnhykpznk5zmazjs7wr9ahn3nytvft3x6nn9vrpxedqray93k,BSH,3000,
xch1nlgmqgmvy9899j79fj8puc2tuffnpg2d7aycqtk0ucjkysrxn7fs6ufxfr,BSH,3000,
xch1vshqzj42dzehwh5zrltm2rncqql9wp4waqkyjgl5z9t7cdwvhfuss55045,BSH,3000,
xch159nnh20elly3kduy2aau96d5eclselq8620ldgzgsu88sl5plsuqws727g,BSH,3000,
xch1up87ua727uskdqnskhkc5r07ht4epcuum3jwa6fcc6txrjeadqkqulzpg3,BSH,3000,
xch1e2j3ypthd5ya27ygt33se552se8tfezz2vypc4d7kl4rxhnjxrhshgq0p7,BSH,3000,
xch154veqpxval33u9ylqwv5s5rj7sa30fagvwf0f40pxheq55py877s26kawm,BSH,3000,
xch1dx8p2x7w42tkr78hkrx7welh7zhm9zj7n25r2cv2ug7y5eysvfmq0rtdnj,BSH,3000,
xch198t9rwh94ztdp2kwpm2fsgvfjkucnmptw6drgeehrulv09syucwsh7z5y8,BSH,3000,
xch1ux4zy8v23dgm4wwj3yrhvuy5slwu35f0qc46ugljmk3mpvn2gh0sg5whz0,BSH,3000,
xch1w2c0zlcn77vmvpfpmyw263ek64gqnw488c7gawq85vd3kte4t7xsly57s0,BSH,3000,
xch1ulc43pqa70pj4ekm08r3fvm2au8yk2nzpya3m6src5yg3vqfp2mqzp5rlk,BSH,3000,
xch17ghlycn00f2qxycx2wmf85xdq3n5t7rv53vu0n8k9zt5hwm77zps3tkqh8,BSH,3000,
xch1ht4gnf8jjahwucaslrwreuhkp6ae7xjfvug55f07ml55nfc7g53q7kmcr5,BSH,3000,
xch1yq6mqgpda2kgeak7nf9y4s0wee84da8rlhdzege0zhzq035fe9ysc76y0s,BSH,3000,
xch1cdk2zwjfshezjrnmmzv338v30em4ddyt5jeffczza20rn3s555fqfzhzyf,BSH,3000,
xch1f5lxfe2c5rddmy0w0ma6pt8zqa5uv3drqywx673z0psgjzmmuqlqq2uyy6,BSH,3000,
xch17w30r0wgptvx2n6asv7evvnca7eqdsa72e5cjteaykx3ntrwzzqqgs6k3f,BSH,3000,
xch1y0jh9w4fvhvrfekpcd2whqphfwj5emv0tx4mjyd7tpl08qqzgycs9jq7u7,BSH,3000,
xch1snwgh2gun8gsj5f30r6fm7dkmre5ssau2vsdqufgfk2sj6jpsx9qc745kk,BSH,3000,
xch1w6v8sscz03nvv3wsasu0rd8e4ttew9h5ersvpkuzs86kvd6dq9yqm92muk,BSH,3000,
xch10r0ahas0hdknqk5790ufyxd2lt28xyn68eg7thjuhwf9737sa03s2l62h9,BSH,3000,
xch1300ypfvj57g39y5896ghwvy300f8narcrkvp4d4dlqtrq6qujflsjg7sx3,BSH,3000,
xch1yk854fw6kcutevkzl35ea8yfq3e7dqkympgj45l79jshlskmcu9q9648mx,BSH,3000,
xch1dltnykyjqhvqk5ufmwfkar4x9h25lj40jrjuk0uxva5agjckhpzq74x2cd,BSH,3000,
xch1j3pa3zc7vacdu0sqtdw7andn97528vv32sad0m5w4u8encw49kestrke5d,BSH,3000,
xch17l8yp5raf63uh3nmtnns7wt6vh6k5h8edn0vf4uenm8rzwwtz73sasykvp,BSH,3000,
xch1sjk280kdzvawyym38uexz9syuunfg9nm47mq5tawpm2zkr60nkzqhv7xzh,BSH,3000,
xch1vcj2ullv326qm5cktpyumzzdrhrwenqmdv3dleje0zgayy3fk7mqau3zgx,BSH,3000,
xch1g6xwgnm58q0gds7sl8n9uwd4v4ufsssys3kwvc2avvv8ss6j6nmstpfwxp,BSH,3000,
xch1szafg2eet0j4uarkjgd6x44z0a62zcesj7ry4ydymcz4h837flqqf526pf,BSH,3000,
xch1jufff9sv5djpt9hnjqmnnzgyf25ekfdmrncrsfxw5vlupvpg9nyqtl8sp7,BSH,3000,
xch1a83y5t5uphh79ef66jrcpr0dnltfcl43s2x2my42y85tpynw90jqujqaaz,BSH,3000,
xch1zgpcplxlq7sng8az7q9ltr7a3lz6ggfgtw8yrpdug77gfa87rhhshdp27n,BSH,3000,
xch1r8kr0vhav8hwvxycw8udhzkdtt4uxj60a4r0zptgm42xnnskuplq7hmr9p,BSH,3000,
xch1grn60dytcffd24hlgzhd2nad977nyjypy47un2r6hgj6mf3lejpqkudwzu,BSH,3000,
xch1g7k9tzd9nczg27x3wec4vahtzeqrts52ef7fmttwfaxa4q58myssqt8ye6,BSH,3000,
xch1hf4rtwppvvcllxk36scmwmjh54g0w29san663zwzuzvwezfv2mfst2aka9,BSH,3000,
xch1hmstykgwtgz7jh7kg805tud9v0cqcy65tjut55tjcnvu68lj7rsqvja4me,BSH,3000,
xch1kl4xv5zk3tnfsmlslzdqgndcup70397c6mdwcqh2kqtv4pssv98sr4xmmh,BSH,3000,
xch1ku9v0xsakcgga69vfkd5dl484kd2txck4hacjgul34kavjwp254qhe5qm5,BSH,3000,
xch180725h94jmxsz8u7cge9j6ha5ejwzeq706qe0p6xtmx9wuts82yslggmdc,BSH,3000,
xch1jpfp9s7g9ecw2hzw3hxht834xnwt57rsuue3ja0jjq0d79nx6y7syjjscc,BSH,3000,
xch130v49ja3sutz0k2p8dkgde80nrcy09prvelc83a7lcxq8dvdwchsz48rj9,BSH,3000,
xch1xm36pg7vs2aqssfwgdwwx2ak80ajhyuuumdue4sl3c8nnzwhww3qcd6376,BSH,3000,
xch1y2rry6dgqaekzq3jsvfcyv4ds86lxj864069c4zq0gv36r7tt4esmf646g,BSH,3000,
xch1tnmwt8nw6slvggf2ndwz5j64hcvd9ypg0zmp0ntj9ruujpn48d3s9750ts,BSH,3000,
xch16wtqf2tc9vhsqmulfcxq9v64whvzk6gkvpwhemahpwyzvghq989sydjq36,BSH,3000,
xch19e28qc0qwz68krku78vtr4f8re9uw942n298yxsapdtnm6wnxsfqv3eamv,BSH,3000,
xch1x3wd3wducwz5786uhm8lfge57pn0vlednqezhmve6ychxpsanyjqns6lgy,BSH,3000,
xch1k0c8aywxjh9c32z58gp5aqra0eues6nw76evhxh57uf6z23zuufs07zy4z,BSH,3000,
xch15jw6z067ys7emtafcwscxlgzkkmdalmz9q76udjg0jnyjj8h98qqqcrl9s,BSH,3000,
xch1etnxctfd0tx0nqfl3cm9hlh7cmgcw37l9udkq3w8zj9t8a6pu6ysuzcg06,BSH,3000,
xch1ldjk4n4upyr5e5ns3u9y6c9dmj8u9dsc63v2j8ju63er6kjpt54qdm88q8,BSH,3000,
xch16mmpz9ayl69cs0ruylchkm5u5ak4yj9pceqpsteslqdm65pszh4szs00ft,BSH,3000,
xch1g4ruucl8ldl4dnltp99ea85u7vvt64u02lz7z0f5uw6zht5nt42sz3q7eq,BSH,3000,
xch1vtfakwxjhgqnk0j4u2djx6j9k83awqsqe4tjvdl5py0jsnzq9x7s7qhm52,BSH,3000,
xch1e66qansnzat9kzg2x47qvj5ew725fxtygzpp8qweltlxl6dc53tq3wj49v,BSH,3000,
xch1jk8uuncdrytt66qj9cewcxrau9zc3tm2l6u8aqr9yafvu2227wpqgaycwg,BSH,3000,
xch1dwntra5vqt86y3dt5qvqq7r6285nu95kks32rqgc203lmrs0n4us9jke4a,BSH,3000,
xch18yr3mpthjcymwyc6fngv5lqhfk8stfgr9lzr3pe2fa06jcc6m8csc9mxqd,BSH,3000,
xch1y7g73mtnz7cezs0yvsw20e0p77j2z02yu6sdvnu8tdjerdtap7xs62r6qr,BSH,3000,
xch196as4emxlskv55hllyqq0zf8vzl7w64vxd2ylpf2gqsfyl9rm73s0c5txm,BSH,3000,
xch1ehfqyv5sw3rpuuz6qv357frq9sdu9f4z4lpp7mun7w689na2hghqj7ygd2,BSH,3000,
xch1kuxnw8c0eqkhjuej9l8djjkkw7w3hk77lxlqxtz4qhx6434nt28qfjdfm9,BSH,3000,
xch10r08vw0l2qymrua8gjtlu28mfvn77n4cv6v079y8wuns40gq8uyqehgmde,BSH,3000,
xch1wvc80cff5wqeejj92ngqm9d306vrrzyd9d2rkmujrktkvvr8l77sq3vrxs,BSH,3000,
xch1dnxva7d6se8dmeqfmn4wfm3ussugmkxuv7g459kurhcv050pklcqtwxpdq,BSH,3000,
xch17xzqasz2n8mm6tu3l5g5dvyug962hpa7fn3gdvrwdqlnpmhwxmjs3ktj0s,BSH,3000,
xch1gdaxcuyerjzaqxczuy5u0j03ygnxmfw4cjgy07mqkezpuf0p6mlqs28wfa,BSH,3000,
xch130u47aa05ruccttnu2ru2txv66m0zsnvs0p27wf5ms3437h2yt2sam34el,BSH,3000,
xch1zsqcraymnz40skgcrtmkr7ze04c3namkay0jfls768dp7fknuy6sg4efvt,BSH,3000,
xch1cfnanxhwrt6ym8uup34d2tr38plkh4j6yqtr54jpxkrs22zn0u4qjx7xhd,BSH,3000,
xch1kdzu028dfygc2ytdjp5vwvlhudkec3zy5r3ftt4elk8rjgzpj85s90y0tp,BSH,3000,
xch1ydlk2kmutdtyqefazk5k4mqhc94xzkwswhz8u26qssunx8unxdcqg0auxj,BSH,3000,
xch1xx090le5azm6f0jz390c3qu0gtsleuu8ax3w3tpq5kalaxm8dnvs45q7ne,BSH,3000,
xch15xvwrl20dwjsuyy8su4l6hc9r5ukcwp8c7xfcfewlt5m6fhnasequx8flg,BSH,3000,
xch1tyhac706hf2eatuwqsljqhfj9lycjawvhr3czr6n7c8fqmn965sqe804l2,BSH,3000,
xch162fw8jfhahcvx0gykxm804k5jqp9sjk4w0zc7ga384knrd7wwdrqp8xeka,BSH,3000,
xch13hpjpr66ke3kl89ggekyemlfff9fu6v94qwhsvxuqp39acs0pjmqezgetk,BSH,3000,
xch1xh4h09e8gg5gucmr8x8glctredmd9qpl7uz7d35trcuvslx8w9jselgnxy,BSH,3000,
xch1dwuczlkc4a9qtgyl2synxvx28tj7kggzsgmy6e80q0m635ttg0eqvevq58,BSH,3000,
xch1hg094e8z50rn0kun8793kde6n04v6tk9sve9pwtujuxyy4zwwslqky4sem,BSH,3000,
xch1dr89l8m236uhjwuexxyd7e02ds0zgjcs4s329w609jhpyx4c3tss0nmkgd,BSH,3000,
xch12g8p3mzx77ama8kr9jfnrmrwtxy6v0k5tr0wdxc8w2xefekrclkqly9khw,BSH,3000,
xch14lk0nmklxwezw24a5hw25e3de06cp347axmeld9ygzx609xyvzmqvgvy3d,BSH,3000,
xch1d79zjuqcpqz5pypluxeyn5fxc2mgz2zqehc044gr4usmkr8w2esq2e3shr,BSH,3000,
xch15su7evzjjdtpfn6xr0kpflejwvc7ju2377xfque85tdyd6zzac8qjx32la,BSH,3000,
xch14j4yrpzsu3nm73vckphq2wh933djmhuyqgqfkla578ur6wnh3anse07ssd,BSH,3000,
xch1ecseh8g40w5j4at4du7rmxwspzszsugcp85z0vaunjqy8le247cqnz6t26,BSH,3000,
xch1dzcsupn6vmnyv2u2tnrl38zllq3cpygytktkpgdv5k30ryear9vq0hzd6n,BSH,3000,
xch1c6vgyaw2hlr0c4gfuxfl0llqmmu9x7e4gtlmx4pha6w046ru593qcs3cjf,BSH,3000,
xch142xv27a33dt2gykqk6qqa02fekl77p4tfc56rkk34hdzc2ahp88sszdh43,BSH,3000,
xch1700jfdruarqh66vmyy7d6wxur5j7g32rzt8km97aqpq9jglk29es57mr7t,BSH,3000,
xch10grtdshe0xgg9z38hs8w62zyag2en7eqvckckkqkukf29hp6dr8s674ar7,BSH,3000,
xch10xqntzpqqcnyalyjh6sgr6yg8fplwtacn2anzy23362prtwm7zns7ws26k,BSH,3000,
xch10j7pyttc44659cggl929crvjfzy3m2rmvjxtru8sg0nnkmm7k7sqvt2yks,BSH,3000,
xch13gx9dsa5hq9s0ural2035mgralcfxg75vt0ph2d8ujj2ldq8yrhskm3etd,BSH,3000,
xch1g97xnp4q7zdvnrsts5rurzeh92fmffch6hu6kjdvs09ja6dl2e4s5ltnle,BSH,3000,
xch1gqd6evlx9wzryjsmq7q08tptzg3mekda6h0qr9uxxxgwmfj47lyq6c92zj,BSH,3000,
xch13sudyfahtfytrvkznayvldyhhf70syr4y50hdclv5twfrt58y8tqr07puu,BSH,3000,
xch15j9a59gclc0lyd3smcq9lfe94k69a9rdkzasg5q2pz52w6xegzjst58dt8,BSH,3000,
xch1cczj0uyt232xavmvdeeh0h8gerde4f6vxjqfhmewsu0xz7dcryuscqw0f4,BSH,3000,
xch13c4ezsnlypc75vt7hgyg4yhz9ayqp266xf24m67dhws533crjzkspl92qm,BSH,3000,
xch1wg0mvgsyaz9u9ghzeg0eaum3ezl47m7rsgjmsjcfk63xyy7az6ps45auze,BSH,3000,
xch1f92l9vhgzwmclpmjt7pz9lj3daqvu5ey47p32laj4xw39slxqqjstjdcvs,BSH,3000,
xch1vpczhppazmz2te5x9fm2wew5jpxfld7nv6kqe8pp8qh50k4unmpqpakqkv,BSH,3000,
xch1laz4hjrc0qwlyh89rkk58ja23f7058qvjq0206ww3xgsejzzxt2qtnlyyq,BSH,3000,
xch1lu7vwj8vzk3a67zzz7nwytlnp8a2ur6lfpvzmarhyfmasyqckavq9fqxvq,BSH,3000,
xch1sm7l0qsht50en747wg82n6yuxj9cax9hgnufyjwphheysxungj6qw2jzqu,BSH,3000,
xch1c76tcdqqd7k354lktnzxvle6q8jht2uc8hkx0gqpmlafuphwjaqsmglaum,BSH,3000,
xch19q6wwyk9zvx3veu40q807er04zlc9d806s7xx55yvyd23g2cnu5qk25mx0,BSH,3000,
xch18nj0zls8n0gkfx8gstj7wgn4e4zeekw455ulmsjjq4gwvsazpz0qa76cf6,BSH,3000,
xch1adqr2tz073ewqpsnawpjlghyy8337hs4myd8dm34y24fv27mvqaq4fk0sg,BSH,3000,
xch1w4a57g7hdr2m6n3xhcdeeyz37plc5cs4xvkwzvctl2mjv0a0g5lsns6yyd,BSH,3000,
xch15wj0wy6x74dyh65822w8hf4z8fsr7pgydel7uyt6u8uvg925ct5q22qr47,BSH,3000,
xch1hzu0tqw7ggw3ktpd0tkf8y7lz2deual8lhyuxx32eflgwnegsc5sp6sg40,BSH,3000,
xch199mxq3d9h6ungjfehn6235g7wc9lgpn5e75x9l5rwm9hqrynt3asjhla2a,BSH,3000,
xch1zw0taydhxf9qfvg8yvflpmjsycfs5dev5ysv5an88dnc3g4favcqpen6rc,BSH,3000,
xch1jrz4h2mnwwxlzsz85m6yttr878vx0ufue7sp6wye86f47z88m4gq2fmcds,BSH,3000,
xch1sh3ezm3akhls0jzxfeajqxuzncu2aufkwpyxl8q8qx5wgrex3k9qdfy8yh,BSH,3000,
xch1xcdhy55h8sjr4v3wcd9ez8phcsnpkyh82mqvnmlkzgmk7hl23vtslc3zsk,BSH,3000,
xch1deur0z273kuvtvlldfjwllr2wvhxex208uqul69qnurrlaz88cmss2hsas,BSH,3000,
xch1wyw7aqm0ks06lclmumfh4ahwxmksd8lfwdd5rm7z49alyzvc2smsrn66nr,BSH,3000,
xch1yrqwqdhpg8p0thrmhe7dkukd5n2kze6jja0h3ujfm2yazwuvhklqudevn8,BSH,3000,
xch1tl5mjyl6sm39et924czhgzyctdy2pj4yankakvfeff6k44tlvtwshlt3t0,BSH,3000,
xch16jntmwa5vg6a7hkf4kwfaj22424xv038yylk753lw9hawwcvrpnq3nzeyp,BSH,3000,
xch1axcdtkfkk4kmap96jlec03p3xy4j9d964umtsxddcwl5v5n03xuq0z5ga2,BSH,3000,
xch1d3hhq6993zc0znmne0w0aqat4z5gc85tr34yw8qxt7c4a07qs28sdtj80t,BSH,3000,
xch1ulmt8q5ns3n2pegj76k2rmn0umyakaqg53h9487u3en44ajra5pqxv3q3p,BSH,3000,
xch1z8acct96q77edtw4ss0tsy5awr7aehfu865mk377n2gp54hu3wtqt02d4e,BSH,3000,
xch1a6ykh4qctawcs0n3aa35fd2vdt8qdqwgns0d3mdr8kcc76zpjagskwhwvq,BSH,3000,
xch1zranrujd6lqxkzczy6qlcnlku3kmmgaeskjt35mnpj28qfzvrpaq8yaf2c,BSH,3000,
xch1ce79gsnasjqqx9f2644t9zxcraxgjrw6ca3pqqpjz2nx2xc477lstg70qx,BSH,3000,
xch1axns0erxktwfyehtuqey8u3mrk0vyh2td8nrgcsnmzmpppfx9qwszfytzd,BSH,3000,
xch1caekep32qfd9s7rv7dnqfdej9h2kmfghfjuj22eveqfvplzx4h5qrmecmx,BSH,3000,
xch1vtkwrtkzuwuyg47exr5l8e2d77j3q2qwm98acnvlsz0zm84zkhzsd5y7l5,BSH,3000,
xch180hwe50g9uw8j6wp5sfe9gqspjctejggpulnvnf6v2vcpp87nfhscw4wg4,BSH,3000,
xch1s40peea8r84wzrwl3470ed8wfy7rlc482kek06mjslsmz34umzssn5tlu2,BSH,3000,
xch1hzcpgu3lfjrd6d654jwjstyl5ayr0yefua3yqlm5s3j7hfuf7t9q6g8lxg,BSH,3000,
xch134zycpav6dzpj8xdl8g5lt3tqsskhhn539s37nyey5dugpmaqmpqty9fcs,BSH,3000,
xch1jae9vdfdurkr9pkdg6mxgh6axgx450xrkux6yuf2crs9crln9mkq77kpcq,BSH,3000,
xch183gh4wv7ws49kka956d34ls7zj9rmy78dk7wra6ctvxmuf2vgf0q0ka062,BSH,3000,
xch1jzdzratpten02xkd09dmlqcj3n9wmn0hdl66dfkyvgsfkup3qh4stnfa27,BSH,3000,
xch1hackwhkrs6qkcdl5s4ymt4f8sjfr7ds4c6qmvlhy9shu43sm5qls9alv7c,BSH,3000,
xch1wrnjf4n0hkl49tzpz5agg7n06ys67s4mr7t664u6xq59n3dv0u5shkrwpk,BSH,3000,
xch1673sfaktn6yznyznxl22rqj746gtk7r0t42dxw002pexw2mheelsru7gus,BSH,3000,
xch10qu3l8lgtk3zhq92anrndxph8uth5hr97rnwms4wkw9lmdfe0fwqamj4fp,BSH,3000,
xch18cwdjdajc04rvd2f9r3qn0sfy8k6jk0ag6m3t6zy95q4tf9dtdzqyeltqm,BSH,3000,
xch1dpulqeqxpkyd4k55zp2dcj0dwjcjeyhl6c3w39pw5rgmzpfx3ceqvmjq6j,BSH,3000,
xch1x6rjjenyg5sf7gwq7c3nhm4t7aljagmx9s0y9mf4s9uy0432c5js577n00,BSH,3000,
xch1yh8cs8tue9f96u6xwcathmn0zqagvsshnp26k73xwlxatsxdj7pq7swefx,BSH,3000,
xch1j3amtzv4f3z793wx9qyfpd3thu0nrgrvn3xpa07h5l45shqqfz2s5z05vq,BSH,3000,
xch1ufcnq8vwl5drjrpl8vkyj5ls84ugefvdxal5qhyz79l2dcngqs9sya8830,BSH,3000,
xch1xdjd5rfn4g4n53gfjwwug5ew0lhwkx7d75g72hesprg5l6w4qrzsc9xreh,BSH,3000,
xch1gdf2seny8nzxa34mtplpzuq53t7yg86y5wv09kafezh62562jcxqxh2wfu,BSH,3000,
xch1jwvdvym0l465gsptrygfjnp2twhp3f84yhjqhc9gd0yph2z6g9gss3jaxd,BSH,3000,
xch1cgnlnq22yq695v05ce8cqers6400r7cgyacket8lf9rcf7f070es57gmtj,BSH,3000,
xch1g98mc3nk004cd3hjrjea5qa2txpvc67pupzqhw9aqac843an5x0qduq0vm,BSH,3000,
xch14y526hj72ew7fxfs2lmd8zev7r7gm2edyw8vfx6elfqdpptxunyq8hw89z,BSH,3000,
xch128yye3meyaws0d5nngjmd5y4ffxuvvkwsuuvvxr9qv305pf89hrsm9msnk,BSH,3000,
xch15n8aepg9mhvkqyqm5tjrwf460k702ft7u0pj4fqch9uz5l6vdveqdazqy6,BSH,3000,
xch1x7h7zv2cq2j88zj3452u3vz0nfwgj2trfrwy6nezaeasvu5feh0svgr45h,BSH,3000,
xch1swqn57q97xtu8mkc3g35tn02pvz6fpewqs5jvde8av27kcv2w4zq56y3q7,BSH,3000,
xch1uwa42pgkhz4y2xyq4gfhptdamug045ga5e97udur7esvjwq6wx3qetl3z3,BSH,3000,
xch1zumq6fyjtv3hd3x3z88s5s3vdmjqy03m6l8nyt3qc6tnn5gcsezqgq0ec0,BSH,3000,
xch1g7zuzw5ujezajurl6e963ltgp3juqx6zqjvp38eleq8te4z656rqlav08a,BSH,3000,
xch18838d0zmql7ztx529h7v5pzf88999hvdd9w5yr9jxxhnuke33lws2axepk,BSH,3000,
xch1uuqpnlgxapzlcjtxpdky38umfklnfy0e3r74x6dkvh655cksev7qe6tcxc,BSH,3000,
xch1j5jt6xqvqkpkqu7h8vp29qd2ztkem6ckqsulxnhqq4yt8qsjxlfs4908nr,BSH,3000,
xch182gk8fhm8em25gwd2w5ztazdtengs8pf20e9p82y5823e25g0yes7mr668,BSH,3000,
xch1ert9jmcqsfs66yktms2cqesvf4r4dc9p0k90fvxjxk5rxfy7vd0quz76f0,BSH,3000,
xch1dpecevuq8v7kazc2e22g39a85urnkpmsnk2tn8kvpawznflcqqgsntvwtq,BSH,3000,
xch18dflukswgcaf9jlz3hrxsr2swhclt6jhluzcceeyusry2dquxvgsk5zemm,BSH,3000,
xch1yazp8wmncdv8k3kkac4v0nxh6ml6nn3q0whzgvc20hrzt8w8hl5spefe8y,BSH,3000,
xch1ud7p0ua4ugjlf44uayauf9wymt9vrqmwdcn8u6jm76fak5p8h7ys9r5q7u,BSH,3000,
xch166awcyhrycamy0fcpjm6xae6lfgaya3swxj50ddpa85ah4ch2d3sswsvw0,BSH,3000,
xch1yld5dwfevp7qru2eq2vhw9qmxvnewdwlug55c0lnmfwgle96rcgstj7499,BSH,3000,
xch1e3qrxu430arwt8cmyzxr9s93na80e4hcg8xwcaw8q80zrtsm3uzqmxf4cc,BSH,3000,
xch1yyu9sae7jdr5hwe0yasrawprnt08xtp7f32v2cm9uewy35utkxpq96faf6,BSH,3000,
xch1wjzk28lqwwaefzm4m9xeae0mglrwcryhyykccg845qpf99guauvqf3uza6,BSH,3000,
xch1tdfw60zeemgy484hwaegddh5w2tnl4dd8xant2c84984kctt5gfqwsfw39,BSH,3000,
xch1s6j8acg5hu4y58lrdv22jcstjth7s7yvp9l0y4ugjv22k9dkupwsgs633d,BSH,3000,
xch16vwk7t9nv6ya06d82t6cdprynfasrsk5kezzvsw9flgcfttla5csasjs58,BSH,3000,
xch1e3v59jzt03dv5k3uqnd2nmy0ajlcwzkfquzrj59xx4xmp706xj3ssydyms,BSH,3000,
xch1eend5mtrwx2u6hy2pydd0hqfrkhthga6svcqx3z4fh6u2ve822ssunewe0,BSH,3000,
xch195zh36qzqgn5t2v7fzpe0w0fllktkhjc6valvllhsn89h2pu6k6qldrf24,BSH,3000,
xch1fgnypmkelry23s4eqfzyf6mxf660gpzdfhcny7edrgt3g462lqjs26wn6f,BSH,3000,
xch1yptsrzy32d4hhfmuhr745d8umnz6gaz30er99lww63qt9a8lktasjeghnh,BSH,3000,
xch19df5wdm2n75w2mfyjrg7hzffxx0a2hyk4dp5455pma3xzeats7dsxlh5jm,BSH,3000,
xch12f99pgp7pmz8sxa3rrfjxz84aa60gq2gqvytakx2cyty85ucvmmq2gt24n,BSH,3000,
xch1u475vfqvppga4q5vrzmwpx4e5t2f8xnxu0khcanqfg4fd5hjfewsf6sqyc,BSH,3000,
xch1jps62cnz7aetrf5m7fv8s8s4324zzdzj0lxs2958c3kz54dgdd6qetnntr,BSH,3000,
xch1gq8ljzzrvpd390achn6t8xqhyn7tcyyarylw7msvplz75jr94jvsq58nnx,BSH,3000,
xch1mructuwat2kgpfs5e60e0usnck3ew2pr9t89qnrc6egk7dd5p00swdycfg,BSH,3000,
xch1hwj73c7pluqquea2yzvknrek7hnuhmy0vfw9ceqjkxv5sf46yjas5dnxuc,BSH,3000,
xch1rp7kkxpcvmqnx9nm96j5vc4jkmf8zr9ucckv0rgy52744ajq3m5sa4qglm,BSH,3000,
xch1z6xefzans9zgu8zxr2qx6rmqg0zp3spn8fmztn8w94htwep66ahqal3rzp,BSH,3000,
xch1mfcehya66erw285hj44zrhcen7zy6cajp2yc7t2c527n72x0xwjs9mq926,BSH,3000,
xch18x0tqp3yn9wmj250qgjnvzmm7tpu94mm9z3fsj6rrgdrwp5rk0lqrz8n72,BSH,3000,
xch1uzewd6dlnkkl8w8z04ansygwltmvpy37qnqu72wxry293ejmujmqhahl9h,BSH,3000,
xch10n02s669fmsg2egyue2h3tm4sxanj0n09msg3yg880j68uu9pj4swf3cfv,BSH,3000,
xch1wsja565tc6jqpk5q3lt8fl6nfkd8yhhdtqynr0mqkxhjr22qnqkq7x35la,BSH,3000,
xch1fkr9qr9eaywy45altyefrqs8vp254u997y58fk5r6lrz7fzc8fvswywnu0,BSH,3000,
xch1r28zhzd5vg8jljuwdx0q5e5kwphdy4t0zm69glgkqrpyxgclw5mq5ajjzz,BSH,3000,
xch1d0tdastrejey37l5rshhw87facm63gpkqzkt4qm6quanz0pmrrrsekk5v3,BSH,3000,
xch1326fq9la2wd9lgrmcxuncqyafv46f8qjpn2n4zvsxjm3py4l8eqsvsjfee,BSH,3000,
xch1jw5efe47va5r5wujf584c0ca6v2l4u0ajnf7j8z8vysgkqhhcuvq6xdp4h,BSH,3000,
xch1l2gt3u9gu52yw838wzwrztdkdct0jqrscgv3k2al2gujdwuxl93svcuas9,BSH,3000,
xch1x8jx2pfgkpw25uccu2q4z4v7r8kemrjhq4577lp77qgjcme27u6q6vr4cr,BSH,3000,
xch1ve2wktw8j5ff9fgsakdtv9rpqhq8kc58jw0kyqgcrepffnz7gtlq2dxaes,BSH,3000,
xch1ajhrflwer8my3kr0katplder77q7trgu2msdn4c4ak24akkg0z3s63ac3f,BSH,3000,
xch12dptkh4zyal2knhh3sqhm48v2mwuejzps55tmvzfuca85c8jllasc0c6gp,BSH,3000,
xch1a6r299y38lcftqun0t430q8pvwaqmdfm9m7ka5857sa88qt00ams6ss9yw,BSH,3000,
xch1902cept857622lu5ea9gwz49zw2wfychq05ztsuthg4dgxx49m6qupjk66,BSH,3000,
xch1srurp4pvkjwd460tp2gqnyt3yva328wf34nkx2t84vzhf55lvfqq2d7pws,BSH,3000,
xch1sv6v77uu7dka2xa3ancv7rccp5khmld8mnxz6vwh8crhnzy3tfzs2rt84e,BSH,3000,
xch1axjgy0a8lwywvh96azyaly0htuqy9gpux9hnjnkjftggmnwc6nlsa2jcxv,BSH,3000,
xch19274er2xgkky4nsaa8jt0h8ln5te003d9rsqdmylhk4cx0j9c4hqx5dvvd,BSH,3000,
xch17act32dnlq5gd2d0hddfrtfh9hk3sqqx06n4p6qu3237fl4peens0dnptc,BSH,3000,
xch1ypqxmp033hae2u0k4xy07pkj9pfk7rzxl76drdegeyhqw66gzp6qmk3nyc,BSH,3000,
xch1wyj5y9ztjj4pv4zkyn8mk5993a7yks5prl4ckknqqrlcsljp5pzqj4332s,BSH,3000,
xch1gewzv5720spv6grf8l9nq7tslprfhu5dw2krqvfjz3euzsnvt6aqlw285z,BSH,3000,
xch1zk2j2szdc6ckzmf8ynhazr2ymyy9h2t4w63jx4zeu32le5kqrkrqxe24rl,BSH,3000,
xch1scae0dezfjrmlgmaam4thtuumcdwdx0vjv6dfqst43jez0gu82qqz4ctj2,BSH,3000,
xch1yhw54009lhn3xsklahpj5hhn476vcvdpskev9c5gg0p4m2zuhxhq8kp06x,BSH,3000,
xch1nhlw9p46tsems4e3nmudzdczupmuxnkkvtfc7gljkr9ndzkdtcts7umqv8,BSH,3000,
xch1wmu77rwztnlj9j8u05v9j7rg5n95raufpcnpzn6tfuwmj8pu23fq89g9mv,BSH,3000,
xch1ccsflszn8gv5u2z9t7mvrsq025sy730646uzknus678mhgws407q939css,BSH,3000,
xch1ary8xq5626d4kyl8p9mcu5fz989kjkt33q99p8aehf52e2x43ckqqy4jce,BSH,3000,
xch10l9gxf6cksssc0skux0wj4erhcl79uwgv7yj4dpet2c9yjq5s3sswhqf8f,BSH,3000,
xch1w0ft7pajh2jlkfrqtq7npdn2l24um8m4a8g3q3r2kepr8pvhht9ql763ee,BSH,3000,
xch1f7ayhhfhksfmvc2aygxaftxs2hstn4aputflsnqa8phjyrxejs4s55vcef,BSH,3000,
xch1cet9g8x58ce9yyrqyp7hayrkawaux65uwvan5avqvvt9sc9g86hqvzpfkz,BSH,3000,
xch1tar98rhg98yqmjty9fu0hdu5j66d7jt9v6h9nsmv43r788dj7p0sjkvapq,BSH,3000,
xch1nttfztd9cwk8ys4r9gsfxpds0czz24adjjlm6ym8u0pj7pt26hcqel2vlv,BSH,3000,
xch17suhnmfajxcy7tkk9p4n2x5ax0g8xexyevy99vw09en0suzfyuhs2g7wmd,BSH,3000,
xch1xepnq0eduqv6wruu4d56y2g4d34vfmeat5hl8x6qd8fddf0jfzrqk2trre,BSH,3000,
xch16yyc4wsmmtqed0kxddpsrslqshe9dmx7f6q542ks80uxrfw47p6sf03794,BSH,3000,
xch1740y5etg3ceygkmcyh47udppmw5spyy7r6xndds6c6qvdluynrqs9qmvgy,BSH,3000,
xch16xwued5pglpujk5dtfjrlelx0szannk6pj98uwazykqfzzmevl6qc4cpdm,BSH,3000,
xch1cwaemk5rvpaksda9smq05kdp2qqxfts46yaq3mmmpp5rk7epkmsqa2ln0v,BSH,3000,
xch1659f74ljdluflkw2x626ygzt3yc6tmmw0qf075k2l0pzpmsgn0rqdxqwa2,BSH,3000,
xch1ts39zdspm377cy7egvuyn4w4ns63p3hzlnkr07zk70kdh77zq7xsw74j0x,BSH,3000,
xch16j6nj82usegumhpnr83mpznu988amlwrg0n6c6slfv62vftcqsrq88gtr7,BSH,3000,
xch1umsx96yvhux28v8kpx22w0mgpscnp2jkfjfym92dwd8kh7w8kt8sch34fa,BSH,3000,
xch1s880xu60d520jwpnzejrjwfpk2numa65vaszlg5n6ysry39uddfqwm27c8,BSH,3000,
xch1vv9jjn9trzfasavu5czk0x53n3cxd37rmsxc2c878nkay6t589zq9scxz2,BSH,3000,
xch1y7d7mns29n5ne75dmprk8kmjsl33z5dkywwksmqnthlkv5juh8wqvdc8gh,BSH,3000,
xch14hl6wet4zqhhkyapwn4jq7mgr6d0zhknexlcs3t3xvd0l54f3jesg5w7wp,BSH,3000,
xch1u52rhmplqrljgg7cwcu5s6fslgt70kwcen9jhcq263z5kmkfjt7ssfyqfw,BSH,3000,
xch1w00a7fqymxp7mvshr0v3a0zqsrfkemexgqeke6gswa8vxs0h5l6qejystz,BSH,3000,
xch1t8r5zrq75hxx9hejcr5dwddw9tpx7vs3rug89mlt767y92u3ev6q557wtg,BSH,3000,
xch1rckzchcuwun6cpjhst5tl7tjkcw2ukfjtvvee389hdtxsh20t6hqa6pfa8,BSH,3000,
xch16yzrdce2t5l7xzr4rm8gg7lfdv03pkw4c675vk4l3qw3hnx3wu4svaz305,BSH,3000,
xch18m0c6q36nur07umtryqpeugwzjcpvrhak9nt3vqev02fp33p6jvs5dnxyk,BSH,3000,
xch1sex4qktn370karvwe95ukg8nt3fnu273aqq6ukjprtyvpxwqrwrsa9y82n,BSH,3000,
xch152xvdgz789whe060a76lysudx8t4y35s46utzq4lcrjze3l2lppqa4jylp,BSH,3000,
xch1w2ammachjhq3mst9mddpa6maz944xasqk6zxfy3fh4854l9mca2s4slgjj,BSH,3000,
xch19gu6l7etkdmyk6v7zvm8mvc23gmq9nzcgcgd2kmck23ku0cencpspq40lh,BSH,3000,
xch17e7pyqgrdz28jdyeh9lw3cny555lm4add37ek547qrwtmw6ftrdq5m290n,BSH,3000,
xch10ggw78vs3x344amrwq5rctr4cz2n66fzfdgextjt5jr9e8fmpm2s08sngh,BSH,3000,
xch14azlq68frq9adwz7jl827hrk07m4jd80m5ch4ne7y5zahcj6j4sq2zcekh,BSH,3000,
xch1z0t3z095yzwnzrrass5qa7vdgtazh9h5m8jgdxh53e20qxj998xq6u42yt,BSH,3000,
xch1xdsa69j3ymr8632w9jkx4e4jn2wp673jyt22ss6z9vcx4ufc62js9lzns3,BSH,3000,
xch1t59waakrcyg26eq3zeneedmh4u7ua3nj9fc0p7q7py43939fhy4q4zq8np,BSH,3000,
xch1fq29sd36w95zgtaclc6adrh37r2spw2nx0rl6fwnsfkf7rk0fv6qknftkv,BSH,3000,
xch1kj7sn0lnf04s0e9htdvkkdx595d38sdkfn428gx5xfeq9rdgp9pq32h2mg,BSH,3000,
xch1r9zdcr0vxtls6p240rn9hq6l3q22zf0rdvc7y0sldc33pqe5hjwsttnkj4,BSH,3000,
xch1yu83swly8h93vscn42l79c8c0xytffs26rqvl6kfvnmh4l0kqm0q4l3j6w,BSH,3000,
xch1zmgkah4g9qzcza6mpg79rz88zhm6nz304wd5hqatllnnjklqxj5q95glx2,BSH,3000,
xch1lgz3qtz2mu0253uf5eyvs0ay6kawxs9s7rmqjrmllxs3u4v79nkslf3u9a,BSH,3000,
xch1gm7vucmf38yjz7552duzrmcgzvnn99zmz86q5hu9423zl27js3sqm4s9pn,BSH,3000,
xch1kd3kc4thugg30gq8mjpztzcsr6xe7gmjkr2qqqqnuve9hrrgvxyqct7y6e,BSH,3000,
xch1ajjkrkkm3tdjq7se4x9t8j88d33jhgk55k34dhrqnyfpspanwqvq69apt7,BSH,3000,
xch15yjhhg8ll95u6ymkm049rdhy8rnykwrmuufn3y47ms7v0nhelqhsvd8m9w,BSH,3000,
xch1tazkczf2cnl5stjcm4p4d70pu6y5s7fdl63crphlczmnqwdp2x5q0da0f5,BSH,3000,
xch1fglyvwr7dldanslccq2u6740l2z6d9wf2n8agqfd3ceu46ap32qqpz3j3e,BSH,3000,
xch1yp088zp46dl3esl9uetxuseked37qpqer9j353rfdp7jw7xdyaesgg8w9g,BSH,3000,
xch1azqqpvrfs670hj8p4zcnlg2zvmkexkvl3739yqejlf880dy4746qw7ky7c,BSH,3000,
xch1umns7yawm8uk2mjqwn282343npy6m8u5ezhfmwxqkaxcfjpxatwqmaa37l,BSH,3000,
xch1vfmhe9ahhtqp7upz67s7xtnsqa759mk5fef5nkv3r6w83jxv44zshssddl,BSH,3000,
xch1ygxtepjm6zdzj64avq4ttfamqvjnz48e3zd0mdwzup8u79zzxrzqazyp80,BSH,3000,
xch1jgex473ql6wvmx8x7227sn6xxzq0meptlav57sg6prxz2kt8xeys6efnks,BSH,3000,
xch1da8c3e8hszahyk68uff759zz6jaxcpz87w882ec6tjjx2uuetkgqhp475j,BSH,3000,
xch1y3hswyzxlw9feuqr5c50fe08m6z5wx7h20rw5fz7hpngzcdcpxpqp84pjp,BSH,3000,
xch1jstdars9fn84q3h7jcwm46n5ua7x2u3d4utcdekfmrpdknex9qmq3ruwy3,BSH,3000,
xch1nuzpq74zdvlxhx7rlyx7unwa82pqczt5eappldgtjnlv8aq7078q5ct8n3,BSH,3000,
xch1yqm4l7xfmh8jlcyk8yak0fnyzztjfnf97fdmxqtvfrje9hkzcs2sp2s46p,BSH,3000,
xch1wete22rm6jk7ae0f6g95qrqv99fy2uu23c75tfrxq0n4dm980cgs9y6a9n,BSH,3000,
xch17mdcm087asdu83z68cjqdm6cmfeaedy3m8ee2pmc4gwurc9suk4q9svahj,BSH,3000,
xch1g29m8mfqm7knax0qqekj66mgkhwg4zads78wuhj83vkkd98adgkqjqtgp5,BSH,3000,
xch1dd4xefedswcffg78j2x684fj36w2yckgxytwpqjhyven96t9jmhq8zgayg,BSH,3000,
xch130wak0n7py4mcwz2am660nkjgll4k6k4sgt45j9l8tsu783rnxdsl480a3,BSH,3000,
xch19rep2vdq5qy2wetu3rn6ags8dw0v9d7x2dr87p2l40f8r6k93pusakew66,BSH,3000,
xch1e78qxqml2mrsdm4n9sgv5s7jznknx46rtw65qfsrpghjc8m8dsfsm5fc4v,BSH,3000,
xch1fq47mjydmnqnp2ynjre0l68sh3sffcva2kfnz6905mpwsflaj8rqhlkv5m,BSH,3000,
xch14qw607j4jcppv6kxuzr7zzqt39ax3x6g7w693htt3aeullffakgsac6jf0,BSH,3000,
xch1maus7s7rq95c27m7d8ll2je37hv700f3wzz3k59wuva6ctvedxmq2ckpnd,BSH,3000,
xch1upuzzc69f80up59ewklm4733fl4vr3zreg8jgjtzjn4u4elrehgq488zrj,BSH,3000,
xch16yt4u2905z8sqln0sef6nh6hwzn953dp20uak66jquucfpu2zjls8254y9,BSH,3000,
xch1j64vy59wuqyky03fu2kq09uaawwqerpxgxrcu3wzl8qw6dz2u4qqu7qfh0,BSH,3000,
xch185ss4cazlajw4nevpyq64xkzc2lk06n82hp6mz7yunaac568qtyskz9gdr,BSH,3000,
xch1ugg8jdhcchz0scutjs2th0g8e4a7f9hku8aqy8t60km2zt3xa6ps6snqz3,BSH,3000,
xch1vvwsj5y5pwuewlvwludjh6kwxu0y5l0ejl2e4fmdc0yv837c3rdsc7tvzy,BSH,3000,
xch1ykjn6hgp62tfwl7e02j8tdnpnrc0ar4k9wtfrthdf4whhy4qg24qxj84v7,BSH,3000,
xch1w0gsl2efdphlpkx4jpza5rnheq5626xkewwa7neszwraq8v7qspqygrrek,BSH,3000,
xch15g27033hnthx8euqcctsck5un4dfzc7d69afwjmxk303aevlpj4sumdfzc,BSH,3000,
xch1uxjknsv4n366p23esjtkznqmyn4azsahym5q9caspexmttk9swusqr64ry,BSH,3000,
xch1n6qe4nnhhnvval664hhp64xsdfpfry4pw3a8kjr450avzwd4fvcqfq4vhe,BSH,3000,
xch1vw46gd0ey3wqwmq3hnntguzl98xlpyuy2fdjhwn4cyp4xx24yzqqjkf24l,BSH,3000,
xch1eef2yq5z7hveq77xfsx93camn8gust283ym3lsdrqcaq7r9xrr3s02jfuc,BSH,3000,
xch1wclnmy3yg8stukwfa79863h63kj083d9s0743z4yxrhf6gj2lyys3jhqjc,BSH,3000,
xch1meh5twwqftly99h7cxtldq5kaxkea7ddykwg306v9m2dn70rdc3qxttlpp,BSH,3000,
xch1mnf3lqqync3de46n3l5w9j8ucclhja74a25yvfhzdxaw38dwgspqjmxmtw,BSH,3000,
xch1z907h4dqpk84kcxvd8khaf04xu2mv3dcvh6uhykaqxs03txav6rsj085h2,BSH,3000,
xch1jz8wl0manrv9le7v8ern07xttzcpzen9m4mae3m7npu9l5vdkn4shcd02l,BSH,3000,
xch198ln2sjdurakr5tl0ze05dy7ujj87n39eqaj4sgcz058uu9t5dkqa92vwh,BSH,3000,
xch1lkq8dushc9ngg9fvd5t0qx6mjkpv2pfn2037ze39q3m02yg9v29qg99ny9,BSH,3000,
xch10v72kftp93w07m96cmkndglmyh9w2f8csa80rs4xgedhcnhqt8zsfcy76r,BSH,3000,
xch18t0d2yntc5375f6csasts3mnvht5vfxkvv3ysw0cyxcxkf8fauzsk300rm,BSH,3000,
xch1wne3cna269l6x5a3uatawtnvm86yyuhvcagjxlsun9j7p6g2tyeqgrsl3k,BSH,3000,
xch1n86ae9n3rgpe846s4yr4clj67dvcks63vj595ucnxqp9tfky5p0s6hpxu4,BSH,3000,
xch1ewac7dxufrkxehwc0dysnvdexem2k8jwnz2pmcewy5vdhnqpd0wq22khpj,BSH,3000,
xch17r7vuqady8fkfatctzhc7pmsnjrrd85qkzg4y3njadmzv2l2pg6q2mxzwt,BSH,3000,
xch12vp2r4c0zacvleg3n2wdm5gdx8dn684p9y8hrmyzrml629xy2tms6ztn9p,BSH,3000,
xch1awep6zwtft3cej4wuy5czavfrn23g9nelwkwfyqg6hgwd3vscrfq89080e,BSH,3000,
xch1vk84d8qevsrz9puq7yfv7lzp7z5qt2cdm0v0mmsdsylz76rvk9ys8qv0tw,BSH,3000,
xch10ulscarf5mlfgjjygpnnhh962vqyaq3ahl6e3mwcrrq07kjumufs0d0nu7,BSH,3000,
xch1skur2waekv43976f78famyfurdszh77wt8g35qlxyxwp8nkal09qadg8w7,BSH,3000,
xch1c03kct2fnt6397xgqlj5j7kmhl954ln4g5eqkhyhjft4u680vvhsp4g3nq,BSH,3000,
xch1hnvy74ah37xhrjt3s3x9ehm0kk4q2nlvu2rgzy54jzqu4hnxee0smyy5vj,BSH,3000,
xch1uvt6ejuyc9m8ggdw7swpk68dlrdupsntrq7h8rtrfkp2r6q7c5ws0h7h3m,BSH,3000,
xch1ununs5tnns3a02kd63d05y8m6ls5dj343zcu98vl0fz6fdsw3rlsuws7ck,BSH,3000,
xch1hwpnlsp97h0m5qptrc5hmxgmqq3pxzhf72msmgxtv9r9m5uxx0jqttq0fy,BSH,3000,
xch15n6mx46uspl6hrulf3kqkfngh4l3zurumexfv4epp5wrw22k728s0m6jx0,BSH,3000,
xch18q9ygkvd4aanlatkgsj9dmrcscxd9puf7d6lagln6xr3s2qv2jqsg7enug,BSH,3000,
xch1ncg6nrm9mp0383rtt53ykg7a8k38yz7u5gqqrcxlm6d7u7my6apsltd3rl,BSH,3000,
xch1sn343zr0uwzums3cfgqqkue7nr26y8z8mn5lsacfpmuzfveq6syqx4jc76,BSH,3000,
xch1jq7u82xhvkv7fcwds2uygallx0x85p4wxq2ujkr783u3jg68vquqy222lp,BSH,3000,
xch19ml3ye2e86ht6vyz6cjz5tv52tlrg5r3a6zu9r7jn6cczwhwgunqt4ap0e,BSH,3000,
xch1al4y63605xx6j4svrcdudhuyzk7dq0yyz9yetzf87yk94jdn2e0sa99sl5,BSH,3000,
xch1khdek8nsxzuv3vahvj9s70a4ptzetwefvzrkth0zmn4fl6a9c29qxzqkng,BSH,3000,
xch1m0yhqlhp9cnyhv8c6m38sp3uqflgwe89t3g9mlf8ul7240fqr8tswr3dlt,BSH,3000,
xch142c8rkw4yl4yaxe9wuk977pe22wyfrde5plx5ua4kfca4yw9p7pqsk6ssa,BSH,3000,
xch1w2ddkcsjdc9ghjxl25se8svxgg6hgjlaxyphmm8jpwqkapppklesgfksnj,BSH,3000,
xch12cktfvr09tq0ygv53gldr3ryhszsaz5wxlrd808lftgrgk72kavqdf7vkk,BSH,3000,
xch1ntwhkq0pzm3tzdkqa8jtremecckpf9504008k67uu5zcq3ksf4fq8e2ap8,BSH,3000,
xch1awqdzltpsy2hnkvh8aqlpg9nh8elskyg6dffgfrmqlt65xvt3wfsvtlv24,BSH,3000,
xch1ec0ukk3yx3x3dtxr0zhn4497awg7l4y0pzczppy4976tsp9slj4ssfnnht,BSH,3000,
xch1g2jyujze8z4fjrtzg7wm02kz4l3geyf9nz7p3zaaa33npl0sljwq9d54p3,BSH,3000,
xch1jkv62hdcsw63ppfzf7sveq3a32yya9d4v9dauylrhvemxyamvq6qygrs9z,BSH,3000,
xch1kav6s2pnqwxuzc4x7862fsg9q8f9xnm6583h8rl34e994wesd7fqz3r579,BSH,3000,
xch1jx3tzpvqmmz0deru4426kgt7vdv07lazvpe89mr2wrsw3kpfxa2q39cvqt,BSH,3000,
xch1vkv3cfxpw4qy7ahy6vlljfjrhdelcc8m2mqk42vqkecphxfd6q6srfyx85,BSH,3000,
xch15uy4lattehs24z96q5ewu7akjghhw4qxdena5wxunwfd5n2u994shd8gfp,BSH,3000,
xch17luwhqyhu4d56g096erpu8tkcas2c90n07exk8m9a82w6eqp8l0q95zxkp,BSH,3000,
xch1a9yflggdaj8zxzpdztf29arnvfuk30g5dfxzu6cq4ckktq9pjk2qk6zskq,BSH,3000,
xch1v9089ycszmdkl4ct3rz506hhycx5azavr674yl35sx8sff9fffmqjrajqx,BSH,3000,
xch13ve9srvd8k2nswl0qxfeytgpu3y6f4lgmr6pvyfha5n02jdqvvmq0xxlkq,BSH,3000,
xch1vyfxaqk7fr6k96j82ql3lm59ff0frht27yuf5jfyjwxy4emncquqd4hmw3,BSH,3000,
xch1crgw4a3w3fj4rqsa93g2qvtzspzuex7x5yetjgd03dhlu0d70pgqf9xawq,BSH,3000,
xch1t2aghsfhzhxvsestcgnw9xvr9w4rhjppr4k24msze07rwetyd59qx680hs,BSH,3000,
xch1wv9nedggyszq6sp4sa5p5qeaaed8g79f32ludfn6n9x7s970pyzsaf7myr,BSH,3000,
xch17hnez9qjy8z7w8924wzvgn45nk6lx0un8uc3rl79plju5t7m3hfqllw8yw,BSH,3000,
xch17y390v5pkdgpl290y9yqcxunfs6u4vsvcs09sy9s3gt909q95agsefngzv,BSH,3000,
xch1k6mc92s5tct4t3mjx2872xw23rq6v8wqtu6tr6d486cauzhjv9zq4f8p95,BSH,3000,
xch18dkvha8y98l48hyx6jwy8tusw82cmxgpdq627sj0420qjqwegk4qrv2m6c,BSH,3000,
xch1rsx7zvw8gv4sjw965yzsfves4tg5q504dkc97un9lmdgrqtvp07qhz4acs,BSH,3000,
xch14vdj04rqhu3raeauzj8exy3amx2qkw509ffejad0h93deycxhnyqple7uk,BSH,3000,
xch1m9xkkd6r6h23r3mm7ve5azpv2egvujk3v7w2fnmq73rccul74qcsdgpju7,BSH,3000,
xch1ce7a9e36w0dpkmt2uqd7u95lmm55ju95c4zd8eyxhr8krgp8p2eq9x7t4q,BSH,3000,
xch189pg0z7xukmly290q9ak3rq3hcc0t3f9kctukx3xep5f6hk72dxsfs8rvk,BSH,3000,
xch1cu7c4w2awmhw3uzqw6gd7k2eckg2l35t8kyr9p5jlxnr4vpzyyrqxya3su,BSH,3000,
xch1n7jwpg3hhwqgwaedyvzx9kn3x99dx5nu30lpzu5tee55v2h23t5qxk32gy,BSH,3000,
xch1u8lupdcgfp86gf5wlpjx2ru2lm37rrsumcfs2zcqrv3vz4kt6hxqusxfn5,BSH,3000,
xch1cu8kx3gwh2j8dy3c8f2ecx08h7x9klkdcc3wdxt982fej0a9wj8qtnfmd8,BSH,3000,
xch1dq2udehsdwd4qs3lx654lkrxuwf9t5j68jeyk0pdclucwhr3zryqh7xvx8,BSH,3000,
xch14cjr8xdrwumcpynjculctc75k0xgsmw4ncycv8atjr8wfnaakc5qcptaxk,BSH,3000,
xch180l8agpmye3xzuy6lrlw02mrlsf6v7h29r74fsz2z3lekcrrqansnw8c7s,BSH,3000,
xch19s7pz249jfqegwlvrx0s8zhkxvfc7xmz9c3q3kkgttcdgpsr0cks3xgauz,BSH,3000,
xch1yg5lvrxjkekdgcwqdm9tamyueamh5ze5pyqzvzwdxj5pvdq7d5uss9ap89,BSH,3000,
xch1g8xwjc4j8j4hwkyt6776ltyhwxtafxqg4p5ldzsrf5hg4yqx6v4q37t63u,BSH,3000,
xch183me4w86pgkt0pfh6e7erqxzvl3puxglmtvrrmevdx78dl6fgw8szcqkp7,BSH,3000,
xch1ehsr6m6p8qh96png92jzu04n9j26zjxztujvrfzzsl9h4g6hp6uspnyjtx,BSH,3000,
xch1f7re63vvcf74l80m52n2a8t58p4x84lrcyxaghpeq9zz9rhdn0nqawkasu,BSH,3000,
xch1nnurkgsjj4cm3lthe4m5dtx375k4e5ql080vxld7mgtcmp5ncm4s6xdv43,BSH,3000,
xch16t9xez2q56qvemxesfawajdl0leehfl34uh40e6mt90cpmpfr9wqkshudn,BSH,3000,
xch1eu0cpa22kjgj309heknxa5x2t7y589vjarhtvqeqgfmjmzqu6xwshqn70x,BSH,3000,
xch1nfw0yda07kfw7kjwn7j87ge7muzrardt9rcyc90clnhwcvguu5jsxss4yj,BSH,3000,
xch1ffcwgwxzyj075nt8tsvnud2tvujhdtq64kchgltdu87h458mxg4sfq2gnd,BSH,3000,
xch1t42pzk4gyc55gegxupu634ddueczw55ydra9r6mx63qwt6pk07xq9hk05d,BSH,3000,
xch1zfmzwq575kjdg7n287gm3vwaqh63fvjw73smat4rk5dh9d6nfljqg8s7eq,BSH,3000,
xch1sy36j2rnq66pprr85dck4ch4qhf65n5ca22p6u5r2dz9kjw5rmxs4m7q57,BSH,3000,
xch10zy75vv2hy7ta60wj0vkma20fl5w888jzluya02ccnvz7hxa5hnqwm092v,BSH,3000,
xch1welw90x3e3dj0pvqg7ge62qepp8wjxc4galk2klpfaxwv9u6zz5qjd04zy,BSH,3000,
xch1rr8y9neu7zm4ftzsjlg9kdhahthf95sjezj67gte7ljxt0mlmf5qprpwnk,BSH,3000,
xch13jz8xr9quqmtt3phnngmj2m2a6tmvwf6m0l0xkelc4n3w928u3wqe8vnxz,BSH,3000,
xch1sxpwzdqyxadxjd2pvtgg5d7mths29zanctt8lksq4mavmg94ne4sfaeaxk,BSH,3000,
xch19ur7jl4f55fh6glydmqt4qappq2mjaastdljet7zu445l5m5yn5sn4encs,BSH,3000,
xch133dhjz8kfdvv95whvwuv2maz9s00gsnpun4fuespf2gjy6mse5us5uxzak,BSH,3000,
xch1vr44pfulsuec344x09psvwh8derh3l8lvjs6vkmjetycnzq4uwqqwfl6cu,BSH,3000,
xch1mxs379svmqutac9fzrvdywdylc0dvz9q5xm3f7j7agsqg2gzhjuqrspfu3,BSH,3000,
xch1s8864zqhyc4x60wvfyj86vj0ak9ry7gyg0gq0vyjz50drh0nyuwq7vysc5,BSH,3000,
xch17jamajwk5hgplrdw9qkhdzv2prkzu5jy6s0j5yrhhdhy9ugnm32sjufklx,BSH,3000,
xch15ty6pfa00vevw4y3nyh5w3mql5tg6ucdhe3sqpm6drcunuup8lqqkplc39,BSH,3000,
xch1w70tmgzu78zasycxhzq0nfd8fgy8e27xgc27ptt6dt44wumds95qz37f2j,BSH,3000,
xch1a3yv2fqngqtk6gtyk4l985xm4hx55yd039pwn6nty0lp6k6texaql8l7aa,BSH,3000,
xch1yql5wmhacgz8htcstcnc5juxc7kwu45np3mjjs60lys7dnaj7d4sgnqw5r,BSH,3000,
xch18nj3my5mznqg0cmafdt3vpcg7lmefn2fk2mv4arwe5ykxhhsx52sytrjwm,BSH,3000,
xch1nlcx7qd5pjszj7wgnj94jlju5ue84h5q3dz2xxrpa5n8huc8ha4s92t6g4,BSH,3000,
xch1lrvycxtr2939fs8y73cqkrztgj4ypkr7r9ufthenkvqrzjut6pdq0ytl84,BSH,3000,
xch10capmlxuvzndp7d6h507j5vwhev6kj8vmt4eqmayhh3rscat6u2qkmrg2z,BSH,3000,
xch1uwpuaqgk53svgpw8u8w6736ujw0xmkegr4emh3ar7h86drul2xqq4wlzws,BSH,3000,
xch1yn3hvk8sxjzm4lxyf2pqxxze6vvqcyrhksg5w6vdxtm7z9am00xs3eznw6,BSH,3000,
xch18a8pf47sjwalfnq4dypc0k7wlnntnyzum09dm8mkjxpppmlkp9dqgt52hy,BSH,3000,
xch1cmvae0h85arqhtk6h2nxmvfus548hqwgqxevmf6z9phvm3k9l34sr970la,BSH,3000,
xch1vhn655qn6pz48ujch30j469q9v9rf4dcsxj7y4ywjl2wz9lpl2ns83au7d,BSH,3000,
xch12j9z5j8us0jrpwakylrgs7ynaqvy2n7d4w9crxen338ylqh6fe0sfzdca9,BSH,3000,
xch1zng32vwv9g57hythzau6ygnvqculcktey4vc07h7q7n6v6ka7ekqr26dup,BSH,3000,
xch1ywpdqe5jygusklu9wkkv78qmfprl9x3kx3mvqua3kx33kwxnk50s8jcnjc,BSH,3000,
xch1fxje04x0x447x5axajnyywvd9n4cthkduu3m8fecjpnm40v74wus8e6wru,BSH,3000,
xch1k027pzk5j6rw06xjsfnqx0wluh2qq84s9qaj6g4rpkwzue3vuqsqen50wr,BSH,3000,
xch1dms3qvx3gtg6kla0nf888zsjku5a807x8rpw986ampaw7qz7np2sp5r5pl,BSH,3000,
xch19np8d9qdmhyqt9kwfl9tm9k6eh8xhszprs4eeqdux8dy9apw8sfsql23cs,BSH,3000,
xch1gk4wh5lkjyz9nhcez4fw6dea72h2lmqncutar0qglmpt0nawdpsqyycv02,BSH,3000,
xch1dg7x5x3ce76ruq4uc3xv7urjjrnd353p57p6446qm3834wv6c54sfhhz3k,BSH,3000,
xch1drh34fcgv738wvqqs3qv9jxu33aa64rxzfr2dgppgp4phugfprts2hfnyd,BSH,3000,
xch122ul0uke2zkja0krmj73mvphtdc5dfecwcxj83yvw7nwwn6sxekqdpu3r3,BSH,3000,
xch1rrs7halere3yyjfy7quj88gmyx4khr0fxpss5h90fmfsg9cr8wls5e63lg,BSH,3000,
xch1czuwm8r0vu6y7gcamlmp8pr5gp3v9va8ndgxwrj0q0e07x4haptsnr5gnh,BSH,3000,
xch1zmalxc764t98hnamnn9zgm44f0ptvay8l2hjp3r5krg95yzf8vjqa49yav,BSH,3000,
xch1nfhhuh0kecdcfpv6rdpdegv3n7d4jgxe6u4stjh0vpe5jyuqtnmsn89ct0,BSH,3000,
xch16e03mpd3ayfpwunmpsckk538fhja6rchr6en747927es4rgvwhlq5k3r84,BSH,3000,
xch1s45kk3vhkjdtwlwrs74nacggfqnp80lvwj0xr0ux5yhssgvvsfps58vaaj,BSH,3000,
xch1zgd5am0f7we3lzp6nypyctqv5smhk5sq5486xfqrnuh80lz495nqpxsng4,BSH,3000,
xch16d03qy2uh75z3mwxggjkjtcz46l4npvp562w7aryre87saf2ysnqycmf47,BSH,3000,
xch1jh4dcmgpkmg4y7lqmnsnvy4ks2wmu2qa7qupah6hrwkmptenfj6sdfvsyz,BSH,3000,
xch1xealrzcajy7yzmjttar59rjdvey7z9yu093pp4hgwchcjxanmqps3ts2l3,BSH,3000,
xch1ffu2hn75tf2tf70xd234ln0c3gtlp45mf8guvwwfzta0ll9rwmjscmgh95,BSH,3000,
xch134t2cmxhfhr5mgyz9up3flw9klad0udd0qge9nuusxe0fxm7s20qhxeq7z,BSH,3000,
xch1vdnw60uhgwwe7cy6e3vlgamruajlcv0pchnwggmunye8x3m5qzhscfgahz,BSH,3000,
xch1v3nhsnvaftxlk5zlf6hwlqnpsywufsv9hs98jnynglmaerezf8cqkyhk72,BSH,3000,
xch187lskvtt46mh9aukganxd320kgz2xfg8sr9tmce7l0r4lv9npeusc2v44a,BSH,3000,
xch18u3q8cscd8u4afghy6mglscprsv24atcec0a5lqkam9d0v88ew7s9zqht8,BSH,3000,
xch1g00aqaz5enleng0ukym5sw29efxj7ydtmgxss40n4zuk3wjernmsagyat2,BSH,3000,
xch12yh0gdd5uykqy6vmvjh5uxxgwrgkwq33ykr8ua4sjkcylk78wlds7qxun6,BSH,3000,
xch18xkepy79h50n5rrfvzqltjayr0zay3dl8uc8uc8fkyhvw26pzmrq42sepw,BSH,3000,
xch1cnuj2tq65npudg8s7vlscdk6een7kwyj0lzc0mjgtpmacffl6klssj44ar,BSH,3000,
xch1a80n05u08m4svq0m79pzf7smgje7kfgy2rskj7jdtwwaz5ws9nfskuk5wq,BSH,3000,
xch1j3a6vex9a6t3rlrmgh07ln2rza7vjqe45kg3sf6jl5xy2jq2xrlslzq6v6,BSH,3000,
xch1y3dzcjkvugudhjm3tnqgdx24zqzw4lqpzqgtysm08azesl5xcuyqn30zd8,BSH,3000,
xch1vt99ah32qmt0xpkcz6q9jhm7rtlndcepumjpmyzm3cql6yq5azhsffw9sj,BSH,3000,
xch1reeg2g4gxa4x67wcn2x08lyd4rdf33z7ahlyty8cwmzw2qwekwjs8tvz2n,BSH,3000,
xch180w0etqktpha59umkzt4mewq09ae5cvg78r446zj4l9u2ev8h52sprum79,BSH,3000,
xch16qnpzamupnc6f9llnhcfn4ernpwc94rkdd669ww6n6rgt5ny4ceq3xpc06,BSH,3000,
xch1gedyn4qrnw6a0r859qtr3kfpfd6p42yggxg4jdsucrc8rsmun2cqgrlpyk,BSH,3000,
xch1dmqupqzsxs0ula0nsa88sxm4jpcnsy87m4cjyvtdyle43w27gkyqpw2huq,BSH,3000,
xch1xw4nyepgfng6ncy90p92m4me3kg58asp6a60zj8f4mpfhtxmnjasxt6mu3,BSH,3000,
xch1hl8nl8yde78l0dguelged9jwzq3nnwkz4cen5lmatrdmmsk5j6es7tha8s,BSH,3000,
xch1hw5ls3zmldld08q00ksg77t2lpp3g8d3agzd6sarxkc36lq7522qjwnhle,BSH,3000,
xch1vgck0vhdtus6qre6llt4gfpz7gn2f647xxvfcfauxn6q96gnsy4ss6sn3e,BSH,3000,
xch12e50p5z9nlt42e9ksm2aecgl8fv8qrnwwgpkmm63aj0hfdx4205qcmughe,BSH,3000,
xch1z3x0xqe6efgxydt0up440ry9znww6wmljmrd0c35p822un7h2apsw30960,BSH,3000,
xch1tx9tx5suchmzajqku5gtnvfzrxycxxpycuwzazwkn9qtng2kkygsjj6z7p,BSH,3000,
xch1xd8zpxxwh367905myr6egytvgj7rx0389k8ecwtxm9xzjuccuw3sragzz4,BSH,3000,
xch1n57k2c5w49uq30cll9nkumhpm9kz03uhjuf8sy5ejpxw8gna3ers43qzkp,BSH,3000,
xch1f6n4eu5u9ftd4zc799cqxrjclcl9kvh4kppxu0gdsgp538ppe6cs65ruel,BSH,3000,
xch199y523mzm0rualg66mkaau0vyk9gr45xgrpgedd8c085vlw2vwnqfkfdmt,BSH,3000,
xch1nwa3m2eapj788yc3l5gd87qarc7jexx83hdczqsdkr7vvppqz4zs6mczx4,BSH,3000,
xch1nz3fkxtl4wg6mpz3az7nvufndp3mz06fl7g4207rfpr6wxx80ttsjxhjp7,BSH,3000,
xch1zn4x7llgurkdvadezwuq009amjkjpq3wrqvjvwcglk96l0sqpgqsu3npdp,BSH,3000,
xch1xpxtsn0dx2pkywey4z373lafutr4rnqalr93t2hk2qce3nc3jadqcr8jl2,BSH,3000,
xch1ra3hh6qlhjwhk5368s4r90ejdq5hymnnk65gllwv7cyndj7kf7jqsaw627,BSH,3000,
xch195rkh3k5rktlgdlqqz7ytdk6hpuwwdeae7wyumwm0nspsmf4xnwsskahka,BSH,3000,
xch1hk7tnc0ku2xlaftx9wzph6s6mrzhl5hwz7jzxp06fs637p5k92gqhg87g4,BSH,3000,
xch1r5kg6sxcnmfky0a8356sp032wka6x7hwkgw5h6fgdlsf8zxxc2mqdl76rl,BSH,3000,
xch1usuhw9fv6m8t2zejux8p2g5m3ej9v7359ejam25vlvk87e7shnyq6j5u34,BSH,3000,
xch16a0f4fyeyw3xj54ru5v7v8fsy8aa2c7y23fwtk7lptqgwn5hl2nsy4cngk,BSH,3000,
xch15ejm36pyusjpnzng86zefnuqre2w4vydkpvqsqmehxu8833t89qq7jg3zc,BSH,3000,
xch1ejddutwmrvrca6v3t4ale0h4uwqftsk0ehjw573dqfp24dld3xnqzn0u3z,BSH,3000,
xch1p0fkjpfmuds95gcy0juqyxl8haq8g25nyu22afyylsvcp8vq5a3qs5t0jf,BSH,3000,
xch1f740dudu5hm8fz99v49w54mmukhyhjxz2x4f6ey7fm8n2hp6r7dqzvuclf,BSH,3000,
xch1dtc45k6726550udq25m8vt8zqu7l44qr8xtygalz92xz7ftdzjusxtffw4,BSH,3000,
xch1k2r7junvn9jghmkwcptlf8tlng49e3p80j5lt9a980xk6qwz4ulqzupv6j,BSH,3000,
xch16wc533fwzljnujfdl5zsnq5722mypml4xxqyqyuxzlenvp5napjsfaspyh,BSH,3000,
xch1xeul8u490mp0hzyrdf89ddpegfwe4cvx90p6fx8wdpq67929la8q9gsqkg,BSH,3000,
xch1c0r3zjxtvf4048yy2k329h0gtgdksfr2p4hfld026r2djqsnqwxqmpnegx,BSH,3000,
xch1cl9ktjvswd6falg7wrjv7wqwmwm3jjyxh6pghllt6537kfp9p8rq32nt8a,BSH,3000,
xch13gx0dxlrht8g2hpw5eq57getwt6tw9ws5skggalx952nvpfdvl4s606sur,BSH,3000,
xch1rujahd8upr4v8k7e0lszjfav97r5cauw7egu4gpkxucl6sa6r8eqkyt9jq,BSH,3000,
xch12skwwps53qns3cmjlnyr3d0txcdxgsj64c735w2s708cunl7a5eqe0cq2q,BSH,3880,
xch13w7t8hvrhxluk3rh6p49f8n7mdvewgwx77t86ehs70ug3j0ymals9ut85t,BSH,4000,
xch1fzz9sjxu9z8cgstd2934pp3uqcc2j9xs505ukmkghtpj2960eursknenvg,BSH,4000,
xch1mg5g9mlnrmpwlt3h6qexwlqtqffjn2sqzfqydlmj9nlmc64yt5vqs3qqlm,BSH,4000,
xch1xt5lr3s6s5eq0kswmwwu7rtn45we35uhnwcwewvesn8veuvtxckshrjanf,BSH,4000,
xch1jl0mmz8kjfjhsf60k5gtq4z8k5gv85rt5w95ea5x7ntv6eac0cls6phrzk,BSH,4000,
xch1kkffhf763twdtpd204mczqvynespe40hwx0vq4gzgduay642r2ds0khkew,BSH,4000,
xch1g6jjwa2u93ccyute9gkpcehmdjgturz6uej8akxgq8c3sr2a825qgzhccv,BSH,4000,
xch1l94gmw8ql20zcxrj8886j9x8unu9xj7u7s5llvg67g0d2sserr2quyyqjh,BSH,4000,
xch1zg0q0493x6dpg3sl5sfrtsg73hmdtstl97p0dal8tasr7s4lheaqxmv364,BSH,4000,
xch1x6rc56wdau6cmtcwmepyrpafv7entuuse50hyzq4pzfh9pl0muxqtq3xaq,BSH,4000,
xch1ensdeqag29v74uwssmhwe2a25yy3z7hmzjllw4pgvs7hfhtz42jslnnute,BSH,4000,
xch1alekvgge5c5x6qtxccl3x7sppgtguu29v6v5sy83llyxy2mergksa68elu,BSH,4000,
xch1v5xruvwextz4xzruhyj322hell0dj8lx76asqjegdhpt6he4yr8qqg74p5,BSH,4000,
xch1y6twt6ke8d0mpm5p3a4grsc8tsgw6p5xrpcen55sssx7lfgum8vs0jg5yk,BSH,4000,
xch174qkeesysk58s94wkls7fh3rvz90r32h946vcmkp9tyyx3phjxgqystc36,BSH,4000,
xch1qeef32hs308vd3vzprkzfdng0setj7ah885h72kervredj4gtdpquhw35t,BSH,4000,
xch1ccny6a0yl36s8r9aff8nvult955l635peemalf38fsqvj0elnzvqcs2yms,BSH,4000,
xch12sgvc8pdynrkahcf7p29tfu45lfjf5w7jdx23f488z878n0lw0jqax4s5r,BSH,4000,
xch1cu32hl2yjf90yex8l7nwtekuqt77jkxghrrwx4kgnccj830gtcgqvvt88t,BSH,4000,
xch1kz7y6z6w3gcep7qatm09fralxau8jnnc0z6dea9vqzmnfl7795xs9ja29z,BSH,5000,
xch1xcdd5v89z7t7aunhf8p7l8sq28nfcujz6fqsm6y90llzyjuez2lq0xdl77,BSH,5000,
xch1spy08px29n2v7tefnxpzlt47uwrrqyvvwhkea2v0kzeauus2583skd8yyg,BSH,5000,
xch12vjq7xh5c5mlpwkr6gwp5gkyf4zw267g74njtcktg4mh0lavqwpsfwpgjp,BSH,5000,
xch1za2yy9z9jgvyud2lttq46qpwnu54e0kz5getmka5jtjpvevdcefq8y509j,BSH,5000,
xch1hletqv9ym0f84zkmkgrh2wz6m5es20g0cmm96u835wmwytheu05s04ermd,BSH,6000,
xch1338hp5uz8as27vedp2vtp4uzr9fwwd6thdh0lf5n9lvxam9krqxszftwkw,BSH,7000,
xch1y0uf84janfaav8mqvzshue4uc5v9e3zavwgumj9qmzytanuvep7slm474a,BSH,7000,
xch1m6wddhc8dad5tvp4j3lywy22yrmmfqesxrc63hrcj2nlhd4hcj4sa4lz6h,BSH,7000,
xch1ydn3w0gmvlgk724ehm94fkmp5kj94dxz5suc7t3gz8xm6ekyeq0qnjrdk7,BSH,7000,
xch1r4wms4f3gv5qc2acxztecsyr7ptzywnlrh6h0ha6pvvawjaqyhzsresnmm,BSH,7000,
xch1szyyj7ygxtqs93t86xz2x3p38nh0ga6str5a6v03prq9r70gdm0s7p63ps,BSH,8000,
xch1wjchqunsat34aahvyrtknsqprzvwpprpje7y0rd6mvgm96zfu9gspkvhup,BSH,8000,
xch1fj027gsjystcf202wdr9lhw7xg6tyyz7s5xhchweg7cukp3y538spx4zhj,BSH,8000,
xch1sfavk86jzk0kc0rx65an52ej9vn3reesxcxdjfnd9hcel9e8z6gqv33j2x,BSH,8000,
xch13v9eqw26l4ztfecuuv8tjp0vtx2j4yzmmwdtflxm85tymrg8smdsz2d3nn,BSH,10000,
xch1t339gazemxk8tpz5pzgjpl7cea3uwk3d0fvd6gx9mqkm3swzxe9qud2p02,BSH,10000,
xch1mh42vrntv4hpjwr3skl6lc9hdvmskezjauk8rwcfyuzt7p4575ascly3uk,BSH,10000,
xch1dvhfvmkdfur7pu04q57a4q5xkw2qagxhf870lza3xe8a6zlgyges3jxgqz,BSH,10000,
xch1wx0ew5s97m3ecwnztjj6dsj5gcavle7wcxylkqacunq22dvcu9zqay94uh,BSH,10000,
xch1r54e052uwuadu2v8cuakayr2ktkr5r7z8t9nnmced08ng6flq6mqrlxgke,BSH,10000,
xch1xpnszytvczrd4m4g8mwvca3jkpfsrwngx93xytkf7qsw77enyw5q7wjjmw,BSH,10000,
xch1e2nam4s8h330fdxg774rwerhm9f49aw742c84hy33lprs2lfur9s4pxevp,BSH,10000,
xch1s5awpxw36cnugrz0253f3qe3c9jc0gefwpdy945qpgwk3lljvcss9dcym5,BSH,10000,
xch1yhlautc8gejdqlcwmhhpcdph3qnqxt3gx398s3f33q5lermastuqx8x4x9,BSH,14617,
xch1w3gq0nw53e5nfuvdhnsvdygycv8gvx73ssm0drcjeptuq09mxmdqagwf5h,BSH,18700,
xch1tff8shkgcqz80dgr72gq4r9tydxmhc9yrnl6k3m7aure2j7pkz7sc4l4k0,BSH,19512,
xch10mrer66n2u384atm3lvdmfhhf4wxx77uydw5yjd372f2s0dg06csxj074c,BSH,20000,
xch1zy9j2s7r64gt8g943j93r3lqv9maez38qy7wvrclxeaxmtsnphms207erd,BSH,20000,
xch1sxsqz0y9vrz8y4muzekg84q2nmux5u9zkqk5v9a6t7gyluuz4u5sed0ea0,BSH,30015,
