addr,name,amount,hh
xch1zamvqvvh8ss9cdyc4wvd8n7tcg25c6s9xgt4pq6ucymyaqda2tws05gaju,BSH,2000,
xch1vk9hgf9l37px346h0fj45rsqsn54wg69ger7ng9g8xkxpdfecqpswsqj3w,BSH,2000,
xch1fq4s2vshw9qaehrshrea82rgphqfaatuaf4fjfrme408r8dp4vjsnzv52u,BSH,2000,
xch1d4tj6390x2n64qvxhzmvngjjvl3ep2rl0eht6n6g49p9k6ld0dyq5fe97k,BSH,2000,
xch1wckr9xruy33j5hh5g868d7vgsedm293cyfyqkuased0sqjzyvrxsa08he5,BSH,2000,
xch1drnw088h9zrrp3c83wz4tp0q2ku02864fal8n7c5f3ryftkwxjlsztxm7m,BSH,2000,
xch1a5k9npelx3ez8ccjgzpxwv3l4wswshl28c2xdv45xmez99x0qm2s6vxtgt,BSH,2000,
xch1fsmds0rh3j77fnfz2qh7fya8uymwcuukjycke6rfx509q0pshnrs98v2xr,BSH,2000,
xch1kat75e6e0q739r9rm7uurxnhtj34a0g3f7eaqenu7vv3snrg3yyswwj42l,BSH,2000,
xch1ulmgu8aqyavkcw4rgq9k8wpztwacw65923qy658zy82e0g2x7jcsam7tj9,BSH,2000,
xch1uql4zrwrn2zx346wgrp0z8jmgw8qpefcw96kfzq8aju7400q0vssk2cruu,BSH,2000,
xch1w5nv8fvtzhtgkstcmu6q43rpf2vhsdh0lzmpaku9nuxdcfqlxnrqm4tfxh,BSH,2000,
xch1uztdntpy0zwscq5m4hkf0v867wqcpxeqxrsf4qsyjyncxezvhg9s3msxkf,BSH,2000,
xch1h8rqz3c0gpanuus7w7aqs78f3sv6z60lwkwa6kn7pgcn57wfkxmskkkyrk,BSH,2000,
xch1fm8s2yt8cgf0f2k4q9ff6r0zvz7y8fjkn78daqqm948dqc2m9sxqn395p2,BSH,2000,
xch16ktuqw66hfjv0mu8j3x7485q739n2s32dslrexkyqkzl0p765nnq3pvrzk,BSH,2000,
xch1u8yvkr992y8dggjfeg5z79lqcy24f7tna3vd9xmjae7njtva35uqz46phd,BSH,2000,
xch18fpxxpxsawg47zgfwa3r2l22y2qns5pm2awgqu2eu0a02c7gvy3sj6k73h,BSH,2000,
xch1ygec5rehly2qwl5fpwtjls9tlgctkud7gn428z4rytpl9cav2w2sqm7vmk,BSH,2000,
xch192ztfcklucrh67f7m49luyvhr5wgv7l8hwu2uz3fy679xx5neh5spsly5c,BSH,2000,
xch1dwqf6vkhs86d2a0enncs863zl7l02qt8rfnqdw45nq9rn5d5v7qqwcs53e,BSH,2000,
xch1tufpuddlna5pdm60a9hje3fcje6an46amkk6escn7ppmxy05n4fshhgj3t,BSH,2000,
xch140a4wxec76u0tl5wu6qa7whzh56sejwmywka5qjqmqtptpame74sw2m5k3,BSH,2000,
xch1zr5edzmzye37m656cre50h7fkngyu4unt84sc98vl255np8t6qvq8fsy54,BSH,2000,
xch16qz9xw4ht8rmf7e9l5457qk5u3k5a7gdc6dj5tf9qp5qzjwldy5sqlfc4q,BSH,2000,
xch105kled835merxgcrnnqhy04kadcayt06wx9kpk9v2uqvfv8ckvtsktu3mj,BSH,2000,
xch1dhte7rnlx568g0rjgzuf3jjsxv6s4czkkywnhq0xn08he6dk6xnqlkkcan,BSH,2000,
xch1tm9qdhj4php93rem23ac2qptnwk86dxkjy55seh8y3msmadf460supl66m,BSH,2000,
xch14rx3xpysn6z8eh6pzxhtv3d8d6d7jl93stry7wwdnn407ztrrv3sgaxlch,BSH,2000,
xch1v9kv9wrlfyup95u7vu3yhg59vmqhf4ckpsmnyqxccdh8uw8gk95qtmhsp0,BSH,2000,
xch196mn52n4l35wqr8uzawuutz2edfdhurz2fkcttysgdkwrk7p5tnq26wsf5,BSH,2000,
xch1ek797jj3amyqzu72lnykl2382gxx82jcnd29sln404rf3mvr83asnz48rk,BSH,2000,
xch1yljysa2atzt73lxw37n2qduf2yenh30tz0l5hp4gvp90rr0exsnsdwra5r,BSH,2000,
xch1404z5v2a5hrhtharjhezd46yvl87wfjc43zcn60n0sxrv3ms005sr73wen,BSH,2000,
xch1kg7wlcsk3pm2krntyweuvgy36r9twd0qycwsfae980gw956tnu7s4fpudz,BSH,2000,
xch1kvhqyz2hlfuj5uv74ehpvs5wcwn8f0llyyqhqkajj4mptrqdulcqzvfc35,BSH,2000,
xch1ye0fswahy2cqn52uxs4k2au86nf50v9jw32n3d8s42uhf20wp6dqy8lr74,BSH,2000,
xch1yaprarwgmjqre7ck5wdp4hcze3t23p3dz6q5fjxe3r679nx2745qj43ll9,BSH,2000,
xch1j9aakqwf4nt7rx0ef0fh4nlrthsydl5237ztsjklnrq78n8kz2vsmrzx89,BSH,2000,
xch12zgmj7adevwec7rgz0d6fxe0xtcqydheee4h3mskylttys90tyuqrty6zh,BSH,2000,
xch17daks038tn8ueg8fgkm22qlz2ese9jl5fxpgnvensz8lhgcscz4sgzrf9t,BSH,2000,
xch13urfjkzr7lc30c85fxhujxqmn5qyxr6ayuy7qktuzw30ets6w98s6kfwhv,BSH,2000,
xch1zm09d5mefx7d5u05tths95z8fm8ctk697n3a25w9y4qhjg259ngqyka9c8,BSH,2000,
xch1nrht93hkj9034dz3x9lxu4emuy5yvlfparskkrhxjrmmcntcz7lqa74yg7,BSH,2000,
xch10gzdfqc9hjp34myufvykxelkeevh72h5ss9vkwgqsgw28r9ygm2sh7kzvf,BSH,2000,
xch1lr9nrxud7ks82z9z02m70pl0qfd4agy0ntxr7nfcg23mjx7f3z4qg0xpfy,BSH,2000,
xch1kmedjl5as0h7a9taphgmzx8tcazvs6ykexcjduc8udpgfkz5lrmsdpms9w,BSH,2000,
xch1lfhumfl3sesxxyeejtqx9rhxx2gjx7p5pyn8usf233jrhd0utthq72j20u,BSH,2000,
xch15fycgpg665wyflvk8r2xlzlt7nw77rzva63722r0gamfrpj4qqqqu6fmkh,BSH,2000,
xch16equmnfagme4zgu2v9670mcx2nlr2yzkc2dxsf6g3fkxgfdm4acsshf9ln,BSH,2000,
xch186sgf84q9dkpswrl8fw5r0x3j56xzkv2xhaksns5kmjj0klue4fq66n3nt,BSH,2000,
xch1w8akfuqwar9nyvea5m48svmrx7clryu0cgs0al8df70ucef7dwlqs072rl,BSH,2000,
xch144mkrrfs36heyw39d75u952mq4x2qrhmkr7m405776jf6kcgq8jqdll7xg,BSH,2000,
xch1mukcratwtt3wn9kxeccsdxuqdwzr3ngyhvfweafa33day9mtve8qphvrwg,BSH,2000,
xch1ngwnvd7vng6s7f2ym764j5wvdv4j3knwks5jp729mrkf5yeugsxq5lyhyv,BSH,2000,
xch1v0wek6qhktgvhlnyxzd70wf30rw79e67hwykgnzsf682q63rejsscptpxs,BSH,2000,
xch137axdjlaaxy2xyg49jx80w8qgz6r7l9rzzvj87zhg4wkpejpsnvstauys7,BSH,2000,
xch1wda9q658wla5rc4qp0mp0ms5hk5pp4f5cj595t02veuu5ef0fpxq0a8u5l,BSH,2000,
xch17z32k95fue3gvru4vltnk4xdfna7y7e30w0xht0mnvj7e732dfhq2uwwct,BSH,2000,
xch19f0aulc722lrjprg48rs4ufkxcd70ewjyyh22vkmxnyjgp80qf6q8an0a7,BSH,2000,
xch1dsr5mtwlcktdewxqkdj8qugmqp9w7k5xcpvddpm433ye8kum5ukq4g3rw0,BSH,2000,
xch1gue3s7sgdpcvl3cjvm5tk6tmaa50nszpt3px303ksdpplcq8kg4s5dn20h,BSH,2000,
xch12yt2ua5n8ss44xzsadjcu6xf568gmcg568cfy2cdm7xcywa75cjs79g6wp,BSH,2000,
xch1j8dzqg4ls3zytcgsdd0tyghay7gjwk29k5642qfdwg067539gy5qhlqwjz,BSH,2000,
xch13g0rgd36q3zkfyyerd0dxek07umtu7sg4dm9nv98vht4lrmpevrs88v9qj,BSH,2000,
xch1ury3xxqkqsp8jxv608fsvx4f2ezepzjm0ykdp09ylm7s6ujxx0gqlwcjyv,BSH,2000,
xch16c4yrtpa8kqflkrq5dq6q9emq8h45cce5yky2n62qqde2smzlkjq7qwmyf,BSH,2000,
xch1aj8qfhkjp9uf2edt2t234z3veqd4h2g5tm08j2mptd3xkrme5sps3449w5,BSH,2000,
xch1r4jhu3pgt70rjudf5jdh6ee4dj4cuz0hkr8gu42e4v9mywkdum6qc3sfq6,BSH,2000,
xch1wgr99hc5amcqn6mw8y554lpk73xhk58flnkgmpx8qqadd6gn9g7sv48ve6,BSH,2000,
xch1r0c49h7y3hffum95yfqlls6224fv9y6q6zru3tgs3v6stlf0fv5qk4ft3e,BSH,2000,
xch1604mzc6jm5mda0fcgmqhfcc6h50stqppam6gz7sa5xs6eyky3nqqk9pvww,BSH,2000,
xch19gq0d85cq0n75c7ercsrnus79lxgqydgd73v2x4sdgw92lrw9hcqmhnrc0,BSH,2000,
xch1v5um9evdek4yqksq4arqgwlcdns9swgk5l058v37nl74n0fcwvrq9g7gq6,BSH,2000,
xch1m6ak8untulwal882zdap935q8qsg5xc4ajcgkr5t3c580uvugwnqu8ek4x,BSH,2000,
xch1kg3wvy32tnljaeqptguklx5wwvtkf6ut2apg5qnp5lmmscl65xpq384l3q,BSH,2000,
xch1yzfyghk2wp3daftmnq35k743s2a0ed8gpseux07x77gnqwx8p2usq7ykgs,BSH,2000,
xch1e749gyds7zrgy0yd2yf88ggf2jqtaq935s29d3qlx6psy8vwwsvsfqd6rf,BSH,2000,
xch1rgclffccxnrvltw0mtus8lvv0m8ttfs5u9e5jqhwf366nr7xrg7qp5a096,BSH,2000,
xch1hmajcjrz4fyrsayq486tcteergz2vslvphmwsjsp3gmy9l8vr67s5s9h93,BSH,2000,
xch1lchn9qtrdes356yseqyvfcdj6qkc5t8szm9yghzcwg9vxgvqraase3xn5p,BSH,2000,
xch12kf059zdkynfdgxwy2fqqurdd4mnrvt72qjl49xg932k2ewsxldqhakly7,BSH,2000,
xch1yqkdkg9aadujw2a5a2vw5mwfpr2vs858mcngk74k9exzg2zjqq3s0eq7k6,BSH,2000,
xch1gpsg9vc5vkc8k35hks624z020j9gys4q6wfngffcdpn3kjau647q79rmhm,BSH,2000,
xch1rgffhxdnuj894562e3s4h8ajmny036djnntluvqkmvgv352mc88qd29yzz,BSH,2000,
xch19gh29anpstmptp84ypcy90hfvhv84mmz5gk8syl9lthznyl22avsy6yh00,BSH,2000,
xch13vdmgrgwxp0jfaky5epmh9a08pxu54kk666gqjk2zjud8dky28vsd08snc,BSH,2000,
xch1gupcq6k5svsq72ly4vv50pef2c8ruxqhk8m0lqxa0j2lnuah0l4snpjqma,BSH,2000,
xch13vn62ld5tzva7c4er297q0whwdnf3tx62tdx25nt84x8mkhh5sfstdwfmf,BSH,2000,
xch18fkxudza353l0fjd5s4dp6yszma688lnnh9l9mmyyefg3059frlsmyfuux,BSH,2000,
xch1lmzusmjl4q748menuc696xc9unhwzmnm3e8yy2hel6r05nxk8yusx2q2h2,BSH,2000,
xch1fpdyeggwpncffzvw50da57uge9ecx48h5qcjcahqq4wl5a3chfdqep08ft,BSH,2000,
xch162rwesdyp0frus0s0ryzg62lt6t5g0p0lxae6yrzjuplnrx6z4dsq8zk5n,BSH,2000,
xch1zywxzaqyetq5juqv8egucj8n69s8wmdw3a78tt3xzd29mgawpa6qyvgntm,BSH,2000,
xch138janltvu4sy9cjzgfdmn45reqp7q3qurqyx8lzqnuznuj6cjduqtksxj2,BSH,2000,
xch1faq7eu4r80dkferth99wte9e32aymkpw5r5wnzulwf9wpav3e2rsfsazu5,BSH,2000,
xch1u8uht5xc2werxmwlzhats3gdjvxxza9ajf78t2sxd32xlj0xwngq6lldm6,BSH,2000,
xch1rz2se5tjreww3663xftlfew9nja7svjmuu5fv6dvfx5zvu9vwgjswcav6h,BSH,2000,
xch1l0c3y837w5ytvfm4nwt8zdtr5uhr4hvdn5d7xk8scjjqczpr5mzqmpgjfm,BSH,2000,
xch16yzshqqmdyw9d8wdv0ge7hp0xljzr7ms2rsvd2zngk2l8gnjacus0ta8x6,BSH,2000,
xch1yfdmxg0qk33guds4dz2vuv7ezg22ln83c66sse85ywhr8rx364jsr2fffk,BSH,2000,
xch1dfxrl2hhzy9a03u62flz9m4c5sgped8zpdkxxw2um083pr67jtrqkrr8tj,BSH,2000,
xch1023v96qme72hzhmazpfpgr29d5u8atzry5g8c2zyh0mdq9ws3tmqlkexr3,BSH,2000,
xch16w35s0j8hnjfk5qcwudx2kq4d963a8wzt84mymhhzjs420rdqessy5saeu,BSH,2000,
xch1kjws9kl7kctcgvamv94zacdypwhw6emgyja30f00kug5k358wklqqcsm04,BSH,2000,
xch1g4lgam4yetedg7wx393khlr0rf7lp45df39aygqwyer5yd2l8gcqxlv5pl,BSH,2000,
xch1ysr6va3992l07uqrdhvkqhdn98fptavtmexc5x69g45zqlxz6s7q77ke9n,BSH,2000,
xch1dpkj088f9wt34ffu0kfxfmdlfqudxp0qh0x0vclyuv5halvq6k9qxyalkm,BSH,2000,
xch1k8ws2pwh3vha4lsuqy66mg6hwg4n58ke2dh79scsaqdx0rxcz5pqvkt3ck,BSH,2000,
xch1a8ueuepf4ccjzyvlm6a7pwzvt0a2f688sa969p0vkavy04hflpqsk4y44d,BSH,2000,
xch1eg6nt5r6xf0y86dwrry6x2hxk9emhsxhmpgcmjmu3vp9t746jl2su5tx6l,BSH,2000,
xch1kse62un8zk92jhxmrccs6zy6geyrt5yyel3f2qdprx7h00534fpspjqlkw,BSH,2000,
xch1alu44zg7ezuu7cry04s4vqtt7u4sduqh0a55hg8dre99tqtzzgfqpw9af8,BSH,2000,
xch17wucp8vy7vp3s5uprdw5s98gfvavvg9e56q4r6yprqdtc37j5zms55ndaf,BSH,2000,
xch1la0k75mlh72slgt6u77t48pta3nrsz0mhjygxjnkt04mqtd5urgq6q56qz,BSH,2000,
xch1jd4clufknrr4ucfrpwwm92jgugpseap0lt3yl4h4378kg7vcjpus5y2sc8,BSH,2000,
xch1zsl8v48g47sqexfqx68cmcgd4cl9yj9d93qutnwj9ymtjvcesz4sllt0py,BSH,2000,
xch1a4lk280nsxlhs85952ae6pgjdlte3zqyvh4a7dcvm4eqygnks60qs9j0nr,BSH,2000,
xch1eux7hwxc5v3mfl08krgscza9epeeykj7gpght5qxu4xc3s3u6hsq03ut7d,BSH,2000,
xch1v8qjjmyd2ahntf9wg7yzvvu6rpfavzvaayjpf7j9splql06nn8hst0ulk7,BSH,2000,
xch1cdlrkwtdr46czvkr39gyczw6lqafhjpfd4y8gwnmjdkjpujtsr8s5c7ugh,BSH,2000,
xch1ank9vzq6ksxv03k028tst6ksckuynftcf9wrdzwzgrq5h09qt6esexw5f5,BSH,2000,
xch1mv3p6ga3jjqus2d57dv4st8eduwsmdv23shvgezvdugd9m8x0m2ssr675a,BSH,2000,
xch1kcptghflvte4qhqp8nwymrj3uu2jh3mpxtc3uumd259jlmgzcpzshftga8,BSH,2000,
xch1nnel0wtknel8e794wp5ecyswhxga6l0edtzexlsuvg03wy6msvhq6wwpl3,BSH,2000,
xch1u0d27s68pytjs4cskspwqfunre54rjr7p6ehyrqsazccw3f5y7sscjnd5z,BSH,2000,
xch19uvnrazw76zscevcjzea2ppfq3tpen6jy7yvz0d0jwa6yamu2snsrste69,BSH,2000,
xch1cryl3la9dvqlyqun7q5waexefdgvpg6a798n4gvjn2vcawlcr0lqtxwd3z,BSH,2000,
xch1mhghgm97hv0gwdxksk7jvefc7rspchsavw3qh8cauq6jpjw6cpxql776v0,BSH,2000,
xch1cq3j2u8ajduedccnp2tayxefm5jfxwr026j2cf40fp9c65rtfxnsycxntj,BSH,2000,
xch1xg4jkjdlt6f6ydzzarevpx4qha0p2h750rxxxcnu5x6mzyap0axs2xpw93,BSH,2000,
xch17u373slx3sflvfp9032gtj23smhec9jwnvewen37qdff9hwtfe5qa045jt,BSH,2000,
xch1udg594nyw785puwmmha5y6k6nz8cx77htytxc4f73gxgfxxyenash3xjm6,BSH,2000,
xch13n90a4pl6xq2647c5kues5y5garafzp6r70g3pnrd4rh4qmahezq3lffad,BSH,2000,
xch1xnj59gfnfhtde52r7xk5yzul487zalft5msg7fd7khkth8l5jjdshysmae,BSH,2000,
xch103u25pshcqc42p5mcr8c388fa86h5lypdza27z7am52mxk34mwzq4t6ul3,BSH,2000,
xch19a7rwtuqwdlxvysrxkk9s9733sq2y2v79asalfzff47knwcnp2xq40m6e5,BSH,2000,
xch1uywnf30jf9zhsjtwht4s0rzhxhtngmxjxgdv98v8r0mp8l0eyeaqwemwyk,BSH,2000,
xch157sdrzzeevukuarcj2yqn88567xrfmy80qpn5njzxr2m7avcchdqmw6rq9,BSH,2000,
xch10fhz0kfdllzhwxwc62ej2h7zjx3s8kz7jyq5j4w76tkwn9fvswtqf203vh,BSH,2000,
xch1kg0amypq26agff7jvj4t6zxrrzlh3fnuq3zjqakkad99883z9gusyrmvwy,BSH,2000,
xch16dnee0pjhjxpd706r6fez3sczrac3sdk2tzj84vm69xkrlyuk05s8t37z2,BSH,2000,
xch1m8re4dqlckfnaedzpuv89l9r643rdsam3mmuctraf5aht08tqgrs6rv8js,BSH,2000,
xch1kyz5yngs4um3ytrllz5zxt5wlulpdcdf7wdzdxmahd7pvy5ttslstljxe2,BSH,2000,
xch1au7c07qwt607v6qhvn9jzuaznyd6sf0ny7g5z0rdwf4wum2qwnqq7hltmh,BSH,2000,
xch1vnp9zarmfcg59zfmk6h5x7lxwuqlpj3remxlwktjujh4uksx3hjqzws0dl,BSH,2000,
xch1xevck0x5ysw6hjq5v6sajl93fuxthl3t30qha4c35az0f6e76arsqpcdc3,BSH,2000,
xch1nw4ckjldgk0ugltpepcu2p67fgpsshqzeelzgvw2zkw0u505rrrqzx8fu6,BSH,2000,
xch1g0jk53x0wxsd9mjs78nggccj3kg3vu852ts4vddsljt5fw0rs09swreavj,BSH,2000,
xch1wyd45tccz5j2hsffl7ws84kty0p94rz2285skx4xl536ljk8pawqakdkew,BSH,2000,
xch1tg2wgnq67v6ksqz2l8e950gz6nkkrymnlexal4gegd8f2zu4yykqn8ahgs,BSH,2000,
xch108kg02xfuq5h5auhpa4234rl3uke2q2lhfgzkncsdez80hu74fesd2d3y4,BSH,2000,
xch1l55r03st828wcl0s4jfda2s4rssatjn2d2ysc8rcjzr4cxcvsahs43gpgw,BSH,2000,
xch1m0rwkrf5st7pn0k8cknsnm00tp02lq5xlmgg2zfmrq5c5xuns5dsrr9jm0,BSH,2000,
xch177ynrmuhf849p2j9tsm50v3feccajpn8tzymt39xj7he5uxxeseq6tlz68,BSH,2000,
xch10sg90qrcvqseem897dnd9vr9sxt7auhz60pgvupgly8s23c72gps3k2wkv,BSH,2000,
xch1v90pzxuxsmx6983hjrqamwrvz66gx8lde4z5mxm4qr7rk9cst2cqrp4k0q,BSH,2000,
xch1a7nhusefc5w6kq7zc0zvr2xfkx57dq5jfchxzjl88fmtawxkty5s5j2l2r,BSH,2000,
xch1enj7jwt2wz9dzjfuc34rpcce5hn5q4agtrmeac6x4we75w4kjlyqc3azsn,BSH,2000,
xch1r3tkw7l3xhuny86n7394hwp5wlga48mzc4dtrme6x768rc6w2cjq8l2jux,BSH,2000,
xch1ssfma8g25t8astk5jldgqfx5gdxn9c2f04fmxml50yqvge6v7f8ql7ej9w,BSH,2000,
xch17d8u2a40zun0zfkefyzqpje662ssc64r4kcumwnl9c8rarq7tsnqc2dc52,BSH,2000,
xch140x2ce49lgl5y2lpxzv278nn9rvpz6pugh2fd9x5thkuj8hxtsgqv87gps,BSH,2000,
xch1zhrn44mq5ww0m6j3egpuxxcyywn7lf0kgd6p4mnrr5r7mylcxywqdc27xj,BSH,2000,
xch1tl4enzegf800da6cvqfatg0x4glgranzyldh2nymf5g0tppwnxnqv4nmkw,BSH,2000,
xch1jp03y0c8429x4cst4uj87hf0d2v96dy349j9y8t6jq9ngvxm96xq6rejcc,BSH,2000,
xch1dzvmj4g8c2wng6tumj04h0jef507j4j98lkuxlrjf4v66rv262eqgh0kwh,BSH,2000,
xch1xjcrlnwgtte420drlceaqxhug9vmh9jt7cudxd4qsk8e0wecj0psl093ag,BSH,2000,
xch1dy07l4ltq8j067qqxmkj3l2f7wqfxp5haevr2ej7t8yr02vxf29sgsc53c,BSH,2000,
xch1emv9r9kk4txn4v3nj47wrz43neam2jfedtshsrn4sx96q750ga5sjfskyj,BSH,2000,
xch10j29de6vfnqwztuxylmgu4q7uyves2vp5v6v7n9hht6c48zuvkzs25c7km,BSH,2000,
xch17w2m6pn74gt7gt8dxhnp25l9wledmdflenu4rzeh7qp4n5ccn74s69t32z,BSH,2000,
xch1cfkgxtcc4yz5tt9sxsp9le04wc5awrhc3873dvpmgzfcuuvqcldsa50rfw,BSH,2000,
xch1kjp5w0g8e56egkxd9q7q4mckextkkcn88tnss85vnes5p6ef3jrq3f4mmx,BSH,2000,
xch1fsvdhew38wxxn9hpgp0t9h0k5w875xz7kuujzgymxsz2azxfpszsqp7nwv,BSH,2000,
xch16uu9nty4txae0e3pe53epthsqjv8s90vn9pgtrw3hmj424xs95ts62xx47,BSH,2000,
xch1wmtmgawarkgagy7374d9k9pyw985l9xejw3kfez58a8ramr08rlq7vvfgt,BSH,2000,
xch1h8a6jjtjqsz67ufy6v3u9krd6te64rychgyu0clve2w98008uqaq5gteyy,BSH,2000,
xch1rk4vzve4ae35jdcq5vwr8eu4cdhfcthh5p7esmm8dr2d2md556usuvsfrl,BSH,2000,
xch1efs3umuprev7c85nqkusfv3lv2ste5pmjxgzr9u0jpesgzwsk5gs84h4dn,BSH,2000,
xch1n6kf8ug7xrj92lcvvlvtelcfgls3229ztgrxr5elruddsve3256qz87y9k,BSH,2000,
xch1cnscpncp6r8l92ungnuukf8gzwxnwsqxr3p33ksjuau58ecjl24seemsyd,BSH,2000,
xch1v9v6vkh46azwyftaac9hcay8678qlsrxe4gt0rja4lv8f5c0pvwsdvyr5u,BSH,2000,
xch1fcds4pqna9l78nc50hqm8u2uqdncm477dlemmj0vxaphh7vxf8jq8sky53,BSH,2000,
xch1wsgfp484fs7uqa4tlr4dymp00g0t5n9aq674nhw9cwsfyvpv7c9s7sujtr,BSH,2000,
xch1cuggqdt5q9c8u2etlkx0tcu06e4rmsvy36mx9q0rru0y3yqkpljstu3ela,BSH,2000,
xch1hc7wxd9jhth9vudn93048suu5vd75hka98r5dekvezckw7x3df7sr0fq98,BSH,2000,
xch1sxvekgxe5mgfwm2vnhe3sxqcs7pqhl4hd8vprn7m97h6w4ttwf6s7zrmwg,BSH,2000,
xch126wflx56gvypn8sf04a27l628txrh7q4fslerqjmrwhztk2ddgfqaqh8jp,BSH,2000,
xch1t855maxgnw53t08wwqy6y6qw5mcycyx5772ntjr4erxkt2ze7yxqkhe49y,BSH,2000,
xch19fy8wf87gh3v2k9djass3wl8yyn92vmjxk03pznx88w78mf3vtzqk8gjvl,BSH,2000,
xch1rrzz48ytr7v79vkghl9qxzymmr6ch4ysel7gctshvf9n4x8ewn8s6drqme,BSH,2000,
xch126v29lmjl6dqv6zgjftdpz50ljnu2yc0dpcm9947gad24vxft62sg3j4jn,BSH,2000,
xch16vh5p5e5jnslpz9x5pwhwympw3hxdlzhclq2ldvalaata87egfwszl4ney,BSH,2000,
xch1rgukzdxgagfuqn2yadhz4c406m66cu0d6rysgn648kpdchj780pql7xvf0,BSH,2000,
xch1za5gt07rxpq8kcfqa8xmt7dcwzmksvm7sg2ug8ths7nzsfug7yusagz72f,BSH,2000,
xch1nc2xus6wj6rzpfkepmw873yk3f3683vrsp2fflg6z6n842uru0es4qd7ne,BSH,2000,
xch1tr8d9sdu4qcsj2g9lv0yyts08hx63gcmudqhaucka06w2pnmdd3qgf8js9,BSH,2000,
xch1hjtuctmstc9a9m0jrepfl6vznaadvklxznffv9vj53x5a3a4ny7qy3wd08,BSH,2000,
xch1dl6zatzf3px2lc56w0jegdy55c4u6arw05jkk3mzql2308e90zjsgrt4r8,BSH,2000,
xch1yrgqsd4dynhdpaemyzu6hhj709ekzmk37jaesf3sgtcgwfucvcpsptt0nu,BSH,2000,
xch14fhhhag33ruqhqc7pwgpyszqrmyc6et8ad6k68evrrf70sakss9szjq76e,BSH,2000,
xch1v3rzgayjjue27qshen0threc4jcuucwzql5zm6dkz763tf7gn9xqnr608n,BSH,2000,
xch1sl2gtus45hyyndauud8vdmrvqn3s3f44s7ckkpxkfu75xsafx0qs2pc9mr,BSH,2000,
xch13c9ewpkrth6f37ktatsq260cs0llk4aw5tscx90nrwlxtuj9qz5s359g9z,BSH,2000,
xch1m25ttvsuntgmlsed7g0huzu0c8kzppfcjsun3nwgel5wfkzfd02qn5zc50,BSH,2000,
xch1ydlpm5sr9ezwjhq3qm6jyufzsvkuuju0qd5qurpn7kejea59rmlsry5ljj,BSH,2000,
xch1u385270t28697amtnmxvhn4tl2zy0cxp2njnr3hm0l4fsd53zyfshplqe9,BSH,2000,
xch1c80hjesny75t5hrsxgsfv0e3mqnpl0fe99r4n3nynk5zk4wnpwmqshvl83,BSH,2000,
xch1jvl95dm0nnl66pcecyz7sjavel3m87cqpnvpf3ruhqz5ajry0e0sc7jsf5,BSH,2000,
xch1an4p2e0p7ypa9nczcqzgpaxl0c8v3dqcsy63huh0audsphjkggeqf6uzxu,BSH,2000,
xch1y84msx8typdqxu38hxy0f7fe7df5f2y369rltcqkra55aksulnzskjt3h0,BSH,2000,
xch1fye9ajudwyrf50fq7wz7ykht3ytyg80g0xz9z3wjwey75s8p5h9su3vkdz,BSH,2000,
xch1uzqqf28vsgxtt2hm832ajg30pd4p5m6c63pjkw6pn0l0xam3e4csj4nua2,BSH,2000,
xch1rhsl5n7mhkf7rf0j662xy53s7kfchjfed57gpwfpyd9qhg8u56ws8s0my7,BSH,2000,
xch1scuq40asw7kran9vjmgf8ag09tfvqcmx57cyunx30kzlvwyk24zqs587sr,BSH,2000,
xch1f9kt3ypuxg5axlvhdr9vzupyun4p3qxkn8xjes40jtlf800lz70qk2u8nx,BSH,2000,
xch1supefluzd2vjn3aa8yf9k8nrvt7qen70ped5zvrddxn3fpghv57qduk4qf,BSH,2000,
xch1jax8th47dyr296ze094lvcwka2nsz00nskcc0lrjsk0vuemxusns0arpx9,BSH,2000,
xch1xdzcp6u0d68tltj0mrmm7fpf3q3n72eg7rlmaandll2d448wrnuqnu4a0z,BSH,2000,
xch1akmmgw70tkkkcw5ey2k2pl5mdwsewyx7w2f4rf7qcqgcr7p43fwswhshqw,BSH,2000,
xch1e9grttatjgjqm436km4h9vp0n3hjem30kc73d2he59l4t7s2cvrqy87ent,BSH,2000,
xch1jsq7ehud02pyd8kjg0226xdfq0wey9u62kxgp24xyhlfzyktdd4qrh03rc,BSH,2000,
xch1nsvngd044pzcw8mxvlu38tzhafmw4pa5rpxdacztlf4j65xpgdqs3zjrr6,BSH,2000,
xch1h7mlt045uj3uzs0vn8yqgk6e97atvq08fyzp6uxtpgvu2e4hytgq9pgz2q,BSH,2000,
xch1ynrv54yafd6yq0lwdz664g46klm80wdxnqft083xxdtsvmkjdfvqdkaw64,BSH,2000,
xch1cscw2uuj5c5nyzyuujnje9pkagcrvl7n44rzcknpj30ghzwszykqgqwk4r,BSH,2000,
xch1jpkpukd6ntfn6n0whry8fqzmyk8cm0lshdvrprrly3k8nasuy8usnt8neg,BSH,2000,
xch1zlf279u3cnm07ac3h235m66z6jzejap956wg9w92qwnz37p0x5rsnxea6d,BSH,2000,
xch1tynr8kfcs2zgdpuqxdcm0tcvp9vyp93esuncz7u5yx6xdnwndkzsf4lwk7,BSH,2000,
xch19ck0008yvky9dtktj4r382h2a520xwzq58e36knhfj9e7uzj30wskzydgh,BSH,2000,
xch19zwjq668zra8dvyzthl8vv2lf8r7wgn0qwvjxqdqp3nffg0g4ymst9tkq8,BSH,2000,
xch10tkqxt2w9ddh9wz9ep7lszuecsx69kc9rrn05ayrxcqhs5my0mjqw6exp4,BSH,2000,
xch10wxns9u047364mvcgjyx93pz79mxy6w4n44hp83jg9jguhy7082shdlev7,BSH,2000,
xch1907xc4ckkapl4qwg9p2act8ly0gu5kwq2nmr7xe34z57rpw6np4sulskhr,BSH,2000,
xch1su2yh74gar3a6937m4fe6dzfnzdtrsga67adrl3pwpjyngzdfqzq4m3zt6,BSH,2000,
xch1xca3h3u98463v3ynd7nz9e7hsfz4tc50xnms4npt4s82geustjhshdlrx0,BSH,2000,
xch1v8wrwrqnemz4a3g3yv6sg050mltv0rvmecm3rjngdvfeenqkqq4shnlkd0,BSH,2000,
xch10e0c6du7d0a0ynpeftjud7ysu8h3p3t233xf865hy9djuelg6xzsq25m9u,BSH,2000,
xch1wv292xxyz7m39x95cfqk4pwduvdnvqma0sxsm37c3ywv0p5fg7ks34q0w3,BSH,2000,
xch1unuuvgxlmz6hm777shmz6wfj4dq9pqdwwnhcwchxar94ce2dpq5qjl5wqr,BSH,2000,
xch14ky8f0hskmt3zsw7quldxdyhhhy3f6c6gmc3nw93qj8tql23emjsvpx6ke,BSH,2000,
xch1gprwua3vpmdux98z2cs8xxlmsvjzzwlaq4wmfrr56afufgvctdas9nrf3h,BSH,2000,
xch10ywqezm7udc5w66alq98w0efe5dn3cfjtd9f389xsjw9cplhg53s0vasxn,BSH,2000,
xch14ss8ce5hhd4p88rcfa08yzdqnmfsrsct92h7dj5eadtsq0r8787q8jzy4v,BSH,2000,
xch1xzqffsj0pkh56z4u8gcstnj027z63ptv0lddn550pgypr2lq23gqacheyp,BSH,2000,
xch1n9myha95uu84mafad8gula3eypzvwtvuu76elu9azg8t5zx3tfkq8qhzpu,BSH,2000,
xch19y4lzyfaxcy7ahnzwrsam3sq6setm45l3nl2ausnx6zsulc3rkqqq4667w,BSH,2000,
xch1ed98lu0r977wej775fd72gcxfxxxjf5zl3n963ju6pqge22mjtss2gzz5u,BSH,2000,
xch1lnj73fztt2ej9s72pyezasvyc8t4eg8p9zvl3ct589cngc5x4yfstj440p,BSH,2000,
xch1tmh9n0248u4hdr7q8ksugzecse8qnuvwue6kwq0a7q3j5uzawwws60xdvp,BSH,2000,
xch1mwal0qk5gh6hjw9qakehyf29cekqmenwayrtx6fes62n6ztfw92swwl0gt,BSH,2000,
xch1nlt5c2vv9t36fe43pu28t4xw5ksuk7kjg8yh4zmf0hr9zjg76qxqvx9e37,BSH,2000,
xch1nu84gwln3s2fkml8qk4ngklnwqra7un6l2wwejeas639yluugxqq4wuzzp,BSH,2000,
xch1jwpz35k87mu9k74w28vjfp3wxnw2nfjcszzmhnrs7fy9l48rjs3s0hk0h7,BSH,2000,
xch1008xwktncyqs2408d5qaynnv464v40hwrrla7fznyz2f3czylxns8cderj,BSH,2000,
xch1ak7jqzqjq8ja8ry5kdlwd3wddpl4n4mdcwd5hqnqsu820pshckuq5fkldd,BSH,2000,
xch10kk6f45wpuxdfa88ke02ze5ldx9p52zd2f9xq69790r90ynfmjqsmpmy37,BSH,2000,
xch192yhcvdlzjq6nzgj7u8n5zhheea9rex84wcru96newgg4tuquf9sdhgl2t,BSH,2000,
xch1eer7xhumfqr7zcsx5gwkz0v4cxs2t40xmywxn398xw6naj5glj7qcxdx7v,BSH,2000,
xch1k6hgvn4ldmdml3ku7pfe2wy9z5ppk5rdq8x67w3jha8evmfru0hskcq3ly,BSH,2000,
xch13cgmlzs0ecg33f9sjzulj5m7jnjv7gstsgh8a2lrnlxll637h7rqmzta94,BSH,2000,
xch15efz3u5lwey8jy8zz08e6md3wuh6y5jm2xtvplz0vkdr67ekx9wqwjlq4r,BSH,2000,
xch1l9jpjsw3rmhjwkjau9lx9sucdedtwq6g5a6u6yhnyhuak0sgvxgqrjzjjf,BSH,2000,
xch18tn6s6yhu225enwu3qgsnc2qztndfq4nljrps72up6yu2022sh0sdtftdj,BSH,2000,
xch1kekgyes35ffrg0fehcwgvfgqudypyqkc0n6dx3ukhvrhhkf2ds7sl72ads,BSH,2000,
xch1fxg9cx6ms0r7spqtp3frx8mlk3ky69gj4yp5w0s469vuun765ykqa86k4w,BSH,2000,
xch1gut3gtalrzs2nmwzugqlhrvwy5kq0pwzn53p0rfv3p4pyk4sxtvqzlc4mn,BSH,2000,
xch1amcnl4tj66rcr2xt62laxykl4nlrqgyu2dx5e5zg0xgnkk6jhtrsgp42hl,BSH,2000,
xch1a0w0x953q8s7dpcckvmuddkdq4pcvpqumfw8qxva626hdc4s2ycs7mf4zx,BSH,2000,
xch1nq0w5msn74lw5gtqhazs7xq2nmxvrlsk05lxg7dtfchy0s8f6qws834x3j,BSH,2000,
xch1cud5r905d9spxrpvaa8ztjddfatp76n753lgafydj7xh3r3tvqmqfz54ge,BSH,2000,
xch1ncyv56u2x5sus4kmwxxvs87mtned9pzzr307857h04zqz02g5l6se9k3ue,BSH,2000,
xch1taw97ard7cwtve75agezeyvf4p7yptvhjk5xxm6cfd5yl05j6zzqrqtyde,BSH,2000,
xch1nvzaqpk890xx3tl6hry5xgzryrkuh46j77gelwmfu6dk9hc6av2srv2uxk,BSH,2000,
xch1vp4d78hvarj7zt5ux6pkdxdsxyvudcq7aqn2slzaqk47qslmy3zqfwn5wx,BSH,2000,
xch1cafalzr2963f8yaveypw9ka2splg55k2r6w43tmcnhrtrt0a3kcsarg5hf,BSH,2000,
xch1s3u74twung4xjvp3mkyd9349n5asa3jsl0v8mta59egaktk2yrysq4que6,BSH,2000,
xch1v6n0nja0fgvcjf6d8znxtga46qmpyu3rwpr7ftd7d9ujd8v5k9tqy2lh6v,BSH,2000,
xch1za882vq7kk7mf004e2drnlea07eyurny5zqavvr098t6sdtup35s0eq2uj,BSH,2000,
xch1tnrt8kkayamxpl6ep5n9x8g6e3mhn0ms7nmwdxqmu6d7v29rwenqqwn5e4,BSH,2000,
xch1g734xqq492ydx7g26mfcun2gdnulfzcn6fvkua8p7ae2flmjzndsg5n4da,BSH,2000,
xch1vxx8n8wmj26fxwwmtksztvv2q4jn7e8gsv49v9x4a8d2wxmdx3hqqylcn7,BSH,2000,
xch1sfljqd34twq8l87ree8prnm4e5efn0u4mcu3zk4mkf9fkfhjux8smzwse6,BSH,2000,
xch1y0h0zdq4x5sr2z6dkdpp53xle0z96v6jk88uwpczpdnrfdlkhqaswr9f9t,BSH,2000,
xch1nraxjr86u2ykadf3uu7szmj5w80clyw6ldcq9t3takcpqe7pgttqvqju00,BSH,2000,
xch1k8ss89ntedmmft8dqt5a70pxlmqswtkzzd8kx5yv4dza4szuwn7smunprq,BSH,2000,
xch180fj2js29hzppctxhvyjmlrv67atlwrp4uqkv6utvse7p5pu6lls9l7rxl,BSH,2000,
xch1zzdakzdm082fef5ve0m0dsyuc766e0he4rjr2l55d4a5e6wr4mnqxc4hhk,BSH,2000,
xch1vwjqu33jwfyzyjv85gk04r7kghqxe5khmnvj74gmnwd5c706stwqvel69z,BSH,2000,
xch157qvt8afynyx4pau7m7gvewx4r67pt8luk72h3y8qxyt5ugva0xqnr9629,BSH,2000,
xch1uvwzq8k5pfdyf2azy3gzraqacaq0fxwa2rnjx3sqvwea69u9zqzsu98s48,BSH,2000,
xch1x4nw5645dc36zjl65sdgcn2fxs4q972nfg0rpgxn492h24e55j4q2xa6ur,BSH,2000,
xch1ds29ajk83zj2w3tfaxr5rk4avmlrv5yjlgk6mxmp6rdxh75n4kdscvqtvr,BSH,2000,
xch1nqvt22hrydkex7gs7xll6k9xadrztfxrrwnmchugg2nx4utzntqqrfjkrr,BSH,2000,
xch1famawz5z3naecty0alzxt5llnl7ulsuxu62p3rey8cw33kp5gxzqu5tklm,BSH,2000,
xch1twvak4kdr9h9krw59rz064jl7uawhfkklzgtlev7dnpfhhs96nrq7kghjh,BSH,2000,
xch126ef4qd6syf2vqcmy8n55nd8wmppwvf5hv6zh4nr52dx8fwwx30qhyhhm3,BSH,2000,
xch1wxuecyhr4p4jpqcd7p0rxm8kqqeelhvfydusdkx5thfu7g7ncacs24qxte,BSH,2000,
xch1t4m45h0gtp8d3e0dfheu23zw64hy33kfxm32ctakqqvj3asut39qjrlkk2,BSH,2000,
xch1sugdzaagrnv50cy0mt3qdgx24rr6nls7fndd2fpxnejnjcdn57dqhpg8zr,BSH,2000,
xch10xfh9j7szg6dcud0mcecuqfxvlme3y5zlv26kdmpjvlrerxy4jhs9fthke,BSH,2000,
xch1vx5eqykksj2plmwex6ys3cav83lynfxar6zdljujksjplnl3vhys9e0mjm,BSH,2000,
xch1lt6jgncg4cetwgmhvlzn98v5q6nuw3le6v556u8u5mj8mf4tamuqah5vr3,BSH,2000,
xch1kgvyv6ws8x0s678phvzzd4p49erkh2zdp2muhph66ejuu9p0e6tq4xmsq7,BSH,2000,
xch1w78vdsg6ux29s5wfjf2tpv9zk6amvggy5vafh4ywv8q072g7jwvst0r3zj,BSH,2000,
xch1ws0vlx6puehauyjr86cfvnnscynv5n6y4mxpj90yt02qkc4srs2qxgytlu,BSH,2000,
xch1navvsne9ykxsvw26zx4j3x8wdqlw3x6l7zp944kut34386jcpj3qypxjrh,BSH,2000,
xch15xrr95z8vwhqgs8ntq9mk9z3khcwdmyk0zvvqqhl0kzvetdsurhsnt0t57,BSH,2000,
xch18s28uhxxalam2p35g709xv9dcu7y4ahwvd5362p7gwzqlz43d29s97ncaw,BSH,2000,
xch1fnveyhrsjswmrxgahr374t78tm29c654klm0mygh03jc0cpr8kfq956gje,BSH,2000,
xch1g8p6rmr5tcfj7gdgz9mrmyj2rmucdl3atqggu7zamgv0qptm3hgs7azyt7,BSH,2000,
xch1zxsq7efyrr8trpw5uqv6xgs6837xmmwsey3u8237k8vaf26f4jmsjmy73j,BSH,2000,
xch1x42t4wu0x0rkyyl4jhe6rglnu3h55rqg3sjd4xfh7lv53ydr32wqjuwfma,BSH,2000,
xch1v7wzmp0kykulk2cq3dwk6edkup4fw45ny3wg9z3ce7zlt8y79pxqwfv9j5,BSH,2000,
xch1yxpmxss5x2c34y2pae2vj7yr3zsf5vnrjayjmntgwhzpe6g8qceswa0nvv,BSH,2000,
xch18m7aeexhz0zl78eyx3a779legel6xg8rg04unr6dccj7l7fsaemqfz40kp,BSH,2000,
xch1z6harpnv5vrpt4syqg6qqgamazt3scfkuz99ez5scy9fx4k9neusc4antg,BSH,2000,
xch1gxnl2qashac9uq8lvn4kahsmzsmtvzhv5dugmkq3u85gl0sgt5dsmy7ucx,BSH,2000,
xch13uh2ad4htylyqxrlacplvg0vp9dv3ha9heyqzp5m6ktfscjfj8zs29jryz,BSH,2000,
xch1xd4900a4dzj54er3wt4xm0fy3ch5e4rpea7e79kh74pd9g0v7e8qdl3lr5,BSH,2000,
xch1zmjatn9ddd6zrcl66rsgs2vyj94rh9sgfe0ktpmr4edsy3q6fessf96z2y,BSH,2000,
xch15cu2h7hhvt8s2wqfm4csh4q0ee8fnrphec2ya62jzp73hvx97jhs39vaek,BSH,2000,
xch1sfkjxmszh7auldg2hnplqh4hr5uyyus0nlqpsdgtwju420ff9ceqm0d0ej,BSH,2000,
xch17hkdkffzmk98wjml6ndmw4jelhdfjcwzj72k8w4ttp8nrcsgas4spq5n4w,BSH,2000,
xch1e09u32lfh3lswv78npgeayvv0rfzaedxy0jagxuh49uzqry3t92s5uwc8y,BSH,2000,
xch1fyf0kxlqquh0heqnww5cd5w6ap6syy9jzeeu770x02f53dlguc4qex5r49,BSH,2000,
xch1mznz0trdpj4ekhkyfymmylghf8lnghe07ejuuram9l88t3vpahysqaqnvm,BSH,2000,
xch1sxhmdwxr9htnl5j0e76hfnwe8lrnj3kyprkjdcs8702am2ql3hwqr8cfh8,BSH,2000,
xch1ve87kxjfdhv0w08qxkpnc7at30e4l0dnsf3t57m08hpn5c0rh4hsjw2xjw,BSH,2000,
xch1jda2na2g5q538erdg4cs687y85kqq3cw0ykyksu2alkvaw9st40qmzhgd0,BSH,2000,
xch1a3wa3jllncyu2j2894usd2c882mwjewk4ragl3yvd0zul994aglsf0hjep,BSH,2000,
xch1f32wscsvmh883fwh3jgnu85huf85z6gsqeg7d9mdv2fgp8djxhzq4qx9pn,BSH,2000,
xch1ku6av8cndwdudfszxzf7kyqlag8u5p2g8gk09ud05gczxnw9q8us9jvzuk,BSH,2000,
xch15m39mnc3hqs7djjs9q6mldjhyphfz80urft0fjw2l7tl4lmzxp0swkrp7d,BSH,2000,
xch1w2906l3esxhzlu3ypnssdhuz3n2t8angzuxw46relpng9y0uq5ps03k6y0,BSH,2000,
xch1naaprgpnff8p94tmeqsxgt0xs0jvc73ldy8n66xxsuwfyp27338quuy6t4,BSH,2000,
xch14gee9fzl0f23tgk79skg89luxt8k6mvcalzxh2vweq2kc7ggz9vq03v7zp,BSH,2000,
xch1awd5tzva5s2amc56rx6valkcgvuu5qkd3c3ttsg4w4d7h4lcvymqgezqtt,BSH,2000,
xch1gsjfgvh77zf8xy97skp38899zknw8cz3yj2m36t60ac9mr90cw8qxum6ae,BSH,2000,
xch1e8z9vmarae6ys2e60vs2w42482mzv7n0mujp9ed9y7mwxf03mfnstvcpht,BSH,2000,
xch13trsrwt5dg7z9ped7l9kne06pnsdz0mwexzajcjl8uq7cfrhksfs7yjtxv,BSH,2000,
xch160tgwmj4e8g05sr9thwsm3wk0vq485nx0w8uz6kdg6yc5yv0tj7s3ayh5n,BSH,2000,
xch1jwhfkwy0czxpjsl98jmze7w0fv9627fttew9wypcds7j9njy0jdquchfzw,BSH,2000,
xch14ecs9egxjypfxv56yzqj7fylnju0ycss3jrfd4t4ytj3v9pnm44qqmephn,BSH,2000,
xch1jstmkxu5elnxefsagk89a5af8qcfyprfrey020kwr3qqne2qrlvs9tmhyj,BSH,2000,
xch1v3xt4kd4s8xflqfpn4p44zxa5l2x3myrenuj68klxuz2sp65qllsyrlaul,BSH,2000,
xch1gsy3lvpzv0ylf3y8m595l03px0rypx72s9uxx309wjj38c4myfgqde6c5z,BSH,2000,
xch102s5c7f279gtexnal4448lutwhgjz2la94r7e3d5hvtnegzmg6dqkjj54f,BSH,2000,
xch1th889xat3th4cehnnuwh6kxaunskppxg8zmys30s7unf0pfrwxps7h55v6,BSH,2000,
xch197grz9mu742cdmhf4tz6m629dq09845hx5pcp68xcmyjnqg0mrnsrex8j4,BSH,2000,
xch1hnmsqnlujrs8j580w732ng4ajls7wxdnatx6c55x3k3ty95588gqc6xs4v,BSH,2000,
xch1xan2d4c4jzyym4d625x4tlem2w3tjh0e04axt8lhnhtye3fwskjs02uytz,BSH,2000,
xch1zlm0qdt7ha4pj6hltq6urcf90pmm3fyaw92cwqx776nyswygc3hq76fghq,BSH,2000,
xch1u77chs4ln8tmj6kfc2zzywqzn6gqp7vqzrhv3v7fdy3l8x6ygawsl7g05d,BSH,2000,
xch1rr6jyp58gwys0e4hw94e2wmfdk4uyvxgap585wypvsr2820akm8q45wl8d,BSH,2000,
xch1lwpnfh5jlrqn2vwkw3cqrv59m07wuxjryqgezv3gl4ayzvpawpnsxt7tm5,BSH,2000,
xch1rywc87wum9vn6l75yelg5he8p95tmnpd2hzc9rgsjzs5kqmy96ms3mk2fx,BSH,2000,
xch1dxn6yl3h046l2yel7x6698va90mkuv2pzarwk72cvpfrufv20hvq0p2ffe,BSH,2000,
xch126qtnv6lsjhvc4n30z9yhe36vmv4l4aq0gm066zpg6tnae55kdmsn3e2wt,BSH,2000,
xch1smpp4u0vdmlapyyw36mfcu6t2tzk9xngpkjv4f3wtjzj2jr4lemsr7k5k5,BSH,2000,
xch1tcrdvhqjrwdsqaqajglph2l4anw54e5e690u9wd75wksff2xemmqslp03y,BSH,2000,
xch1x4mnxytpdatsucuvpgksqpetcrjkpar8y8uvzefuyc97txnvjlxs5xwtq7,BSH,2000,
xch1jw2k4chddlqjtmwtrte7k7h3pejgcz2x9u5ksx7djy05hsz4lqws22hdmc,BSH,2000,
xch18uy53tfkfc2f6j5arunqetw5tg5fvuv46hlenmw30tcjrtrww0fs77qjrn,BSH,2000,
xch10dr9acegjm24ptx5e6v268yyvfly6v47xt8jwcj5ajxnvtmj0f3sjhte6k,BSH,2000,
xch167ef34krz6zfx4x0asw4624mguaczx3va0wwjqy83gzn7w5mdk6qh3c2pw,BSH,2000,
xch1545ulmpewke4hrz3rafcqns4awt4nplsfw79xn6aut3v44l5rv5qarxyy2,BSH,2000,
xch1en34w3z96dkgdzcntle3ev3nznquqfc9awuyjej9mh7yrrg9twzq9rpahn,BSH,2000,
xch199jj3rn44sna9vv58wnehyg6mrlpqx0z8kmz4h3vmx052f3c8tjsqjr76t,BSH,2000,
xch1cypa5k4tpgh3jeegz5ecjsxp9z9h8yfsuv42yvtytkuegxu2l3wsv32hpn,BSH,2000,
xch1mjchs4d9mj5dgwhau5j7tc8mypkype95f226tecrtmvdfvrgys5spzt0ue,BSH,2000,
xch1h8acdkdzxxqm7xmymd0n3m086hfj04zpuuxjwce3g6fahmyspzdqa8th3k,BSH,2000,
xch1t92d5t2f2qcrf4cmutul6wnljq02fp7umnhx2jjumacw5303h7ls7crw3p,BSH,2000,
xch18443u22rf60xjtp4hqdt3pwsgsd08hechr9r63a8axqmdwqj5dhs09eq7u,BSH,2000,
xch1rl6wl9jypqffzvtns7qd2zlfxr6xxeyrnlxefzwpsk4fd975yd5qf6d3d6,BSH,2000,
xch1a63ft49lpy5p77sxv90sqsey2h2vznnva7gyn9g42fvt9f3yl3cq8dp2k2,BSH,2000,
xch1770ev9q598ct3zz78yk4mr08rqm06ue4get47d3ku0j2l62f59vqmnr4x4,BSH,2000,
xch1ljhrn3dzl2dd3k0wp735wa9t9979409s7p60jfl8maxt65x3t9xq8zd989,BSH,2000,
xch1hsjp7s9yedy80uxtp9tuemxwtft3kxylgpjdmgwft7xtpyx6kpls7y78jy,BSH,2000,
xch1d3e98c2nnn4ftfhsn7sq2wz932pwj9dh8smrs7p6kcxn5vrdrcrqmk8l6p,BSH,2000,
xch1djt5yxmj9zs0ah3ejlqus6g645zyez8z9wdsmjn3wehwyd98x6sqy4gxve,BSH,2000,
xch1kck4u2k59gfum7wedjk94srwkgw3k903fd3ue020lrvj3ux0zf8stwg385,BSH,2000,
xch1acwdhjxkua084gwxyzhye2l2c6ms6j9zdgpz2l7ul2z3sjswce4qhqz2t6,BSH,2000,
xch1yqrs04uv4lzry92da7uyg4mgpkxldat5fyjzuc9p3vpzzpyrcfhqx45qk0,BSH,2000,
xch1v452u2448cj437ydd066stvn5s8gcarm4r0ymk47ugvfk3mq95aqwzn5ea,BSH,2000,
xch1uyy9kk667msegrwj5zk9cclkrnmc048pg8t7hufzqhtzevuhgyns3yqx0h,BSH,2000,
xch1vm2k3qcmx6auq9ram9myw55wtraf7shtjpxyj6wqagsrchldkv5ss79z5e,BSH,2000,
xch1uasglp3n5z0as39v5gf468ps9zlfc2yqjpq3w2fxfwckfqqjmnuqr7agt5,BSH,2000,
xch1zx5mx28gupx03nzmqpkem64eqwje2vhlqvpq2wem4w2upw5xvctqf47qfv,BSH,2000,
xch1m47karljawugudr7ypkw37gz7easmxvv64u87004mw8d6vyy8mdqen2lja,BSH,2000,
xch1ghvk4nm2q2udsp56yf0ls7vydyurc27hn7kcwngxg7h8d4w5pwls48wa5c,BSH,2000,
xch10qm7fz04vxcg4eydyp4nw3zyzqax6pjzrm30pvrhms8qfamhx6gsg9hwkx,BSH,2000,
xch145mnavwxyev7esugpttluwsqerf02a8y8zfjh9tu770curwu0j2qjmgjqh,BSH,2000,
xch1czhn5sxnc40ns65m06wygmxza46h9r5qdmha99e32r54h5m3z5pq92lu69,BSH,2000,
xch1anv6fg2ranq4u4xhknqg0m7krtdtnwa7ntts5eau6tt55333va3s0lz6cq,BSH,2000,
xch1ug628nsc0lsaslu4xh6z2syqz056zpn0rzv0xyckagdp44xvyv7qwspnxx,BSH,2000,
xch15fhme6acl70yng5duvymdqu4m95svgvrp568hd9jt6ynnxclt27qvjlse3,BSH,2000,
xch16vg2lkyrydgpds4vw676mu47j7d68rkgpf6939m390x3j3jwzltqhdgw0w,BSH,2000,
xch1nh63ff87dld7zg4lkc5nk869cftx6yulrd9gw70vw9gtcplwfmhsj5f7hm,BSH,2000,
xch150ep4qhw2waqx579jt0awegy8ylh6mac3ahau7ugaqulhat0jzusp0k0z9,BSH,2000,
xch1crwcdskdc2k9w0tjlepsmyz5pnsrcry9u4ve9gz6cdgc99g5pwnq5ghyvf,BSH,2000,
xch1hg353g5ddzn2q3m8mvg6phkxhsmfs2dxzr0hmspu60gnclj0wg7sl7apa7,BSH,2000,
xch14uhqx7xn9axewwqmadtsq80gpkq0vh6xl3f37gqqqc4ehmjs3fwqqzm6qa,BSH,2000,
xch1u8xusyrdu2q3ay5mh58q4clf07dfgkvhq6944vrqg8fv5znzp2wsxches7,BSH,2000,
xch1my9nmuuch726n8zyg4n9yaddpydfh096u92mrelc4wmxhvmxsw2qy8yv3p,BSH,2000,
xch10jukkngtppwxw8n8p3a90uz98jtgmm92pud33mtvs9rr6yrj4w6q2lqx30,BSH,2000,
xch1rr8zx07v2w0qml5vv42t4rlj0ul7qs4llx86vx40dzkyr0v6g8nqhx5atf,BSH,2000,
xch157wq37ncutdnnhkklgzkl8fy3srcf0ge5g8zermgqs23qg5ee4rq2f435y,BSH,2000,
xch1uetk4ru0tfhh3czw36hemtqgl9l88qs8duj5sjj69xea7kscgc5sa98dzh,BSH,2000,
xch1s7eaqt4c8mekmy57j6rk0fj2u6ul4zrz07d4rnleqdps3dg86ahswuylxh,BSH,2000,
xch1wwja2rqhavsv25pqlqlxlht5nqjcvhzxxmrm5wazq6magdcqzvzq3sk2lw,BSH,2000,
xch1edwdkuq28kxwgzx0lqmvhn4etcqz9rdtzcd0t2x6nkr778nxjaaqfp9sx4,BSH,2000,
xch137y8qne72j6frgpn2zl7y9qjrlgkwx9g6lg7v88e53c3vqjglupqke6eka,BSH,2000,
xch1dh587scjnx7n4m2jnz5s7gwt0rhnv6mw0tl78kacujk08sn5lxhsmg4u9k,BSH,2000,
xch13gh45hmzh7tgh9xfkn7nef9z8lxwz0yhtg46cnq3rzp27nj9rqzqtgf64p,BSH,2000,
xch16fnd97jqt3542rf6wcq2ztrjtf6kdn24djyvzlfcays2n7n2q3nsrngsq3,BSH,2000,
xch1h8k2nxkcqu90ff7tje694axtwkzg3fves5xzulyw2cq9dv8txagszka2n9,BSH,2000,
xch1cez2ttpr82pv5dhzqqugxnjxju30zycgnn654rtnesnhfkvzurlsxsdzjg,BSH,2000,
xch17ruk9h2lvflt92emsa5ry26ks40032she38xxv7kzagl5en9xmpswwex9d,BSH,2000,
xch1dxhunwf7u4vaxsy807w35gx57ys3qx0nvn04jtqjtwvjytl454zqkdjfzx,BSH,2000,
xch1z7y5zn8r9dlnky0ksa5alxlhqumd5x94zkcefnffznna5zt0rdzsnhzsxx,BSH,2000,
xch15tmnsl6flex38dlvjwuag8qkm7j5n2xfk5sdax30sc7e743kjq4qnf5pv3,BSH,2000,
xch1xqk2jphyk8vdgpf64whdpq4le766g0gq6dxcd2k2at9th04levnsun4prq,BSH,2000,
xch1dpmwp3arpg3h840qwevheve4sz42zr9vhsfz48ktjqscwvlhre0snphxj0,BSH,2000,
xch13w8j0v799c7t90g73vr95duk27txrneluxvtw58ue78a3dqrdzdsawyx38,BSH,2000,
xch17m5e50ujuaae7mypg4kt9ky8hzfya4tzgept86ywksuf533d2d2qtnxj8e,BSH,2000,
xch1553vy0rp4fjhv08armu0k6m9ggwufxy38ffs0pfyj5mujkt6lvtsvdp59p,BSH,2000,
xch1f9hheta92sl46wy6ss3xjxm3kw4jfyvap5pud0667wvfuu7wzeus33x6nz,BSH,2000,
xch1rwexj86rddxnygyvvzjzk94prv660jqkx29slrd9kzajpmkxl8dsfkrv6r,BSH,2000,
xch172zj6xc73j3v3pm9jw367gplxve8nynr3a344st053wtznc5p79spjlavr,BSH,2000,
xch1um86r92e8jqq5vfygejd93r67u9as60u0ahzu7g37ymzq2efdaxsuw9sra,BSH,2000,
xch1vws92hnnyqk7044zxvufz9vvkuc5j9qvvffsf99kju2q8z4eaqjsrf6azk,BSH,2000,
xch1era2r5zuw2qu7ttpfehax45tjf2vpn3gxvrcg9x5vxd7v40jdwgq3nv2vh,BSH,2000,
xch1n7sae4fhgj4vz0e2guf3s6fs686py9783tftpzzya62a3lwsvdks3gavrx,BSH,2000,
xch1m50y38cnkercy95farcaw46fvxyx8perdpfxee69g9c4vf2wr0lqlm6kqf,BSH,2000,
xch1sp5hfhfpvvt5a70acvq0vlh78cuknn8dyp4nm9keqt2ky6wzet7sj9k6k5,BSH,2000,
xch1ufnpn85zgegg4yadvf390y2g9dq9ymahf2ntzehm482m0jsqy68qtpdvtf,BSH,2000,
xch1wr3l0fpe0vtc2x7gy30s03sp7a6kc8h7300udfv0hvrxw7r49dxqt4vkep,BSH,2000,
xch15m5f9uwetmnn0lculd67tzms9hltldq0l69kn8eya8w4trwsu02sk476ez,BSH,2000,
xch120xemh8w7cd8n0scec8mj3dpw3qg3njkvcqjcfdlvxsa9vnj8jmqwsgrl0,BSH,2000,
xch15c6dh77uwx5rh20kdvstap9l650msj8vdx9uz5wyavawym36sm2qqdfv07,BSH,2000,
xch12kwmxns237nex35apd627gpjpsg3nsj0k3h8gulavk3snah6y0ls9dktqc,BSH,2000,
xch19n2e6pw68r06pvejk8k5dzear5mnzstqjjlskmt8cfztdpvrelsquu5pg9,BSH,2000,
xch1r5awn07c68ems53d4mdal4qruxsjeqpgff2ndnz5mef843fa0ansmjv40n,BSH,2000,
xch108gn083ceupkc6lwhqm60jn6rutq5pd0tmxdgyzrg88l2slwccdqzz0lrz,BSH,2000,
xch1sw3aa49qxdwv6pypedvmj535q8rlhq9fesq89rvd27w5r6g4njgqrzfvlw,BSH,2000,
xch1eagalz0sx48rujz7x5jdrl29qwvn2pvachwnzt425j986yk463yspsanpm,BSH,2000,
xch162kkcaf95z7wpgr6ypayvttpl8fplxnn73qns3c34pgle96c77rsp597cv,BSH,2000,
xch1z752dwdkcnzvx42rcfrh6zlxsa7lgay2ztgxdu6xz2eh9t6vp2xq426mvu,BSH,2000,
xch1se4jaxhavzyyn54xvfsn94zqgldcy9t5geqya3k5892rgsu02zpqj6g8qe,BSH,2000,
xch10kfhtf46vla5gkx292rx5kt0d5y4vzzz846s0tx7a8c00v2ttrzsjnv7cm,BSH,2000,
xch1jmxm2vqzfqnypvm49mpyh8z0mu64grrah4475w468me3muvcfauq3d8r46,BSH,2000,
xch1e3r0s74u7aqahmglezf40rn7nmddj8ycvmns0jkdmgrhtq28gcyqs8j0n5,BSH,2000,
xch173l330y6yjvfn7jefs2gwkrdlrdykgke6p3rzr60vfmxxvk9gsrs8pmpmf,BSH,2000,
xch1nurlqud0f0lndf6h0wyetha59843x5jemhefmhrfnqxwjl9gcutsqm3sus,BSH,2000,
xch10qdlzls9v68e5yaft4w3akrlz8r5e77lzeesek59tjy6zun4ztkqa2g3gl,BSH,2000,
xch18nnt7hstrm4zl2t0fcy8hu62gr4e8nq8943th4ne8r5ns4kydmkq8t9l3r,BSH,2000,
xch17cv53p6tu3tc9zm64v087s6sgzuwv408q24y9g4cy62mfzjyn5gqn03kvw,BSH,2000,
xch1apxzsd09xhva9l07478m37wva896jy238qwhjtjzhf5rtxhun87q5kqcke,BSH,2000,
xch18yul09kesg4rrgp2tzwqugfh83y47dn7aaf39202s0tq0x4j0gdszma5g8,BSH,2000,
xch1z4x3pxpn35f2aq5yxc6a3s3j5ue8cddec9sew3z89tq9uk7mu89sdaunqy,BSH,2000,
xch18hasdk2jg6fwje3659dvct4vgwaz0vfq33emd2kttmm5w4mt6p6s88vun4,BSH,2000,
xch1g8lgkmha79n7kkpfm5mtw0qjqqx0hwl8e6pk6qvd38avl5vttvlq5xcedz,BSH,2000,
xch1ys9vdxe8hupxp6qr3uq76h0drpkr7jd7x5arl8p5ngg384khrmwskf5uwt,BSH,2000,
xch1fphkhszzd3pfpe4uakfz5yetkzvpg0n7uu580u28jlr248pq5cyqmj5hwm,BSH,2000,
xch16542ddwlmpmsyfamy7q2jsu8g3ae6gql73fxteprjggz0fplmjfqcrrwu6,BSH,2000,
xch1shkhyydv55pylr5w99j6dkqtzk323z0h2f9w5lyhyvtx67h9cjssjfl9xt,BSH,2000,
xch1a5uq69z06xlakl2nmtt50w7gcnsmss774aajt925ca703vrqkexqte98pz,BSH,2000,
xch1vsdhuup7y67gf0wxqxjdqymsjlm5hnqccyed2t7kds3nw3v3ekhqhqgd30,BSH,2000,
xch1z99t9zwgewahe3t9s7jkp9unldckcrzuprszx2gqwlptgemtmxcsgyjptw,BSH,2000,
xch1wqh3gq3wcjrxxkkrg0cwjt6caka0ufrk3kp4qx2xjprxw77gtegsqdq30k,BSH,2000,
xch1y9cmkdktzjqxmnfwvjtnfftw2z468kq8rvqdk3gn8270qt94fjmq0nmndl,BSH,2000,
xch1uf6asfmddhh6yw5r6e3jpz298dy98lgwpp83pw7wmppj342wd2rsvzjkvr,BSH,2000,
xch1h297fftqrd89zclzhs2wrjzs5fnrpklny896t8djvwa5ned485wqqca739,BSH,2000,
xch1s427hafj7wnze88q206t2j08k0lwt8ngtqypwn74t2zn0hz622nq092wpn,BSH,2000,
xch1234xx97l8phj8fzcygjt3h95x2s49ca7zgt279pq8xr3gfsskztqte499h,BSH,2000,
xch1m0vnemsyul2pwsc9uyk523925nfnkwfwrxz0g6tm2y2aspk2t6wsu28d8m,BSH,2000,
xch134lq3n295sppffwhslqwhfexklrwthnnju2f3pcevyf75tv4gnjq8jez43,BSH,2000,
xch19esn3ccsu5d7elu4rzmnxfx7k2aa3xty2gzetsel34ywwr5kqm0q5lk46t,BSH,2000,
xch1k9kgrsdglyweuueu44awduzdua6tlvgkcv2yg4czkfk2gsa4zehssuausa,BSH,2000,
xch102tr9aa5j50kf58usf42r6k83r4633rn9a97xrmtxxz836gysv3slnk4rx,BSH,2000,
xch15yk80hrjfhv9uxgpr63xysetupkceqw5w4xq49rm3xasnt4dw3qsp5f34n,BSH,2000,
xch1tmwazfrfe5r3dqf5c4esggkdpq6lqf9wmwk3qtljxdwmyu5c5vpqjnfy5g,BSH,2000,
xch1v9gatp3juheezqpp6z63ranqq7gfxtvrdjxs834m55jscwpvphfqs0wl48,BSH,2000,
xch1fkhpt3jjxcytmdc3fwx2z3ye34jxvyavpkt4s68sqx2aen6vyprs6nf2h5,BSH,2000,
xch1wueet4jktqjprrd4vkw7np7r48u8nj2g3mxlvrwhuldv709kac3qt5kf0c,BSH,2000,
xch1f7nnpez5wg6l87jdcv3eseg6mehp4eqr0e3zcwc3puqx4qn4znnqd3ppm3,BSH,2000,
xch19dwtyfx9mm89e082jlx74qx8y5v47pzr3gxevxz4pdrj9jaj6fms78nal5,BSH,2000,
xch15jq3wep982n3kvkpykdv2c6kzqfg6vx3xfge594ky3kzny07k7rs82wnxs,BSH,2000,
xch1dltj9uyejvh7985qcx2hvwaj8nm2hatkl8chm3n83epcghmucv8qdz7mgf,BSH,2000,
xch187pxlt6nd32f8gxcxwfjvl4hualxyzqcxmmdmktdqwuf3surpvfsvx25hv,BSH,2000,
xch1trh89rn8aset9x4f0yhft97j7pkw5dkkl8aud2892xr2qh7ryy4q2h8qvx,BSH,2000,
xch1ku7465jz60aeczyf480z7c9ns5qg2fdkzpeehnngzyqnz4wcszdsy4lj70,BSH,2000,
xch1rc9dv84hgxe7hr5kphlvqzhenlef883f3j447fslcz6pkmttkzaq5m9kcy,BSH,2000,
xch1n6568k9l43w67kmpgvucd8ykzxc33ak3uck324zv69xsppfz8ttsn4c3mf,BSH,2000,
xch1yv3sz2t7h382qc24cgh69s566rmla8d9sv063pflk2qdvld0um6q6czwm4,BSH,2000,
xch1urcs5ta53wn2kk3y7k3jd5veu0l96uwgdapp8w3gfsl5ru6fwxps7nfhh2,BSH,2000,
xch1faj6ukp2m7wmx3a3ry0yxtagqfr5vr8jtufyeafv3y657vjlvkxqgg8ymv,BSH,2000,
xch1jsvmezev5h8jautelstlz3fzgxzlx4sehqwcljk0dk5qqg980u9qwqkj72,BSH,2000,
xch1ekvrygdltu6ysy838fwmhayu5rdtwsu55dvrz4pgdlgnqw4duztqa6v7g9,BSH,2000,
xch1mxqgdwzemywhe4zkj7sufrfldrz4fucqeykewl4tm067g33lnaks3fm98j,BSH,2000,
xch1s9r84uw7vmjp268fjrr4u2v24h86d7m007yjrzgh2kmle8dscpcszqdlam,BSH,2000,
xch1swrel9td4le78z7thze7hl563v3wqvlhhqhz7tw25l6rg5zc47vsddsa8g,BSH,2000,
xch1yud8xev9e76hahvrylhaqe3yz2dhwaw2gys9j6qyd29f9huep88q6z5fwh,BSH,2000,
xch1f2xejtpuh9t2l6uk5uz5qu07e72khykkdcf7sqsyrazhqy5j04jswceyma,BSH,2000,
xch1nnm7y5vz9yv6tnm62xjqhxh40nen56f4cd5ue2v66635686g36xq43wedf,BSH,2000,
xch1kw3e587v8qqs7wx25vv3supfgg5cpg5327s9p06xdtkjkge7494q3k03qk,BSH,2000,
xch190dw8s970gprcc9xsjcaqzl3zdtujapk4lslsfst3pualf28c87sc7s2gu,BSH,2000,
xch1l4tzcalull2z4369ykluxhyy6cq53a37xl09rhwdtk98p7a9xspschgvp5,BSH,2000,
xch1mkhry5pslr6v88rca7arsjd3pqx5ayrhakwhpqyaucq2uu8yal7s7vwce9,BSH,2000,
xch1a4n75g76c5rxtp6epx54e35a20255q8fdencjdrlxptfa8tg7zlqqscwcf,BSH,2000,
xch1nadnpy008nwln9qa22vnm5y00w2rpfcr52v3lt58h70mvfq9mdhquvgr0s,BSH,2000,
xch1y3sszjtx26gde342sfxvlm70x6zjjtht69emrqq2jak89dx9wn3stdkv99,BSH,2000,
xch1cylrndav3czd20yvw5su9yla32du55hr4hxeg7lty5n7y997rgaqewqcdv,BSH,2000,
xch1jh9h0l89p80el2dz8futypn8qmnw7fywuhhu89pc6dl0n6taveyq83p8cl,BSH,2000,
xch1ft9xcveexxznvcmu2t8p6ne6909z7mrc9cp3pxxq7f0xashgx76s2kfa6n,BSH,2000,
xch1vqjfrpw3aqzelhl267zt3e2qcxlpgh2506srzlg8a8n89syft7sqhymeh6,BSH,2000,
xch1kethy8e3hskfxk0mvcxllqmwvc93gztfcuxpahe7a2dr4hyt4w2swu0ws7,BSH,2000,
xch1ddtepxhrr3y5gktkf93s5xf79lxkgatnaj0f55jwvrnwgkkg5zgqwtt7ar,BSH,2000,
xch1tgay7z89xkhkfm5dfj9lx975ucsgcphlqlxjf6d3cxf7e2pcvqmsqlx0kq,BSH,2000,
xch1j4s2hmqqlkts2wwau37sja8qyaqwclu8tcqjjc0zqfq3ggy8wzcqjy4ad3,BSH,2000,
xch1y38zqxryurgp47qfu2s9e32y2qndlz6l5q7hslft2cpq9kmf2j3sntcumq,BSH,2000,
xch198af9v4qrtn3qufy0epfjdmjsx3fckwwjyn7qjk7njchydletv9svkhwfk,BSH,2000,
xch15w28teexsp6uh23lnps45addtzp95775cttpj9dhazcfe9wpn4vq0r66mf,BSH,2000,
xch1grc2xvxm77jljc262pd6galrp2t03vdhjyh263et9rlwa020r3ls2vwps7,BSH,2000,
xch1xv7z3c7ny9ywwh2jdg2pavqzta58d0esl27ps5z5wxg6es8mwuvsyp6fyh,BSH,2000,
xch1dd6l32ydmak3hxl2tw75hq97f4gm709k9vws4cwzdx2rlug8zp4q0qyztz,BSH,2000,
xch1fmy3xrlzmfesuukv8endvpg553u28dt24jlhs88eelqevvt2x8hqtzjc4r,BSH,2000,
xch106dsax80yev5e8h6flj90z3780hlzmh9k382lftwy0rv2hsphqwqemx2ku,BSH,2000,
xch18670c2t4khlft0v9wvgvudvyvtvf2z8nus42v2gwvq8j2qfvnedq0c0pqk,BSH,2000,
xch120xr3y5e9t75wdkjdlzk9gzun7q2g754ee9xwcwtarwuqh5xp4vsxam2xg,BSH,2000,
xch10n7p7semdtxfwkmj28pn2nj2qg69smy2sdx9d3wz6jd3x6hu4u0sxqmslp,BSH,2000,
xch16y8l2daf38paz07gyuxg8dcvssmh2lemu8m26nffpzptq8avmvhsjhz3wx,BSH,2000,
xch1dfa0j37m3luy79989an07vfghevcc9sl6g5z8p3mrjyz5d37t02qu72l8f,BSH,2000,
xch196vc82rmjsvdj6w24mvckjmkflqxzn0uhr9rdhp3vu3ss8len8cs9s5v2x,BSH,2000,
xch13s0j4ml75428sln2h9s9atgn88jun774wuuzammdr3a6kygq9w4qwvatmn,BSH,2000,
xch1uq43lex3wnsv0z02xq26s5vj57mhdlagrt5j59ccqzc2fn9h7spqzwa9fw,BSH,2000,
xch1jq7n4a6tftrmjvtg44qanpjm4w7sf0ytyp6f45kj7c5wzq7clnwqmsg2hy,BSH,2000,
xch1hp2769dgnhkw5vzrhaj8aplhs98n5qn2gacrnqhl6y4eqy2kpsdq9ljamk,BSH,2000,
xch1waef096wcumy6w04jxf4run58vd7vjmzryrc6sd7pq3uzt7szwkq2ev2s2,BSH,2000,
xch15slv294kpwamld65w49687rn42t8a9zruekde45vgrkr5hda0xdqw6u845,BSH,2000,
xch1cywzgufrah2zr5qzdkh97ym38rvgx3326umfjwk6sg230k23cwsq0vcm49,BSH,2000,
xch15wst62j0s28xhac7fr4ym5kgy9fk4wenmgdg6l3knkp27tjr787qmp3l6j,BSH,2000,
xch1nmspvhkwr6dd5cct2z04y2q7jrguqrazwmweat2jzz6rw0rw0kqqs2xqa6,BSH,2000,
xch1f2rtk2sqe2tllfa7md3qscrcg04eygl6sq9kjl47ac5594vezqaq5txl68,BSH,2000,
xch1y7mlkw4cla7jan8ph80y0a6fcvawlctms9ydrwng9cp2qkfq46asg5kvyl,BSH,2000,
xch1vxq4n69ngsn9au75n0rlzdztpvnq04jhhllvl6xwu8036cj07e5qjg0n5u,BSH,2000,
xch19678pfge422jxfcjcxtde0ycydnqkyfvsqzsqsvv72yxqwrmp0as955qe2,BSH,2000,
xch1h3ygxr85dje02mzhng0ul89x53aqqdw4aghj4td8ufjnw50tfu6smpt9ec,BSH,2000,
xch1cmg4cgv6sx8najkfa6j67avj7xyymked2j9jc6uqcly7pd845c0qt7yxgg,BSH,2000,
xch1arnd8zgxmlf8ekwkyg0lmhmpnfprz4lfnls76ghgr77udvxt6casa5mj34,BSH,2000,
xch1s6qslc2ha2dy5s5kk8gge342hnqc2thgmwsxt6zmlewfqz6e23gs7k7ksj,BSH,2000,
xch137k3qsvm8jyz85aqacl749tg8sntr8ey6xplyt5lwqp3e2re5w9qyus6p6,BSH,2000,
xch1w9adaehn2em7d24uyq4ga8nya5x2xn5a9ct2twcfuk5gv4guhd3sgc93fx,BSH,2000,
xch1djeapyg95qa43z3xhrnp4xkw068dwxltgracndttkup69yqumlnspmzgu6,BSH,2000,
xch13a7650jl8d6s7fcwu4qrlg5nuqwpzjtyahdtyrtz6attvpa0828s5n2h3m,BSH,2000,
xch13yr94mtak0yfk3glc489q3ry95474fmrj0rnhxrf4klzq2dcl84snje3qv,BSH,2000,
xch1c7x8py9szcmxtgp8fw5kzsfgv5xgweu8eql4wzxxqdd0xz9442vsyh425j,BSH,2000,
xch13yekvv256uzp0sf92cq55gjtp6n2702lnw3xx0tm5sy32c4nmqkq0kr9tq,BSH,2000,
xch1ex8vj4sdvxdueradh8vzscvpspv9xjnny7d04s64mdvce6qzxcrs89rykz,BSH,2000,
xch1zxwx6dryrarmh9vrk755vhnvd9rm474spcjxgxp7z0g4lgf5jrqq9sc4f0,BSH,2000,
xch1c4fclr2cpqk9heg03vakakcz5dhqz73ucncw8fcx64ft9sg9wmwq6ka9qf,BSH,2000,
xch15huzklzg0utmyzpzx8k0f8ntx4u8zy56t8d8dmxpedq06cvm4vdsykqdvh,BSH,2000,
xch1dj66xd6m76krflpqrf6cj82nhe4vcddztfjfuvn8e95dknpn20aq03rw90,BSH,2000,
xch17cv4zpp40xu5q46c34dxwmwesdmk644dsgurneulecyj3yhphpdscfxwpg,BSH,2000,
xch1tl5w45z4mtvn8pqvgkvadjvugett6kd22e2yyrw5tlw6kyp0qspsnk0gmw,BSH,2000,
xch1uwdumzh7nutcmka238syj7z23fc2rer3ev0zvgea7u3tnf0d8l5sya70mw,BSH,2000,
xch1aautaxm22zgx4t6853el2pgl72hy6hu20gd0yx7mycqlet2xmkrsugv5nc,BSH,2000,
xch1zn6fvnvsj6hjpq2malvwrm8krusk7yzlscspcyndwfpkzkvuedkqecrdah,BSH,2000,
xch1c3vdm65r6qp4twm9h84ayxrm9f50w3x7mw3fx5d9rnjjv8nkwwjqszwr5z,BSH,2000,
xch1v7xd4adee74hd7luqxcjecrnn436xwxkn7e6kdhah7eqaj04cf9q53uajt,BSH,2000,
xch1vrwfqtrkt7fd3davftcrf7x8mcns6ajh655m8d8827mr0sappzgqmecse9,BSH,2000,
xch18ryydfe492yawx29rvfhzvlhdzmk3crvrxkwm67cancfrtnnlpuqyd6ndp,BSH,2000,
xch1n408kvm64d238n0uwwzsdf03qq27eqxtqgc97fcatuwue9l5tcjqchlmw6,BSH,2000,
xch1jgl0nl0mut9dn8qfq6r48fll566wp8pmg20rjllfkug9sg2z9xrs2ktg93,BSH,2000,
xch1fau2akglgdetq54tgqqrfsaxt28e5uzd0rswq9878l2htr70u73qtt08vt,BSH,2000,
xch1dt50qf8cwh4uz90jzk3yfn46s8efkn7gggdtcujq864g4rdg6hxs79jgj3,BSH,2000,
xch1sdd0dy6d8cvjvhnxxm3prt07e5505sztd9hxt2tljyp0p3mktkvqc4ks35,BSH,2000,
xch1y0q59wn596xjpermyd9gnd5vsp4edp2vkc64u3mvnpu5julqhhwq2whtlp,BSH,2000,
xch1vc4hkcwe0lwfjgdjxwtw84eal887hscs7se3sfm9duxzhwcseess6pjtkt,BSH,2000,
xch12jjmt6n5knh74cx84rmfhcckk003qaaf676vewqzkceku23rj6dqe5eesp,BSH,2000,
xch1nns33nv44jd2ekzmvjc0wgu0vej2qkncuwl827wc4k868egvtgcqpy0kyu,BSH,2000,
xch1v2wtenlmjaayw06yx68d4ctlk5ue93ycyct07mk23w3gktjmpghq585ajc,BSH,2000,
xch1jgj8s5g7d6ysyr822y6ngvj48f7cvl64e7n0ush0uu6el35d9t2sgxf7zz,BSH,2000,
xch1m9n2tx5pw2qy8hd8km0cxtcfguarcjtgycu006unc6dgjrteev2sg7usyf,BSH,2000,
xch1330ap2ma9alpk2x766zhcuezc5cp8xs662wjnavfvxme3dh9zmuqaf4jcl,BSH,2000,
xch1eahs5kuumxpc9dpgrm5anjy27zv39ajjvhh4rak26fuqsx63mffq2w5vfs,BSH,2000,
xch1ypgza3neh8yqhdfdcjrfq74cm2ps5dag0va2u0tyggav6snhxsvqcedf3g,BSH,2000,
xch10hf5ljzsm745qdantp8rjzzsavj3cqs864vxktps7k2qkpm8mk7smtrjmd,BSH,2000,
xch1dtz9n986z2tujdvn2vk8pl0hemged2lfqell0vu7kumnf8l8wd5sce6xcj,BSH,2000,
xch1zz73ktnu6cq3tkfzd2n77vtf6z55ctv4se3lmz6t0fedecc5lxusp50h56,BSH,2000,
xch1ft508yj093cyh8w2xqhlnz34t2dxmdt2axus0lvwzd0ssyqqurdsgpc6v0,BSH,2000,
xch1g2wp5eyr36p8z3g6dwelhasm33g6rnn0ws8wg2z4qunr8tntk4psuxmd96,BSH,2000,
xch1mxykcxsuu0xlt70243d8esvk2ngwawtjadcsd7jzxmdqvarky6mqhfha62,BSH,2000,
xch1uep28zlqfvnhzwry60ufyyxtz5xzvemntw6vtrl447q2pjpt8m6s5cw7ag,BSH,2000,
xch1fsknt4xgcuu2lw7luvtd4uf63s2rl2dye26pl4e0zn35wq07p2gsk7wlel,BSH,2000,
xch1d8kahpl6q25tl9yn8slmvlev5muv7w57n8wfcs0rpey9dd4yg87srzpcvn,BSH,2000,
xch1dq3qczmj0kc2f6dcc83hhw8h2rh5yg256dv9hs2l629vg6uns0vq25sdtn,BSH,2000,
xch1utjyvsjnlsjwl38v35snelzlulnxd043hc4737tx30x9julxlpuqxpwvyr,BSH,2000,
xch1d760evl5r98n8uxtm3f2ycwtztfrgg30l79dpkm96g8jvngcatwq67npy9,BSH,2000,
xch1vdx46z0fc7mhdh87xwvepnzyv2euuczc47qtqcllk29404d4nrxs0s7jsw,BSH,2000,
xch172pqm7ruxjh2fcculzu3gn0m0h4nyv0dx0qe7sacw7ydflajd0us84qlwk,BSH,2000,
xch1n3sgwde6zsv4uknpaerpkkln3s4zcagw0l2k6umt4dz6274tmpmsvz2haw,BSH,2000,
xch1f24afxh7r8k5hspk4spkjxsmw3gech7rz7jmq299507z9klq4uvs4qn0ex,BSH,2000,
xch153a37j9xvl6exzyt643a6j54d8pfg6c2mx4lhk73mgpqyvj9phksdj5hej,BSH,2000,
xch16kjsut7gwpv4j9fddewnhck5ak656wq5cv4w0rgtx6y4waqdc87qkwzm9r,BSH,2000,
xch1w6zggsl8hraenncumugfs23ccay0dyfwewz8cnmtv2es0snv02lsjjyl0t,BSH,2000,
xch1mplywprtnq2nner5jw9msqsmcf8znd6hwthgn2xys49htvjeecdqmm3hws,BSH,2000,
xch19gt4sjxtc6dpdkfh02a4uj38ygs4uc6exqm7sy2cj76amztf2m9q529hth,BSH,2000,
xch1l8gt8ycx6lg38y7ju9lu6hhswlx4ye5pqe7y4uthakxl9gczpgtqamcd9e,BSH,2000,
xch1tdpprh47863na8ukdkgskk0dnkwu7x04kv4qxt2xmf7s3xkk9rdszd8kug,BSH,2000,
xch12dh5c3y9le325rctw3yan0je7hf2rs38h0qxpa2vjyrv7j7xg2hqxlp6ft,BSH,2000,
xch1rvwgfx0xdud6y5y0e53kfhu2vr7xvk5y97yj2cu87ftz67dhes0q3203hc,BSH,2000,
xch14rpxem3u3mtxrha5mmwgsg9swadcr66d50y6cr7l6tng4pmd93gqryyvlp,BSH,2000,
xch1vmhy0lx234letl5f4k6gsa70jf32u2rfhqm5avf3y87kr9x8ku0q93dhnc,BSH,2000,
xch1m89unjlkcrp79hcfguk05ycd32j4wsc80qa2dl6lxt7aq9ru4d8smtxd55,BSH,2000,
xch140trm5uknd4qe9gaquxzfhy3ennajdmcn4rs5x0m5h3lhlpptjgq5vkdy2,BSH,2000,
xch1txqldqrn7fttck4630lqugxxu33rjdtqh9wfymps4cf7ppuqjcqsh3zc22,BSH,2000,
xch1y6plvkrqdzcruupfansjcxgc9l50rlnfsuhah2fyfx3lcw65ltqq5h3fwm,BSH,2000,
xch1z2fum8yzngd95p4avry6ahm9k28dekyw4ffvufc2hth6j0z4j23spdxlhu,BSH,2000,
xch1dmueyggzq7ftp7sh08y6aqkmwlkdgccmnhcnmrcfeet59s2w2kms7geafl,BSH,2000,
xch1wlchp8pxp63accrhnz45kevv5zsynkwe548nj9ugwlmlj63f374quft8pe,BSH,2000,
xch1z06t943uaj6k548yjcpgf035th4snf7ajwye6mmesaqnqzfyjzuqw0nlq5,BSH,2000,
xch1nmjwsuwzvlha0vlepp8r6l9s8dlg0dz90rjmy3w3042n2ywkfh6snh2fvg,BSH,2000,
xch13ln9ycd7pae2rqx572v0c4y27553d9fh53gmj79xygha92d8fynqgmzd9d,BSH,2000,
xch1hl4lgsm8w60rdpx0xnctytaj7j6lmcecjkyv4wvuuy2xdhzhcn3qha8uhs,BSH,2000,
xch1g6hm3c6lxw7j4jmxe0h4cdzrlhj4dmt23l06gq7hmv85zq9gkcuslenyzz,BSH,2000,
xch1at9x7xmnfqmwf027wem03le04s6hkn9gchr0wm6c5d9h5ly7valquzvrc6,BSH,2000,
xch1ld8aem2rpd7q753a5mea7u0mxu7mpkxwd7ulnxpu68hr22q8ef7qdfevzr,BSH,2000,
xch1ap5v6agfj648wu8r326yl7gysmjum3vasjn239qftejgtsarnwdshs02v9,BSH,2000,
xch126usmxp2kx59frnzq8eeedhf406t8u66qvlmk4xf008v847xlulqllkgpt,BSH,2000,
xch1ght95cq973w2adsvu60xha4esvpsgx2nj9sywffgrzy625vgf8ts35zkev,BSH,2000,
xch1y54qt4p02m79f9hzhldfr3ut50tpf8utyvu9khl63x393xavtz8q0jv7mq,BSH,2000,
xch1y6zf8xpq6kg9s2lzu96xtx8kqat62k93szmwztv0pgqmg4kxchssggplm4,BSH,2000,
xch1ckhtm4l0nsj5shljr5n0x3hyhnz0j8qckjd9lf7jf5e3z8gla0qqxsxjfm,BSH,2000,
xch1v7mnj4k0yj8dklrhl59lll3wtl8n9tncd8ddsaqx7u3gzvuqa7esg8qk0q,BSH,2000,
xch12e4ud5p883c06h3gt503e4sumhh320lfn4k8gwht00aufkaj9g9sg4k7s8,BSH,2000,
xch1xnt6p0w2fyfxddmge5l82sc4wr9x60vklc94kxfc5dsyn39tfzdsruvgwh,BSH,2000,
xch13382ej9ugwa9rakvaa6ua9jyvgqtlm4kjw0zdfzstghmercte3yq9aqspg,BSH,2000,
xch1k6xydavp94ggmfwxv7kp7x4v67max5p8gtc5y48nnmvncnhr2uwqeujwlc,BSH,2000,
xch1uh3y5qf2alrwpw2u2se9jzleeyc06was30kd7fleawym9dmzc7tsty9art,BSH,2000,
xch1h0t9vjtgrnc3zn5x20hx2pyqwsl2wgals6v5e4twtv0vpa03z78skjh08s,BSH,2000,
xch1344cjd6x0fjwpa5defxulu8kdrmpzgnywfueshla4zjd8u4du3wq9pxdtj,BSH,2000,
xch1v0g93duvah0e32p5efw9v8efl6vp2tf44nqfzntwxgqv4cvx573qsqnzp5,BSH,2000,
xch1gt492x0kz3k40rgucc5d8vw2axvq9m8dyx5fgs0yvullul32kqtsfslq8f,BSH,2000,
xch1sjzr6v5zfphfqx0knzgkljj6l5pxgcae9epcnvgt5798v5xrn7tq67r55k,BSH,2000,
xch1gf7wzrgdm8l2mw5vq7hf6alt2esausfk45dch7sfyc6uxxx22m0svqyw43,BSH,2000,
xch15tmjekxjwc5wzj9kqxny9rmed5qavdu00zn8cp2afy2t606ge59qflhee3,BSH,2000,
xch15h0tvtclypypgej3sgylxa9fl0scwwkerug0tew4qdc8ra2l95asmdnkgq,BSH,2000,
xch1s0z0at8gnqc6lwhk7gp8h6flke7exp4gaymy3fp89psqqsz4c4xqat207g,BSH,2000,
xch1dn4ctgr79c979se8yc22tfu7vdl7flu0eh2jvhyh6asq6vhrt9gs3wwe6e,BSH,2000,
xch1hwsce38wa3avu6euvrr5z7nu7ej3j0swktrgh5jnf2mwqsjv48yshcwnw9,BSH,2000,
xch17qv9rdj4mf2u52868tn5073kkxr3sz2gkwhc3u44uq82er7l235q40tgat,BSH,2000,
xch1e5f8whmnhrhek9fecwft24uzdf29hutgs4elkztwjxl8jykzfewsqhf7p8,BSH,2000,
xch1394menzl2n2n83yvjd6c6tkvrycvcnhvyzv6k9gqan86s6wysasq2vytz8,BSH,2000,
xch18ktl93v7pswpwpt2meqs6grxxcxv59z7p2qzqy54wcat83m97yystl5g7u,BSH,2000,
xch1gffpdxhlvrl6tkmg0zkmh9e98qxg0j3zv9jgfk4zvp9ecehmtluqpygyag,BSH,2000,
xch1tzvf8x9pypwfjaesjradpa7jt0axnvvsfm6gwcuphdqcrgyn9vuqvrnfth,BSH,2000,
xch1hgkgqj87lpnwdw26zjjesygj7a625gzypt9a9nf9u34sen2ery9qgyrdym,BSH,2000,
xch1m57ck3q78wgcsgjqatjm4wmqr40vcm9glpm24vt9krv8munhn55qknzqfp,BSH,2000,
xch1cwca9u4sjtp9qmvf982z9ssmdd2p7y0dvr0pu2edke23edlyhdcsq9n30x,BSH,2000,
xch13tjp84j7fl8u2tn7v7ahn2rjte4g2l32wfd2e8eam3kmxg59344q88zutu,BSH,2000,
xch10mswlej3vw6kw7ee20zy30y4ahf5xat0t7fmz7ep9dsqd7697s6qwns7gt,BSH,2000,
xch1tx95k7f0mkv9zlwakkv4g72du79nfqvqj82qjm0tmt0jr86l2sgs76ph28,BSH,2000,
xch13mctl2fuwfenj20qwvrpufmcudx25sjrg0jleqs6075g5pmk4q0qt7cwvu,BSH,2000,
xch1k76au207txxqfuutzn4kgl2959jrszmg7znysxrumve79l3t5emqalu2zy,BSH,2000,
xch1cdckzued6ut7rr82xgea564jmu6axs6q9tzramxfveeg0l4xxussj0lzm6,BSH,2000,
xch1gny8rxszsehp6xz22zhpdcr7v8slukjqm94pnyael2tdxj9axmjq9vpd6n,BSH,2000,
xch194tp3p062mds0htdkh3m8uhqcfnkvcqpdcsxjfrf3rntcyxrjfyquga5ce,BSH,2000,
xch16ezqrkdkstsp7m65qdgeq0yfudvexyyej704y786nk0xshy9vkps5wfm9j,BSH,2000,
xch18jhjypsgz4juaggz8x77uww7qgzzxflhcf0kq9nefuhwe9lt35vq23mqfd,BSH,2000,
xch1vlza20xcxt0mgh9sjx0ffj5tc4c5x92uycjmqa7n84y6rn87qs9sz9llkq,BSH,2000,
xch1f7xg0xcz26annl2nfzqlw5lpjmxvnvrr0h8v0grdp0mkwrdqvc4q073jvu,BSH,2000,
xch17x50g8elr9aduygvta8n88mjprucr4l8vswdgz5r9cf02p5pr6tsfjl5ek,BSH,2000,
xch15rte59kqzhp7sy2n6n3xmxz0z4dateeexcrmkmxqdvwzmhdefe8snessr0,BSH,2000,
xch1w27gcn7hydtkqkt8u249aagmv50syhhlh2x3pyj5nzjlxr3djhgserku5z,BSH,2000,
xch19vsg0uyyjqs265manngwa6ahwlzvdx429lt50npmdrmf4zqds88sw79lgg,BSH,2000,
xch15h3e29wsu9gw22hgms0q06huw9rf9aep9fpux8u57nry7lr2c27qmt0qc0,BSH,2000,
xch19728ls25wssu8q4lwuylemsrfuqnywvl60gkvgzedh3ef0pg768se46ece,BSH,2000,
xch130553rvku7m3ju7p33h02hqdfcs7s475r5ychq7ac9pde5fypvrseku59t,BSH,2000,
xch1ns306wk9krjlulnhs382rjhx4da8acr0x8sgteyd9w6ph3t7fh0qe0mdcg,BSH,2000,
xch1dm6qad0sv3tyj9x89ej89959jv9lx4h6trjjxvm6ndfug2qc39csm3unqw,BSH,2000,
xch1ss774efurdvt2l6m280s760w8w8strpdc3z7fvzxeyn8hy2rvlpq8fmcwd,BSH,2000,
xch1gw9avfpcd57vwrkgl5ss9p9e8eqf83svjgnl9pqpc3elmmgv6gkq63ngz6,BSH,2000,
xch12ukcw78rs8mp72rg4m6d9tdk7yskqx0dref0m4nkpjmyce9u3w4smk9335,BSH,2000,
xch1fcdkkt0jsrzdrzxx3l40arh2jl8n8w4xltxkcjtrq0x9qlvup3sss5ldw8,BSH,2000,
xch1emzaye5cqzkrahhq3mstur60pw8s2j65yal9d8gwwku60qtg6rmq23ecc2,BSH,2000,
xch1jppesa08n6v36ekvkwcl3rtupnprdwvyr6vhjaeutgxhcjtzywvskvf44x,BSH,2000,
xch1kslks8yakzcmerapp4dne66ztk0nz3uhlqx9nqutpvma40h5nhns9ervwp,BSH,2000,
xch1mk76uh3t2lj33qz74n7a563yk0mxpumt2uh8dnmcj4xjumeus2wsv2q3t8,BSH,2000,
xch10lnff4ztadl4866005ctdckdkrw7vmskk840f8t9kcymv0wf4yrq087fne,BSH,2000,
xch162kc49vnsg84m7ghvjk6m7za2ng2ac2y5zwgmsay4kf96f64wwcq5sxm3p,BSH,2000,
xch17s8jw8kts37edjdl2pqnjflcr2zg2e83m7v7htrwma2cal2glw9sagwrfr,BSH,2000,
xch1yr9wj34mncldyxyv8jh0unx4jd9q2gphh82w9qgjzznu2pker2fqc6asmd,BSH,2000,
xch1ut9h66dka5hzhtfu2lm0ntzx2xwyt2y7p228k7lejy409a82dvfsfqjmeu,BSH,2000,
xch12fkj96st7h8m8p0grmhm78lznmgywydw6u2q3h8gxq8qsm6wa99qun5mcd,BSH,2000,
xch1kvuwy52y0dkyfr0j9kczuuq7n3jqzhk03lhtyjd2dz6fxax3mqasexlfd7,BSH,2000,
xch1asz5jle0g7nuj5ar5vvxg736qqag4wl429q5umra4gwz3jp6cy4s06jy9g,BSH,2000,
xch1lan8ghrcae4auqqm2dsxw749kgsex6t2npawrq747udaqr7rf8mssk7mm0,BSH,2000,
xch1jxzn3pp749f33zps52vd0yynv60gvtvxseuf70pehqsusluqkftq20phwh,BSH,2000,
xch1j7ghcyn8x3amtzvjqaz9efmz6ahkxsmk7lvkmq6gpwyczemwyvmsp0r4v0,BSH,2000,
xch1zptahd5n326389v9xfre86a69cxhhvjkamnl2uy5zk95qvnjg5qqn5vm8r,BSH,2000,
xch13dgecgemnsv0s5k5ueacawy76fd096qm603uks7vlvcfkj0v7uqs7k8dj5,BSH,2000,
xch1j44xc39zttdx2qcd3hz7ptj8a3kvse2t97vgz3k6z9dp7t58npxs2qf68n,BSH,2000,
xch19sn0jkp4xp52cquyzu80lerq5y4tqpqt39h5srnmpu9r7d4cvawq08y2we,BSH,2000,
xch13sgtksq5du98js3fcqh5msy88tz5zl55zsljeg9udzxy2cvj9hrsmwr9ew,BSH,2000,
xch1aa83pxn2t4jmuw3llkkllsesvmhfqsxsh5cg0srn33stcksnfa9smxgqfs,BSH,2000,
xch19wn460meyy39synsuc6n02l4azz468xehl6e6ehm8ruxmk33qyksq6tqm8,BSH,2000,
xch1sqpae5pptp33j2fzjhsaqry3xf6fghdd8vr7yypxzyg4qqwsy2js53vt3w,BSH,2000,
xch1yxuhdpe0luvprwqs2ntmtahk4zmryj2l6ezd5nv2y7pckxnh2m0qd32fmz,BSH,2000,
xch18t77ma9gyvha5aqfngj63tpmk800yfks6p4gykh6erny5e3cj97q95vasr,BSH,2000,
xch1gjymhsf899ae9jgemcvffh06jqmkl5esxjk3av2fgekcj3m3p9mskz5qvu,BSH,2000,
xch1kan6kgdwt4yp2h8m4q4ynmsk9d553g4z945cdsrtyquudyuxl6wsjfn39x,BSH,2000,
xch1lyce89w87ngyc270pv5xtcvuye06a309juz5ceqp3nnkkzdtf7aq7tc02v,BSH,2000,
xch1rg4mu6rfez90pvufak72p7hezkset0580qtjvtmnmh9k6d76hdjsvskkgk,BSH,2000,
xch1lguk3vr8004evfpzgy5gjvka7kly20ktus2zw25tmqqantqxvudqy8rpaj,BSH,2000,
xch1t458ww8jryua4x8drlhccfgpamn0248ew37uucg8g08amxhj93tsndj48h,BSH,2000,
xch18yg82m3a0f49r4mg5xa3r8wz9emvt2hw6zy7z7a3kxuk6z6snl5qldzvrs,BSH,2000,
xch1jc6d9j9hmdmgpqcffhg3acjrze4ek3jnyrgpaefhwxrttsh2nsuqg9nntd,BSH,2000,
xch1g326e99awxaxl8m9mhltxj2euecys54l5xxrjw8ll5097lprkhwqhzmpxr,BSH,2000,
xch1s6ful3cetd7g6hhew27xhz8nngun4h4hwrnpsu6fqs5zw2tcv6cqhsyr0y,BSH,2000,
xch1g396cvkgn8yq93g3wq43kw70eqsm9d36r95m25n0wld3fn2flvjqr7wy0q,BSH,2000,
xch13mwmr5fsp9jy0f2karsrk2c6l3yytwlvye8gfzfrgrk4jmlluz8qy8tfkr,BSH,2000,
xch15460rzrk4g3932l2e89ua99u80k2hu45qggyq7tptqtg6d7llw5qcz9pr6,BSH,2000,
xch16pg6axxusnlsfhgshn53zrtdupmmc334djq35la6afk3laphkepq3v2ffs,BSH,2000,
xch1ayxv6jlef0n2as6tct0kq7sdwze8cfutugqmgsxe58n7cksmtudqwzyggx,BSH,2000,
xch146vqsfnqnt0hkrv8ru62906adhz23r9dyulnc86xptnehfept9lssqruly,BSH,2000,
xch19wedyfrzjkuj58fxgjaxdkj5xgzyk68c7fau42q8s9tmgvrnr99sjd02ky,BSH,2000,
xch1wcfyn5599z35uv4r9c8cxawz7lwayvfe46sytj2u2sppqygall9srjdale,BSH,2000,
xch1ezu2zrdf9p43r0r7s58dgt6mfhx6hdu8hgshhs739xyks43negsqr4unls,BSH,2000,
xch1vug00apr8hss9a7zaywumm9sgf66e5x2qygj68g8raw6tq7qj8rq0j9had,BSH,2000,
xch1hjw9m3g3r0uf9f9u6mk2dcyq3ccz4wxmze20x6jdn7daw4tpea6saf8nde,BSH,2000,
xch1ad3wje73xyt4p4ycj7vtz040dvrs60lqh58dhfunu0cvf7fw3g2qn46xjc,BSH,2000,
xch1tp6nm644ulpzfyme83axd69c3gknxgdh7vlqj6p98tgwdamsuk5s3sgk64,BSH,2000,
xch1nj0dpr7r38fxccjykk8lfdf2n6y53uqj34k4hnek6393eh829jws8gzrft,BSH,2000,
xch15pw70cauywffndv6m8hu8gr36c8dt23hfffz0yw7v2tsna2lgkgqeddwhw,BSH,2000,
xch1acnqqkadx5exygleqp2kwt5u4x2k6sf896dkargrlfm4ngyjsvtq5956e5,BSH,2000,
xch130wdevgzcuw84njjv4hvhfezn00a8pzaqu3vw60m47k35r3vj9lq50hty8,BSH,2000,
xch13748277jxh9sa5gjp702hp0q48s7vej08rve0tdg8n66cxcw4gaqujhffr,BSH,2000,
xch19lt0xesmyhsvx2dxk6f8dup5f7824vqk3agxc29hjp57khdqrtmsktx6ya,BSH,2000,
xch150tmgsv2ld4vfszkt6akufcefp8wnxaxcngugra3yfvsjat4uals72pll9,BSH,2000,
xch190u9pjjutuw3qkrrveqjf86sh8q4d83ql3jm4f96fkdnwqlxnfrs6ng0su,BSH,2000,
xch1y96d5h953250z5ulkslum3245clfgxhu4fdvk7f50sz27a8euvnqpc57s3,BSH,2000,
xch10w99ue9eg320dvferekukp0y4m46995hh0vnfetv9zhmcp995ytq4ykv0z,BSH,2000,
xch1vqafddtump7k976lwv7hwv5k5zrtv6ls0fe7y9d2x3z70f7yhyxq3aw6ad,BSH,2000,
xch1l7ctgz3c6u7sqk8k29sk469h9e293ylvyycmhl7yut4z3ld79a7qmsr4ak,BSH,2000,
xch1k8r6av0r508ktv9dq4cyegxucye43meqhjpk4tqxrdvn5jdgyl8s3gyvk9,BSH,2000,
xch1k64ddu9djjrpetczaucyut3lm6gfh43gz0sv34tpluptt28sg4pq057chr,BSH,2000,
xch1t3ev5wr47lexaqrg7ut5pgxytqpxksxd67q6stzvhw79q3wnr03svptesy,BSH,2000,
xch1553ma3qk2p8gssajrhyrt0c4l6j52ahgaxkpe9gausp0dwxnzf3srfr453,BSH,2000,
xch17e7sum7w4d3f77qwj72f4csmtsj970skdc6ehcp8xjj48klz6dlsnvjrmv,BSH,2000,
xch1986ntgvlkult638x8vnhtws4fye04pd9w9mquqau8qsvx4y69easgwxc8j,BSH,2000,
xch1zpwz674a2v6xeyuxss0kl8qzdmmrg3ptnhxelrl7lvc0kctjqmrszypamp,BSH,2000,
xch1c40srr38vx0cavc5tek7v86qwwcvaetkg7mk4cp50063e67h7rnq5emxwt,BSH,2000,
xch16zj5akja55y4uncucdwumtgp6pu7klpazqexguv740cdmudylmpqv2yele,BSH,2000,
xch19t58xmwj6f6tw0rupver3tr7a9qa3ue0apfx2apdswtnhg8tp5sq6a7skv,BSH,2000,
xch1yrdw6vweyq9qx2kwft4v8khz2v42ajs3u7f6np56c7pcc8nvzmmsq395tk,BSH,2000,
xch1a3rgxgphk4jfnzdytp2ututscthd78af8jt5qae5kq99n3lw0wfq273m3m,BSH,2000,
xch1rk6yr85g9we94qwty0q5amadqnax2sdp8cfr33zhx4k03kyrykzq34ns03,BSH,2000,
xch1lu4ca7h2jhjcdxrvpdfxx8dctp8z7uxx6h4sxaljy7r5ur2q579shf9r53,BSH,2000,
xch1l2lhv3s09ux2g54mwd94yrq0nu965acpafzcjgvre8cr0jaly7ks20wygh,BSH,2000,
xch1n39ytv5qn7x9hdnehx9fe9tdh3n2uxvgysruspmq5zkl3ed6dyssdezedr,BSH,2000,
xch12cctrmnc48gqmvckxm2tv2yqcnqf7gsc7gp7p79hl0srgkqme8fqrvwne9,BSH,2000,
xch1g4xg97uku90vswqxy5q5e24ae7u33e8qlf9kgtjn66kemfnwzzns3493as,BSH,2000,
xch1nn8qdc34heaszq3gylpf06z472r80wgdrtvgxsd039q40d44xsvsyec50p,BSH,2000,
xch1ykw72shtlsc0vxnp8mfm95rrqfg2wteffl7zf0zmxjfxgz7gkx4sju04s3,BSH,2000,
xch1czdz3qslgvkjf3dnlp9gwu5rq7k0ll40d48x7zekjrzgy8g35fmqfnc4rm,BSH,2000,
xch1kw4vxyhg463f0ejwurqsdntng038nxh5s2vzxpls4wzu4jasr48s9hs8fu,BSH,2000,
xch1gh2x42m380t7g9uhtttxq2zmnx6szucjppanhdvkhgs48ssaj03q75hpry,BSH,2000,
xch10c0x99fuhuy8v7zd0hqufcc89rl4szjukrx673ptf3hmjqgtw7jszfkzdf,BSH,2000,
xch1xcucukqyygs20mumjneuwqzkpp2ayvv6yehqtv2q68m6qh4y6twsplkp5f,BSH,2000,
xch1f6mcv3msqhjw96dfrh8dxxmvln3707jeugzp8fenar0t6qyeyy9qgnrvk7,BSH,2000,
xch1h50nvcpunx2rpf9c0udu3548f2r4cn7sdvq7mnlt6jx43ened8equv8c5h,BSH,2000,
xch16ehq6q8tq82dyhmzyrka3k0tr6gywsylqfktpvmn9vw72lqll8esse6duz,BSH,2000,
xch1x2gzhe7wlcfdagptg6t73y3z0y0n24u2y2a9we42m34ppy3a09dsy498pn,BSH,2000,
xch1fc4ta23uft23mfxxhxepr3z90gjztdwhxqz8wz47l4l7t3ryrugqmskn44,BSH,2000,
xch13u68ve6mcz9ly8256hxa9atm0n839xtpnp7mwt7j7ep55rpcmatq9jxner,BSH,2000,
xch1f6glsht5qzzvypm5srydkp5y0rzz2fxyhssvuaju9l72a0k6e4nssz5y80,BSH,2000,
xch1cghxfrxz9pnf4fddygq575z20m867karmesuhfk5gwrkmxxxrmxsvlnrgk,BSH,2000,
xch1n43qgxm4wlmhqxax8xtglnndzq5cqtucmmgv7apakecctrzd7fhs2qzgk7,BSH,2000,
xch1zd8gv6tzc6vnzu29pj56j7ddnpefmrj58zlvfusu3whse7yl6y8q6ut803,BSH,2000,
xch1tl4pd5vjc6wrp5h03yysaq4qt4gs5x5ku0fmxy336dl7u7vejymqk7gutq,BSH,2000,
xch1n973lmnwzc74h6wgy5pa638l9f90xkeu72e3xkyp8wylvkxh8ccsauujpv,BSH,2000,
xch1z5md0jzy04gvzfl3jcgntkdhzx3laaqcu047q0eta0hls6v2gfvqjf0fvn,BSH,2000,
xch15ts76x5zt0spn8kqz9524w7rjfh072gqe7tn7asykhwx5cex3wgs4dsnhq,BSH,2000,
xch12uxsw53jv3xwjur43ns6awqnne8g3hwwkg0f35hqcllgnmrcfszqgylfnl,BSH,2000,
xch1e0vdce2lq435u3rwa3pa6suzlfr849hznad06qzgxygwresmq5ysyq0atz,BSH,2000,
xch1xr0lms3stk4ld2h5kn44en3u2f366j0usjw79nq8zdv0txyqpkmqn8kcvp,BSH,2000,
xch12ehd0gfda4jacu0a9pp8j4n6gjv542728tu7vqhflzgjazc5m9cqyttfur,BSH,2000,
xch1na3arr8u0sxwrrqa4qud0hdw5h3ahrxqv5dg088jl830p3jj8tgsa9jmrc,BSH,2000,
xch1rwhc5ftrez42zyfvkyaj2m4quhww4z7fyvy8x4ux7ec83ay2zslqlz54dd,BSH,2000,
xch12f5x9h4velazx82ps5mpftpsq4n6su05424kwc54s8n6dc6njp8sjt8lt0,BSH,2000,
xch1mmthw4ccm2f76s5z4a5zrzmark87hvk0t8qf73627626nxdm284qc9uvj6,BSH,2000,
xch1j9u6tkxpcml6zt8qst368l2u44t00dxf8yms43rhxypu4arx6n9qpf2n8c,BSH,2000,
xch10209f7v35jxy6e87f0myf6x9d9mt3u9a3vknxghv8scl64p4m2es8gzkt8,BSH,2000,
xch10yy2j272tyswnr8x79pkv23e6ndcs6q6xd80vy9ufsmr8l9keskszxw9k2,BSH,2000,
xch1wl8t307ms2jnchjkp6njrtl59n8mursu0sjk80qhupeztvqhvhpqumqydg,BSH,2000,
xch1tu0a8h8dsfu6j796a4s8ggzl4pg2rskz0wegv4n4yxte4f5kuqmq57h7zu,BSH,2000,
xch1jmsn69cgxgvax7mgg7f9use7vzsgzceukhent53hf606ngprwxcsptvde9,BSH,2000,
xch1mwze22ntvctqg3635jmp4dy9w6hqpwuh38ymydqm04anq9ugupasd0kulz,BSH,2000,
xch1zc35sp2zd3zqsq72m02npnwdhz29y58llmyerc7y8lwqyy5em3pqfatem4,BSH,2000,
xch1nnnh5htudszcxhregm8um4twt7lw4p537sd2yjeksq8pzh7478pq28j3r3,BSH,2000,
xch1t6x5une8wfsh86d4upanzwa5r4png0j3h9w6tlyh499j08ads2gqjcldde,BSH,2000,
xch1xc9kcfxjjmtn66astjxz0xavkxjzcr2ngtffj5r0w95g9t3uvsvqq78lqj,BSH,2000,
xch1m3wv0clpdxnuerqu46s2qkya752gv8dnp5wgusaf7c9u449uq47qh5mpe0,BSH,2000,
xch1wayxfrj4pkxjcxv7de2zpqjuzn20l4nfm0x8sk3944snezcuw40syf3thj,BSH,2000,
xch1xa5zhf8du03t95e97jdcy98mzhgc52nl6ttx8l3qpydqgq2w7agqjj8wfm,BSH,2000,
xch1dtc6hee8pvl8hrkdh6k63m9ayp8xak35y02x25w6958gykrcmywspg6u0v,BSH,2000,
xch17wgt3heqfwm5gm0zupu7aqy5x4kfrl7zqjljq4tdw9m9xjjw6thqtgcdnw,BSH,2000,
xch1cvkn2a5x4a63naptr6fylnh2ka938tvaegk0tr7g3puqcwaptnmsl8ehfq,BSH,2000,
xch17qx6gd3jqcqteaf6usq22vx09lwgc327enqmxrjrrn5jf8683fsqp0a773,BSH,2000,
xch1apcflwxepxffrzs748l49lh8cyv0hpvv0ler78cn04u09mf237pq8jlg8j,BSH,2000,
xch1rwluuugac5s8v9ck84yf24um8rtfe7rkwcy9c79e5t8upwfj2j4sssk86v,BSH,2000,
xch12x2kwyluhqyfa4a0wq7hga0whxu6lk26l7ds2sus78kqvucfaymslr5wf7,BSH,2000,
xch15gdcnxd979uz0j8llfcf8m8n54q96ln4w6vgy7vvuf0z74pna3usrhazd7,BSH,2000,
xch1tz02kwq5gqt34cznrzrmnh7t6724savvs9tu9wm8y3s8j9c0w53sl0wckt,BSH,2000,
xch1hvuljgmqmst9he3dhmvqft2l9v32gvsauewywkak7d5atrz6784qlqmhds,BSH,2000,
xch15w9m6r9qvmnhce3hqpthgxcxhmw2ff3yqr5psezzfrnf7w58ph4q7yzzdq,BSH,2000,
xch1kx8j09vduaf3sdy6lkf2yxqujv9rwqqlqssyg0fs2w6rf66d4m2qwhrdky,BSH,2000,
xch1jgydl9sjfaen5hdf23c7dv3dpke005ds9g4nxcxxty5jq4sj3x8qeprk4t,BSH,2000,
xch1w599f4qk228hyxlaph4dd7ge9qwrwu3dkpt7l0qrm5ux6epanglszg705j,BSH,2000,
xch1jg3sdpje23snnrftkmaf8afr37hlecc273axjhuxlst5es7ttq0qm4nqeh,BSH,2000,
xch18ld8ml07cgr6jlvrd9cz5yqwlnw7ezw76qwvngzp0hpjvlyrn46ssq0cnc,BSH,2000,
xch1enk8zwkjzl6kp4nlpjpzk3th996hjcga6esaa2cmj30zfq6mjsmq24l7vy,BSH,2000,
xch1dxxlpsfdnyyn79vfprx8y3pq33x9q3s6d6g69ufraw40ph6s33jqn7ajl5,BSH,2000,
xch1g94uuhrlx3h33m250njds9z547ed4h45tn27h8xzz6k32qljxgyqcqllxl,BSH,2000,
xch1hz5ahhmqsnz4g9l3kl92783gr2tcz8tqgnqr4k6f5v69etwlj42qllfqpu,BSH,2000,
xch1ef2av7wcmzw6zk5mh20zcx5ks8442n8e5me7vkrkzg4mddtyyelsdz77nm,BSH,2000,
xch1jk20rrlg2rfas8284da5t0r8cxh54rjnuduglqd6scr95l27v4gqw0ymux,BSH,2000,
xch1570z0gnl5cnjdux58tss86dvggdpnf9p28c0f98nqnxz7c9gu2rskjlzjl,BSH,2000,
xch15ykgy5mnsm6e79kapurvd3yn6wxd5hccmc6w6zsudgtx24st52eskwmsyh,BSH,2000,
xch18c6uu5fwkpwazs3ak8xq7wq05r8my03wncmnpjt5tc8ataurjscq3jlppc,BSH,2000,
xch1e9lqfyld69x73qkpnt0ccmzsynefwtzfpg2gr603hzdz2g8j906q5xwh4k,BSH,2000,
xch1rvz58a6jjd7krsmngzupznvr687ypx3949a3645v5vyqkmahuxqsgutlfa,BSH,2000,
xch1zspuck73l7cpgmg277z4637ku0j3h5d4c6t7shgpukrurmq4mazsdjf9z8,BSH,2000,
xch1dgdc49hkhn70tgpc4vuyap3qdrreufrfvmswxsl0zndyvttel0vs82esva,BSH,2000,
xch1xdw0h0vkgxgvz6s5xrzwslfn52cn7rkdezwjc8jj79vd54lm8z4sq388jk,BSH,2000,
xch1tpw0sr6dvlafv938w50lqrp392dkkgg0ryy4tr9dtvqdjlhvtdqqxt933c,BSH,2000,
xch1t5xhd2knflmgcatzwszlwvr4ka8gpy93qrpymtqygrf993hzlgzsw8fn7s,BSH,2000,
xch19lf6pq570vjalmf8x639h5rk5x0yl3alwvsvguwxyfhg7mp5p67sk2kz3k,BSH,2000,
xch1wpgd63gh2k505jp2qwv89hwvtpk0t5qulsw0z5kkjgm3q977us6srkunyj,BSH,2000,
xch16xkaqejjllg2a3mk3sat7f4st052jha4rpgppsagm90lk7cexffq8mf2vz,BSH,2000,
xch1ap2gy4drjz94398aw5adf7sg6m7fk4nmd3mlkzanumqq6t34fgssrnug9y,BSH,2000,
xch1nacxvzx8lfp8skxn7lz7xc9t3s3hmljvpq97pwc65yqnt9afyl8q8nk3s5,BSH,2000,
xch16200t6mdmk5ayjedzckxcncnkmd6vrmvwv2enalyrx9fr7le56ssv4qdam,BSH,2000,
xch1lsdgmy4p9v23gj70kl820uca8qxl9x2sjj5ngsnqwfa7rxdlvyjqm53t5m,BSH,2000,
xch1nvpjpxlvcxapn70ww9qm22yavjrl3h08k5fcs03xflkdym2j37vqc082sl,BSH,2000,
xch12jmjqrdty9t3pc05y3vq45xxgp42lczmfww7fpau4ykr4sg36stqvwkspx,BSH,2000,
xch1c07zm4pr7jtd53jdzn7ze28fnswy9mv580khxmnu8s2mkn8wzhjqtged4l,BSH,2000,
xch15hvtxudce8mlhm6uvpek3js8fw2vedcp08src088r7xvc8p3adpq0a7g3p,BSH,2000,
xch108nljmcm8wtzyq0cek63ukwwzmgwvzq3k70dlhy3c926ey8nu0dqavfzeh,BSH,2000,
xch1w32nyswm32emx24zrk00uuzn2fa8ypeyzxagu4kzhd00q3yeh7asdze6wg,BSH,2000,
xch1zl5gy3287cnt0q4u8c27m97k62qwydm0453edl4y46dznstlt8zqam03k2,BSH,2000,
xch1nyly3g64vyr2xgz38nad2xc2s3mwwpg9rntlkqaz5qly2rdzyj9quhmrz8,BSH,2000,
xch1vxgerlmyj5qpz6mklelph793kafwg4h6q2ckyv6vt84t20adxe6ssjw6ee,BSH,2000,
xch1xdy747q6mzjerl2vs0ga4dsj7qd9qlu0tj298eth0qaypd772d4q6ra6a0,BSH,2000,
xch1v8tf3nd7jk9dm4fsglph58vx4wk0mfcr37nsva6x6lazujzx8fxq8cplfs,BSH,2000,
xch1vt5lcm3z40mn436wywf07rh3sxmdsdsrkv27ktcd4nesnh5zg6esmtn3cw,BSH,2000,
xch16xzj5dtfpscqf7mlr0cdeg24weffc92uc633pmgjua6zsa648dmqeszlew,BSH,2000,
xch15hh8ksdmw0zvu7zvrv4tj0njmfdrfz8dcx2vzlc434n9jrv0wqeq2hgmly,BSH,2000,
xch1rc03kdlqlydnjfqllkfzpyumj6rur37ghw57977yercuew6v67fsvtjs6m,BSH,2000,
xch1cvzcrr60uqnd6auv5klv54cd4nnuew07mn799pqp3q726mtnazzsxdac37,BSH,2000,
xch1ulndyapce3aqker2aghv47e7p5x2tj8ydl09w4dx0r3hyq754egswm8zj5,BSH,2000,
xch147amg9pn05qmrjruw8zs5vw74h0hfvxn4txjyu0p5wsp0zvdvx9qsgw205,BSH,2000,
xch1sq4ydeqgarkazc9eaj6v7rcs4azc7whcy5ky2zrefrhhwhm0xvrsucwx86,BSH,2000,
xch1evpd2za8ctakfvss6jawrfvuypjasn2zswkj73pqkn8tcel5j7zqdeelac,BSH,2000,
xch1vgqflwd86j063yxgcvf8usq42vjsnz5jvhcygvujw4kupl83pjhqav2nm7,BSH,2000,
xch1s7nh8ddyl9kvr5a45t086hm5kyp3yay0qm9hgkyq5ghmv0kesy6sd3th0k,BSH,2000,
xch1mp57h5ynznqqazgyd29ucyda2xfk7gtxu6cgl2ae4vhra7jwnqrqja4uk0,BSH,2000,
xch183uhed5vysutn7hj2vh2e26wla620se865rn8e2gluheatpy5s2qpt3xwg,BSH,2000,
xch1yvwy9ffadfm92s2lm9yj3fk6g9kfgp782ufku389f40hwj63cvxqz9hdeq,BSH,2000,
xch1urjentp2kapaepj3hreeskpaxcca0l4z5vdz8kugk70733nh4ensm5f0zu,BSH,2000,
xch1mmgep3q6jqzq24yw5twlw6jzzyzft7l28z0476p02pe5h8r734gst97h7q,BSH,2000,
xch1sflpw66kcdqmtxrsrrawphw0yl0elkp0jj5780qgygppc2yjraksmdtd8e,BSH,2000,
xch1j4yu684m83mlq4supy06xkms4ep20k702v5sq4c4lc56h4wtuyjqrrtnln,BSH,2000,
xch1rqjp76n55te8j4c3fkx3yjfgu5ngw92gwkttqher6sj4h0ddgscs8ejx0r,BSH,2000,
xch1dk93qp0ep2200y75sreturath5tp0q4lqklcuzcuu4qcd98wsmgq58t9gg,BSH,2000,
xch1yty50jud2awnaultthgalhmj6ev993tqggkluf33v59mg9ucyk2sqgyqaj,BSH,2000,
xch1j5f3dckrmea5v59gglspfnaf6j83z23sqls48xwve35qkrgczpksmx3rn2,BSH,2000,
xch1y5pxzc5uq9mqqdxtd2m5c2kv4psy7an2ek0cajt9p4h5lz7mz8ysgh82wm,BSH,2000,
xch1xvfpfz2zlq3qpcg8qvds3wxkhuxawf6qappnmthud740dr6u2j4s6e62ty,BSH,2000,
xch1nv6dlgrtfdez92nm7q54vcxhrm2lrrcnzzrecpszhjfjunx6x9uq50unqt,BSH,2000,
xch170jhlupxdgpjtvv2ra8ln2k99gzpfsfe7vavs6y9d2ux4uk887zshdddtl,BSH,2000,
xch1xnfk675x9zw0v7ad54arad583ln6z65p4cqwfwxfnxps8z9wfx3sccfwhy,BSH,2000,
xch1zmlhpg7f03dnr7peys4ey0yvd6lav8w9q2tgz9fkjpyvz9hua79qu3yrgw,BSH,2000,
xch1gsu7erykzvztr7tv7nucypy30nmdfskm2pegkwkhhsr0fjwkjfnqkh4hs8,BSH,2000,
xch1vrprt0trg2ftkajfxzxvrlwvkx8y7n8p7ldwdrrx337smp7p7ajqwl7g0d,BSH,2000,
xch1zq567h4gspfxh76869kakuv3afr60cwg7fylwtylk0wm5fmyuwlquzlu5e,BSH,2000,
xch1x64py4jrrhevudxk9k7uumm4un4rtmaec47k5e3fhm0snec2n7rs3cf2st,BSH,2000,
xch1l8uqy9axp6vajf3p3jpkxmzdczcdrzpdjx6zh9kjsxaxxfycepqsuv4ggl,BSH,2000,
xch14dfmrv4kz524yqkwslfnmwp22n2dzglsgdsqewvsjmgt0r4q865qswt5ms,BSH,2000,
xch1mzqu4fqguz7vp4yjwsstsa8mur3tdjys3w829m3ztnyjarwqvt7qtmgfmy,BSH,2000,
xch1a560lza5kjxvsfu960ldtttxz5ml2ftfhpch9qnpklc5qndrc72sk22hfn,BSH,2000,
xch1ucdj8j8mgxahaqgngwvz3h6506ny69m04363tv77zc82j6lt8peqaptazl,BSH,2000,
xch1x5vywtav0myjd63vj7er5c7pql9cmhl86jfzmk2du628lvgd4pmqs89469,BSH,2000,
xch1y92n7ye43qt6jas5hzmpz7ptgtkh3s3r38sf8gqpk92m4vcnmqtst628j0,BSH,2000,
xch1t4c5ftvm7mpge3wjw5nnqlcyhdlfkheh70qya8gmvqtmx08eseeqz9e8ev,BSH,2000,
xch1rrfdfn7ys4kzsdmyxme5uq00crr3p8hqvl03nwj24cv4kgwnv6ssgmsnw7,BSH,2000,
xch1lze2e3vmeftad3syhpklnvvvvdla754r7gwa0g2ckgmwu88ty77s69xcac,BSH,2000,
xch1e8zvh0424u3lhe8d4h376vdjcycys0wmc87rumus73g3y93xgdpqmac8a2,BSH,2000,
xch103tuetd3n8j27zsufknh7dx22arleln28t4w9xqah4a77kq26whs5pz9gx,BSH,2000,
xch130jj5nds96889adarklzegnw3w6zvhpxqdrstqy9k2424ze5r2ashcwjat,BSH,2000,
xch198q27ckh0rjnruwwpts4zdl4c5xa4c72ymxk5aqd335ny0urk3rq2rzfgy,BSH,2000,
xch1j294ggfktauz4dc5t0x80dqjanezdj98fm9qw5tffr8mzfjt7yzqewfvul,BSH,2000,
xch1er0qua3a8s0rrv34lz9p47kwmzf208dekucfdjj3h43lf64vvd5slly75v,BSH,2000,
xch1faxy3f4ypyjy20wcmphdpn9uceum7s39x7qcd0aj4cpmd3lhtjgq4r5ad3,BSH,2000,
xch1m34ej5dfft3mfclkx2hplqus2mvs670dcmqn8476ypfh385v4kpskqgyjr,BSH,2000,
xch1wqx92gsje59g6zq968m9dfk95vu3qxu4ve08d0784lemy5wm4z6qja4wrr,BSH,2000,
xch12us63dukzt83trdzm3edj7jkh5mk0dm4m7644kwhh0ssxhluyrxscsc8kv,BSH,2000,
xch1hztdqysaxz9qrqyxg77ys3k96ynkvecu8wgzf9yferqt80rvxxysudl2vs,BSH,2000,
xch15w4hfxnd0j2dgevh3z5udp37pf3kudn0chwxt4nsuvlzvy7844dqqcfvd8,BSH,2000,
xch1xa2t0g9lakse2u63ejkq52xwef7jv48lnkgutfje0flve9gtxx2saptcr6,BSH,2000,
xch1cetd426j3srj24wq6t4q7qlmnv6y8h7ky5v7l2y9dn6scqg6f5vsdcehn2,BSH,2000,
xch182fy5kxu4yzzw32ywg9mwaf3xgqxm9ruvq27xnlvvg3j3pr90lrswm3trh,BSH,2000,
xch1v4e5fvlfxpd2wxlsgfxawfgmdhpvdy8lwdy0sh7a7l8j2ahxcv9ql44r7s,BSH,2000,
xch1uhawrg4lvswhstn5cfux8u45cdegx0ysxh02lpwqn5sgzkja263skwp06g,BSH,2000,
xch14hu63ggc8dmzlmp6yzssy56ssymkhgm0gjryvh6mkk57k0w23w7s7zlcfh,BSH,2000,
xch17w6y5mh63438r0gtmpp9r9jlyrf9x0kkxd2wwl6uez6fr0yxvhssn7xe2s,BSH,2000,
xch1g3vdzqan4jjk9wrzrkmj0r7k3ktfc27hl38ygfa43rlh6rl4lrrs6nlggy,BSH,2000,
xch1rnxucms967l9vye3jwdegkh3tejh50p5jftlahhd47m7nxum3qystklpvx,BSH,2000,
xch1n2y5zax8nakxzn68hl8l64jjwfz4jwdj0u2tzrltw7ysp0dqtg0s99gn8h,BSH,2000,
xch1689lgs7jt4855l5jw73n8edng86d0y4wr94ngmj8m2dtpe4npkcszq607h,BSH,2000,
xch1h8g6nqya8jm8fxa0gn6xcg7h460smt2ahzkyyk6fpwx8m0h99d4shmfwek,BSH,2000,
xch138adhnuus6w50xav656gkp87m4gp3kqppdx7kekshzh2tde29cuqz5x22d,BSH,2000,
xch1asryv4nhg7a06l40vt8nsnw8clcrw248zd5x8qkdgslajgc2dpjqjcngex,BSH,2000,
xch1dv45zdmdde6tl8wd2p9yl5mag4um0s0j26wghdyq5vf0hvtqjmuqgg56tc,BSH,2000,
xch108hhy804nxvskxcsh6hdnkrns8xal2rtmk9qj9p3lrlm9klfhexqucq0cz,BSH,2000,
xch12udnn4yrszyxq2qv5rjauqg4jv7m8ltsayfhnkfhsu0ylf3g3gps64zu9l,BSH,2000,
xch1g0smy9vpvq6fcrg22crw3q49u4a2s3alt3zn4w25zsc6t70g7n8st6q459,BSH,2000,
xch1t3twmqpdjvm7wgpf6k44xxv454ra0ukq7rznyescu4wucmk98s2sm2az3l,BSH,2000,
xch10nyn8ku36teu64p9ysy73nj5vfqdys20ex5dtj0d37s4y7hxmlvqm4a9ep,BSH,2000,
xch1xwkkh8y0lls8xh7ppsqv8p692app4xqe2xav45uek3svltuj6lqq2324rt,BSH,2000,
xch1dtcvtsvu6wh6tywvca5kl5s2vt9jchrj84ksqhm36tfmgege03pqvvj8ey,BSH,2000,
xch1ekte63slmyxfv69d30u0ujan0rkekmd89lecgu9f92jjzuukd3ssddxetk,BSH,2000,
xch14p8f3u9q2twegreml0wyzr9j76qux4lx00hafv48z2hcfnw3jqvs3axzfk,BSH,2000,
xch1vzc5wwdnadptzf7xe5yrcj7k577s3rsj56atuvy02d5y0dgvf3lsm5ku0f,BSH,2000,
xch1utpaapzc8v95wxfjhg3yzvfsaylm4rc3298p5czjpywzklv0gtzq4mqumv,BSH,2000,
xch12n964zwzxl0jzfuws7as45qpl2vedfzfmgpyru6w3a620mwyyg2qys5rpe,BSH,2000,
xch1waachtpvd0yq6yz9fq9gqleu57ydxackkm9yyqgnvksuf8909rcsy3zhhq,BSH,2000,
xch12v48nntjdmdz9q6j8436ghrwdzg26e6ygt7xu4e99kvvs80qu06qprda0y,BSH,2000,
xch1wyfstueg0tvn9rznu4ddaemggyu5srp9m8qy9h8klufgka2tpczsk9mlsn,BSH,2000,
xch14tefn97j7hykm3888rvrecenu7hcvxns8msmcs8u6fq0y2fmtkcq82mak2,BSH,2000,
xch1u0zewtk2cmhv97ljnregryfgmgetaf0pyllwjpnyud0xhy9urq5sdexhht,BSH,2000,
xch1utjvnq09gsztcx7jcq4eg087q2jsqr6a684823kqzvrvyn8evs4q55ndzu,BSH,2000,
xch13nwyv4a09at8jszd4gyx2zeuvf2wdt3l4fng4utukdf7ezz6836qfnz8k7,BSH,2000,
xch1uw9f7mczgz6dsxxppeqqznq92slcdx3c4zyutv5p8welwhepvalshn2fen,BSH,2000,
xch1aweu9hm3pfk0h3j7vjspnhhm09wujkahsy6s852zwuam6pxp06aqjxj0j9,BSH,2000,
xch1eewcsn6ye5fzucah0r9axrcu3ufl2pee6ekx9zex333jtkyv965sqv0jwg,BSH,2000,
xch16pc2f9xqkxq9w8az9hjq94zyu6p8p7pdmz80j3et6xfc5u8fmtdqcaku7z,BSH,2000,
xch1f9py4vpa7qwvpxwnzn6fn5qhm76al0wqhc8n33w9cu22qzs7gzeqafg9t9,BSH,2000,
xch10yt3y2lce906kcmpv8e7knnyw5ea6x633vlwkcd58289qmzev9es4cqrsf,BSH,2000,
xch1telfm0txmr8lxh7rmph4ze4zf5kvskd7es7v9p3p676xwq43zulqadv7gh,BSH,2000,
xch1wr6fdsq7ke4m58r7v5v43sz9g6duvmqasgwrum208q87d8zgazls0f6dxq,BSH,2000,
xch1ddh6ltrm946n925wthvjrjws62uegfxyx6c75m7qn9tkqmthqy7sylp048,BSH,2000,
xch1j8kdgnykfpdsmz5sk0tptesgxq39rnawgxeptw0fyhwfjf8h6kuqg8nq08,BSH,2000,
xch1wfrkngqhsfvs08p4gl79qp3k2hg6wcwt07rv4sanu4jzucd6dqfqf73wkq,BSH,2000,
xch1fnhfh30uxqcmmtmjdms5qsm8s24fl43au8dyvtedv8fq38ehmuqsll5kuv,BSH,2000,
xch1s7qvzpamcfwakacc9vjqzllx6jm3y39fxwuud0ud4dtf5dszl6tq0afecr,BSH,2000,
xch1ca2yhwkzdgfpww3289h6uxvsv562u69tuk0npzt0473ytn6naukqjhu922,BSH,2000,
xch10urvrx97xs62st37pnsp3ne233najzu5ev7n0hyvug7xskakdxmsrg30t0,BSH,2000,
xch1033fx03x4x7njngxj0p0h9e9vq3zgj6m5gdg6tkchw498cmrh62q2qlz93,BSH,2000,
xch1mrxcx4vgxusa9fh2wf7lznamvccekup8nq6gv98k34rs543ytfsqtl6v6y,BSH,2000,
xch1a9tf4mn8ghpt0d99ff67ttha43ys5jvu96lmj9jh830hznzu654sn6y7qr,BSH,2000,
xch1mpfe7clywnz2fjvrjmmlq5azqw7qxcdqjd25059r58kahay6328s09pwrr,BSH,2000,
xch176fm4ljtvkzq5c033s5m0rr9lf98namyp9zt2ehnx4gc89esvwwqara82n,BSH,2000,
xch1lj2g2px58z9ttdqn50d7w550dlkp3ft9e5qryc32kns0277vv8rstrns2v,BSH,2000,
xch1lgka50smsmwrhkmpfas2f0xsxxpp4dpnqyc4l5s0p6k2yz45gr4sfqkkew,BSH,2000,
xch19q0rvd7rysaxs4gkek5vgvhrkr6856epz05h4m5n0c6dswap6x3q6u6jk7,BSH,2000,
xch134d3zp307w27edj0tcvjrgu263kyfl6h4k0t5dw6zgxlwz3dmykq2yl3sp,BSH,2000,
xch19uc5w8laqtnqqexxde8fd8ggk2d8j8fwnhydvh4m3lmm72n22musautv04,BSH,2000,
xch16l7tcs9mmzn8leh06zsv3y8ur74rggrte0slgt2ryal9npsmntmseel7v8,BSH,2000,
xch103248uqgf6puwm8r3qkg675nrw0xdl79ganfguesq0wehdrwsjvsk6nuas,BSH,2000,
xch1x0zfs9treg2960n5hena2ehswp95f7h5d95sd3gvj3g6qg5ruqcqsqd592,BSH,2000,
xch1rw64xvfkdahcgvhrm9f66ux6uy3h25ppy5swx8kjkt9577nrxnmslktp40,BSH,2000,
xch180297ugx6n97t9juzj4luy3sp8chv7j0ju9nxjr2u88f88vvaeqq75cuv4,BSH,2000,
xch1dm4v3ye2ajwdvx0y7gmnhd9hhg3sansv7q3l0snhsg8cmnu4xt8qgs3tp7,BSH,2000,
xch1w80gukh29a8zkw7vg76ja86feng24heteu5j4a38eqtrqsjvde2q5z6fjv,BSH,2000,
xch1je847rlujqz7muwfwy8z7za84m3kjy208r8pk260sxy88mxjrhpsh4zwpa,BSH,2000,
xch166xtg5z5gp9rxr59dhr6qgylqczz7yrm2ngf0lqtt2fzxxhm8tls4xlp4y,BSH,2000,
xch143w4nttr0207gwrwm6yzp886hwn7hmd9q6d7tljsafuqutfraf8snmwurl,BSH,2000,
xch1xfy3043egxeuls6udfumyy3mkvu4cw8wk3m8dpjhguc30tswz30q5yp0c4,BSH,2000,
xch176k62g4s9hh3rx3anlph4kqglje5yc4anmmsev7q4hzm3jy95yysxxz36a,BSH,2000,
xch1uqh6k802t2uv7x38c9xd6hn62wt69vqal3qvqqg3agay9a7jk3aslk4695,BSH,2000,
xch19qd5drum96z8xxph02z2u6s4yk7cwfukfzppxcstvqnp6g3axtcsvnd979,BSH,2000,
xch16mg9lcflnjax523vq7f2j3rskgl5wdcldvqqf04v27ewenyhtlpqp08f3z,BSH,2000,
xch1ffzmve0whjnsmzkvctktka68at6qzsxrr59w90nlagm9mykzvkqsu9er4j,BSH,2000,
xch12upnw6h64yy7zmxgxqnrt9a4lt4zq9cwwwlm9lm3asvuwhm2k8rq8x4any,BSH,2000,
xch15f07pufk9a6lmpcree29vp00qj2qhp4ptm4u0sl852fyqasf8s0ss5euw2,BSH,2000,
xch1le2xn8ks7ddjv4l0x8cnemlpwwsmnuerqx5dl6mu6j7uem8647uqd3v2nx,BSH,2000,
xch1kc0jwf2v33m5nsajwtk3cvfz5qe62y430g28hcr24lg4rrqpv3vs94j8tz,BSH,2000,
xch1v85mza3wy8905gxrnmjwdnneusnxjy2msd88pe9yd92fgx45pc6sgr5x07,BSH,2000,
xch1apl7e7krduj7cmzrhfz357nvplvqxsd7csjwfslqc60kqug6utjq2t4ve4,BSH,2000,
xch15wallmuh3xe225at98963ycqkcx4lypzya9wtsdudu4x3cyzvcusau8qj7,BSH,2000,
xch1zcq9zpdltf2l37nl24mq5qpv0l26xrq3xupyavyja6c9zt9z2gmsdlgt5f,BSH,2000,
xch120hwkh40d9czyxfvv6eun77srw83ktnrxkalvfhjp7ahns9c9h8srmnc9r,BSH,2000,
xch16h06pxprljhksp0ulxau9zazdpf75f7zldgkk3kcrate9ufuelpsfq7xqx,BSH,2000,
xch1yclfjgm8upxvzdn5ntwd68x665dlgfqadtk9pqux88vgyqez8vwsdymfp4,BSH,2000,
xch1a0y3scmuz6jmh45kx7qr4nqtn6yrvw6ml9q8hdh39want7w58rsqmq5sz5,BSH,2000,
xch1gy4akjrhrmzeyw5junfv6s0lcnezk84uwc8rv8cn2qu0s4e65ztsdz8a3e,BSH,2000,
