addr,name,amount,11
xch120lupume3yxgjgamj7kwx77kqg620t82dg6gzp3wap8shflan2uqxg8njp,BSH,2000,
xch1c2qckkk3guksdsy0ykyupmj3ruyjf62qrw8vzrzv866xda88sfls5d5qk6,BSH,2000,
xch1mmtu3envl7ggqdz6rcjxawpvc6a9gsq2ydxz5jpf7a6afwqlg0qqsayrrp,BSH,2000,
xch19sp2rsha5sztv4t9nekxkavcge9ss0rskws26wheym69m7d9yptqsv2shk,BSH,2000,
xch15dxvmxtudqx8tkmq0gwh7rt5sdwze3dgtvdrx73hs4spltcdq0usla434u,BSH,2000,
xch1u5hakv6l33xxsvmvxtupcwl2ac0yd94xm7dk9g4pfprvxknd4u9sect6rz,BSH,2000,
xch1zsz40e4xsdjjart2c7wlwjp46ldkk852s6ph5v7sdza8tgs9hw7qx9km0m,BSH,2000,
xch1jgfpez9x5uzkmnjgfkdds7svgzzkm883gqs3t5s5cuxs43p5m35shstnpy,BSH,2000,
xch1uhcqh0syjsdrc3628hzfg353hh9zpa6mm8qyevqwcctve7s4c68s8tz6el,BSH,2000,
xch196e8el8wwcl89vzw46yje4mk22vmfmnfytvma94zxt040f3p062qc68kxx,BSH,2000,
xch1c5v7hpmkaumtmumc2z9540cv8g058ah7rhh2vkeng9sftxm0524syl89l6,BSH,2000,
xch16jt9w0yhfl4yfqteumwcr8ez4vqmadhxqsqhq27vkkumvp2jdadse9rs9h,BSH,2000,
xch1t2787uc7ktd9ecx600xgyh36ydnej4cut7ky2hsazy4224995glqds368a,BSH,2000,
xch1lx372j22mdlrpnj3wt559j90ru4z0h2fxc6ks5xhnsexhfxet3ps3c9src,BSH,2000,
xch1ftppey4du5z68gcy4s9eu48x95rdkp6pkkxzxjgv7xas737puy4sux72cr,BSH,2000,
xch1hfa4ccm8wrc6w25wwpehyl3y8hnhvdcw89tvna4ldrtv47fqjghst546ys,BSH,2000,
xch1tvujj8rt73kkqzjpl2dd5hk49l0wjqpdauma95znwxchdw2595psxsnckr,BSH,2000,
xch1vwleygyj5q7jg8c9nrfvuaj9jg42ecxrxfh94dgqmelgjhggm60s9fa8jc,BSH,2000,
xch1zda8re64yn9e82hnhdjsnxsmfvv9rh4zru5p76x64rkpxdjlphzqy69993,BSH,2000,
xch15wm6c57fpf09tjencnpfn3l3f3fke9wsrta7tcpqgc5dql3nzc9smu3cd2,BSH,2000,
xch10smw89e3zkqktx0y985d4h69ms4ktxac0pagdjnzcnu7qjscj75q9wpr5p,BSH,2000,
xch1ufzwpd0qe7k0ypshk6tzn4yqnyrfmxsk62ns2pz2vxtxq05ja69qedjafx,BSH,2000,
xch1j80axc4nx520styzm6ax3qmrerqyfg6gk2gvt80nh752s5txkckqd5xyr5,BSH,2000,
xch1k3986k6ezprq5vnz86pkujl2g07hrju8g2uyyrxa3hk6z3f3kh5q2kt9wy,BSH,2000,
xch1lkfn83lej0e2xu2txmvm9js78vadp6ge8rtsvzgw3c6vm77p92lsces9q2,BSH,2000,
xch1rdq45auen04zmlmjrxkgkc7h9frg8yqhy2lgnpe907979en9xw9sknmpnn,BSH,2000,
xch1cla77vw88lrcjjcz5dqw3e2sntgh6x2quh05264m3xqnay0quqvsw8f52g,BSH,2000,
xch1s4rwdxfjvkvxtaw63x7t6smnv9xadup7tqf6eq68zyfunp5e9jaq9smzzy,BSH,2000,
xch13ujcxhru3p64ndxfw3xf74fc980tlexydtvf9rake3t8yel7rkpse7z3ja,BSH,2000,
xch1yhjcjplj7xc3zk55a2c6yh80zval8cxdgwla5ru9uhjser20f9ps83dm9w,BSH,2000,
xch1lg83reaftq6nsexd6t3v7un2hl9lxzvf6ud8eufhac2gclqy96ssdt54ej,BSH,2000,
xch1z09w6wr97wwthu0p3admhkc2ull9506jd4wzkfndsk9rp56y37pq39q7jr,BSH,2000,
xch1xa6sfn36yrg73wz52eqnuhk6vapzd7pcfjzds8uasxpjfh6428mqm5v23a,BSH,2000,
xch1h94kxszaa7dw3rw0wkhq2jhqkcas5g3m0xdevj03nnflk0ujsywszkym9n,BSH,2000,
xch1mhhxmsjshmk0yj278slutqe6w7dcx4q79mfxyg9gl0wuq9y9dhqqns8fds,BSH,2000,
xch1gtg6mqcuhvaxtqtxlkaza9y6atzgqkcsa40psx2cnsqdt2f7c9tswqfvft,BSH,2000,
xch1amxdnexuepcxpdnx25p65mhw8l0yhsjlqcg4nwy6ehdqlzldcrzqmkxq29,BSH,2000,
xch1tes8pwf9u0xdcunyv2vs59tzc26zrqep7324xdymnpdggjh0ef9sxjyyyj,BSH,2000,
xch1f86hucn9htps0txkf88736lyz54rf6rlgcft36kdsehafy246vqsa83mau,BSH,2000,
xch1r2vy5ufpc79t88ljexpu93xyj8wht0479xzt3w3hqg63a55zalwqu3mj4c,BSH,2000,
xch1xwh4uhv40cmejd0z63jpx0zxgd94whzj2a0pxkhu4zns63ls7yxqmvwd0t,BSH,2000,
xch1zfehe4lj4tc438qrhv2cpqn5qelh2srwhxdxq89fkayprr49kenqwl6jw9,BSH,2000,
xch1mksz6yfnkn7ydquhr3dcv0ugy5dgjwkk692jxl8t5k7rjfnk2trs6j5nqw,BSH,2000,
xch1vq5pstfjwd8esvuuvuagdwm2et0w52vlyxzj54hhu6w22cgclklqpwqreg,BSH,2000,
xch19pvr3js28vaz5eurftw7dsw29yg5f0lrwhy5k770nef9fgggdftqfw0x09,BSH,2000,
xch1jpd30ssnlgn0zzdxjm7ewfs0j5rqsqxs6hnv6qpej00sp60nxn0sts6zl3,BSH,2000,
xch1nrxhl8ll2kex6j59hy58n00avhcv89z4aepsgfn6ehmklnq5z9gsl9nxjc,BSH,2000,
xch1gzyz8ud34lsxhtpgfde23tevtjvetlxjrpevd6qqvp4r5pg8m7nsxz5mte,BSH,2000,
xch1u6fy5ttj3vkghyj8zvtkl89vtr8fd429jsr2wuwvdpdadz0dprdsyll63z,BSH,2000,
xch1n27rkczffwksrwtueamalrduvaxngxuqzykcm7hf0zr50re4sz2q9r22xu,BSH,2000,
xch1zxsvapga68vwz7pjhf2dnasf3ncagmuamcwye5qyaja053j6d3zsppclqq,BSH,2000,
xch18tcu7tsrsvqgwnv6lxl3dlm6stwmcgw8fk84wh3h0tkgwzqrcansjh2k2v,BSH,2000,
xch1jduzq83meaawtk88924dah4fq6kku4wwkry08gev2xf32xtxqmwqgfd8n8,BSH,2000,
xch1xm2xpjpdx50xjhgj0ergcfvl5qhshgyvhle8v596mh58s3flkenqeye5ru,BSH,2000,
xch1w0axpa2jmvzqujpxse30qx6k8trg5ec53dq5q3kp8ftm9x65cr4qkdu9vk,BSH,2000,
xch1edk5zuq93ssawlhnsx5qzz2z6tfkjjstrzdekn7f7e3mxjtskswssu6uxv,BSH,2000,
xch15ye6clepzu2s5ra5unufd3m3sgg9nd6zchrhd04l77axf2f8rlmsy5zz33,BSH,2000,
xch1jhacvrwcswfnhpvxsw06gdffu5tnf945xfxva7fkzrfpjmx63nrq6pkl8e,BSH,2000,
xch1sh8a38hq37nnrzfxuxcxazsz7krqnnj2klc8m72stapdcqfhdlqs2yw80w,BSH,2000,
xch1lx7jlj2qf7etg6sf4z2fmkttzltn32dc3a948g59uxa58y6yjtmqr8lrfy,BSH,2000,
xch1m26jdxv6nfk7jwqymrejempq0da4wp65pv0uf4zhx87p3u53jyestkn0je,BSH,2000,
xch1kue52wlvj0fxt8n26grr7vnw7rprk0xg7j90wfsu8ar89xvdhp9skcwzmm,BSH,2000,
xch1ng5c2fap4tm7twhhnrwavgyrqsak27l3rqvscys50c74zmy205rsgfk30c,BSH,2000,
xch1yh45pm54ssqzlwqhdss26ltdec5kcmktlktqqtk27yaut4ksmdqsz7ywx0,BSH,2000,
xch1f3lqp07rhq92yafn4arurc8a2v9f0tvz320eahd2vs9x5yh489xq4lqpn2,BSH,2000,
xch1u3rfjerprkwlrspay6aw00ymnyl7q7398dpmyk2hkdms0yd5k94qhnc8ms,BSH,2000,
xch1m697sx3u99v3ps3zrn5ax9zcgpff47us5cdd3d87n6dq8fd39qpqahu6vq,BSH,2000,
xch1jmf77unsldelhswerj3kx4emcpc9th05p70vcglnlc8y846vrs9qn97d6a,BSH,2000,
xch18etc3s22t4dn7te2c70sv3wq3dk69twyt0yq95sztup2hjzzjqequrd0h6,BSH,2000,
xch1x6ae2smzv734lmkpym2ew7ad6guyrpdus02r034gzykt0ac9cfkqr8jm4g,BSH,2000,
xch1j4pj0d8twtrphhfe8qq4k9twsu9y56gf7tynnhrydjzhx50t2xss3s7xya,BSH,2000,
xch18ya77dz2eghly05udtf7un9yeh5g94akfmxxuls46qqzfdgmwyms8f2a0f,BSH,2000,
xch1e0rndutpgnclk29tu9wfjt84nga36lp9k5kxr0n3pry00ltaxefqt44atf,BSH,2000,
xch1fkh3lp59l3j3ce6vn895vx3klt7mn0fwtpgap9wd82qavvyxaykqvumk4c,BSH,2000,
xch1c49lucnvd937fusrd882g7prly3lgdfyf420hked0nnqwrnpuc7sc3ltpa,BSH,2000,
xch16tamvvvc86fc6s3wwe7d5vv75x3p6mtcf4tfslm5pap00lr8kd8q543vu3,BSH,2000,
xch17lvykyy9d3m6v9vzm2nhej9nm65d4x74pp8xht4xfackgmkce97sdwzpka,BSH,2000,
xch1trr9hl2d0g3gqd0ukudpytxue92a4jl7qn90j4g6x7tdswsm3wksvwnh2v,BSH,2000,
xch1l0shnll7urn9346ravzp3k4se66gxh5ukp2mt4cwt8ek3z97c7asqr38qk,BSH,2000,
xch166qx09udch2n9hz57gr3mz76e2q8h76f6z5y6letjs6rgctwjhzqaw7uhn,BSH,2000,
xch1dzul7nqv8fce85x5vgl8fle50rgdwrg9em5lc6u06vaf8pvhk6rqj4sjnd,BSH,2000,
xch14jmqtt2rvcsuz2tmn3yj63pgtk2pavfxnh7dp4hyk0pakk2kl53qdug64l,BSH,2000,
xch127jqp8txjgajzcc2pkayrehvn7u0gl42c3lwvaljzhp3pekts4cq8590tl,BSH,2000,
xch1rjc60k4q27qqmszgw5t5nyds7fp6ez3d4jpkd5ed9jsu9fmr2v9su4x2g9,BSH,2000,
xch13d5samqxxszxqyqp9mxerjh74x5hra27aum7kcdq3qsmhyp85ynswulajw,BSH,2000,
xch1jjrhvdhlh3hmnd6jfuv6thlgkxxw7t2dxwx0fken9zy9gzn58z6shcns9a,BSH,2000,
xch1csht6ar9ukglf9y5x2mz9zux3hpjcpdhscj68rfg4k7eccvflzgqg7uqpd,BSH,2000,
xch1yfw2d6c37d7megkr0ht6gjc3cytw707r264vwqwptgsdkezfe3fsn7r24y,BSH,2000,
xch1y9uwkl3wzc9rfmh75fpd7muznrlcyxyvsyxdas5uzgdwd3xrkchqsnsx4s,BSH,2000,
xch13lsknvk82pqu5ygyer8jnq42kut3hncjrc25rl3emcv0mqa2lh5suc26pu,BSH,2000,
xch1nj8sjtpqj5x2lh5uv6hed566reseacuaxhn5t3elv5laf7zrnnfq650pt3,BSH,2000,
xch1xkpsdcftxhar3kq2nmglnf65jjt0lnkuh504ary0rhq7k75x9tns2vra3x,BSH,2000,
xch152smqmqg2jus2uhl4eyhlz28dx9d2zf777mm3k38td5gk2rmnrnsfwn3lx,BSH,2000,
xch16nfnznacuzcurx0a7rag7pez262y647jdufyce595x2puu3vfhts5qelt5,BSH,2000,
xch1wrp4jmp84z8y9f25hmmhaktydydzhpqjjmpuepz67kd658xf6kpqzuehap,BSH,2000,
xch17aqpg3eegdasmwtuu3p59s35e23at3kaedj90haq5def8qrt4r4su8m8xp,BSH,2000,
xch1fxc8hcws550eet8cmgym3tmg5nzm36f4s7aa8qtxdp78dlxm7kyquphyrs,BSH,2000,
xch1zwl5mf8p90w7d5rvpy4h05cxea7hehx5j0p5gcuhnq43z05y2ttsm3tea3,BSH,2000,
xch106fq62tk6mas360rmg8z7532g5rpy0rr9y7rqcuyy3a7jc4mfftqnys0x9,BSH,2000,
xch1v9cun0jwf47a3l8a0q6k5pk8d72fuk8su64p59c88svtzswlcf7sg0fsy5,BSH,2000,
xch1nku48ycrjp64nqerk6q38ssrl7jjewcmgytm68e4ktzvk9v7ld3qu2g8rt,BSH,2000,
xch1hwcrug94wndt3kwjpc9l5hsvdh2xcz8cmd4zxavgygerex5zflcsjzzk4u,BSH,2000,
xch10r7e9sxzp3lum0ezj3pz450dja4xmnpq9qtn9ezmjdzqmpay2p3sgat9hy,BSH,2000,
xch1nrdw3f64zh9c22wlcumk9h85rpmqkhzcmw9397sl528mks9y6ycsjx06x2,BSH,2000,
xch150022q9mnxkrk4e6zk27nsx8ld49s8n5sg0uet80kzzw7x2gwegqg6ju2q,BSH,2000,
xch1d88recqehreskrkfxjckmkq2fgs64drhgnls56qppn39h3mgj5ssyqzqhw,BSH,2000,
xch1ge0atp963apc5vhdke6u3ewne2ahw42rr6azyhgc08t9yhy6jnrqglmhfl,BSH,2000,
xch13ecl2my5znmg4cd4vlqtxdd20hu02fvzdzjf5qznx8f4xvccshjsehanla,BSH,2000,
xch1hqh4chr6usgm2ztw79a6r42cpk5llupqmhqlurez5qd7y4nz675qpuyz53,BSH,2000,
xch1nneesc287jh48hmlv9h4gczp9u069hgehug4746uv3egvlqp90hqq5v3sj,BSH,2000,
xch1v92cy2ug3jnuu8l7nq8yazrvu6r4s5ldcyggxseute8dmhs0l99qh84wyr,BSH,2000,
xch1974fkmjs58g88e5gnn4c85vgs6mvfg46n96n2pa5ch7gylepd6tqv44d4f,BSH,2000,
xch1h2kdnd03mkpmrdtq96f64dmahv0ry8g94t4z7e4rwhuntutynn9sugl0mx,BSH,2000,
xch1daj9a89ec8g2x3cyfn45sfgpr46pxzanvzdjeadxautnyl2nvc6syd9quu,BSH,2000,
xch162xm4xf8sk6nkmvcfku3shu9mwzk8hhjesf4457vyl8kftkkrn8sca679h,BSH,2000,
xch1gw03kqpnyq8lyhfxzgz74y4axtjq59z2pddnfym760wxsl4th0eq0rxqsv,BSH,2000,
xch1mlsdr66mt7amjaruy60jrs3lvte68hp4vyex72g7amf2tfc3f08qp9x84y,BSH,2000,
xch19kp8apft9aq9ndxahjcqag7ladps00f6u429qujwczkpjfq4cj7shec3yq,BSH,2000,
xch19y2vkmrwhpn6hu6z9qyu47py05x5jsegx3lhnclrugelre8vqzeswehjun,BSH,2000,
xch1u6pkcn2xswpcflu2cjd6hppe84dr06us2mysyn95u22yezd8vf5qfz4aed,BSH,2000,
xch1fgwfl4zcfgnxdpjeu8gvf5cc2f2236x0hz9hc2mulmcg82h9gd7s5700w7,BSH,2000,
xch1czg443pe9dpach4xxstqgn3qtuvulkg40z25rjhshqey6e9z0j6qr2ajww,BSH,2000,
xch1epht3ksm7rm7ukqzv2fnzxjcr8xhxkvp8gpdnrm0w8qargtl553shu5v45,BSH,2000,
xch1us2neg6h3nf3e6gdxc5a5uqrxa3ezcxne30khlzs86c7x3vemuhqsu6x3r,BSH,2000,
xch1w0va4vm5x889q7up7t0c5lsgnk8tf2pad7kkfw02pk68vzkyqz4stvdvdc,BSH,2000,
xch1g5tl9fq565rqq5t4myud8vj3rq95g4zm8dsn00g3ex0frrp7klqszaea4u,BSH,2000,
xch10mtxstvf5rfmecjwp5t7majx67nkyga39g0smuvj9z3tm3fs4t3qt6vd4l,BSH,2000,
xch1lkdw7dh9up2crjmwzzzeqgkjfnac5n5jyv8uh69y3x4ru7t4s4us83neqv,BSH,2000,
xch1s7wnwldwagpwgrnpd5lmg7l3eu4ck3tt6jqaun982jdlwas20jpsatcdzx,BSH,2000,
xch1xaxu62p7qqkvn233dtvvj2r57gd3tslmcrl7fm64xggjv4wl9sqq3jwxz4,BSH,2000,
xch1yqzc94we9s8rksjl0dv46m0udpjxr8s68aghd2l4sqrqe6ggczcqvxnm5f,BSH,2000,
xch18qseaz6uax2k579zmkjqmsaflmtku58c7hpyz0repwpkgpu7atvq8pnqdl,BSH,2000,
xch1jy4r8pgmch3jl7awrqwykd9yent80f0qlsxrl85rwrlz9rwmnq0sp99uk7,BSH,2000,
xch12refhew5ms8pljmdf8flnh6g8xzj0qd0kywv88gtpd8mxyk6ad6qu69lj8,BSH,2000,
xch17fntv8z7c3hv6m044aww5tecwfsvxrhldwah3zd2t980apv7j0mqhev7w0,BSH,2000,
xch13zcsh3yzypge96mzjj0ay2kk63kjm2vejncflg59pqksvwe3epzqerxvt0,BSH,2000,
xch19t95r7pqxv8m8qzqnq3l37jcpdau8wjkw353rqufkqw0ekcnddasqxy7zd,BSH,2000,
xch1uj8nj8t9227p4lzp0rzl2tm8fyq3jvxcws23qjq5myp6fmfxy7zqvd9775,BSH,2000,
xch1wxxdn2w3up57w9sq84dktltvteq4waz5e24nr22vdn52ap8w0jvs5lyw04,BSH,2000,
xch10p50fq25rmy0ten00suhtexzv47tghjehnwldqmlwxk4w56uzjdsw0jhrz,BSH,2000,
xch1ryc3kjz7trgkktqcckr5r96sq868dpn65q8zlg7frmp9q2llrv5s42urct,BSH,2000,
xch1z0te747v4zwlxfm5hfcgeh48cgaq33vacc8xlj7yqrnr3cdjqkdq8rye4z,BSH,2000,
xch1vyxyvc4jvrshtf762rr6vesemnsrjz2n5pp6mv6p0shctz40agcqn73kky,BSH,2000,
xch1e4p5443sehj0tsdh6vrewet3zkwpustv3rxp70lfc9ukxy4752vq5fv6s8,BSH,2000,
xch1cfrth0gwyvpw433pl67ep7ekdpsx7y2y7u6nxa2ladmlfaudnf6qdv5hza,BSH,2000,
xch1ev4952p9n5hrheh6prttm6e7jehjf3ugyk5u4w9tp2dc6zcl3wzsusjwxa,BSH,2000,
xch15f46wf2uln9zp6xp3r9e4uq7mck3p72l9a7a65xg8ey6nxykdg3s45fka9,BSH,2000,
xch1zfg9ps0j5e60zc3dtuzescldhx0ez2yf3sgez7ca0unft5v6ntys3wzmuu,BSH,2000,
xch1xtwxcjzcnv0c03vj8pup4dntlpyszjagdwt6h364e5jugq9txpyqjhwkt8,BSH,2000,
xch1kyc8t0q9symna7egf6gvtl9mz2tree5pjuapj5m0fu34y8pez5sqgj9meu,BSH,2000,
xch1w7z6qlr6f0wkwht7p4je0jvxdtlaz53ula9qmzjryhxwp6upvuzs69jzrp,BSH,2000,
xch17jn69fr3s62fxv5ncl5ryfsk069vr7y5v026jx6n53fkpxcegr5su57q4d,BSH,2000,
xch1n4gyvnht60pwxf9ruewn9dxx6zlaj7y0a6fva2wye24ptqekmqxsdrrlj0,BSH,2000,
xch14d2zzy7sqjpzrkj08ah8c97l0lm5lmg46kw9rn4xlwl8glufhe0st53cr8,BSH,2000,
xch1n0xh7vlqav276a95y6u3ma7xg0dcgs00xy56sufhvjz80nzkw6csypd5lp,BSH,2000,
xch19s48r89n5m7g47d33n9t4ec3xhdqsmz2j7g96seynyn9m4cdrgpsmp65gm,BSH,2000,
xch1ytr330s93mw8dzenjqgvxs8e4dltayp6evkr73vk2ns0cn0d546q7hr7dw,BSH,2000,
xch12d4alf5s8g9jyw5acyh2ssaact9rkkfqh2mmqgk2lrx2au0zcfvqtftgyd,BSH,2000,
xch1lwnt25575cu539244jtnu6evaxhsq6g29l9axyh4wfmcj65tt9us6nzm39,BSH,2000,
xch1s02z0zzeg4tu6nnr5fyzr7ea3kg3n0ta7qlzkpu9e7xv4g5ka2csllq997,BSH,2000,
xch1m4uqwavrdd2qstdv6u964ec5302lf9eeywuyuxlx2j0t0u2f070s49uuuz,BSH,2000,
xch1tqsw5sgqr4tr9ffxmupkqgzh33ucrg42x3l2kvvslzv3kn0anl7qpdedw0,BSH,2000,
xch1ut72g4w0p0emaz3caa3arw7jmvllft36x8my08hz8wr4nkltrq6sc5ehvr,BSH,2000,
xch1khwhnn9cl3q40zfhy7am85jkqsfn6ty9vfwpltwnxhn27fpvmyqq805q92,BSH,2000,
xch12rrcwu47mfp58qtfp3s7pum5vnus7mrqthe5wcfthuaxmxjjz0cqejp7qq,BSH,2000,
xch19d4a75xrerhnuqktx7zjp7s4a0nu3pruf67pgy37k092f5w3l09ssvul5s,BSH,2000,
xch1aycc2x7w8rz6g0p90qfnjpu4pe4ad8q8s8q7kel9swt3pygl5lnqx4xft3,BSH,2000,
xch1hfxy7w0vy4yrvwzfl0h95ht7n5gcydees6f72rslfu20fu98q6esultmw7,BSH,2000,
xch12hk0nwk87up43kmt9tr2j5uf2vm3gtj5wl0t53wdvv7xd97takuskdemdd,BSH,2000,
xch1wesmfjw5c9wtmjuseznzw3hrt3jk6g84scryn9vsvyz3utawd4xq28upv5,BSH,2000,
xch1x72lgl3fashsz6qdq6twv3xlpxlswp4445yfyns3xt7cgptfl6ks7grs89,BSH,2000,
xch1seg4lctgvdy9hj948l9y8axmre03q9vuvku2rr2xj0l7v0vtxhvsf9ug93,BSH,2000,
xch1f93aqa5ff8vl3sue9jhe00jxma2pc5uze0c9dp63sknprkhwnt6q9u4gfa,BSH,2000,
xch19ng206gted7qwtep6s64rrmj4tv2xjh2cfrqzcn6afvhksw2yseqau6z4s,BSH,2000,
xch1t4tze5prc4pqvpm7s0v40xru8mwpchzlemq2avzn6s499v8dsedsjztm9s,BSH,2000,
xch1kfrpnvpw2lyvvlrggnzrrefcq3t3pll9wr3cmexfv698mg94rqgquvawc4,BSH,2000,
xch1ejvsdvcjfwqqg5zak3gfj40zmp0w5hgy4jx40ths4n7spl60rgzstamqy9,BSH,2000,
xch1dhnym0nalkq9wu2hnkm5swj0dhkgdt8cxq3eea780nmzsnl0cj0sjxqj3e,BSH,2000,
xch1neyys7lc24as3ntsneddmfpdtjl6aqrravtajwc73sjz2r4dz4uq7q6qs6,BSH,2000,
xch1s34es7jsle29e06cj2rne5f76ul6uvmhhlqkcj5hv8hy9d7qtj2s5nfaq5,BSH,2000,
xch1cg3jhfd6fweslfeqx75kma5amjaq8sad9frx98us5mlhw7d9psds63ekst,BSH,2000,
xch12qm5cs6pea5kcpr4s8tzm9mmu3z00krwj0j45a8z6fzpv455v6cs5qca5g,BSH,2000,
xch1chg208sy2kv5xylhw292hemxhx439kxeqa0jr6unh66g04smaj3swsunar,BSH,2000,
xch1vdwzl3u35k4mglf0hk8fsskmvh6et2ryjq224dftqlv72gx6wt2qf33vrg,BSH,2000,
xch1depvkf0muctcyk6s4ss5pgnves8e2ke0yx0jm2y749c5mler4yqsems2uf,BSH,2000,
xch1f7q2chaqaa85jpqv7m99ulhk7p7ezsyefm653g2k9dt0y50yjpaqzr4l92,BSH,2000,
xch18dx2y4z0lffl0x89fu7t629ult5ag04nd47lpyh2ye5ce0w8q2fs4p5tzv,BSH,2000,
xch1hfv9vu9x84mqjgnnme9ljd2vdgkn2v86yxkzatdyzyqj22ksanqsdkra0u,BSH,2000,
xch1d05fdfv7fwzq8c6af4kkejuwnhf9llx5zvmjsens0ya4yykwtecqllvlul,BSH,2000,
xch1g6mm6u9n9gunmrc0kpntn553zkte5ngsh0dqhzdu3qqnjvnr869s93jwfh,BSH,2000,
xch14fyxpal0xdhzfd53kmdylr7jrk3znej0gesrw8gmzd2uggtf8yxs6ewee9,BSH,2000,
xch1dqffk03njswp9ca35cr4enn3jnfnmdg502pc4g3z8xafkm8gzqfqpyg8qk,BSH,2000,
xch1gcsuvqrne3c3gyjmn32alwhjeedceazwqmusdympr2hxu6ht3vqqlvntx3,BSH,2000,
xch1yrs2m8w8wgv7l9jssv4p5a55ycw8sjg4kmkkfl60mulnlvqv33as9pscnc,BSH,2000,
xch16469z7nsukhcarkzy0lpxprhywn0ftndmlh098pgmw73pax895eslxf588,BSH,2000,
xch1wy04e79c0ny97cuq3dmdvapr5hwnkhktpazmdywy3kc5zy8rjncqek9v96,BSH,2000,
xch1lvps6mm4eyhf0ne606a9k5jlgq9l08sn4glecmq2jvlfr476vfdq85swzu,BSH,2000,
xch1f87nawp3kdzvyrrv4dzjgnjwhtvavq89ytelg48xvx36jdea2sgqpn55ze,BSH,2000,
xch15h97d8svghy6gmxw77wajqq5sryvan5esvvcwz96sdm50uwp27vqetc48f,BSH,2000,
xch13guc657mvrzfv4wfefzmq4lf78wx4swkeprx6pwv73nrqw95zvgq294qzw,BSH,2000,
xch1ufj2d2utdffllxq9fadu5wjshsmzv4450a82849ze6fqmrq9jh8svl4530,BSH,2000,
xch1jvjv87lkprkw7k876xgv5lmymh484ld4ukguwlg3zhy2r9v6ektsfmazx2,BSH,2000,
xch1ar6fy6ynn4srytufm424lnt9597g2dnlsdmkspywngd8w5fnunns3ntwg4,BSH,2000,
xch1wlyktwjkfhnu26kxyadzzj2f362srrh0f7wtwyah3ujkz0u5ggnqs964h4,BSH,2000,
xch132ee03uenh96asejye7sryjvza0egaxtyyrhjqzw9swfwg75vzgshhd3h6,BSH,2000,
xch1cfrw4sgcng6ykmcuztpl25ttjuk8t6h6a2z0f4zr2j5w0v3w8chqh0teue,BSH,2000,
xch1cg9j85n8g5yypsxnkyka50dtnnme9a3cdc50qz3vaq5h0j4d5tvqq574tq,BSH,2000,
xch172ytgp53l5exh546jaklhyghew5ktvru6x2kvkfwa3pysx4g42tsxz4977,BSH,2000,
xch1kn6aludn74e2kzh5xasjzwwx4y7t5dhqcjf6azw8cpt3utnvyztq700wys,BSH,2000,
xch18pusatdkul9vr78dkkas4e4kkdzph7053unr42f9pg5qhvdvt7vqrxgvsm,BSH,2000,
xch15rvdeu6sqx9s0f5k59xz8842p4alufz3jvj3fg7p7ds8zu5v7a5s26hh62,BSH,2000,
xch1ghykhtvkkte4tgek3qne8ypmusy94nu7z3yukhgd29jxml9e9grqlyvk3e,BSH,2000,
xch1an07mua2n2wau7sxk0usrf3sj5ml00hkg4vvrly4ww9uzvjwj2qszf6nhp,BSH,2000,
xch16jhsawef63lnkts77j8mn8myx76w46wxl54x7yh4zr09t27aw7tqd5apfc,BSH,2000,
xch15tvv5dls2ttxns8e8d2x0xs03nlfhery275qw85c8dxqr3kdsa7sdwql5s,BSH,2000,
xch1syzvfa7e0zr07zps3w3yk83phd0wjefagh93nvrzegmffvvvdfus5el2d6,BSH,2000,
xch1apndnqjgf8zzlf59lcgxnyu9eup94tnlkah9ygwzwgf3qmukucjskamder,BSH,2000,
xch1flnuqj8snr2w6scsjzh8ys9xlrksgra4tuemy7kxmth9a5aegpfspkgkq0,BSH,2000,
xch170kgw8m3rkrqskjdcwgfyknv7epe7r8gvxavkx6a7y8h3jpr4u2sk804sg,BSH,2000,
xch1hc2c7fp3026chh9ewxtwmdey6qg6crkr4mm7hfeatt2rw9kwrpjs4tkcj5,BSH,2000,
xch1ddn8kmtsnwrm49ufuz40pmud6grxejkxkyprajkk63sjg4ew0hdsgg7vcm,BSH,2000,
xch1sp7xqr7vypzulpjst6g0q653wutapkejfp6a5zws0gwvt2hs4s2qxcnugh,BSH,2000,
xch1f0rx90v2jmfqqpvevy8kdn6x0v8gtp897nmzhfrpt4f5mg5mg7qqc6rrtg,BSH,2000,
xch1gdhgr8zh67zq5serjym0mgcvx8ydhafqjxq7es3dtkwradsfyj3sa2t5kf,BSH,2000,
xch162gzf08gtzs4zr770dtvzv4wh8g7ka8gnhraz4n0cacjslylqyfs9yfhv7,BSH,2000,
xch1lqfejru64rz62ynea00ff57gdl2ll7yrnkwz2r4s4ax3ewemz4nqr0dkze,BSH,2000,
xch1a97235uzswxh6v8rq3cdf9wf7rlqcuafgzw9zxs7txfmkmj5jrmqwgll6h,BSH,2000,
xch1dw4jp5g0fz4gxjmj77vjh0lsphqyvf73h4765222kjxu0qeut56qsa6hz2,BSH,2000,
xch1dxyy4ptk28vc80nz3slzpedkhun9wmma5xvkxchkgtpp9tpua6hs05fmrl,BSH,2000,
xch1cfr4et0008mgxequ3sylyhn3zvnpxupza00gwc8upex9fyu3r9vszplmxr,BSH,2000,
xch1xeuft4pmy7kgz9z3209t0w8haawvd7avzzuq8vgnrz5kvjxn70eqda5fuj,BSH,2000,
xch1lzcvnm5ymr8un63uzrjmzkyk8mdk7tup54k5pcllclqp4qp90k5sh3hfx7,BSH,2000,
xch10ezpvma623ll4xam60428sz3dcq6h33gc3fl2mez0hss294eygcs66ms8u,BSH,2000,
xch1v6s9x0q3s0fmygh7pl5cc7app4ka5yz7mm79ew4yjwuk63ye9qxqpvt65a,BSH,2000,
xch15y47ux8yxfusymp9v4s2gxkf0csfy6szfvcm39mq8hdt6w8m3jus8z6g9v,BSH,2000,
xch1c6rq9dtwwxk4y73wwuu6yp5pjpn84tqec4k2pz3rxqd6j0mfslkqp0w454,BSH,2000,
xch14gx6sxwlkpm8uhes5l3jrd4skycd7p2zrx99a63zp6hzsy53mjpqshmc2k,BSH,2000,
xch1elyfqsjz3h4majsmgz2xw8ha3ay00zjh97syhwf2mf9tgh6kapaserh6l7,BSH,2000,
xch1aywg6yyl9vwhp62umynj6qtdv8m5jpzsyg36sqr97e64gcf7zx4qe2d5ja,BSH,2000,
xch197luackjsz8zkht8a4xnj82hxtmv5239cfl4mqkekrfdd8d27u5qsd43xg,BSH,2000,
xch1rkh348vmwdema60jyds6qk69x2gu93qxckhdv6ug38f4ghpszphqt9l4zy,BSH,2000,
xch1j074p3mdfvsfh6p0hhd8gwlfrjpmxx86cvxqwyhs2v0zx7lkqttsymhpnj,BSH,2000,
xch1ulgng2wr2u2nmmfqvxaxuegx72r2krevym3z9dj0eva2np6ycucqhc69h8,BSH,2000,
xch1vxqaraw4f3psyauf27ewaj7p8730tjh04nlngupwl4090h54hqfqz8hv9h,BSH,2000,
xch1uvpxeteg8xetpznhdawl8urw6lxk4l0854xmmfcs0uhq7tefzw7sv3fdhq,BSH,2000,
xch1zxl6nffz0wy8hd5mz4efepmsnknschstgyfs9c7ayvd5d460jtdsywcy9x,BSH,2000,
xch1f8ydajcyt69xg5lgam9twa0nyxc6jj4ahfupjy8ddg2xpy85fuysxsqt9z,BSH,2000,
xch1mt4jl9wu5p5euwwz60suzqw69zad39w0cdvjyfssfq9duhrjk8vq6843ps,BSH,2000,
xch10wqvwe0nk06vz6wwmk9ag6cf9ypg338ylfk0uxy59r6qccwyvaysyqv5pf,BSH,2000,
xch1c8syalnwxvw2jllexq7wma06sg0z5gukg7uzynunatd8lnsuzhqqfd7sld,BSH,2000,
xch156yqwmw332yk05tg2uuf89u0jp0sac438amzkj4hw06sckmtndjssm4a2e,BSH,2000,
xch1mc5npq3d634p5zhny9uzshnpqvvzyv48dqsz7ydlkru2ctawkwrsftrar8,BSH,2000,
xch10tt294lwupnwj4wr24nyn8332mrsy8y4e6dfmvhrevph296euxxqgm6m05,BSH,2000,
xch1564cazu6agqe7sl47xqr27ca3kwv5s5schptad0sa6x9n7nz3y6q0acf5u,BSH,2000,
xch1g7ms7jgtkpcjlumu9r5p0mvyml4txynf87q9m897vtxses9w77yq8xys25,BSH,2000,
xch1rms4jlyr5jjp398jc96zertced62hpeeuv9zdm7zk9gf4r28k5wsc0u7pa,BSH,2000,
xch18v8673zmdulvc6dauk7yvmhnd98jfw3wj73parulnp9rj8wmvm6q0zyzaw,BSH,2000,
xch1a4l97w34hfnaf3z60jz5r4s9y2cqfthuer3jrqm3gcrdvvvrmhps8349ky,BSH,2000,
xch1mge4dxzlca7x800r3vyk6nz4qcr4c2g4f08ge2yu4t9mkg7s6pess9zjhe,BSH,2000,
xch1zgl9tuqqnknp9ahv8mcwncngrqmx5ret9ya39h8rk9yptvqnx2fqrrjp2c,BSH,2000,
xch194sq5h3ahzwawdazr82vzmpz7k8uxufjgq2ru2g78dvvkm332hes4wn42h,BSH,2000,
xch1exe4qz03paq8sl7rgnv9x0cd83c9lqdcv5ynury3gnv3j9ftkuwswrstf3,BSH,2000,
xch1hukapu2ve70wzvexpqdsvyffkggqq03l28s09y7wls28u9n7ek2s3em556,BSH,2000,
xch187yagvzsnffpj969c638rgmq04wdutv4cpja9s73nmgfmhjaaads8s6hct,BSH,2000,
xch15w4gqf7pf77r5qx57pv69m2uzst67w349fmkveyglw64l28g58eqv0axts,BSH,2000,
xch1tmcdm32k3p7305fdcjjn4zy8nnp77xxw3jteslrkz9xdhwm4yjfqm2q2tj,BSH,2000,
xch1c2eeumz856lr5m6h42dv45fn9waesk6cn9gcatv3fdq7fw3ywn7scauykp,BSH,2000,
xch1uc8ppdhkeaknuvj48rpa5jy7s6x6ufh9703qwkl648d75zvfz9uqm26kt9,BSH,2000,
xch1n3fr0uexddw9u3mue9p4z9fks34vwmz3788arnxw2afgzdas7e5qc8atm2,BSH,2000,
xch194e2czymdrr28l5jd5wqlk7nhne38ry3zr7gr2lxua64kucsk7lq0lxwgy,BSH,2000,
xch12cyehq4j9r0fwjmv9rrudnfcaafs7ff9cjfgd7qy4vv8ql8m96usnmf6xx,BSH,2000,
xch145we4xnsh8hpsalzcsura3ufzjd8v7dxp0yryft3u4jxnla66v7qdautqv,BSH,2000,
xch1fk5m2ka8p8kwrr65k2udv0ce44x2whf4fcf60ffpf2rv4cdnpnnqyqsmqt,BSH,2000,
xch18j6d8edsafhck70xygmsg2kwmck7heny6fcvtlcfdmvxehwvzczsv3cdsc,BSH,2000,
xch1uesjtfp5e6p3f93rx4ewyjh942tnlmremj0dqvrxee24gucyuamqveuxep,BSH,2000,
xch1cfefpclpkd2g3te4cq9aw29p7d2upusqjmly82g3vadrm864vehse7lekd,BSH,2000,
xch1ymdd27kwvpfvcncm40d3k9auhd7dpgp4ecw4mmpk08w3a7dekz4s7h8rq0,BSH,2000,
xch1mye4xjjgh0qnpxd2s044np74pnhr6y4wh4dtflhkhna0z62st9jstd5elz,BSH,2000,
xch188g562uxp9cm77tw4cel9phqtpfnceyq55sgc853dsgup0rffv8s5m720n,BSH,2000,
xch1fzan0g4lu3qnmycfcts7hccevncerhk4ylv7pxsh8hzu7wat9xvqdeytcq,BSH,2000,
xch1202tyue53e3jfm957au4v37ry9s2c8tl2m7gl9exgz35swqshywsgkjhej,BSH,2000,
xch1n5j6l7hr4sg3txfjhf707zz78r9q34wwfmyh4jng3lzmekx803xqg2cfs0,BSH,2000,
xch1u0na9vc42hy0mc9m3uvq86qfqsu99tu48pskypj5t0p5e8gpydcq2wqayx,BSH,2000,
xch1mmzl8h8xvg2q9tpkgy03pfwrgyvuluf7ta20ntr0lqmc2xle4ayqqn46xe,BSH,2000,
xch1mdyhr8ur5s0hucspqhlp7l498mgr0j9927e5xndj0egupv0p9q3s362mc4,BSH,2000,
xch1ygkch7a2068ztkhwmtlff7wa6hgjqrqpue9rp8q0zhv0kwklk0eq0ctf7x,BSH,2000,
xch1ng7xg7nk3tpwz9v73rctmf7azepldygmcjplakz3e79s389cly3q8j3zfa,BSH,2000,
xch1z6tu93acrn85afwkhxnvgzz70e3wk0wznulm63np6qgu0hx6wlaq9sate9,BSH,2000,
xch1ezpa67cedu9uqmcwc08te2v4h3vkky43kys5hwtwyxs983qqg8sq7q9vd3,BSH,2000,
xch1fxgwskmp2ln3jxxqh66v8a3zqnq2zrygggmlrpzgaezd9m60592s7z2z6n,BSH,2000,
xch1t2qavfwavwt84uc0x4vef8e0xcqk2cck2yq0z30k7qgmfctse0qqaf0rak,BSH,2000,
xch1m9sh2htkvx0w6ryp3a2vu555altv5zr5mws87ztp995h7gzdqw0qrckjmw,BSH,2000,
xch1aszntp3aecyf0r2car57rxde5q79lvqhnpjp044wn2a24eu33xqq55sp7n,BSH,2000,
xch1fwfj8vc84qynqhs6zfmkwrqjg9dfz3a0lwcd52g66hj0l3clp6vqt47wur,BSH,2000,
xch1xd5ca5u33uhejmmmjjmzd7eeev9j8umn2ddtq4k0hmhaakpsej3sarxlc5,BSH,2000,
xch17u4l7puygnfe7xdleqhyrnz0z9xj43aeqrppqnsxv6520gdszy3sdjf24g,BSH,2000,
xch1g2397rg9a2yzfhzkuavschmj2n0x3l84rza64qn3a9dns7gf6kjslt244x,BSH,2000,
xch1lvj7au9twx988lv48f5snldy0qyac8dgw75fghhfk0ln2uzff4hsskzrjx,BSH,2000,
xch13vya90walvw0s634ynl38hsw7rh0qltu2d7gqtp8ne5tjxcqd93qj4023y,BSH,2000,
xch1run9neat6xnr452593c86me0mmxdfq0p8s6wg9udkwmumcwdekdqu8nv24,BSH,2000,
xch1aawtqfp9j6xdq49ddffp0exscw66m85yur8l5hkjk6cx3s769sksyz8pn3,BSH,2000,
xch1c2xjny0dqjkhyqxlzxn3ea5fpq8fswxrlu7cl8tm73lpsmmyg0cq0433v4,BSH,2000,
xch1r33usv4gl6scux06ypnzv93neqzdxhh7wfqdpsehsenghf8f97gs2jz3py,BSH,2000,
xch1xkp6wrsdnukegyfchsqdgqpeyrn7vq0hh9cpylwq76qcrkfqpvtsmhkfge,BSH,2000,
xch1jnfre4x9mvzda637mwk0xre23jv3wvj4dfxjckcp4gqale46dgrqwvzuzz,BSH,2000,
xch1wj4juql7xphv3827u9grmw90gx5stklwfpwqw3nuaylf4z4d7mzq75evnn,BSH,2000,
xch1ejyx72sejrz5e0v8azmwn72swlssjdp3jp93supak7ns6z796x9qm3rxtx,BSH,2000,
xch14pfngz3ssy89z6ntylgr4surrc4hs0v4uncst6gmflq7hu2vkmkq7c6gl9,BSH,2000,
xch12j0d4wmkn92g8vrn2exyr3rhtxkyunvg4w84fgy5r4vxh78ypc3sar3qsa,BSH,2000,
xch1zc0hy3ufhjlr9fpvyjyw9v3mggmpdf9v9rhuyt505fdhevznsjdq5hy0de,BSH,2000,
xch18wvg7qkn77pxqmym0x4459zvc8450fjzt3vemp7llgp0yr0ahwrq6d99hu,BSH,2000,
xch1s324rsjajrdssyr9zjxytgmzlvm05zy4qfwgsm7wrd2legpe6g7qzlzt95,BSH,2000,
xch13tfgqrmknvcem8uxqt8q9yzjczuc8cqglzv8cnwrxfmtu00s0qgq24pzer,BSH,2000,
xch1g6hjmwzh9nhr5qq8kya0va723x3utgcfdpnvhcdkn9cthx52ar3qg6cl79,BSH,2000,
xch1efc7nm8adgg2t4zdw508yeyuhk96xn5x98hfcwwmefz0udum7vzs9jylm6,BSH,2000,
xch1jrpjkxffh3skdmkaeyuynhyl3rpzh42k6pp9ea792ydfal7htcdscrdetz,BSH,2000,
xch13emcwntz7s2nx7pjn68ysvp7sdh3cxjdwqedasxdx3tq7fja07eseckr0z,BSH,2000,
xch17zgw8pydklapzqxnvkrks9eevlq7q3kaqak65m0fpncy6e6ntr0q4u3fpl,BSH,2000,
xch1ralwe4vd7f3348m3jykzat43mp3y2z47ukeyncm8fq3dtuuyfv6swrez00,BSH,2000,
xch1y30u4dkjmssu52zywnhda0d6cjw9wsjaxcnntwgjl68t9mjmefhqj8zu23,BSH,2000,
xch1uktwad4huc02yj64rxx8pw5hlvruxnwdflxt5vwzplfrr3fjt75s0rmx0q,BSH,2000,
xch16x9ltkedgn4t3vd4wq56hdpl342tarznqlglxkqa9pu6qdech60szwdu4f,BSH,2000,
xch120azayfc9e02v6yp08t809t7sjtd93cztf26a0sscnxcp7gcppwq8jywju,BSH,2000,
xch1j3zetzsufwuqvnfgckfxqk7ewrak9ax6paxjwjyy6ahlwkk4ej9qzksj59,BSH,2000,
xch17nmxn37vadu6r5k0xnzg6q3mr80vn4wdp6z5rzpcwl496nrmzgjqtvuz35,BSH,2000,
xch1s4lefj4p7fvg2axmn78k32z69ffgczcdkfkexpmf44ugmtv83mss26e05d,BSH,2000,
xch190eg8awrcmmxykc5736d5zk7hzpffz6khfv97exzh2z63nqefplqd9y8ym,BSH,2000,
xch1enwwdk6ntqedaztvekpnz67hlh94mjt4zvtnt4vg2rl9xfth5dzsl0h60a,BSH,2000,
xch16r6jld0sdh38utmrppe2m55qtg0vvr4t0cfrgayscyck4j0vdrrq33gvcm,BSH,2000,
xch18muf4h8ceavp9fvlez92a5u9fc4mytah9qw5tanhq7ldlqzw6thqhgytcf,BSH,2000,
xch1cf2eyr08exlfz38m69lyqfgsr4lajx97z68uqgzpgzklnr00astsme66z8,BSH,2000,
xch1e9jkaajljzydnr2skdam0mtk64ey5sxpr8f55h4gjj667ge9ff2sy6s8w7,BSH,2000,
xch18v29qa5h9zkh0zz6v7js90f890f4t3f5ddjgd8xd8vfskw0hfjjq7mf6dd,BSH,2000,
xch1xhv3azm42kw887aytzg9shmh72h6274yj6llrqhgfjas4rk4z3ws4vnfpv,BSH,2000,
xch19nschg9aht8sj56ajxk9px2ufd8jxm6f2jfl48k5ghre5g7dl5tq5yzzc3,BSH,2000,
xch19mp8tw8pxx6m7gx72k2jkdvzm4dmlt6j5s3493tw8n8h496ea6nqmzgn9v,BSH,2000,
xch18me6sntf8k042qe47a3s3zzddu8yutmnjwt8hk595u7nvzs2zs8qfy07ze,BSH,2000,
xch1z7su7w0x2mkjz4rktemywfdtelm29q2t8dlvkx66zrun7fqttu8quuay2v,BSH,2000,
xch1klvs5gjn7zpq5x990mhgvqf0kjjtsm08vunllgakq3gtehn78epsul2hk2,BSH,2000,
xch1rneu5tylq9tk8fgahpaxr5wwkjuxud0ctrz0lrp3w9mxw7lrul2qzx0qah,BSH,2000,
xch170eezt7mnlgppcl0zc26elc9gf9jhrmlh0kznfxsyt26pywglvyqqcs3yq,BSH,2000,
xch1k94aqe8ltreqvp7s5d9h03zx4r7mw795du206ak76gjx9kx8xxyqw04m3j,BSH,2000,
xch1fpe9qv320jzapuvrfkjwsl5akylc962lnevmgkd3essd5curwp0s79ktgw,BSH,2000,
xch1grdtperpnwcepr3zvn4s06a48kg5w9cednnhzr2wqrgj8ts47pysgd20s4,BSH,2000,
xch10dx0r789w7pr42ayvwtlu2wjjddpg7lkxawuc6gwzn9rncwnmwtqy9s4se,BSH,2000,
xch1fvj0rz4r8nxz65kw923t9ztqetf73yxvhs0dcqpha7scp8ylwp7snrw5ks,BSH,2000,
xch1a2ll8vey0awl4mz8h7hsqwjgwr0hm48g3g6v9n5k7hmqjyzxephsyxc73a,BSH,2000,
xch178r2den7akhvuljytfafsc659lm68pl5f66mz6grgp608ftql0sqrypngm,BSH,2000,
xch1gqz0sp4jwevyh79dksf8330kz286k4ngf2q75ryxmmnylvheethq648vce,BSH,2000,
xch16sr30pleqxhx7w2kn2a3lmnc5d859jegulvf68m72a9dlkv7wezqatxk7v,BSH,2000,
xch1yv6w8g32r29xq99g8k26njmw32tcjwrsmdzwlr76xfg49kcq7hmsmxrepk,BSH,2000,
xch1gypqptlqw33rd5hsuyvugsflkzh823qq0elhq26tvuejpw6e3u9sl086et,BSH,2000,
xch107t74wu8f7tpaeaatyafdsndy2dhl24rc6xf20k2nqyjjqs6j5fse34w2s,BSH,2000,
xch1uggzuy7r3kj6jz2eksghgkptgg7qkld9xyn0whmy7mk475mt5yqq8vndnf,BSH,2000,
xch1ydf5fnnd8pdasy288ela472ahknz5lplu0nwk0zyxfsdz45fcuhqcelcnn,BSH,2000,
xch1fkafr5qftwd5t8m23u9yurz3zavyvepq48gul0h0g5cl3aqd7urs9m9nh5,BSH,2000,
xch17ykwqmwn96plj9yr40ma3003v7nmv7r5fyecch8q6su4ttyukddsh63406,BSH,2000,
xch1ratxgcqlgdnmkvx2sswas2v8hs5ygtwlad2466fr9gf6trzwduusfahatz,BSH,2000,
xch1upaduf6mgguc7r0kgttk55ryaunaaqznpxw73srae0t3da66vxssq0marh,BSH,2000,
xch1t20nskk3m5c09dvfd8ahlx9mwed0p0dvngkv8mpzzkwt4fshm68qced9eg,BSH,2000,
xch1k2n48yjjp5wkwhf5jpeagedpjsd3wjjf8q3sgnmzscypg47f7suq6n5k6s,BSH,2000,
xch1fycv59lwpt65urdkc6vtpp7ks8ghj9ty206hszpcvgkd574l7eys6kaasu,BSH,2000,
xch1e45ur4sey77736a0r9092jkqfmdz9jpht0uay0jfzh2sv45wdvwqgl9lwr,BSH,2000,
xch1muhlrcmj94erqfxrapctlhwcsnzrmhknugjgtlv9dh696s5gh5cqhegg45,BSH,2000,
xch1eynk5e7qmwlen6lctf73w8tgz7nywt98pvkm5uvmslguxvsah2vsq047s7,BSH,2000,
xch1as0lxhurma653d5dcmmwdven794hhz785n7mg9tmpnn0p63dp6hq7jfww4,BSH,2000,
xch1k54spkvla6356ykhrszasscr0fanquu2pnwgkfdr4n8lxuyl79fst34zjm,BSH,2000,
xch1el975e265cppfkfkuj6wpfdxzgxjnfqaq95leppszsyarmu2nuestun3np,BSH,2000,
xch1ap0w79mkxhxsd3xf9m3p3ccxfz3ca0ma4yxttzkvuxg49vvhh3qsf8ch49,BSH,2000,
xch1wkv7xkuan35eqysj2hvk5vspn3xxwdggr7zu3usv0lnwhdl0qswq2pkwda,BSH,2000,
xch17e58hy3f9dlt9e3svhnxc0majv77ma9xgpjkugmxdudgs7a5v2sqe4g59t,BSH,2000,
xch15wppdsz2v75d3629rjdgagxw6p2h0cljxcxwdt3dv0cn89p8v6squaphf5,BSH,2000,
xch1uwur0lhkvvw27r9kwz3v0zmukj03m0nf6hxze7qtvef05xxkwd0svjut7g,BSH,2000,
xch1gmf38schtkpdgwqz6y8zgrrnq4etqq2s96txd69hg76v0mzlstxs4aqgzs,BSH,2000,
xch1gf6twz3d9mmhy369n9ul8ahswhxy4kp2n6067nzkwymjkwfzlz0s8nfvnt,BSH,2000,
xch1jdeegt5f2cvplg6cjrq89nwt5cyea082um5n05st5z8v3qkkstjsw42lzw,BSH,2000,
xch1kqdx4ee0vevkejjxcfw9wkngfy4chln9p7mqu32zyaugfysyp6ssu2hjvc,BSH,2000,
xch1tgtlhqfwr4mqfdnpgkspzspktmhehye07hyf86ee5y2zmcmeyzrsyfnp62,BSH,2000,
xch1ahcchgwfufx0z9l47zs730jfrxfyy6dg29neyzpzklr3quyexecst9mekw,BSH,2000,
xch1kkzl7n782m8exjp5ahzpttp546mdj79fe3glf6ynnehd0k9vrgzqp8scnu,BSH,2000,
xch15r3ms5580t8veve0rdztvczdkp5ngftpwu38tunlc8amtesaj7ssfufjxe,BSH,2000,
xch1msh2m4qzt4ryl4e92f4mlycl4mz6wxefqlsanvheequleacn9swquccztm,BSH,2000,
xch135qzhvlvykm99pc892t5yu6cpgh692ka4u6xanzn9x79vep7pqdqq7l6xp,BSH,2000,
xch17hdsl4rygss4nk6zqt6nfuj2sk5y9p8su2z7twylrke3vpsh2h0q5nghgg,BSH,2000,
xch1ru0vv0hed8tf58he3crjzehs27gja3xem4rkmjcxf5sqysg4danq7csa2k,BSH,2000,
xch18dmcgrr3j7aewf2wu8r3hvp29m6k9fvsuz35hjsdxet778unre6s67f49e,BSH,2000,
xch14ld4q3aqjft7z2tv7d8s4kffqqljyx6v5gzk7qpm8aa4xl08zqgqx26v7a,BSH,2000,
xch1u5gun4yn0e25s2w983rle7sse5rw6klz7vyaqsxra39ue66sl5dq7tqsnt,BSH,2000,
xch1ycdhdw0ydg9aermrvceezph3e5ymam63qyhuy55uw3g4t0kfc9nqvg9wey,BSH,2000,
xch1u4myswc88mn0lujanw77s0ypc8yylnlcsq0kx4tna0px6g75gjvs8mkdzr,BSH,2000,
xch1yln8jx8sktkkds3g8af6yz88zyrjskas8fkyscj9dxmchqxghwcsl9h9a3,BSH,2000,
xch1hv8svj88l0qzsz988t3aaq6cmr2sdr5axxaj8h7gjmdzrccjds2qq43m7a,BSH,2000,
xch12mlazujr9p7jk4va7nrs4ng9cp5gx6z54nwz5mpqlwwudcpp6f2szjludl,BSH,2000,
xch1azjcth6qfe8vd7a2fj56dn9whfpjxlee4je64gdm94s9dxue5p3scrhe2p,BSH,2000,
xch1tgvjkg4ed46rt8k3lkr9sh4xsfsdwq56q2skeg9p9nyu5tg82sfq4zf6dc,BSH,2000,
xch15gvqut2h8kfvfrzfea8uup50c0ayr4da79hg7zgs630w0urhrefs7fkw4k,BSH,2000,
xch175s6z0cd9n92p9evw4xsfjksphxk5p77uuxud3kryn3g0na50vgq2695yp,BSH,2000,
xch1emya6zmhgyy62k07pd705fhd6gtfpcj79673jcltjjmu4g24xp0q4z9f5p,BSH,2000,
xch19jumj4dj9m2ghj67028a4guxelyhf6hvm4wngcwfrcxqrmqggx3sp4d3ff,BSH,2000,
xch1nh7rm6ludz6v8n27pgmh9nqc25ypapuct73n6q9w8acwccpd09hqgzl40g,BSH,2000,
xch1lnmychzkgygq6dvhnppkyqj663g39mj06m5urnkslgyeyadxsrgqslfgzn,BSH,2000,
xch1c9gtfvluaxmqfpet79hz6u4vcxpfn74fhagnmrh5s8aq7xtk8q9qla7t45,BSH,2000,
xch1myxnuv3p9e3k58gyww6a4xehjmwefmtkhqfvw985p5cg9arlx53qcqux9t,BSH,2000,
xch1eces4l6fq3p5he9g95k9c7ujej3t39f5ehtevk705p7xv8fxnwjs42en5w,BSH,2000,
xch1n3vjfqn2ck6cyyec53np7qkrq0h4znjzmere29k5jxznexyaxsds9q0e4t,BSH,2000,
xch1c2qnhkasqy3tst34maed05fapya5l7q2f4hrxq6vmvs2uuqfjekqpgk26m,BSH,2000,
xch1e80ua9m297udl0wa72lzjrft0mh6yw39ls8tkx5gxqy67zwuw99sayx8ml,BSH,2000,
xch12h77m0annqul2lzg47zxzdrg5v3g4kc90tn8c2g03mlqh8rn265qwgpg06,BSH,2000,
xch1kkpe230tuxgpfutevjnfhhj2f4428uhxvvk4pzvyc2hsg373uyfq8qddaz,BSH,2000,
xch12748t4wedpf65yxz7lvyv2242r8sjvmpnh39g2tx8fa0j5zxsj2qtryvmn,BSH,2000,
xch1llt6p48qv0mw9vep5qj3nyzcy60ghl9ulgljrakz6jrhvu06gv4qjp3dpk,BSH,2000,
xch1xw6yttj3qvs5gjhu53va6hr7gmca680vhqmfg7dm4q6gzlly6pes9w6mfr,BSH,2000,
xch1r4lvtxeavm3ee7w5m8nrpsh2h0denp4jhppffnfpwe24uklq40wsvh0j59,BSH,2000,
xch1258ujmaxy5przsktw5lftzxygq7fdllkpy7tdumjz6n92d3k474sr3sgmj,BSH,2000,
xch1zjrazppldw58pmh4lqpnsyqsvgavclw4wqfsq6laanjx35vecj7s9jqu6p,BSH,2000,
xch1anrk5vmxj2ssga0nzx3mjgnjywsmzaavp5s57hltrtc8mrq5getslyplpq,BSH,2000,
xch1armewsker9772sq8cwd6khcqvz7uw87zp8wrg2snnc2c9uc0rkdqvc3qez,BSH,2000,
xch133p22zwaasvxndah94kzq3pxjgcm6zyqevzdksw5fmx37qcyvetq78ah82,BSH,2000,
xch13qecr74lvl9pwgcmd8udhja8cs4l38fr8tqn3crgq8xt2czdg0psrsvaj5,BSH,2000,
xch12amssl3vzv0zr8wzghn6pguvtkhqnm6k33nx6nfs3p9dstpd90pqjcszpx,BSH,2000,
xch19facpfy9kkkvyemr2hp073fy7wjmtnqmkzvzqkmspajm6trutvqqvfzjph,BSH,2000,
xch10d5z22ezrhh60nmy96f55lu6w64ptek4hfps4c73xe5h333vwxzqj2cca4,BSH,2000,
xch1zlf3n00kvs5jsux8kg7n7x58t0a8y9w6tk798pzvwcp3waza6f5sdquk6s,BSH,2000,
xch1aqmsgmhldt67cmpv9jaespmgaynmumfap6j4khu4su99sxnlfwjsslwkqh,BSH,2000,
xch1mjdujk85h9cafvlftuvylskkatsp4k87juycawkpxkg3n7d9d8ts98ukjr,BSH,2000,
xch1yg683wv0xekwhy3x9saupx4r2ty9erjr5gqgczju9fxrrzc8xklq2kan69,BSH,2000,
xch1uvkfq6gmkgtpfz6tkq4ehy0p7tufjn3csvr204xrlv5ury8fznnqmvh8mn,BSH,2000,
xch187mfnl7g7ym702nmpdead7d27r0aqa2axaafuuau6ymfvapge07s33ftyh,BSH,2000,
xch1d7lclvp5gssqljsc3tmkh0ajx5g95l47jlpgha2gj4pm6rrt4plqqpv3p2,BSH,2000,
xch19px20nmsn9dkjezkt3ejsya9sz28dcfjhvs0yse690k373u40k5skt8pdt,BSH,2000,
xch1hx0xj29gdkggcs7sv36v74ql30xhtsupyvasyym858tu2uhc0mestqpjh5,BSH,2000,
xch1zeg6gpjmx9t6r7ktkn8sj9kwvxtcn3d8ve5zwlaawqrtx3axxufsf69m97,BSH,2000,
xch1ey6syd9we2mgqfeh07zl3mk4m6rf87cy64tknaj37ma2l7dkmpvskp6drt,BSH,2000,
xch15jl60f2p5hvrtz02z896dfg4ntz88qhzaqldmcp227svahpphrlq3syy64,BSH,2000,
xch1tzvetq2p5n20e3hv9nl7a3e0gr4xaxkys6h6yr7q098e7pgs645q7s2y9e,BSH,2000,
xch14rt37wdzs5mhw7a4z6ywdsnc3z8p93wc7qqnrmy7yemudvepk3ssxvlw4a,BSH,2000,
xch1snhatsuzn9cm82ntupqxh0tjclwa3af80t3gwlwuqd3l9apjtckqa6qkw5,BSH,2000,
xch1dkscs2z5vlea3v7gtkuxkkc2vf8rv0p5md3jsjwaatsdzpwf6dksj9c9r0,BSH,2000,
xch1e2vu2cam0wtmzlk2767n54v64qer9wakk3w849l05t37yz43q87svav9sy,BSH,2000,
xch1at98dgdqcggxu9zduy6el6z0jgwrk64xhv9k7rmxc7takgrup6msee0ukq,BSH,2000,
xch17nrs62h0enrg4u94cm68nt4aahthf77y0uueyaxrqe0qeq7xnz3qgzj7gv,BSH,2000,
xch182k8us2az7grwh6ag5dyjy3ve5v98wluayvtwxhzespxwrqw2e9qtyqmgm,BSH,2000,
xch1rdhffer0vhtcqewt85pqqunh5h8p7dqgypa55vztny3p3t9ukn8quf6yap,BSH,2000,
xch1rhh4ydx2rcukax67t40ftyyw367a828w73lpnz4843tv3ulz6yss5uknld,BSH,2000,
xch1yc5u96ndvludyxyejzfeqp3z06zj6uc4pa7ssvyg2n64zg6as9ssdhz4fq,BSH,2000,
xch1jty0qcz7kc2wqxyfkzma6808as4kzp2afnyha795udxj8s5ahtxstp0txc,BSH,2000,
xch1xsn55s9jkz52h964v5mscfyxeglprt7nln5fdrenm5esfmelg0vskuzx0c,BSH,2000,
xch1kyxlltxtfyu0k7z80gjekgjd6y9ewesyzeun35p8x3ej5xrurdts005jzq,BSH,2000,
xch120plqrm6g60leqzj7fgmvtmvr5gx7djj33u90sj3pzzct7r79gcs4xcmu5,BSH,2000,
xch1dnzla6gtlvws3v25y0kflft0rzxqysn7dl3kw5lvh7rcwuljhrlsdtur4g,BSH,2000,
xch1t4mw9gytgfdhpemvsm0d7szll7ht6culj8u76gwak8q5cmqf8ffsxxl3uk,BSH,2000,
xch1zrrr843nkt6k6rgt0aw9mk4pkwe9elw4pnkngptq03twrt0rqnasmggxra,BSH,2000,
xch16h3urv9e6fgnt9n29l70yn93v9a4q55k8nc2flacywumxerxr73sun8lw5,BSH,2000,
xch19yly3txl2m4wrrj6wd3wzkens3amyf0m6z8cveyxtx6xn5qc96hsgn8hda,BSH,2000,
xch1zahpp3xmkefynpz94ywzzt0hc7q5x0hphcvhud5fsf2fruszdx0qs7w3ee,BSH,2000,
xch1gqswrwar7pfn8x075gsmuspv24rmdgna2qm0rl2aaj39thj0r26qzphy4r,BSH,2000,
xch1utuyssmnrhwavurrwtaayk77w623q35nj8qmllcnfrd9hsh5h7esntmn9l,BSH,2000,
xch1xc3tl83mqac972wvsxex0yhxlc0uz55l48f53ysvffhfhts4ajqq73szxk,BSH,2000,
xch1ay5k0k3fe3tlxw3772zql7wu78x5selnjg930dltk9p335guy36snrgxn4,BSH,2000,
xch1u55kypl8fa3yp2me3c6d7294q42fytnufud7w86llrgc599rw20sms67c3,BSH,2000,
xch1g3q0vdzlx2a8u0zw0kep9e7ux2ctrgdfr5v23gazckcq86fa8g5qdl5zfp,BSH,2000,
xch1dqe6rndfwvwhqsfsq5yln8mrvqppnqu093y395x6r5dt6qdupsys98v0ez,BSH,2000,
xch14vzftfff6zu8e8pvywxd84fdp5u8446nntaknx38wakstz7lgmwqhxtumd,BSH,2000,
xch1fdj7sm72s32rr5snnlcskn3yakhqmuhhfvjj8ltszw934nxkpfsstwsxgu,BSH,2000,
xch1fv2eqwr3jt259s75ynazr6jc98lsam7kt4t0xkfselk0m76cv56qlcqswy,BSH,2000,
xch1yx2g8fw6uyqwuhrnkedrz5f47w25zutqfqaklgrr6vxqeqdfmj8sy4yflq,BSH,2000,
xch1du9536tvl7dltkgyvy5k0epmxq3wtkh3lmmu0smrpk0z3mw4fwvqnzmmpj,BSH,2000,
xch1skxswpshxqfz0zslandp2pa56gjj5f2ejzmstr5sm07jrdelhckqu3pckj,BSH,2000,
xch10cftqpa8m4gk0uj52vq9jtdwcpln20c29h37nnzdhxzhzjwgzmxqkrhjr7,BSH,2000,
xch15xyky00re2sayj2r4tp9r8sqnaqe8kttur4pyx4xxs6d2aj5jwrqcshyms,BSH,2000,
xch12j8vq3adzpp6nvcw2eyc3tvhvtffjtpeekqv002qs3rwsz9988vsy8wvnz,BSH,2000,
xch1g4v8aselax4rdmztt8fcrtcg74m79mctzqty54j8wjrwmgm833tq9fqrdz,BSH,2000,
xch1ukk3tvppkgkzrnc7pumz4pw8c2qaf25mf9ne3ucesm7z9ckp87rsjde0j2,BSH,2000,
xch1yh4zkwpsv46tr63uu5daypf2f3fx0unrtd48wmql528njvvmk99svysv9g,BSH,2000,
xch184683u6gcltewmhsv6jrj6fgt6ren0c5c68afna5t7jn8ukvaqesfwa3lv,BSH,2000,
xch10f43fkwvf9q5q0gqwvuql46dkl9mm2ydjt9n6zrnhqz7u6tdasgq3pg58c,BSH,2000,
xch1n9cvy95mcq6w3c6dx5t3ya2xg2amqqqqtq2dp4ktk0y3jkhtpzjqvq450q,BSH,2000,
xch1wt9ee3ruqn4crqs9kx6p260m6ucrj55s54g6vuv3vm9ftnu5qw6s6tte7x,BSH,2000,
xch19l54drfny8y09ht9y6j06a7dxeuk0njy0m2cv2jq69dqh95ytlhs5hrf3k,BSH,2000,
xch1v3ugdxry644sag9k2v8wwchlhwzs4p6q6n8h4yzz0cl2mn2720hq2d9hhe,BSH,2000,
xch1td8c0el406d9982a2rpyzmwtvt69jq29s4c062wh95q63ww79vqss3w9zu,BSH,2000,
xch12ce2qlkxvesd7rnm8t50u4nxtshpu3hpwfayzlcveheurlm4qgeq2nj76m,BSH,2000,
xch1kg28pt08wjpy0n6rkqx9gpfn8fqqnz7wrgzkgnrwsgnf6phcvw7sdxj94q,BSH,2000,
xch14aqrs6cy0fu4gzerfyfx4e8r37uwz2v5fyxw9ychg8m32pksw66qutdvrh,BSH,2000,
xch1h7c6n9lz3q8c2arsajhj3ql5ttujmak9jj32etcthjhp3axutyrqese0qq,BSH,2000,
xch1e28y9nfxhkcz58fts7wdf9t6dd9fktd2z44zndk2hrk5ms4e7ppqefzyc3,BSH,2000,
xch15yazf52nyhk7gqqwckm0e0kh2gkxaxzrna0fxazhx36yr67xxausu0yh8e,BSH,2000,
xch18mtd3df06d3lh7f6ash93yyhqu8pzkr2znc0a3k79ezazdw9a2tqdyr2jx,BSH,2000,
xch1xwxfpe7jgradm0x0k5zz4j4q9vns6c05758f8mhq3r5g34ygly8sva3ygj,BSH,2000,
xch1x8cvxhh5mz7kfle6e6e6s4a367lxg2rqahel3aeuuqpqrz74rexsfxjcqp,BSH,2000,
xch1gmkzuetd7alr8uxsym433av3zmtsru6qxxgtep0u0a78a34l3alqy8lhug,BSH,2000,
xch1czpll0q38de54ykmgc4jg0tglvq8ar4g6xm3ex92wmcn8rpj855s02wfgh,BSH,2000,
xch1mp6pdlzvtw4qmsl8d8m49rcy63qlhx073nje697gnqzuegx2dleq600rnv,BSH,2000,
xch1k495pxg38th08a5ea3xrw5t0vd0pwy678z6hm66g76cpgh4draeql6ucpy,BSH,2000,
xch1238z06yes07zpl6f9v9zz68kucyyxdlwy497u2uxmrg2lvljsgysdve8pk,BSH,2000,
xch1wezpwm0nn8mzhr6uyughrpfc445l4ckuze90cqxr4kd25nw6kvhq28ymlk,BSH,2000,
xch12yznf5pskn6z6kv4uszvjr4rjp5297m9y7myvklrddn9c4zd660s3caegc,BSH,2000,
xch1tyapr9g5u2f8lwxfmrdz7hjku8s4v74lxuqdcsapxn0qe9q9yfvseet43c,BSH,2000,
xch1mjyhe0mwcy03rk94vuwnvpnapk5xj0ltjsdv0txedyy3n89x2pwqpn3g08,BSH,2000,
xch1ttn8j2t06x9477jql5f94dgz6uyzm74gt6ct2qt0fnt2pwe2mhjssv5qlf,BSH,2000,
xch1jhr9p03dtqdc7gwmdu47x3ycgkpdwt22lmngzehnylucr9kyn8qsecqkr7,BSH,2000,
xch17mjp75uj5n9d8sqz248p2x2nxl8pjmc42a0eanez8zw0yc69e96s2vrefk,BSH,2000,
xch1nwn7te538muhye83ecv5f3v9kurms9mdyrz9q72wcsrnwxuce9qsjqa9wa,BSH,2000,
xch1e3xesajalsychalrfx8qnc6fr0jx8tryt77vj0c4aclzechxm2ws073ldw,BSH,2000,
xch1n76grn63kld3reqtg0glyykedmgw7dc4f3zfta2f0l2ycc3nstfqv0yekv,BSH,2000,
xch15ujx55yscq45dd2mahsgxuhaqf9dwv4nefnqn7vtap4zvrhxxw7qgl4lpz,BSH,2000,
xch1907dlzec2yelwe9vahlyswgava6vl9nmztycgf3rqe5z3xpp879qeedee6,BSH,2000,
xch1403sh8h3a5s79qp3347s3tuu3jxurter5pkfzakz9mfa0k28psqspl9nsj,BSH,2000,
xch1yw8cc4f8jghs7upw06azjpkslzksjsgpjg0h7qyuvqjfr8dxxkgsmtn558,BSH,2000,
xch1k56rh4z28nmvj7q28dnhxr3cnzey4rx8vu374wr5umnmnynyfhhs8qutrr,BSH,2000,
xch1fjchg5ud5vz30fehfa0wdvhay4478z4hvuv8w4vletkpvzp4jv7q6cl49c,BSH,2000,
xch192jaqs5kk8tlf82ajjpt74afu65x7xuvdhrz5avll0ffgv44fzeqlh4wd5,BSH,2000,
xch1vfqxhdgsrep06p9yvn6zqx9yn6fsvavelds377xyssvqvm4fwrfq8c7fnx,BSH,2000,
xch1drnlrupk6yrzkmaakaptr4fxtp3yv3ly37p8z0ke770ehxlenr2s782h8p,BSH,2000,
xch1hlq0aylj0pmjzee9uf5f4g9ur9u3qhjj53aaxl76fzs7wa3pl94q4643ge,BSH,2000,
xch1hxdxhjua3x7fdqcrh9h8a9h7m45ly4j23nnyu2r9el6cmsdj4h6q8xl8m7,BSH,2000,
xch1cxk7lzj2ckm60luu9ru5evqfjze7ga8ufwtasc08fupestjyrltsltq9ka,BSH,2000,
xch1yxwtew7qxetj46ec5p5ap3y60z050wj0pvp6ppwf74ljqd6sa7dq8p2lhy,BSH,2000,
xch1ulmrrysa6snxrcxwkchazalc6lh3d3fk45heyecxgzgez6u035usgyvfhj,BSH,2000,
xch1vnay66nvw759a8f3amz8sy833843wc84ezzf54873fmngp9v8lgqtk76kr,BSH,2000,
xch1h0fphsk4809pqa6favs60aqwmyxaatl90u79r63pkfxc80dmtmls8wvfad,BSH,2000,
xch1u5h5ntzsj0m7eqw7kzz45uh2gk9wlmla7qe0f4qh50jghfyjngzsa7v7dw,BSH,2000,
xch1hk6xqckm8cpnuwlvpjskvxjxn45h28d0axzglrnxme6htqjlnmnqklwgfq,BSH,2000,
xch1srx0wly64levqlu5q9da6q63ldp375t4xtsl4cpg94ak7l7r5rlqtj3n6x,BSH,2000,
xch1yp7jzjhgtnrrft3nt9cfl97wxj6a5jzz2l0lma8pgqmxygut39hq0kx9ce,BSH,2000,
xch1gvshcnzylsgl85v594jpuv7z9yahqj78ef0439twq8zjlnqtdwjqkkvq7r,BSH,2000,
xch1kcuvjmgg0qj97u6urlrc2ay3dxm4yls4lwc9cyq7vqacuyhsxl9qvt63yt,BSH,2000,
xch1rese4kkfuwkk2j9aqlh7zay8afwarrztwad4g7565xer5cz5c43qdjwenu,BSH,2000,
xch102hmzdrn2ztnl63uyh7p9x3sduargt4vdzwxm9vdtaqz8r3lvkvsztjuxl,BSH,2000,
xch1wa5j7lw7dktuum0e5d2s54x7ym8egser9ucs7jev6lpplhmpcsesgp95a7,BSH,2000,
xch1sx767xu2vafcnupvpwlc0ksumatjp3dt5cpgjmfj7a0svhwrd9eqy6cp9s,BSH,2000,
xch1neftyvr4cmkr3q8ptejekhqplhuvwe0s6hynxr5hzlcsuey4c3hqxucqx9,BSH,2000,
xch1j7rc5s4fvlzfvqgjnacckm455y3v5v48dm4l3d8y2w3fngrnwycqmtqand,BSH,2000,
xch15y2qxywxvuqsmrvmamxactgmj42daw5zsrsrv46t2z9lgewsz4cq0sn786,BSH,2000,
xch1nf3m5nyu7g3zadlz8fet4gz6jfs6wqzw3082cnerezpm7ftx6v9sevkee2,BSH,2000,
xch15d47f2dklnlpl4l5uvyq9wpaz8sdafwjwxnq6ce6x0pvr6ayypvsrlkppl,BSH,2000,
xch1xxvqpj0t77flkmajsj3ucz62gkdp0ac3d4pchz0e650hlc7q629sny3yn8,BSH,2000,
xch1cwllgg5dzjeh8gcta2he6m8gkjj9h5nyyv3kukz3gpyc6af6p84qacvyk6,BSH,2000,
xch1xvh2lgtgpx8gpm2rk3hkslhz8wzc4x0pm4wz4sy8uqcppzhcnwjqyxtm2l,BSH,2000,
xch1wf7zyeqvx0cs7mpntmxxga24v5dvx7wpk2atu5r3hqu9vm3ayy6s8h2gzr,BSH,2000,
xch1r2q5q7fhwvgfcnv4ddg77phm7f82w75yhpghaz00c8rzmca8skksccv6hz,BSH,2000,
xch13m3rqhsld9hk4ppz84xklryeruqg42vudm5hsnaylk9uagzktefsky5m8v,BSH,2000,
xch1wjx6ydqdfcdgf600yfhk42fyn5ssn8mg22a2shph4rpmf4xt29ss90qask,BSH,2000,
xch125aetf8shrk42v96xcv8qf5qcscs3xd57zzjsdnp6sw45zlne83s7mjc56,BSH,2000,
xch1dammas599akr7vxwnnapmgvvy6u2aufde0r6llcf6sgt2fakn9nstqktxu,BSH,2000,
xch1j7lp7a7uhvjx9w0eylrnt0rqk6m6e6n33r6dx4ge49tsmsuuujusvrdeex,BSH,2000,
xch1r6y05tcaw4fp6axrlgu2cl2z7qyr0znae87fwv2fjrxa6ezth00qakdt9x,BSH,2000,
xch16f2agnavhgyd8ry850jraw7kxd3qz5874szfysckjla6g3pakw7qjltqju,BSH,2000,
xch15k533w752avwrat0djcf4da75wncl7zyh3kpfacxld4pqx4876wstdga2p,BSH,2000,
xch1lk56ma339qagcj88st7d4vvl7d8rwx72cm4lmjkmws6ra3xupefs0kk7s9,BSH,2000,
xch1aff5q0qrzdt9k7yscr3nsd0plr392ukvsjcpda3ft6zyfw9tm2pqxzgk2g,BSH,2000,
xch1f7e2sfec627re2qcdaedk2c2u8ts75zdjezzahsms3lkgcy8c8hsf2u8x0,BSH,2000,
xch1eu5htc8gdc26hvn38ghhhsmvgmt6048tfyt33h0g6ydjmhmmsywqmq73gy,BSH,2000,
xch17xxhyqehzu8n7qyrpw2mv2l33ejxc3w2gquvpc9s6vcujkz0p33q25emvh,BSH,2000,
xch1a2x797d53a9jgnufafzcwg96ktavdf95ufvn39sq6997xn0n5hhqdmsse4,BSH,2000,
xch14eldgtvke8c0vrkpu3t4kw6pynl5vkxypdg8dtfpjmd6cj8dr0fsqmaads,BSH,2000,
xch1hwz3l5lxyjxunegyhj4sdc6vswn2ln345kyfw6jng3q4mm8e287s3qvzg0,BSH,2000,
xch1yzvpry2fgcyeymz6mvs899xjwqw8pqdz4ml5sa98mtm7ql23rszsvk4lry,BSH,2000,
xch16q0p44dg5g6kcl2qc4nt0jtxdyrq2zxqhaldh7s2ptkzadycwj2qnq6a0a,BSH,2000,
xch1ex35f4dahe276e2trseam2w78cn3mn68kxh8ey4njhqxauxanexq7c6r6r,BSH,2000,
xch1ykzp9ggsmnwn5y9928x0grdxmm5q3679e8sm2utvv0yswka8mx6qlnddmh,BSH,2000,
xch1n0wd348jaqxsxytthd345uxag0y4aw4u0nzhj5rjduauqct9408snprvge,BSH,2000,
xch1mf2y5ju03l9wzmwlujl24zphqx0nxq5xwpd0hatc5uhvv8js5v2swshkdl,BSH,2000,
xch19dvct0qc989dm2dv650lxla0fdzrfrddxrp0j66pagy66wadqrysv54rwt,BSH,2000,
xch19rfsy2jrmv0lt0tczaky7tagzdeq68ruu6gqpf4xnxmcsdy6x68qrm7hjg,BSH,2000,
xch19gkfddhla3k996q7hyh3m5wkpwlakwzym5y40f4arvpnzg55978sux798z,BSH,2000,
xch15xrtdj3pd04rrdp08dkm8m3k66y7hl5445w943lx2s4ws8htrwtsc6z35a,BSH,2000,
xch1cwywt2ctmfdrw88njxn2k03cw6u0clwlrxuu58mtql2csqrsf04q6w3mh7,BSH,2000,
xch1r7pzkkxnq8x0yhjzdpntgl9mmyggxvaumg8efh4kfcq3ysswha4qwrzlhx,BSH,2000,
xch189j3nf9anmwx2yex7xnrz0lrqzsanwatpjx8h0l5nqcdjpttl0ystkzf8t,BSH,2000,
xch16fntq2q9hck7pv734y5wdvnw7enlgxfawxkwxzja6348mlul38vqfea87x,BSH,2000,
xch1uxmhl4yzl7fk2ekvpf00lhrl83xzsamwe24fz4v4cqvsd8q46yzqt067vd,BSH,2000,
xch1myswl8lg9fykjks5qvftddqh6c2xpplqpj3d8ntagnjz366vx2tqpvw70v,BSH,2000,
xch1dfdvzxujj3rhya7naftt5vda8yfpxxflt906c0cprm7ejmngyl3sy9cpsy,BSH,2000,
xch1racgdqqzs8wjuq23jq9t98qk3em8xcm9rm8zstuhvxhrg5p3tveqhuz0xm,BSH,2000,
xch1mutdgw57p00n9vvhvt6npz79y736mha5v6vc8szxtct76c2755gqnqmapm,BSH,2000,
xch1a396t4e8f2ceccgkg05kllh99eu45mduehdh6ay40jyj6phuh5tqfdgem4,BSH,2000,
xch1epkrg87pe8c4zhe4x078hpdacwua4k5juklvg27fq4kd8327ffwsrx29um,BSH,2000,
xch1xfdd9u95wfh3h0kpyqqm3xkn8k2q54smd3kvrydequcx4e58hzjq3y7dfe,BSH,2000,
xch1xxy8dt3d8thzkdl55lapffh2l6qes0r8222x2ahz0e8ew3ny64fqtc4muu,BSH,2000,
xch1htaj6u3smnlr3n3wphp0537xz0zt8ldj5xj7rwtnlzh6ahnf44zsyqj6sd,BSH,2000,
xch13umq9et7x7yczd0rfxmndyz74y5ctrut9ptpuvxul9s9cwehuazqnn9az2,BSH,2000,
xch1tul30gmdmn7h6y606cfe66tv4qdttdeuz6jmufsawavrfqmu89lq7hkg05,BSH,2000,
xch1s22v898n8wer0j8kf48uxdwl5vh39hu2kta64n0eq995t6dq5ukqwyec8f,BSH,2000,
xch12wg8wtq2quqlj8e7tjtxfs8jxg9rjq2wl5m6taflxp7fe0s6vw5swn8f4k,BSH,2000,
xch1twufejzqcu6hhhps6guamstk7tpzujtncu5zstn0cl9f4980zqwsy8wde5,BSH,2000,
xch1zjzc98yfj60jm36suxk3a2lxf37rfsus7rrja5m3gwemkkx3zexqv49ej3,BSH,2000,
xch1j93xpwe8fdgr4ccdzqhxryl8hs9up40at3qxv7zmaqqnfdhgldhskx975u,BSH,2000,
xch17uypnw2juhu5cvgw2wrm6mjgd0lpl0eey53wjn2d40yu40um73aqzk5s3v,BSH,2000,
xch1crz6e9hldpnp3h23fyatd7h64qd7nmsej8pn3menld3epgxf9aeqrkyd2s,BSH,2000,
xch1wj736cpv9j0u6p9j6s7k3xjkh6ylw27zcl2mymaeymgtplx07s7sjeuh86,BSH,2000,
xch1n7nkjwu46dsvhekkjy7ejl2ndhqjdnzxn5qy96u2a69uv8hemscqe022ld,BSH,2000,
xch1gpkfy96rwmp7h4qze4a7dcmpdm7lcxgqgyuemky6uyw6mce3lspqlj844k,BSH,2000,
xch14uwnt8rpthz6acrraveylp4sus375t5ts8hh9hg8j2rth66ravkqw2vgf4,BSH,2000,
xch15jq9h03m7ahqdqpza2ut00dhk8wws4hrxdxu5yy58w9jnqt6ykusr2hrr4,BSH,2000,
xch1lg2agj84fqgyqjyrv8wpga8xr9uvpllars9qpfj0n9y3mg6n7zjqeyff62,BSH,2000,
xch1t562484mxayn35c5hn454sqkfsug8pxc53tzm2a9q7sad0szu80svspsgs,BSH,2000,
xch19pu9537r8c2nw568nveetajq68hua76fa02q8uhkm302ze4pppdqwy4qy4,BSH,2000,
xch1fxp6hzl4f892szaaqevatuyc843r50zhgfkexvp4qgrzqd46c7rqkhwlcg,BSH,2000,
xch122jurmrcdgygx8scykdn4d8zh2ejfgrags69smm3spqph8g337vszhaap0,BSH,2000,
xch1hw04rnk9ufqc0clkgjuwz2tafz2n8ycd6mltxyf0k2cyj3zv654scgcxnq,BSH,2000,
xch1x772n859wu25xfnytnjvs7wf3q9j3re0n2n9ntur3fd7gjwe33gq66n5dd,BSH,2000,
xch1zvnru6rjlx3ke6tg5cmn0jmjtg49fdckn93hxlw9szmm6et9wcdqn92lmn,BSH,2000,
xch1gyr2n5ayzvfazqeg6m4c5q8usndplqx2vdkl3fzlynmz92ap8qtsykc07x,BSH,2000,
xch134jcfv36p3f5wndkka5q8tg0ejvfl54wd87raj3kn2umc0guwklsefyu30,BSH,2000,
xch1tye9skpv7mgjp63kc47sadmvlpfar64qe3mntjf78vvdpyk6cgds793lwy,BSH,2000,
xch1k4p6nz9w6wndzdpvn3cpvvcqc2cf5n9d07jcwde098a2pxayfn2s40cjlp,BSH,2000,
xch18e0gd43zxya7qrllasu9enla5tz4ca3q9akgqm2m6fs7qq9zvwqq3rujrc,BSH,2000,
xch16ad5jn9d88tgp6yjz5sj5yd8nxf35tnz22f073zjgwkvtthd20mqj59nm2,BSH,2000,
xch1d4ukcruajyvadta859zv9fwj2kwt74vrvhycu4plv6ck7a87csqsmkauc2,BSH,2000,
xch1rmy3fn7m7fqzqlcqpr2udnajjm3dkclt6u025v8lmq9ggfhxg8rsp0eqha,BSH,2000,
xch13lc098ug3xlr4w3d9qd3mr6gcj3u0vt7dndskalh4p7xv0tcv8vqga6uz8,BSH,2000,
xch13e47u7tdvvc39sqcwyjgk2qykc73q2qwzl6xykrzkpnkl26kxn4st675pq,BSH,2000,
xch17u4lfr703j7sj33fkh94ha8nqjfa5r6gvrku3jgguhh9q99snpcs9nu5uz,BSH,2000,
xch1n93qppw4z5jq7dl8uceryqpuuhc46u52x9yg4f73z6h9y68ytpuqdk3h76,BSH,2000,
xch1k7qjq3g7muau3lp9wr72rdd5880j5q0f09wu75qxtva5sl7gedpser20c7,BSH,2000,
xch1dnykks8wvyrnx87fcu5mgjvpmz6ust4nray37ey3mjf850epcq9qyk5mcm,BSH,2000,
xch1m6dvn9ph3tlj9m4uvlyxva4s6sg7m52rrue04nxejz9te7leflvqktpguy,BSH,2000,
xch150ah8desf6zetes74m64nrghzj046xkfr3pjxt5s4je987nw0gnsc2f062,BSH,2000,
xch1a49s58ckyvtlkcyxdr0mcnd5hv6mfz2a54hys2nc72hnhlk80jvsvfhdr9,BSH,2000,
xch1ru8jsyvute8u0nfdwqx3jthsaw2xlqxxh700jg7y0lg6903pf7xqz2528y,BSH,2000,
xch1k0v0n3nyse3ndypdqpt6qhw2wrmf0l363t6wsxc42yr0danrdr9qhj048a,BSH,2000,
xch1hc9tqxtn7ma6mal8ya6qm8dq0v6tvrmp5x44skmcesedj7a8rgcsz5vzf3,BSH,2000,
xch1spdvefva6qfza8smt7h9hmprxlhd7ly45ygqqxyfhcc7llzt980sw49qw2,BSH,2000,
xch18favdulnctvktwj3ch223695n4cw5f8mffp5qv3lfzdj7ddw37vqwea4rd,BSH,2000,
xch1ltjqym68dd59yeku3ypwcpns3sghjta73dlldes5kduj9wfdez8qm67mp8,BSH,2000,
xch1g7m83n63epmtalsug5fm7mwpl7xlnsvdh33z5ql5tqfyxa7yngms9d5n2p,BSH,2000,
xch1ghs89vdnds6gcgt4x52j8a4y8cxnd5udd68kg9qah3rx9rxxrtcqng6g0r,BSH,2000,
xch199cnneq079922twla456rma3s0uwjkcf7k8z9rvamx058nk69gqqrdfc64,BSH,2000,
xch1sjuw7ne84gmhszk8w5neqd8c9530y43cnsytwlta04ffjv8ajwcsm6erm4,BSH,2000,
xch1zjru864pk8sk76u7r5xqvphpjx6meugsfgn0k0m0cpy64aqymu4ql3pdtq,BSH,2000,
xch19t22z0ly7wrnlxr70zs34ttgmc0v5th9svt6s2wycg8jg53rmfqs5fa4lq,BSH,2000,
xch1amzewkapg63yeg652kc3r3d3fuhgzw9muwy7kjsuh5ndah67tjxqvql95g,BSH,2000,
xch1u0z20xalxlya3dfk7r6mu7uzm2lpsxtyu6gse9t7wnkhg55rcfvsyrs6h3,BSH,2000,
xch1yuegllk0hpvd7valt8s2qsd3yj533d7lzhvl2s7h7ed99g42wxrsfdaxlc,BSH,2000,
xch1k72rrknp300n35lhum05x6xsnz7py8wuc375yx0vj5wjfxqzmdlqmjn9n4,BSH,2000,
xch1r2zf0e6k0t3zx3gejnssfgqs59h8h2jrx3443awhvhncwuljgp8qzmvspq,BSH,2000,
xch186k5acl4fhtwxlufl50tt4qw9hdx6dh2vjphxse8ef4pqwcat4ksjggk62,BSH,2000,
xch1k234ct0jymqnvrp0cyr32w2enu5cz5yemhsr8c26duqqhg8p6v5svwch22,BSH,2000,
xch1j4yc67wuyva5mz2mtuknl2r9yjeqln4twpjvsglft0w9gxz60hqqnngxhd,BSH,2000,
xch1g3y7wt42exmdz83vfclyaekudekeuwweuch0qsr3u5cmdvnj0phsvgfl5p,BSH,2000,
xch1haady9vceadat0al24k3j9jlgatl0xa8pdteahctu5wjd9zcuekqgrwpha,BSH,2000,
xch165z4m9ju6l3lynty0gf488jcr3uqfqn3fm7ru92lujtpt6yuzwwqh2ukqf,BSH,2000,
xch1dnukgww7thkm9gf6nn0vr6z7qw9fzhg420mtug9e8sksky0yh68qlam8h5,BSH,2000,
xch1ewv56sggaqvtz4rrm6v8m370vp5ac8v2usfsljp3hwwaxhxgyuzsrpj5pe,BSH,2000,
xch1ucts35tzh9ujnwgwz2pds64tnsaxkqh3947lg00evj254aw9nkasde37e9,BSH,2000,
xch10epphdkfqlumt0y9nqe0l2an0xgptnkhcnr3lehk8rchr30xug0svg6f2f,BSH,2000,
xch1vkjyw9l5xprasmsjzc6h0a4w44zhyxsrqx9uwr9t4jke4w3qsxzqwdxflc,BSH,2000,
xch1g4t2axgzue4hwutqzrn77zxlanrzw0psmgwyuezypu666heudtnsc2jtcz,BSH,2000,
xch1t3prarfe6e6z8fj59uded0py6ruqu4eh9wqt8altpvk6r6gz4r7q33nre6,BSH,2000,
xch1httdhu5jucngpx43a2kxxmcme8ah3m0hd5m32aay2dyjzqju0z5qkwlwzw,BSH,2000,
xch1wsxdtwvshp6dqe9z7lqmwfhyj2gmanmkrxn2hdempm2lxf0s796sa54gv2,BSH,2000,
xch1ag7waf5fel9zdtr54x37jhrkt5zcv7rv5lcc3aqmp505nzguzq2sm7a5m4,BSH,2000,
xch106jfvyalauvpwuadcv0tn4vewa5gtqn6ntye75qwzxtq549h9qhsxdhrn2,BSH,2000,
xch1glc49mygqgu834kpjy944hq873z3w7x5u5rvc7zz75cyuqcl9d9qzw5k0q,BSH,2000,
xch1f80szss28qsv0kcmqfa64dgkrx0r96q3kv26xl8caux92w3l9arss7psua,BSH,2000,
xch1cy8s5cdd9v5yrynyqgkrvz6r29res9hen5d0xjrucwv0tgxgkvtq92z0d0,BSH,2000,
xch12a4syxgz8mc0dw995a8el82mx5svjm00u0lyastx04qp7fhs8vds4s57uh,BSH,2000,
xch1a3xl55cmremfp5af3urk5vewa7c883puu0mc8rv5jk30gnnmehwsxp7n6g,BSH,2000,
xch12z7qrcdgctkfhp4zwg35wupftpmywsycp0r59z3gs7txx9pvgtgsvpzelz,BSH,2000,
xch1gzk9flpmutprzyjw55sxhmtnk4up0w4p6fvp7slyuf8t0a057tasuhg7vm,BSH,2000,
xch1mgtlpnlr9ecr9e04dzvxd44fp9uka6tjd6l5n7xmnm40s4x088nstl73cc,BSH,2000,
xch1cyc446j0wvve35fkurt5unh8s60jr5v7a3k4uxwv5ut4eywprsvsufmq2r,BSH,2000,
xch1ae79xamdrd8u24jd20ucclc8exl7w26knm95xlgqcvslgr5t2m2sr69d3z,BSH,2000,
xch1ktausjfp2n7w62lptfh3qsp6ltluj0l7unfqwndcxnc0p9t74w3qxpn6kp,BSH,2000,
xch12ypvypplfnluv58wavdpnf4ec0ttxayeuta8qn57fcfzpxqwas6shkys5j,BSH,2000,
xch1spm54v8sh4hlyylvpxtve503ac3wv765eqme7nq0t50m20wduapqp8m47e,BSH,2000,
xch18s8uaapc6c5veghwnjudm8sqjgw09tmc8rrwp7ujqup7x25euvzq77d36z,BSH,2000,
xch14v5hk7cywxv4mmvtdzyteaacdtqvsqh9j8y0qcxqxg2sm24lyvks3te5ns,BSH,2000,
xch17uex9lf32eskttfa0z9yj7q5hx3eele59nsrqxp97rz874gjpm5qxyfyvg,BSH,2000,
xch1g6lglsvdp2slu00dzu40f083wuntwgfty0lpq25zmwhkeg8ayeksl6xrd3,BSH,2000,
xch1h6enwksjk8pnr202dg4x9w8dsn5l5ynstkmqesf7jyp079dqn6rsxe0duc,BSH,2000,
xch1vt3rh3ef2mzvarm4j7wr2d84snvznlfyp3wp37kjvlwjx7rnkhesjyw245,BSH,2000,
xch15te6fv2uf0urwlzjtu5trfw8me5rh4yh3xamxf6slcd8sql02ysqyqtcfu,BSH,2000,
xch1m8c2j99l3rpy0cexpgljyzxwu6r8y5qfxjzspla7gnuc0mjv2xpsn8d9n5,BSH,2000,
xch1atxhxxd8m4xps088efjpy7mn6zsm5tp8wxkrhudjtyv9nwdn256qaa3lma,BSH,2000,
xch18ggz0n4s4ctm4z5kz0gjwgzxflfsxu0hc3dfvjcqzv2q2em98yksmvwnq5,BSH,2000,
xch1f8l6x4qq8ret7ztdmekt5rusw83q2llp4amdghelr9rh4h4hn5ssy0mf55,BSH,2000,
xch1vnrzt4x4kdrnmrz5r66p3rpsgcw6g9tx5tu7qu9w3mh95pkp6cxqxs5qyp,BSH,2000,
xch1zyzwv9lkljartjc89s67ycjwmr9xj9yepdkr0fm3q82xe0df56esz8sgsq,BSH,2000,
xch16cnqeldpnj356ugm78a680wv0aj8s8v6ypzwrvnpw53ruyffkspsghn07c,BSH,2000,
xch1tg69ayytwutjauq6p07n0redl9njrppxl9rleefl20h8x8a6xp0qvhpkmp,BSH,2000,
xch1dslgw54yqluqpkmedrfwyya7nt9lvkukyt36u5sza0ax2vqm2ykstf4v66,BSH,2000,
xch1z9edpfw0ks2znwj2z8jefqtkav6mjlj5vgx38qfmwrv9wxdned9qpysw96,BSH,2000,
xch1dhfvlgn55l5anxenk0x6ljhtux0c7v2f8f78hycq4tldp85aurrs7dnzqs,BSH,2000,
xch1vntzam3c9tj2aud4aka5rh72yjmhuysx6hnhyv5v06zq6rxhfykqd4ghgf,BSH,2000,
xch1fnrv2n4enrz9c4arf9kfgxskf05scw26gdlgmeey54mtaxn4jctq974w82,BSH,2000,
xch1urpgu6ne0dqlp97s84p06v7res5n7jn24uft8c4zn9cy0tyzxxasslv7ml,BSH,2000,
xch142a2yjzpp355sfjal6hwswhzdzrpqzu36e8gyv2ssqfa4l8df2qs2uw2e5,BSH,2000,
xch1n8hzvlpm35n5yxxy39umsj835fnzwtgls0x9psc9vx8fqecx0ahq6nku7m,BSH,2000,
xch1hl272llkfc4f0qf7fqptusj387prjxk696ktgjjclcw8c0hge5ys782hvq,BSH,2000,
xch1gv0k04q3qlkmlrj4pxpekcuefyy6xsgez44epft7essmdnhpfslswjdwl0,BSH,2000,
xch1js45rqqjk6lqlw9weasv569evh2pjk80gaj3zsn6u7uuvacuh4lqkgqvnh,BSH,2000,
xch1577jzls3k2fesv0a7ypvv44xjw5kwra8ukavpklksz7cknmyjtcs98jzq7,BSH,2000,
xch1wqn5dvcxxhcc2rk8f6wtwscz56k7n6as5sh7nn6e578drjdtd36s8uy54f,BSH,2000,
xch1820hqj3r33quxnpqch6eytxx80kxft8kw28lej4nznm4ac905dyqkncftt,BSH,2000,
xch1t84agy3j4e4ak4w569z0jps86p5lvqhatvxens0xml9759k089estsjfuz,BSH,2000,
xch1f0am3rcpzrvcw7dw5la9jagnquumksl4a9glmpgccyg6fmxd8evqgnwsu9,BSH,2000,
xch1xpefs4jasxcqsf2w277u9rjvp7hz707f2gr8c4ct8u6r2qz4sy0sh6ythq,BSH,2000,
xch1t47lht8ydvzkh85w4wx5sczsnat5srmtrf45v3h4m732slrl4kysp8vk5c,BSH,2000,
xch1xfur3rmyq530ncns73nc49xwlms6ucfha0kpv4ed4nnar5wjttfsm2pmdh,BSH,2000,
xch1jljvc43lj5qul05ed29vmrqvtr2jx0l0ay0phsjsly2e7rxhafls92em6t,BSH,2000,
xch1gaufg9kfv5f3h0zct43cfl8ha9u63vevsuvhm8pzrl7rk3ft0vms0hng2e,BSH,2000,
xch129a4dkaggk85hegzuxnxyw4kht29jj6lnzk4uruvn7asm3rqca0sgz9804,BSH,2000,
xch14lklz7kcw3s5mmt8nttsm3j3syrqt04awm4yqyj6k69nt8uq4znqvhf28e,BSH,2000,
xch1578670waqcj0kkywzg7f38s6e8xy2ycyctfd4mfvmtn2zpqy7mksyeat6c,BSH,2000,
xch1z8eexhq3gjd5x3fr55xmq8jqumllzpwtrzzzr0lcwdypp3ln0aaq4nzscw,BSH,2000,
xch1dw6dvacvvfu3uh7h89y3mf3n09ugnxyvvu6kj5q4swsumdaemtgq8y2cmu,BSH,2000,
xch1elunrrcz3ayuggwjyw6anmevxdheen5xe8c0mgcvtk8ua0snlsxqfygsqp,BSH,2000,
xch16lde0x2j9txcgljushw0s2uu5gdfeeq46l7mv3pug2hjcmkkd8sqv0w9aa,BSH,2000,
xch1eqshd9k0hhuyvcr9zdl6vqt5ap7en50dcghkgnhtdktane2ktk2spflhyn,BSH,2000,
xch1lag2kfklydrar6zn5g0r96juqu4pdh3esy58pjcswgzpe7490d6qq4hmum,BSH,2000,
xch1tvghxmlnmk6w2s7ydqttd35p5ygfgdmdh95a4rldjg9qgrzn9ymq06704y,BSH,2000,
xch13t9yqpqxltn8vd222c25gm38nvdwxlk43g2kewnh9kku38n45ufs8tynjl,BSH,2000,
xch1f7xrefuuerk4c9gsfywv9xjwgxxupmz4uezsngq4qgz43frptqjqpgeuft,BSH,2000,
xch1dr7gd5r3ths4sf5alg39ufvge6s4hsfd49aqlva24zmhmnpaykhssky59c,BSH,2000,
xch1dhzq5ada7n4w9gmsz3w0jt97tmd0rtaucunfglmjt5f3nlszlgjsgkca5z,BSH,2000,
xch1a9qkkk7nf85ncqj9df9mtg5ympp3dj5ewt7ppfshv0q6jc6hxlwsnkn3tu,BSH,2000,
xch1wjjk2udj5wt4k6qpt2679gvgqpt2989ly5wt68pg4vkzkq6uqjzsvdxgc3,BSH,2000,
xch1r47eeaa3g9574frwd6nle6q49s2ln2vrew335q7ga054gt5x9kxqzfapza,BSH,2000,
xch1xggxq5efpjt9mdy6jxrhmmhthefv6zvgpu8v42tj2czzvpgmsrlsut0kfs,BSH,2000,
xch14u0928xj5lwy3e5wx7cep4xrx66wyunynw7mznkq6xcp478d2y7qy7urxt,BSH,2000,
xch1dglmxz269fuu6679p7daahq4k4590pjnghnrl5xlnk4luu0mg83q9z55t2,BSH,2000,
xch12658upy40jwkpddau0h9dpnvcavyl7cudxzyd7ajku7dumz23cws07lj4x,BSH,2000,
xch1jx9kv9xcmxsg6p70he393c68cwlzqmdyrugqjy7vhg6vkz6xrcqq2e2nrv,BSH,2000,
xch15v8rmgvprmyamd3rlr28wtq54nu3tajxya9qtnvv8uffh44p9qlqeq0vee,BSH,2000,
xch1cm0c3jq0rr4lm559dka7f6uvhwqxtzgmkqnujsrxpng8stnpj78slncehh,BSH,2000,
xch1y83eyy03wqdrwhehkg4y7l45ygrs0aqqa0jta8j9uznr49cmzewqmweudy,BSH,2000,
xch12vqmmf0sqtnznw6pmv4mjkp93eltldqyu7ldzqmdr7pe92ua53msdyfsqn,BSH,2000,
xch1f82c64lmnav6r28w94j59k9up5pnzgm89425mwmnhs5er5g8z9yq8cmmzw,BSH,2000,
xch107hk5jat3f88q03xhttmz5py4pzdh7c36gve20wx3twgnnwcddaqc2a8el,BSH,2000,
xch1us9040vdmh3qjgnldrchpjh24zhw9n2plxjvgtm5fv3ljlrqh5tqn4cgj4,BSH,2000,
xch19583t7869zkcr7dgpznwlepmmsxx23cw5z33g3us447kyjs58ryqypxc6c,BSH,2000,
xch177gqqkgyg6akfvkzz0hquuva5lxqak6jmxmckfjhaxzsgy4mj48qp0k25f,BSH,2000,
xch1wqy3puhhxfaux98pz3e354503snstxvrerefkqv2fh0cxkrsgf9sfmeeh6,BSH,2000,
xch1z8k9ynjccq3kks6x49psp0863lvx72rlhpnafaphd6wj9lur8w8q6ye69f,BSH,2000,
xch12ycasfn8ggkte5vp8v7vmkvyjnxfjgun35dflaxp9qmzs4gle5jqm69l6a,BSH,2000,
xch1sn9pcev83z07vf4lgfpf2adt93x7gg9at5q2pfmyql66mcasjkzsknar0t,BSH,2000,
xch1ct92ukhgc93ksgdjurxk854gycclrdt7mhtex3mj9afvgcy5gr3q9kawry,BSH,2000,
xch1y0cf7cze429uf9gu3hptzgwj9wxfr9aefx3w59cfnfh02adtzzns0gjmds,BSH,2000,
xch1kjt0e9ar8nj60muxflt96at5suqdwz768df00txx7dw7anhgfetsuusht3,BSH,2000,
xch13vch08aq7d0qmcwzeeet8j8gttx5z8f6n9xakvz8ceq35famqvjqk5wwd7,BSH,2000,
xch1rxrnvxvfqsucx4kvvnh9x3knesrfv4gh0tlstvx25t7f9dx9mefsrtrfr3,BSH,2000,
xch1wd6saj9edjl0mpxty78nhees043spf8fngllw7xpqzcms80w22wqkd9kqh,BSH,2000,
xch1upfyzm3x8vlcd4vqfa7ueq6ewws5kg5nt0tme359zs3ejdqa4jts68n78p,BSH,2000,
xch1yxxsjmsf90j5ffpkt4r67qhcz35yla6rh2j5pl0ucfhrj7ggkglqeqwgqp,BSH,2000,
xch1u0jr57kp5lgldq2gcn6fm3uf685galjmlh0g6t6wrn6g4c6622zqj95jrf,BSH,2000,
xch1s5vc9xhfj7e6lvjlztc6cu6vhq6fn7qf3xc22weerzs0rdps0wkqpz5hdw,BSH,2000,
xch1czpp9sk58pcnft3m8x8gmk8e765wv3yeksawfan8t9088u0h7lzse3yymz,BSH,2000,
xch1ngpjcn64pd3lsc946d8wgzz6pzvve2y3ejt2v96dv7tcw457cp4samnyxf,BSH,2000,
xch1v00k2hktejfq0aqpyxafc5ku5mwnwtep24dkqzk598jc8j6wtnpqj6xpm5,BSH,2000,
xch16yseujg8r3603th2clafvpq3tpdwwd9mf9j4507s6p9sj6eg7j6sjzmtgd,BSH,2000,
xch1kzqyqkd9qhjwfnmu5sv0w8kehetevjwvq2wsk9ytwhppmv6pvkesn7fsft,BSH,2000,
xch12mdxchyvhlzt2jxrzhaussxc04kfw8cace2zdlausqq9wqxdkprsn0z42f,BSH,2000,
xch1u2gxdq4v7f9qc4jfmt5vs7dp3cwk8f3famw4tjgwv3hrkyd0ncns9qvhfh,BSH,2000,
xch16gw4d70cyrgzpfs87jppm3c7pm8z9xaghm59jc6pnkgj5qyyhe3s7aeh73,BSH,2000,
xch1krf5hqjumwjpus5fa2hx8qy3thtz9msjke9jryeyln4kkqzhnqhsldeyxl,BSH,2000,
xch12s93mc9p5m2la8ygf0zwh9s4smsnfysgu6y3vrt7erh6k2sa227q6wc5k7,BSH,2000,
xch19djp86kqry998aup2059v5s50rsdxksuxn70j5jmdnyh6xj0eunqtph08h,BSH,2000,
xch1ux5jkz2gekjqkd3tprre2twyvtq4uvjh8djuu02uc0853449xahsk74nse,BSH,2000,
xch1grlrcrgjgh05uf9rezufxn4g0w5f6f7xrs8nqjefztl4x9544mrq2uam35,BSH,2000,
xch1uhdal2k3n4vnpx6qyhxpkex0j4c95xt0d4mget9ganhxvr4ruhksqt899k,BSH,2000,
xch1zty4pnm89pmswh4alckzeqm8ay5txl8ktsgaf2jr9xlufvpwjjaqmw33zx,BSH,2000,
xch1l7g6znku74vnympxm6fyqexkc7gu4pd97q3djgpnw3s65d8p52jqde70rd,BSH,2000,
xch1rx7m5xdd9vm5qr06jdmtg3yutk4fe3epujp5sjly550cl053fn2q7aqs55,BSH,2000,
xch1vj8efen2r9zka3adnysc0wlz4jmjcxzgccvygkxaeuqhv3tknl3s4d5mec,BSH,2000,
xch1l7lgu7l8ualf7lvvduhya87cfs9tzuzjja5ue0swhwgjn2x0krdq6adzd8,BSH,2000,
xch14myesa7cz4kzjdu4ta95zppcag8k0wuyken7gtwaeyap96n9mykq9wk02l,BSH,2000,
xch1e4hcpld3zffl4wl7259ey0ml7a5nx9yka875qat4qwd2hc4qvvfqfsch04,BSH,2000,
xch1vkq7wgp5ryzqvlzzsq6ar86vxhfjanv75syd6y8lvrsrayx5vz6s73hzl4,BSH,2000,
xch18zdcdlfzrmech0559mf4cypkdtr883tsc22p7x3pq4xqagvr02usjud2u2,BSH,2000,
xch1w5hsl8u0nm8mqfmdxa3jpr54ngeg82pfjhu4n7wkkd8fqpkw7jrq03nf9h,BSH,2000,
xch1r2nns2hte7c4h6ny3dhnkj4vvnn0mp4vekmd8ckx0vs8va849wcsjsl7tz,BSH,2000,
xch1ufcfklmrw5hyuzd4e93xld8uul3x55zq39l229u0u4n27cnxxqzqfcw3m5,BSH,2000,
xch1453nn4vj2yf4z4lu3cugmfrx588zwr8kk8m28c6m0wlqd4ejvleq8wztdm,BSH,2000,
xch1k6tqr9v83keq4d5rnh95a9yyuc33d8crftzha8t9psrx84pw86xsw98f6l,BSH,2000,
xch18hlx3atdlhqwejw9kyfr8r7jmwczhnjtn7z4rcertmnhej23355skytg5u,BSH,2000,
xch1s3pl28ra74ckzyhea7fpcqyv865q5ntyngmt8vs4l8cs3q587n7s6ezrzy,BSH,2000,
xch1z28g99fs07xy9cvq58vr03nzz44lqx6pn6djmdyp720mprgvvtsqw474ac,BSH,2000,
xch1kje5n4m3tzn4fjacw4ka3ls7fh8tf2wmjugtl76tnwqspqxz4xmq6vcap2,BSH,2000,
xch1l9l3xp6sc6crfyp73lva2aqj8cnzxdrcpx6d2xpkkgxas9ydxtlqrwqcd5,BSH,2000,
xch1ewp42v9y2yc2qgh0ypue86fuz5kl8g9w4rxhvzrc0pf78cwvhzrsl2s7ek,BSH,2000,
xch1ncjv7fm08f9c8psr66kfuuyfeztyu0kz0q0juhnn4rsrvx7juv3q6l7gsy,BSH,2000,
xch1gl3j2plht564vcpzgle72stcn6w6j8a5chfkfddmqdxzlyskfj7sjnm6xk,BSH,2000,
xch107amamp3hhct5c7feuv2vr373z7xu4x9t86hy2afy82y06d4ldkqpkyllp,BSH,2000,
xch1lcmfcv7q3pw4q3h5ctsuyjlvrke49ceqg7cmw7xgc54qxu0xcucqyhspu5,BSH,2000,
xch1htk2u26m44qdkg5n96nnm38xt32ph9v7wr0tjzqpgs45g6f89dwqxjmven,BSH,2000,
xch1vlemekhpq980kyuyj0jmcwt8jx0l54ka5kphwdjju2g3kdy8g7zqkafzpr,BSH,2000,
xch1fqys2pe52gaqmcc8dvkwu5hr5j80r470er3a2v2ky4nc4t46n64qrk4c5c,BSH,2000,
xch1nlzq2s3wylnv3eugz8wf8ehe8k7zxz3xs7ru5qlvnch34p4aq30quj6su3,BSH,2000,
xch12huk5j5sapeg67nfmmljxsa0ewacx8xkecfv7pj97fhgs004p92s3g8z4x,BSH,2000,
xch1xc5x23upezt5myr207a6g7pj3kk292eag7vuyjrxnd53p3fnprkq9rfey5,BSH,2000,
xch1zgvltd4lzv6edh50ygc3v2dc85gj2k27kzumga7gy6mzyzh60g7qwrjh4n,BSH,2000,
xch16caua4fc03yvg5cfgkv9779zeql8cmfhsjllhxufxklfp45zsddswldays,BSH,2000,
xch1adktgt5ve90cmk6rw9jgp3hxe2yrgxjksw2f3tnznh39r2nvsvlqfrh2hv,BSH,2000,
xch1aq88kvkhzyct22ysvhk0g9kugdq5vryer3p9ds60k9dm0j857f7srws9un,BSH,2000,
xch138w3nejdrur5hyqrh4mzke8ckp40er7ckt0s20hw9ktpfp986y9ssq6ht7,BSH,2000,
xch1mv4prdpqhejv35dqpcgvjctlt3wdmnxq033959rhl2lhjwll9v5q8xcre7,BSH,2000,
xch1hgf7u27mep4gkxhcs82rf7x3g75f6jc64htz8sutqrpx4sp0804qxupg2z,BSH,2000,
xch1hwpxzy7v3kzmm0ry8xxrq2h9tdqfr9y5pxxva8h643gllfc8ex6qnutqxn,BSH,2000,
xch1gyasuwu7099c3q4skk8zscsvfpgcd06ldqhwfe0syn3zv7xtvcwqadvqvq,BSH,2000,
xch1kmzl9r0n5a37pk0t2lkdrdcymmvmkgtyqest06rzvhzue765vrdq53j3nc,BSH,2000,
xch1udklrvxnxqe27m8emlz7ks6xrtxa5t055qfyv0stxtf64z4htgssk03uxh,BSH,2000,
xch1n8ljtel2gm7uqdplfdmg7ug6ftp9hqaxxzy83l9lhhytmzws4frqqewz6e,BSH,2000,
xch1cndh6ljs0z2h4acs3mqlfp6r7wdamz5gh9nk0u8ssvqn36drtjssu2utf8,BSH,2000,
xch1x0g9uyj3apecfys4mjyldfxgnrejkpzf9vx37vh2evv9t4dag4hs8uv7dp,BSH,2000,
xch19grt2qmdegkcpq25uyg9ed20sk5afkfzw7dg8mtd4thrm0j68wqslslrt4,BSH,2000,
xch17c5ykptgyca0qxd8ky375wl33m3ytqd5f2gevhcegecamz4ejyequ7muaz,BSH,2000,
xch1gz9enmnpv537lh8sk7g7d3xrtl2qp3ayjjczpx79sr3jcy65hvlq5dnfpt,BSH,2000,
xch1980fq7sr8ldygdj9jeeux599uf0clj36p299qzlscxdpydjdmsys3v5pf5,BSH,2000,
xch1hv77pvskmzqh2hf3qng44v8qp2g09ywetwypcqm6na7tqhlu04dq34urrm,BSH,2000,
xch1wyt2paqmkgmld30lhflxwqqyfj8nrkfpcekswdp50xggp5fdcwzsq8ngqd,BSH,2000,
xch1hrkvgmw488zanf98kscal96dye6dkj0ya86sv8jdswck2cj2e6aqf0q3hh,BSH,2000,
xch1mdldzx5k0t44ak895m8u232sa2j449h7wzzgd9tr2ckp5ynjz5ws69c3fy,BSH,2000,
xch1rn6mcfuxrnhv50yv2nr83dh5eafefeuahthrmpw3u04f8scj3r4sm5897r,BSH,2000,
xch1wjy2l7tdfkrpzz00znwr9nqeyt5r9g38656pv6dd4hw9klc6f7hqss06hc,BSH,2000,
xch1l7x2hxs7rk72le72ktkq4nj24wnst5vtag6yjpxrt6rky63lkswqurucy9,BSH,2000,
xch1e83qtufelcwaavmdnj4ke66hnkyxzny57v7l52c3vzs67zrq66msemn0zj,BSH,2000,
xch1ncs9th3yw22nextwtrpkjft2vl08fhfcs7cmgmey7d2q7fwmcf2sz4zurx,BSH,2000,
xch18mpwt7hgsam695welzjgad26cw2xz2pt8jnj6c8ztjcf9ja07e2qcxwaxe,BSH,2000,
xch15q26d6mlm74pw4zcf5xvnxwl394cklhaq0rv23zgflcvg83mdrgst9mvuf,BSH,2000,
xch1gxtqw85mj2wrv97jj4r6ln4zffeg04af506n78lyvcu0jyhu793qrzsnx7,BSH,2000,
xch1lz3r2e0k2ymargnfpdg6a7036l3kectpnvngesuraszgd5aa9erq6zv5k8,BSH,2000,
xch1g2z4xxc2y9rqnxcthhmx3uql54puxry3kv5crmy4625e568wdukq7vxcl5,BSH,2000,
xch1yvu24th76pmzs37482fxvltmwck7m4hlnkhv4umhy7a3qh03cdqqkr0vqh,BSH,2000,
xch14cc9hr3qtfwsx6al4hcjkkf5jt9smn2l2nhwex9pqujft0c6kuhsxsv72k,BSH,2000,
xch1h4vy96dn4arvj70npxh20amk6j9mdhxhfdlgn5qgzgkgr8tw5pqs0x49jf,BSH,2000,
xch1dnkr8vjhrwsm92lc9yw7eaydm4jy8pd6r29dqtsj7p2xq5vf70dq0nasvr,BSH,2000,
xch1rl9agtk89dncjalmlm9whxw7x5g6hkvh0u8sge9syr0yv3pj6wwsjcsp52,BSH,2000,
xch1klnwt8lsxwnrel7wznmauyg807scltyh2rvy9ayjr595cjzgde7qxketl6,BSH,2000,
xch1vv09g085yn7gly3xk3vpr72vrxm0hxxa0j8nk8uhh7ydl67pax3qpez347,BSH,2000,
xch142yy698kdqw4en7we9jezlrcx897hpffllzuptj65pklpt4q0gxqpwj5rz,BSH,2000,
xch1vyhdh77w22qkpjkz3xmzugxkyta6c86yavu3zfn7a4gg7dmv4jks8em4h0,BSH,2000,
xch1kzdlh6whcaua5q5mu0376k67u474y402uqytrnr53d3mf2nddqrq2ghefv,BSH,2000,
xch1l6e39ys0kcgzldazr74tgg5qmptthgg4q3guwgyrah48j7peqqjsr4drz3,BSH,2000,
xch1h4834hh250u8q9pgdl77ts22a6eyg0e9k4g5z90sgk6gmznhzkus4mp0r8,BSH,2000,
xch15j28summyh779tfhw8gtakgq4enxfceuq3y37navl9dkfr99agmqxfahrl,BSH,2000,
xch19j2ugnhajkzmvnsrnf3acwrc44mpz4y3uf74wvlgy6jut4ysh5nqp50cye,BSH,2000,
xch1eey2fmymrs6mr0ltl24sqfqc7kdxpjxlutfzpr5uvn427vse2mds4vwet9,BSH,2000,
xch1xnxfyxhrchtrw9p2kz9vnacqmewuprfyq28m8zqmwenpct0naffstusses,BSH,2000,
xch1j0ya8a08cv77ge2jfzetgyfzxfxd77nzyqg5n28kuvt3levldhus4t6m0p,BSH,2000,
xch1u005c6x27md3wtn2q68q3h8pj7fjqxv6hl08gvfj6qkgcde3qh9sf3lxpr,BSH,2000,
xch15la5nsc5yyj64ve73qnetnmarp5227yzm3tgatu6vr9kn6eymj2q6ves5y,BSH,2000,
xch1vtmedde23ku653gdacety2ls63z7n9j0t5pp0au8wl2jhnssfqdszy25gs,BSH,2000,
xch1s3crn9qn9ekz49kgz52cc3eeq5fs3dt24vftgns2htu3nevj26yqsav3y3,BSH,2000,
xch1g4ew79xvnf7tvxwj37j94ldyvljm04g5fv0qxtv5m06sa5hc7mhq5adsq6,BSH,2000,
xch1ar3uplyt5fqx7jzfpvxmaryawg7ch59frnvzhxf7g9fn073rs0vs639hhf,BSH,2000,
xch16emgp6u98r7ys73jamal4z4ayvd0t97pqmr5xyw6avmhuexh09xsu8xuc9,BSH,2000,
xch1x4vhtew4ry4t0m999rp5dps5ns3mwy60xwcw6jza7sm2k84cs0asf35hgv,BSH,2000,
xch1mvtjsquvdxcwtfx7n5msmgyf8due89cjevgm9thcszzvwe0xsrpqlcspdx,BSH,2000,
xch17snsmx784dp2rh4krt2cnv96mk5nyyy96xwuef90ss5d056ah05qaq640f,BSH,2000,
xch1a75d03dh96ap6fvenxqgkuqjkq5k09vu4sejmeqkm4jnega00v7qg892gl,BSH,2000,
xch1u4y2zfu3flav49j7smr6uymfvegmysm72ws4y3f4nw49ear9430qum73ps,BSH,2000,
xch19jmyx4mu0j6e6sctu4q2tpjududxrr6daa0nvx0mwm6lt23wek5qwx7lpa,BSH,2000,
xch14e2lsehnc2duk0jdjff46y5sdc63yejed3adl4hd93cr4cuuce6sf4l96a,BSH,2000,
xch169d3a0w6hk6964j2mcjadykam4mdgyf7arrm7dm3cnsvhh0w6jtqvt2qv9,BSH,2000,
xch1kfpfnvrv4wum4asyvkvvmfdzllnz4gst2ljz3hat3ezqfhstfh0q3akkqx,BSH,2000,
xch1kfaax48vjsnqgauev6803jk6cl8xahjnrksjzu6hjm85z5jkqafsvelc3v,BSH,2000,
xch19sv22fc4kmz08cn97ntc0pr7ud6sywr7m2ynjay2qz8zz7xepfrsvd9hs3,BSH,2000,
xch1lvcu88x8qqedeq6kuf60x829m7rfh045rcnvfjp93hgxy5l990gs8wt4k9,BSH,2000,
xch1k2c3p5anuyq3ls63krgyt6ua76qt5d8w0nxd7s5ps8nph58pw2gsyp6ly2,BSH,2000,
xch1mkc642lfnre27d6v2fc566wp7mmsdptap5su87a306r60elku3sqz48a90,BSH,2000,
xch16lsqp2uuf2dr6uzedlk4dal9m7krvw4p582p4dw7xrv2qde4ea7sg3mr6g,BSH,2000,
xch1gz6n2hvsllcz2d83cfv0fra4hmnl9jckv02mjc3hn99xc9mz7trsh3dszk,BSH,2000,
xch1c834jneq4esszz92er66a72n4mctrkpm59gxtmp9r6yt76dxy3lsnuy86f,BSH,2000,
xch1y2q7j7j0h0lesl0agn644v7d6xgnt6hufzk8krrtd0krcxk3egxsdkazh9,BSH,2000,
xch16kta2nyhu7k87eytg2u5m8tm46eq2gy2lmlwqzrankszt8hg85ssfcyy7s,BSH,2000,
xch1rrhsan2u4sx8s3nt6s4pmgs49rj3vgmfducv4repu98wz6r4njkqw8skzm,BSH,2000,
xch1w2urwnyfp0ujawpx6amhc72v5lhgsy2vurw2xnuj6r7jesqx605qy90n03,BSH,2000,
xch1keulywxul0v7tn2ryuc5mdngdcevruca0aaceu2jxesjejdwz0rsdqpq66,BSH,2000,
xch1eqpxuxjnwxz6ac2nq5rhkkcaak8y9z9ctq9g2fy378cqq4ch3xxs7tvqfe,BSH,2000,
xch17ratfuh4lxm4z78h3weral7sv7gp5v2des758mwr72gztf50ktss5fzf8w,BSH,2000,
xch15ufg8y5gq890u65rwp9ugcka97xepjf4hnhpjxapqgyqlcqmxl3qck3eat,BSH,2000,
xch19c45r5mg5ru3zgp88zt5thywx4flmp4mwx3czjy508qc6x3h2yzq25rqjk,BSH,2000,
xch1eqd4mxstyg7x2k3ql7u6jahytr885tsmkm42wavwa4cpk67jsylq05jqmj,BSH,2000,
xch1nx8uske4hhxm8qmvwwe2x5ylfxkmr2tsfex8lnfvnuptufjtfquq65xa57,BSH,2000,
xch1l8g5h45judq9xdezmcan78yr5fehmuehmqts7avwy0lezv27qr9q8wpzdh,BSH,2000,
xch156x9q0wgfw52axhaehxcdd9292pgjyvx2sv8qup76p5d7zwn9skqlh4u8j,BSH,2000,
xch1guqnsac7kjwxn05sycwftgfk8mmpet5u38hs3kj2e7euzr5cqrus5cx3jc,BSH,2000,
xch1an5e9enva7usldn078j0qt0l73hlgk76hz4ae86ht2k3f2htmncqu2udem,BSH,2000,
xch19zutjxa7ynn33nqj2jd3qj068vx386s8cakxkl2jnulgwdlw4ypsy6v2yk,BSH,2000,
xch1wde597uw4jru049duw0x6z8dhf4lycyrw99djf4nhlxcx337gr6qvcx556,BSH,2000,
xch1jk2skf5h48pc6cvctnfah0lqkgfhxwxqmnwxckelkqn0fc3nm60s33ytck,BSH,2000,
xch1um5ejv9nfaeenns3yzuyem6skt0wussvwv8t8aeg38r9dxde5jpqeyx5ta,BSH,2000,
xch1kgkvedfuzh2sp5yul5y0hjzsskc06semu2s4y9hyemgyzg6kdj6s7u298v,BSH,2000,
xch1hyhnaae9zzcr06tan49ujw47uhcy54kr8v0twqe4fwn6hjgy975qn50l9w,BSH,2000,
xch1sj2a4k3qz45yxtqas99uvekzgsaxykpp2pmts7flqw2hjycj6wcq7exaqm,BSH,2000,
xch1uvx7u47hmdspn30hykkyav0kpc67039lv5t8pnzrnpq56hje4wvsg20kq9,BSH,2000,
xch1lfrlkmju4xa3n3v6zmdfsxsmsq26qc5qnk3ttg6ejeg8amacqd4svzlmv7,BSH,2000,
xch14re02uj3488h5gq4hqtgd6eylw7j6hgn7hgdaluhv4cdlucyx99s7ay437,BSH,2000,
xch1gkm4fufcyv085asvwt3j6lzzl3fxzhnrvj5tfauvz0gx9fauelysxht46a,BSH,2000,
xch1cptsgzvdph3eruaqge0g3wn4dn5t8nw5kvcrf0vfyrnx0ymu2gqqd6m23f,BSH,2000,
xch15rzqhrahk5pfkdlm4h8rtkfvvlucvdc2z5lzkxjqy38ufak42dgspw050t,BSH,2000,
xch1f2a6fmzk9wedqcuqfqqq9836uqzh3lf9znzf5yczjk97sk3uh43s7pkst5,BSH,2000,
xch1cfp5zn6vy37rksymm4w3z97jhce9zfuavyf5c83kt0z7ys6e8s4qqqa2lz,BSH,2000,
xch1rj7yls9mf80h0pxsl7sgmg2qr0nxp5qy7c9gmhkvlqw6k8mlgd7sxd7kv6,BSH,2000,
xch1nu9mx9t7n2t66unpswftnj6lc3fcy479qd6v2zmnj6c0v0sgwlhqqhd563,BSH,2000,
xch1420zxske50az7x3l5dek2pm82u66le3s5msz2tcrp46ltegsqdzsvchl42,BSH,2000,
xch1wg4zyzh4ej6p3g9w28p0um8znwfp2nug00km7906d5gtl9eatarqlmkfwg,BSH,2000,
xch10r4pt979ec5fyuvcws4559jlpsqlrg9337d0d8h83z4txavn35sqkggnet,BSH,2000,
xch17vah3rm2wz7a6xedsl5glx8chdtgdan8adcn00njd7lu9f5wr2kqzjwnzp,BSH,2000,
xch1fyluyw4h6nap7nh480wpmzwf90tjlxuha2hfsvjkcukat4v37tsqauvh36,BSH,2000,
xch18vlfvm0gvmj67sj0jf4nkl4ly2umlxvfq62s0um4lgz55lgw8frq5dzspj,BSH,2000,
xch1ncdvr8j8ukra5pf77fn60tftxvd2dtujem8h3smhg2ysgwj0q2eqhxaj2k,BSH,2000,
xch1wjme8y94sm2mqpduk86ze5594a6c8tkf5kvee4r4q0w3lp0y4hlqzjt02h,BSH,2000,
xch16pfvvmryat6fkjlnt3q42u4g3h3ajzjr8nqul5qrtujkad6hqceqe2syeg,BSH,2000,
xch1904l0x7g8wg8wpdawfzfnyzu60zsm6vflm0kw86hg984mc6yrcxsu0wt5y,BSH,2000,
xch137xwklnwmj5n4rzh8yvt5t2ps7rk9zzzpjf0vkwf33x36rt57pyqa3lu8v,BSH,2000,
xch1kr87ehhpa5pzqapg7ru9avjdlquhgv2lr3he75utegs67nyrdlcsx2xx9z,BSH,2000,
xch1w2wjmeqn0jmp708a9uzv524hllkz3nn29je082du0p9h9g5w3scs3lsa4d,BSH,2000,
xch1fgrlywnnnr2rqgttw0kyxy02w0rhvrp8rhrsq7flv5czzd05vrhq4jzjgn,BSH,2000,
xch12mlh7uzrm5sxpmmesrmzurh5rtuq0qqpam0krkv2mq7yzw6fsprqjhdcrr,BSH,2000,
xch1clcwymqm5e6dr6l6v50pw220p2xy8fyvaj8n6yf5umyzmvnuwgkqsuwxh5,BSH,2000,
xch1vgjpn8chy69nejcwynu03snll7kheunguqra978x6nw9v0t0f94qwrk9qn,BSH,2000,
xch19uvelx9fhkj5f92wtcqt3xvtlngkjwvqllnjavgw6vq4vkqhwreqzypdw5,BSH,2000,
xch10lvew43saypv9w4znthag7haz729vudaeqrzgx6wlp6fjyxyd3eql90vt4,BSH,2000,
xch1dunyvxhf53rjxh0qgac2852zaft8rvmh9a0gtut03a775th4qnfs6chu9l,BSH,2000,
xch1ulhpftrvtn4f0edv80v44mtm29vqa52h0f0azvp744krqtuqtk9q6r8cdx,BSH,2000,
xch1835xdm4903hfm7lduwe0tzdth9cg4g8x9t39wdh68x4l5nkw2lksvdccx3,BSH,2000,
xch1kga4lxv6ulaqudvudg6cmf40w3hvcuwyrmcg52cdy8gjgantguwstygq6c,BSH,2000,
xch15z8zu4gvkdm8s28wllpsvdxkmu6sqzsn5a8m0sk8xwkamnv5624sn6sa3r,BSH,2000,
xch18um3ygmeq38u6urm70h8pn28qjnvrvdz2h9srasrvh6h5lmu855qg5yg93,BSH,2000,
xch17pxu9wvdy3qlqlx9576mk05r7c4n45sdwlf9hmteq44lv3q8pxtqlkrten,BSH,2000,
xch15gvpgswwfvugxwkrsjxp4a6vg4r44zfm8qe54kzqjhukfwqnx9sqkj7rxs,BSH,2000,
xch16elv9jz0l7ckeuan0dgyuxrnea5mfkg56wfflgg0njv2apltuemsja43z0,BSH,2000,
xch10gn9pyr5p9rk5lw2adpc5zjv3n33d5vl289jt99e3rajh6tdemdq0yrm0a,BSH,2000,
xch136kp957a6mp2wmqtu8msp3dp3fu2r4un3y9lr5ac7x3p255ax8dskg9s3a,BSH,2000,
xch1aqwckaeg8ts6d8p562kxctpmkauag7xqjkj8aalm2rhfq9cjn57s6msrdp,BSH,2000,
xch1tx3zdruk0uueyq46cvlzeelaqafjy3e2ar7m62a2hy8kdl5pp3tsqfqmxq,BSH,2000,
xch1f3963twq8zhdlzuluwn8xvd6h024ksyhr8een7avvuk8k63zz08scptg64,BSH,2000,
xch1y078ntd485t3r6ygylj4mupygwf2djkqzn0v32n46y2p40pzleqswh7aqx,BSH,2000,
xch1n8lv8rwmrs9vfknx57d7u0qwnt3g76p5qym382h5xevdk0tg4ltsnn320h,BSH,2000,
xch1wngqu2yr7csv2zfq22hs56mte0xmjwpz2m0du3jayf2am075eamq8tqp32,BSH,2000,
xch1ulf2s09sdqefa6smx3kzfkema2zh9dk44u2890gmx6ytd8wv8t6sp6jvwa,BSH,2000,
xch1vc3pmny0nycx893073vk5ec6cqy3a4dzhnkjpwf6fvws4p458epqznp37m,BSH,2000,
xch1kj7er9m7xuf3674nuusamgqhnlt46vl3ct5mwf5l37lgejdr4vsqfu64y9,BSH,2000,
xch1xzp0mnsnumau7etrv3hwyytjv8p5vtxz875em4vym46ujv68ktuq9al5hp,BSH,2000,
xch1ec42wctx64rrazqsxshf8q4cmzv0gw6nw2etp3luarl5mx0m9scshsnl6j,BSH,2000,
xch15p5p0jcq8egm85jdhmjs43qtnc37cylf4l6z8z957tvp5mm2jdfq5t57ug,BSH,2000,
xch1fwxjs5as03p4aaezsrwhsgrus3rcuzx60pn36r5w9r6g7hxq2fqqgann8s,BSH,2000,
xch1ex5jzsdv3lxm074g6djjpg9wxz4usvxp8dcz8q8fcaamfww9dnqss30eqd,BSH,2000,
xch1wlspmgqyk94zg2rxtmz9sgrn3pjydx709lrt67dh4fycg00jtajsv4akdr,BSH,2000,
xch1u0jenl0p6dgt0mk79kn683uxwlj6m0kdhv7xcezjx2jqh7jsp2eqvmt96u,BSH,2000,
xch12ra8qs38artgte8kggylj5f67d80e7j5lkdrc3yp2jyfsnmlehtqpfhlxh,BSH,2000,
xch15tqv4nxphx4ewxs6kaelrrj3jem7kty3nsh90936uj75q32u5drskcyhzx,BSH,2000,
xch18cg8n3a720k62pjrpvj8f28mvej33xtqt78r9yap7548fu32ss2q4m4dae,BSH,2000,
xch1h68a7g9f9578xk5zf3gyj9rkt3adnqtvxs89f6yfc2yvdll322xsawn3uk,BSH,2000,
xch1glap2r4hndvhcghdmzvwk0lcuefvqjha2j5yun3n6jest49x3phscgq0r2,BSH,2000,
xch1u80z32y2hjg9p43caxfmzvqskm25wkw70yka2rydhh6sfx9kgs6svvvlxy,BSH,2000,
xch1e4kwutf29npj9en5vt3df32z70wa8r7jxvwzfur8csmv5luls2lsdchxx6,BSH,2000,
xch10ytfegwcyvxvt7v8gf8c3ts8vz4cdek7mu7j4ra3zlgnzqe2xncq0ad3hu,BSH,2000,
xch15h2zfdfxnqsg2llmm8myzgdryh0p8agcqt03p6rlzz5f2tx7e6vsxt9m2h,BSH,2000,
xch1mryk9ktsv008zxm6e5chps3yk3qruky4gf75fqjunpyuf8gwm84sesm4nu,BSH,2000,
xch1eyejeqrthhyyx80zya8qhgaqxjm5k4svhahxtgkhqxjm6v5d9ruqu8u257,BSH,2000,
xch1f60qkyep4hpuh738zupprzsm0t466k3r3tenmnktmy25vzvv2zssjqxs0a,BSH,2000,
xch1dvzr9tfza97tjawvd29le6008vdhqf05l0202rv7552qcsvlxksskghgq8,BSH,2000,
xch16qtyj44y22ds2u73lnf67eeg7udlpsyuhl3n78v86usfdtfmgdcspka575,BSH,2000,
xch1v5hfxjmn0963h8ds2529gatssp6dwe4wyk685cwy09jfr6jzx3lq9lfwuq,BSH,2000,
xch18qdmccaxlmercctwyukssf4tkqhqv9a4gyuknnfr0plwaca562uswufv9m,BSH,2000,
xch1c7ckh9y7lk90u85lwex7hn2692plrneylqe98827y4ju05klwhdsephe4k,BSH,2000,
xch1n8qn02hvm0k269z0ur30jsdqnkzy4vvze4suw0fg9kgkl2tf7wtqulgthc,BSH,2000,
xch1e5tjgcxa6ygge67g88fn2f59sp3fp3zf8hw9en9zvpw6nqy4a6dqyurlku,BSH,2000,
xch1f3nhdt29uujzra3a52mwh7ep5f9zff3hq3fe2q6sgj938zqnkrlq3q9dmr,BSH,2000,
xch16w4keumv03zju2vh7retp4t59p6ec2aa8f6esytfcf25ftgm9s8qwag6su,BSH,2000,
xch1yxjvpfflpy8mjwnky3dctfwz5vpzjruvdn5trqu4z692gugpxm8qklth28,BSH,2000,
xch1wep8huxaa5uf9783w7k3ym6dqxrlx5z6vj0trdq2q29kzs9ltkeqrtf3nh,BSH,2000,
xch1y28qwppvhej0j3ef2e90u9w45yz5savazhcn3efyzcvp7t3k25ys9t3rhn,BSH,2000,
xch1wwrh3qt5pn2fhksyh93kuy6324mq2msrawxfdjrl9kg7qp7gr8yqhp2clf,BSH,2000,
xch1c0pck7nppvv439qejmvgrprh62gecdxph6pcaz5jm8uyclpa2qyqp0jt5l,BSH,2000,
xch180sm765aer05p8462gfdrm75rf0ex7s28gtrculpylpj3s09zyustn06j3,BSH,2000,
xch16ddqvu85aeh34yltdazd6p7zuma7mltupwj5eva08nedpq23uc2sym7el7,BSH,2000,
xch1rvejvmct3sy9max6fmrlng6yw4umn42t7y4lu7v6qym63xmnlqkqp8v3lu,BSH,2000,
xch10t5epf57rnr8g3e2wjme9yzd4m2ph44ruprunyg3m3zjmvm9h36qqs3pl2,BSH,2000,
xch1ecqe8lutknmujxv7hr80g2ukj76v03s9gc4qzpqtr8qy9ye3detsnkcgql,BSH,2000,
xch1hkp2fz9ny5sn9ze2vpmnxyp9szel3u0l9qplzakscuxm9xztepxspfa5mk,BSH,2000,
xch1ca8f72m9aj7pmln6dsc9atl4ax4c0k74yg5yac0f2rhyyy99rqgsjlx0hp,BSH,2000,
xch1vtkg8ytch0n499jlk5zsg6uap5ydy7sfzeymynnhmprqfnhtszts856m4f,BSH,2000,
xch184cfg5gsuvas034dex0ua02czlam2derkfjn48arg54jqvfkckzqygc94w,BSH,2000,
xch1rtd3nmuzsddjgv4d57f8473fdhns5wfupx3yl2lve2903g3zh5yq5mcd6s,BSH,2000,
xch15dkhuyr8kvvt8d3cdv9782w95sytnqlxc85cehedmrtvp8jpj5gs0e2s2e,BSH,2000,
xch1e4dj3yut0kv37eymta22exy67f6ff7wlglklxwxvkacnn8zuw32qxk22ay,BSH,2000,
xch1t0jegw0jry4m2klv6jqdhdtnau3538d878d2q8edxtzzlufjwptq4dmds7,BSH,2000,
xch17ffa9x9pna7gfwwn39gc988w8m9zgtrs5lu7hxf5lmz2clxhl4pqphrd0g,BSH,2000,
xch13dwm4wtanusanksx9plx92py6qwwcr69m5yh2p2wpxdk3ksg0tyq87x98m,BSH,2000,
xch142cc9u40hyqcn8ve45nr5790edt0aktx85n5vhd4rxe9uafvxacq48gcvl,BSH,2000,
xch1gnqvpl9ktxn5jdz7hw4cuvph29z207jqt5v3c0kna38r0skewxvqy0q62m,BSH,2000,
xch1jdwnz0hj7lytnakv0nhf2rafmsne2yq05504lmzn99m2n8j82sgs7u34m7,BSH,2000,
xch1c0vyj6p0hl04d5789shm3vw58w92txnt98ma7jl4nm7aadlqcw9swds0z9,BSH,2000,
xch17gyxy3u0sf902ndupht3xgzs249caahrgemf7dh3qqu3gsrmdf3qyy6kpl,BSH,2000,
xch182w8krcwppjq0jcjt0xt5u3qtwj4se3k8nz5nw0dr85tpazqlqvquxvunm,BSH,2000,
xch1l2t4wxdntpeh0p7rgdc0e4uzav8qyre2hsrwc4j7jaz0rrtjd6ksl4gwkz,BSH,2000,
xch1hhkjk556rgspzk5957v2a32zudkjwn2lk9078nuu9v488e89ek8s735uzn,BSH,2000,
xch12d2macgjjcek52g53dt7ezn60jm6e3yqs2gpawua7spzrqv8apsq7zfpl8,BSH,2000,
xch1fqtzr732lpw70matffggspwx64tl6e5hvqyhq8ye8540wsucu9ts0429rw,BSH,2000,
xch1eeqlq7jnlfpqfvv83lkp8tc55w70kw7ktrrdpgk2rzudydxyexqs53gquu,BSH,2000,
xch18zfzrwztjtz36rnq9tfewf4vum6gtjh63qutpfet0qygx55csauqjycgs6,BSH,2000,
xch1sn2v5dnc6etsmq8g3f4lh6qm25d0ahqfzfxsxtq2t3dnepme4tkstx5g4y,BSH,2000,
xch1me07h2cm7wh35yjq8ndwesd30043fy7dpunjerq8rv84dyhwx9aqa2kuv9,BSH,2000,
xch1cxvy2l6uhqh5shu0lvy0775tca2duvdrmveufcpmsesu77d6haqqfgs5nw,BSH,2000,
xch10j5gdt4juvkflwwcedqdfrd90hxcee6ecy3y0v6ft0e5ue82mxtswgse60,BSH,2000,
