addr,name,amount,hello
xch1gec6eaufstwe6vrx8cyf3k7vnz926m7r54gx03trl28rxm596w5q3hmf8e,BSH,2000,
xch1ecqe2cwj4lcvyp0anqe6pdy47xcftacp5n77zzhl76wklmzynjyswc0kcs,BSH,2000,
xch16mgscaeuzqp8wg48r7eu3vdc0mpar8yumv68l3vhf42xnrgr9sqsntfe2c,BSH,2000,
xch1etdhmu5drv53awj54qv2lceks99jaz34pyxkrgldv86zupqexqhsjuk5kh,BSH,2000,
xch1z7wvsg3ucnnamergejgepepgtlx9jtdmf77fcex3gft760acntescqcd9x,BSH,2000,
xch199kg5cvjdlukxpddpl9ey042qaguwl0ly2ktj5dvs4dp63luf26qcf3vht,BSH,2000,
xch17nsty5cc03rmlhjyv4rtslu3550kf69nt35mhen5mf6kdsr5afhspva9c0,BSH,2000,
xch1na96s9j0cznxm3dhak9am0guaplr5ygjjmdauz3ga9pt272cnt0qwg3jdj,BSH,2000,
xch1m4s0sq5m3wxegykfj5zsl74pw3fepxmw8rtvsxqszrppe4mkyhnqjxgtg5,BSH,2000,
xch1fw6rdqm7wlfq8pwl4duk4g23kupf7ggd0ur64rk5rzs72snv9a4s7ntrv0,BSH,2000,
xch10vhf230qkxq4qxgvuakhuj8smuek4uxv5kg6v96wx00resvukyxsnwafa0,BSH,2000,
xch13u3383gu5e77yem0ptjy9uzdmeqwh4prtnersp6nntukvw7q3lqqaqxtt7,BSH,2000,
xch1yfrfgy7yllejg26s76l2h49e4pyfchlyru8nesdgddwrxmuantksrdq62n,BSH,2000,
xch1v6hvyez8zv2s4wexpkcgpu4ke976fsluzl4n9nzjgtfp5kysw9zqrexlve,BSH,2000,
xch1llz68axjxh42pry8d2yes77ytvu7yhqfe4858nuw38yv5zhgh74qyyjffj,BSH,2000,
xch1mxur6y87yuqpc0njvn2zwekmagvne6zuf8d4pl7ss8m9tdqh2jqsyl53k3,BSH,2000,
xch13un9mfa4r4sxyglw602w3jz6ptwszmlsp6a4kvqc5sgwhu7uyapqfaa645,BSH,2000,
xch19hj9k8muk4tlghjy6f9a9tj27q26vrrf34vrgluew2ntgpvwuzms9cvaau,BSH,2000,
xch1zf9mavwrst2edfvpsmc6t50qp9d0wjg7lftxam9wwnq2tfhm85lstx3743,BSH,2000,
xch1xlrwzude4yx3xlwg93lqfy44365tql9s6r739cdpatkynrmj7elqlhuwh9,BSH,2000,
xch1mpt05pt74k4660euht0csypucg25txecy3eczs6wahcgxg6jua9s8kgyqa,BSH,2000,
xch1nffq46976w23calpqmkslwh2cl33l6vuzfuft736ksec80jyxzeqwtuk0l,BSH,2000,
xch1wfjq6jm8qkrqw6jck7cwjmky68snr4atqwqrasdhtljcym65m8cqhys3k3,BSH,2000,
xch19uewptq4m652zqxtrfsz7jusnhg2rk8h04sp3usvggvvmq7u2hzsnwmvdh,BSH,2000,
xch1n6cpvsq3j7uh8muf4t0m0jlu4unqqmfx5c70atytqpjshl3t7v2srh6kh2,BSH,2000,
xch1kyyrvjvxn499vunx9yh6a2qup7n7wd9ysxv3kag9ypeg26dv4lds043n8c,BSH,2000,
xch1y3f64hcxzxqj279pnde375tnjqah3nkcemyjr0vjczkzperwtg0q77f4rw,BSH,2000,
xch1zu9jey2rwktu47etlr9gddszkrc798fdeutgsg4urqf9rsjty7ds340hlf,BSH,2000,
xch1y8vrnamsp8ru0qvl9lu7y5zmfctrc5z9cksetmfkepl4gkzlewssfnn75l,BSH,2000,
xch195x4rgywl9twygtp7w9537lem9mmgxvzvvy9vpm32ypss8yxr9fqr2dhzj,BSH,2000,
xch12axt872l9r5u8v39kqqehpf0305aasef2mhp45f5ks9ytdke3exqs0k97m,BSH,2000,
xch1yyycj7zzkk5g0lywwxwpre07w2h6ru0c6qu9qwas6zqpxg3tnjps4vyy5g,BSH,2000,
xch15vge0whtyf7rs2q7zggnaw742exhv9xq5vwa3yltnqsp047w0stsngrh0t,BSH,2000,
xch1ye9mcudmkkszlurafyqy3nxmacj7nuvg7dkt57nfa2cee0js02sstklnlu,BSH,2000,
xch1t6ugugvlyg46q9ypa74hr37qkhe3s3zwsqth9je5fkcuq4zzfmds0xqr7t,BSH,2000,
xch17205kl5qr0mjv3y4r7g9zvn2jhuaredrk46agj7cene9mctveadq6qxw0z,BSH,2000,
xch13r4ykra6zd75je33l3rhq0kd6qma9skmnrphecprtdhs77typ7css2cmak,BSH,2000,
xch1ntlh05gzdmlkzem7tf0cy5epu2449uznu3ypnwyqmkyjm2ufu7pstgryy7,BSH,2000,
xch1g2tz25lchnkekhxzjujqu6vjlfup9rmp29y84n2lc94wwzrwla2qzg2qzd,BSH,2000,
xch1eeel5fwfhryztlmace6p8s85zc66lfxxg0vas038g9r6cnrrv8wsc60xtf,BSH,2000,
xch1f2ek3wzrzpa6zqrxnys849shytwaxdpktmhmsx7cy4hsg760rltsdn86mf,BSH,2000,
xch1h04e3qa468kcy2gkxee4wyhg645sctadrc5743spvwuxljqpn27s03cuas,BSH,2000,
xch1cg0wa2xtlgk6kya88mcam9tcq9usy603pfzqfpmm44adu7x9vjdqzwzkjq,BSH,2000,
xch1mumqhzs34a54k22vdpv8aqczl54ua9nwctjxes3mg4xvls84w55q53m38n,BSH,2000,
xch1de86kzk2hydrdrxtmtgw4vvekdutuhj6hk8y5ruuaqwnf2y9arvqy3v6f7,BSH,2000,
xch1w6wcv7azdcygpxg0nmuq6zzjl6xe8q9hex9slx3d95uvrj85gyxswarsyd,BSH,2000,
xch1356hjcgzk862nsxphajg486jddrf6mn2c0u9mqmslw96rns4xfxqlec2mt,BSH,2000,
xch1ej945kl6emwhs39z3nfsqxupdgaylhzxsv64tzlrcrlc2a6vc00sqhe738,BSH,2000,
xch1wwus5ledgwvdux86ydeg00ffd7m3rtymqmmszxuk4rcn32xxcahq6pfmdg,BSH,2000,
xch1wqyf5e9ch7nn5jr5pp3qpqkaw6nfezekd72582z6ef9j28ncjf4sffrnxd,BSH,2000,
xch108gewvlwacfknt3j0lhnlraepe5v2zfw3ayamy66vqwfhwmu7lwq04ulqh,BSH,2000,
xch197upxphu0g7waqve3fylvaf9rqr35klzvt22xrsl00kcyhyfcl7salyvhd,BSH,2000,
xch19autsta54z6kppp0hyr32spkda8gsvfq5r7m8wh39ue6y9cnpnts7vuzcn,BSH,2000,
xch1mpzzruq5zqy70mvc2hs35gqcjxyw4d8xtshqup48mprpx9c3xtdsypacnk,BSH,2000,
xch1km2vfm46mptnxfy4xk8yqwwp3jjuh8zvq7v43sjxmc06hl8r3vtqaqs7kl,BSH,2000,
xch1nndjr3h7xqg6t64vafgtvtnupn62uf3rctxajxatmclrm82w3shq8x853x,BSH,2000,
xch16q3w0ewjr7ds4rwzndx0y0f50rsq3spzwjaylvu7h75dl22frc6qxjv5ux,BSH,2000,
xch1ffnvgv8r0uqpyukldjz9897dv3n5vaj7dvmv2v32kyn6rc0m86ys0l463c,BSH,2000,
xch18xwxlgkt0mm99jvhd8yrd2jytwygfhjz2scmz3n4gs486ec5uyfqgnty47,BSH,2000,
xch1txpv44rmr2l2xc04cpw4t6h6yknjlt63k5eqzq0uz9msw4kjlf8q7zrqwf,BSH,2000,
xch1rvrd96ffa77r7lgwjka5frjg584t9vavj4qaj2ke8hs79fn0wg6qnswued,BSH,2000,
xch1dlgdap33gf49m0032s7hl8zyu3rs5tmx9ga46uyd8t6jxny2jgassfrcx7,BSH,2000,
xch1v6ymer69lmapt7n2lk5m3qs2lqm3dhs6p5qjrzz43w72zpuyw4mqyea8xy,BSH,2000,
xch13neycazwntj6zlehjatnlu77a69ytngf9l2jrl6y76wtnxjz3f0qvw9km7,BSH,2000,
xch1f6phwwe02er8h5e0x23wr3h9440qyvrp9tq67rwp9sgkujk7djqsjzp23w,BSH,2000,
xch1e9crwuvjyqsxdez0s4mvhs0a7c9x4qah5hd5lhxen3kx9p5xp9rsl4rrj7,BSH,2000,
xch1x5pe8s4f8wjm62wpaw22kprmxa8y7rlhzpkkahxys2dlvsfupayquevddn,BSH,2000,
xch1ksa7wryc2n67xxd2dfrayn8lpyku7s4tuq299005m7gmxm03xx7qgm80eq,BSH,2000,
xch1d33cl65ahanret7wg466v0j8wgeslm5tclcpnljmhsz0k5ye6hrspp2a9m,BSH,2000,
xch10c0a6z0vy2qtamjdhyu02ycpw8xd3q29sznf7j0ylc03le7y7j7qx9uvj4,BSH,2000,
xch18kv99t6xjtw4klfnyyuh6mkyzptfx5n20g8c3tzjkk3ut5wx8tuq5cz8ex,BSH,2000,
xch1e0rg8s2zam4ntggvfzf9laafy65nqckqj0rg8jl7pypapvvzyduqa67p03,BSH,2000,
xch1w9nty7e4zlw9m05y3can6t25yk4a4pdcjatyhrfagfd29dy9nz2qkams7x,BSH,2000,
xch1ffykx9ggv93gqvs0scqgcws2guytkfnyw2390wslqj97drtc4cjqfamkwt,BSH,2000,
xch1g7h2dnwn5rk0g9n7hr9lckrzeak8s30kvgdrwjxcgnvhq5ptqv3qfnya7r,BSH,2000,
xch16tdmg64c5z50sgcwkamlthw74attj468964y5md2nczj0htv8s0slkxv9d,BSH,2000,
xch1lvfj280a0cqq6n6eavrf0ugsea2thv67z8l4zt38mj8sm2dxueaqp9qf50,BSH,2000,
xch1tkz5606r0mxx3vcae86y00428ht43849m8gkjrazp2d22cyt4jmqu2a6s4,BSH,2000,
xch13gtf9dsrj5n3mfqwcwjz7m2pc2c9fjqt0zguxppkud0jg5wsfr3sx9cwjl,BSH,2000,
xch10zqcm49mqr6pv9mfnn3x55r29ldjvq0y839sxfdq2a2g7tw5fkqsl3qr5a,BSH,2000,
xch1kngekydrcw6spsnfsr5ffytvqhy3dqykkq5frtypwnv9r4vejsrq2ymg7u,BSH,2000,
xch1a8xqq4g96r28eca87kz9seecgh4782ke3g3pfkpjw7s5ap5zcqcsp2kfy7,BSH,2000,
xch1djdq4ym5adhkzlg538n77uz2gzct6z7xqr0atrw7qzyk6w0dsz4s03gh67,BSH,2000,
xch1nyn54g3v3n9fvddptvgucenyljjvd609ufhmtp0pmplacgr2mchsnr0dc0,BSH,2000,
xch154rd2fa3945pjhadmafsa2tnlatvdjqxd365fgpp0lefqkzlxvhs0azw8l,BSH,2000,
xch1hudvnrutgmtlt9x6cnv9a7mu3jnmhj6457dm3gffxmgpy3yl6hvqg4zg3p,BSH,2000,
xch1wq3l8v4ssl2rektkt3wu9g7kkpdy8al6wj7xuk6vgk8r0qj0gglst43c6t,BSH,2000,
xch13rg02mc9gttpk5eqfp9vdnh2l8ae9cavjkxclmpkg98kt2c7ur2qpfnaz3,BSH,2000,
xch1k2gp4n7st49he7wf5vzgpcdmtm2scqwa6gs9kazfcn2jy67maensx7aqel,BSH,2000,
xch1me4m3n43sw20h92w8fpjges3f7zjwlhe8e4tx5nj8jfxey0slkus4yjvgr,BSH,2000,
xch1093na4cpvl55r0d3j33ls3xy9mrd65hpvcqfrmzy02pprnjpzqjqn8rdhg,BSH,2000,
xch1k5y9w4yfkk9ghv7uwl9zvkhwx65jc6fhn688xkum47f5rxmq65eqddnth8,BSH,2000,
xch1z5xscq4mp3ews4awr3f6xqys7tdzehk7xwtqh5xyznyfehv0cuvsxnynqg,BSH,2000,
xch1a2pxjwlmlywsannxnh5qytzjaft29s5urqjww78uhvn9shnsm4eseyer8x,BSH,2000,
xch19lzekv6mxvft96fluymevylngmvw4c4pgyed3fnxwqf6yecz4xaqjrg958,BSH,2000,
xch1ttr9qm07fc2k9wan0wywcffj72earm8nefamrk73yd5aqds3dq8s7htcvy,BSH,2000,
xch1rny5ks04xfureg3mm7g42z0vy6457lg7cp8xd3kvfdkaa54kp9eqkxndyn,BSH,2000,
xch13ls99sxd9282epj5hzug8png6ng6snjn6uzxj9yfncsw7xc8smns35v726,BSH,2000,
xch13gnl2dhwz66s0zevpgwdahstsk8pmke9yhuwvwrl7vvjdy438fvqf35zml,BSH,2000,
xch1lxdp9d7el6jg5w0cux2n50v9lnnstn6e3rypdf3aw2f8eveeuwcs0npn6l,BSH,2000,
xch1nvzghugv5gx8nteufra56s9dfea30jmycqjqzle0mtgpzae7jygsetfwx3,BSH,2000,
xch1swmxehud0ehmv5q26ezf06l0ep24qlcqmn3xea4rljsaqfulq8wq80jlax,BSH,2000,
xch1w8zt42m2n987vamyrah80sj77ptp75r0u9u9jj8hyzq98qpgv74s24f9qq,BSH,2000,
xch1w03e28ntnv56lcchaxdalwjsxah6h60kmfgnglhylnjml2vdgxzq9z4rzk,BSH,2000,
xch1s74t3f0k6jd67dge82pcysjwaljcl9wgrm9ce38edwtcrc4mal9q2eg7n3,BSH,2000,
xch1l2rhfjcc05am0m59gmnuy3kkn234k8g96fhdzh2uc98luny74vqsa7hvq0,BSH,2000,
xch1uw6xzh3su3wu0rttwglhclmmnwfl36cumzal2aj4wtalhtmmad5stnthte,BSH,2000,
xch13ws6hrmf2hkfwaff4u2wu08shtn5lspvj8aucagcr7pd29enzlsqckeh0d,BSH,2000,
xch10segur3q50a66r4w92ahpe73vtahgwqpap3h3nafq5z3qdkvhwess5pamj,BSH,2000,
xch1fpsxj47muhxsc46xgq2w973hefzk8j9cewy35l3mlst57rccvsxs60m4sl,BSH,2000,
xch1gj80wy8nxzzerktvavr3jgats9puh64p0te9xl7y2fmskw5geckqjuw7za,BSH,2000,
xch1hc3g63gfx2ycpv6gfycyshntcpfycx8cjjtf3jex3hkykn7q7fvsgt8hd2,BSH,2000,
xch1kc4s3gejcwlsz477792v3074css2rv0scevnpuf9qw9lhch02a4qs2xn6c,BSH,2000,
xch1uqhc67afaesl4g3t4n8f5nyr9mvp57qgzqdasjfmhxv60dp0e45sjd8cwt,BSH,2000,
xch1zmsqyxkkv3qh24rum3dw9rl805zv578kqhfrjegkmjk8pm2as2dq46x2tp,BSH,2000,
xch1dydytr4qvdrvcj2jhyqvmeeqptmjxpt6xjmvkul6halcxma75c7sq63dd9,BSH,2000,
xch1g7utqe84vx280xkv7p3ug9ucwn2pqjnf82yahf308t2fvgh5un7qrvyqn3,BSH,2000,
xch1emqsavxpa5ayfe76k8c8m60yvy354cesaugdptrp8q3n9r52nmdqf97mdk,BSH,2000,
xch17h4q0jszyflglp26rc0f6m5znczeq88zmrrk39gasqlsap7ajurse4ljyh,BSH,2000,
xch1sjacy8e0f7yfxecp9ltqgp6m2jxfpzgm9d2cay2ztmqk7g8vnzmsr6ustl,BSH,2000,
xch1ajzkhqz5hek9vfp3r0stp3mm4nkwfldyv90sj8mljj6z27nxnpyqqqs8qd,BSH,2000,
xch15gde8gly2prsmk829qaccr8myk96j5kggxtf60u84d46p04dh03sukur44,BSH,2000,
xch15tdz5vesjaypwuj5snf0g8jt76qh9h3pj4dpyhftt3vpkdne2eas6z9xzj,BSH,2000,
xch1rrzylhz8gfvq3tyd6pxzmj3syk9wry7uv3qaasw3455z3n56j4fs58fq6q,BSH,2000,
xch1slx0pzpudr6xzdnncmex3nzlu8smhqsd9kg8qn4wcmhqawch9smqx6d3qu,BSH,2000,
xch19cemn46na8urdnttpymyyrg74pgulj67hkg0533eql636u2zvkcsty58sh,BSH,2000,
xch1af45hke5p4pw59gng6zupyqz9r22yvutmu949k5eeyv3gh6g0n3q63zc22,BSH,2000,
xch1v544j5patvy4d72k8x5da5cy57dy994reg2h9e7aycxr090ad5zsylakrk,BSH,2000,
xch12wlf5jzsrqg4ywdang8lcg8ulf5epf83wg9mhq0265fncvkna8mqde7qy9,BSH,2000,
xch1jr7zqs9nz8dp0hhrmc73a46vnllqwyjkvc75pl6cl4aswv9l8m5slvkdea,BSH,2000,
xch1xl7pas7n8tcxq8u6zls4k9z8js8d5sj8ldjn9xy0aqacma4vmafsk6vn0k,BSH,2000,
xch105y45as4050ww44wm7pp6jsv2tatycach5mr0tqunejh28l3ut0s4dztme,BSH,2000,
xch1mmwm7nma0jmthg849vcgnt5qq7z0ney6hdy3gtlqky8cmylnmcpsyc9jun,BSH,2000,
xch1j60anp3da4xe2ld0gyvhlrag9uurx2lrhwwqv2epu97fqmehx6ysfkwc4d,BSH,2000,
xch1x2zzxty55hy9gnysk0hpc2mm20hek3wk7dsyl98g2wyytkzaa8psx3rw9t,BSH,2000,
xch1zpyjztzpy6fut2zdpfudfxcsa5jz7n6dvdypuksx4m98gw9h0dystjgs4r,BSH,2000,
xch1c0yvfpx9vfaz4s8lzxyyudgk4daq4txk9trzv3m4c0pd83s0xejslwyfz0,BSH,2000,
xch19drzh03cnxsvyz9kraetv0rrm4t6jhmw0gprtqttx3c5nkhthrtq2ert7j,BSH,2000,
xch1dlavhg5005vp5zlg7tgfj0p2sx4rectvfq7g3mhmrp995u359sxsu795wq,BSH,2000,
xch1tprgwjx4vuj4sa7l24knd0ydsukuzq3v7ujyzfn0yzdtpqw2pr0qf5dqm2,BSH,2000,
xch18fwhx9zyku9wp9927wkf5cg28u6huaxtynpephymsyzm0763cfus8frk8a,BSH,2000,
xch17zjqryg0j7gmzqcqhtv24k3e2e5zvsgay5dyh3kq9md6xt2qr76sw7vfgg,BSH,2000,
xch1rl040pvclsfp5ecnlfd0sa53j3pql2f9rfzwdtr86krnu6aachdqktpkmz,BSH,2000,
xch10372fu8md7tnz6c0c7secrkh6r29dasvqarmgufzt5wgzk2rf3vqudkztq,BSH,2000,
xch1uv4x449d99xjrd2ld3lsmyeagd59feecahffdareplqxl2agjz8q0gpehe,BSH,2000,
xch1h20xapt0ycfdcnsgks89ge36hlqp0fn9858eg5hzqsa7uyys5svs7htxp5,BSH,2000,
xch1fjtgza7y0y4ydc4uglseuck78ek63cheke8hpauxzrnt27legrasn738e7,BSH,2000,
xch1t339jskrec872sl604ucmnrtl6kk929xq3elhecj2rw5gpnv6v0qa9kpdj,BSH,2000,
xch1ywf5jurmdkn8lng6gt02x6z5n796p34en68g5egfht2tzartqefsvfmr60,BSH,2000,
xch1syvw93ft4l0yne7vmkz8fqje5qvzan2lu0msa094evmvewnyagyquwychm,BSH,2000,
xch1z42wu2lsqn9zt3sym2kcglr7wdcwku3rp7n3w4h9p6ve9k28ze2qg2v9z3,BSH,2000,
xch10p69nemnjxpv3r6se0scmhae0pf7vznypqzzr4g0ce5078fvjqrswyejes,BSH,2000,
xch1mtawh05gtdf4uj0fm4eeq8xnh3pu39ftakj70mzxgtal6c7cp24sgzvpgy,BSH,2000,
xch185nk88myz22spu0kp6mlyvq3m3vtdncdwlj82gwclhc6jgjetvzqpydezk,BSH,2000,
xch14he7nqsjgjvcyh3rgwdrg28r29jkxx2q3d2c73ul7wgvadwr3rpsl30py0,BSH,2000,
xch1u9al38hqx3rjam4desd7wl3cdtgfek6th8f60afacylzfj3xna6sqjnawm,BSH,2000,
xch18z4yj3sw9f9lthknq73rntqhduyjhx6q89p98vdfdqny35964p5sfs5g92,BSH,2000,
xch19anj7wyjsr4jx5m6sv0wur06hzpczj0ern4mlnk5k5jq3jstzcvsshp8ww,BSH,2000,
xch1w2fyn0k5xl8usxw88lc20hkj5n983hgz3t3kn55lnnuyfcyxnzrqhc9zmv,BSH,2000,
xch1ghn5cyt3fygq25gdg8zslnuf2ywvvnrtc658zn7srzw2w7kec4dsnx49x7,BSH,2000,
xch1yfmt5660km8g04h22hc9056gq8dafx69gc8nw6xxfnffzwu5wccsjmkxen,BSH,2000,
xch1uhutcazeuhqp5xyypxye0sk9xve6cmmmmvhp7gxls0phy3uyvj4qhmhwut,BSH,2000,
xch1lxe08qjgc90lgnen2mj3wnx2klptqxqwxv30pguwjnjlz6rke38qr5na4q,BSH,2000,
xch1mhur7dyn2t90305sld08qna36gwlvnp4f5zxq39m9fzhyxa5klqq93wqaf,BSH,2000,
xch1sd9uvhzndt7t6e2u7v8fnlw5m4jhzccchps88sm3yf9g8nu058psm3d3hf,BSH,2000,
xch1us7zc7zxqprszzypsftugspq8ge09ca3gu2ec35zamq4ms79saqs2kcycz,BSH,2000,
xch1huu7sjcghwu9w6tq6xjmpdmcarc53q48sfshfnhkm3jwdptmg29qatnqex,BSH,2000,
xch1mnj733d32lpd8er6unlg8y7scmxq23d2qzq0hfuspsk0us6863rqnck79u,BSH,2000,
xch1j7ug4c2ll07dgsjme9pd0lda80jmd6v5lnm6dkhpx8067zxy39kqgwzg94,BSH,2000,
xch165706m7xkqgldpfd97kx753ykn8q346mtcv0ew8axhhx0qh9c0kq3dd7mv,BSH,2000,
xch1e2sy9gcaz24kcceehthzfa50kz60kzwwr0cfz29wqeszjyl0x4aqptj6n5,BSH,2000,
xch17e5kemsga3edr6mfj0ahxwfegx7f986euuhxqdevesg0g3kg4zeq495g7a,BSH,2000,
xch10sh8clt3ea983sspctg5ywxjn4h74aqhfr7ff4su8tmd4fuhzzaqw6ad4f,BSH,2000,
xch1jmwc8etecju5qp5gn7zfxmnqgdml8e6shpc0aqw0qteadr4c4slshzc4r2,BSH,2000,
xch1j7e60ahhr5y006acv2umxmz6mh5r5gs6fmj53ufvjldxd6pvlq4qguvmr9,BSH,2000,
xch12k2nuemdz7ats9jc36hkcpw368pzek908xqhwh3t0yrnhgwaqj8sqg6d3e,BSH,2000,
xch1jvpz5fw3sdd6xpq723xpzta32xl335qz684mfjr2y2r5eafm6c5qscw4n3,BSH,2000,
xch15v56slsld2je9nl3c8z3aqzehtlqhzmth406rgf7fwydy9v2vgxsv3wfqa,BSH,2000,
xch13cgkcx89rw3xtpz89qz7kxuragnn74sdhvv954khtw7yt2z2c58shf2k3d,BSH,2000,
xch1r9dzydd2fxvx8ql8qqyflaanln8r9y36gzwczrygklykfe9yyjcsj8xyz2,BSH,2000,
xch13sv4smqc0tpuxa0a83dxk59l0npxzg53eqxgnsnnq47hy8dfdtkq4tp9ta,BSH,2000,
xch18g5wgtv7tplhu5jq074jkjy8ztz5pqulsqd0w2mgqn0jnr332kfq6hcuyz,BSH,2000,
xch1txswe6a9enl8kcnjlqvtuud0r75qgek7frwqnwe4pfnz33tcd8pscdsawf,BSH,2000,
xch1v66n9xykt0wpz9dy5m3dc0vh7q2px6m6jm7ejgw7l8jnw6zxtssquj3j0m,BSH,2000,
xch1u48cl5pwxcx4ukzzu5gntqh9942xshf38qurs2a63jrpqltdmxvs7xs070,BSH,2000,
xch18mjpcmpsly84w52hepkwj30wqv6j38ke4dpn0n7ly9qpjugzzlwqx564le,BSH,2000,
xch1v8daszjud06gu0xrx8l79u9lmuc2u8nqv3kvzgn2flzpfmlzy4jsy67ddx,BSH,2000,
xch13nge4gfj5f9cyl098rp6ltlhk93dufftkder4r49hrp0cj76uqksh8eztx,BSH,2000,
xch1g0ufv9j9rph7ffhn6zearrl548q0njkjgc8ym8fsvw8pcn2cqlrq0y8m3t,BSH,2000,
xch1x3g7v783wneycmyaspwparfu30qs53yd8pp0mkmcg4fwaw9udj6qhdazwx,BSH,2000,
xch18950pdwd0r5wlmnlwkacvxzy7hygs3gk0lj8yep9w2mzz0x2hldst5xs2a,BSH,2000,
xch1acrlwjd2hqwke4kw3dkrqqt3msglhqzcl03va7gr3nm57gglpqrsyq7yx8,BSH,2000,
xch1y7qna62jllpvvce75qfl3vltu4mfayg8fj5pt3z0vptrflyx4mksnyq3gq,BSH,2000,
xch108mhw5u6hhyw5fnv6uqrqpts300h6ghmspxu83asvcjjqpj8x8sqvwkch6,BSH,2000,
xch1xte4rd278d2cgnme0thwx7fu305n7skw4wnumt5l7z56sefey40sm37m43,BSH,2000,
xch1mjwk0m8aprkwfrzsemqrelnuld9u98k6z5wmxp7hjfa3v56764jszweqm7,BSH,2000,
xch1uk757xqsdpwv9nx092ld0kyg0ssk9jy69p2gfm3tkyrhdg9qza2q6uae49,BSH,2000,
xch1e5hvj23w2a78xjukj7pll7wjmf32hesqpttk6seylrykemsxc3uqtlykh9,BSH,2000,
xch1r9edhk8clvsl4ew5tvkjk76w9l6r6a5uyy5kv47fegd5j56a9znqxlllx3,BSH,2000,
xch1c64v8g3n5egqunvwal2ucqgv583l06pvcqvc3whsg8e3e4ts2ssq0hjk9y,BSH,2000,
xch17eac3ksadplyh4xjsysaqqgz9tamxn9artuuvfm0fq2ke5hms58q7nyawq,BSH,2000,
xch1x2y28dgg4rq88lvxr20je229envszrgmxfzzgn2lrf698emf8wmqr62dar,BSH,2000,
xch14h3e27xvrwpwclsmfehcvlxxtda3g6xxledfcgs9e27j4hkp3ygs70gell,BSH,2000,
xch1eheu7u3zdhs7hpp6nmcw6r8mgjfdxw6qs6llcm3xmpul4ua9svtsnf0sjx,BSH,2000,
xch1e4l743elgzc72su0gf67wna0v20aenxa8rwjwc5qrvn5pj96nkhqg5gke3,BSH,2000,
xch1j4p0dr0r26pehkp3dp3mqrau9sdty3py2aeqfjh8xfn6glygna6qaevkjl,BSH,2000,
xch129dv5wqgruevpv4p3d6296y3fxj0zkv80t8z7v2pq3x8060urdss46srfj,BSH,2000,
xch1zk2pg9c647j2pj5sd58yts45s3dcgwspde3fu3shlfg8rk730mdsgvq58j,BSH,2000,
xch1j26dmw37khylh60677l46904tcw4y4fjn0knjdcawdphs70xncas3nj0ye,BSH,2000,
xch17g5nem3frkl4lj74lmdk9qwzqtwkmlj7ap0czacuk0jexf7hv6msm5t79p,BSH,2000,
xch1x8xcyaxt0k7l3zhfxgjc268n99pqh3jgfaaz24wfkevuzmznvqvsznduaz,BSH,2000,
xch1wh5pm3twyxtfpp7jg2v8f3zn7v6qatr0m2fggy7atw3r08a3jzusgwvy0q,BSH,2000,
xch12dcpr6kj2purnxz9pxfa0xsmmcy2p450t6v7mrup297q8qzx4xlqqy6te7,BSH,2000,
xch1408qgtdqpla4y6wwkmnafxft4akp3lhd7nwd5w6jurel05vsjnksds8rvh,BSH,2000,
xch1ew8nka75kjf9xclmyzafnr7s0a2xqwvd0mh02tqglv052djwwlrslvgtz6,BSH,2000,
xch1n737vx6u892andtw5s09qpww4j6gxuqrpgqzu3mjzwkay0xaltpqp4e372,BSH,2000,
xch14ljdms7rxkjcrh732na6vxkyuce89yltzm3nrh0ukw0flv8h0skqp8zg48,BSH,2000,
xch1h6m0kuv23fvh5xhvay0l4a823mdzyyj94f2ux79xq23f8juthszqn8cuqm,BSH,2000,
xch14ggeh4q9qtn8puyaah5qqqpmlgcyks437dyp60mk29gfnmu886ms65dt4y,BSH,2000,
xch1hqw0u3rdrdted3kgytqgzsglp5ugd800jzhn8249czggmhm9lpesgag30m,BSH,2000,
xch1063dp8l63gmxa2vwfx8zacuttnp957kurheqmnqvnd03aulq0d0sfjst72,BSH,2000,
xch10n4al6rdvzs47yuflq6ldns7ngcndrswje8snt0h5rnaydkjhmfsksckmf,BSH,2000,
xch17yles57w5gkq7av57la5kurly468q85p8pj9dh2zsv72nye2ywls86pfla,BSH,2000,
xch1g65r63v93cdvq204k9syf9w9axrtqtpqkyfctwxqpl260m74mk2s0ylmfy,BSH,2000,
xch188v847k5zxj3azfznep3ms8k0atkgnngduua5056s4etrma285rque23t7,BSH,2000,
xch1hnm4kcedqpnwtk4rrqyyncfuysjmpr5zmpm9dudrkatg9dm0mh2qlm84fm,BSH,2000,
xch1u6wap9wrq9dkxprw6zt079x5xqpv592wzphsw4dcff79v7gfkpms2xgpar,BSH,2000,
xch1yy2y5grmnksm6f8pe792k5x25mkpwreu02a2nsv6u5etz45tzswqlrt46f,BSH,2000,
xch1et2ux9asnn9rrrwczq4g7dcj76fwl7r3nhzad32pk39qj30vqmhq4cj0dj,BSH,2000,
xch1vjd0pcmvyrnlgqch9y5j74dyfh0efrjg9jz35ywzedra80su4xesv245t6,BSH,2000,
xch196nceuutpkf0ztgdvdzy2k75v52727yc4xwkye76mp6zpyqd7zlsf75eka,BSH,2000,
xch1mg5tejw2fhjttfcdtzexqm66uts9nve3cquyatje6umnzfa5pgcqe3lgdp,BSH,2000,
xch1vn58ex463kevxgst8jptxrfv87l7c75c9y9hgk07g8xqlw8e8m0qmunhm9,BSH,2000,
xch1tfv7ed6ce6yrdvtdjwhele5xhuk8ga88ml2szy6qmqa46sv3rmzspy5rx3,BSH,2000,
xch1klggu8eav0449ydd6v3unu5x3nfl0ansmzfzywregrfts524kyfsg0qyxw,BSH,2000,
xch137rwguqvx8q92c2d9dp62u42csdry0us385w980vq9vr8zn077qqpvyx3l,BSH,2000,
xch1xhv585hpye3pkxmmahaa2mp2u2rdy2jl60pgsehcn5y0r9836x5qn0k0rh,BSH,2000,
xch15ut7tvudz5c58ryzelc5m5kqd9nv4mm8xpffx43la9xveqx320sshtakah,BSH,2000,
xch14me7yva2fxn2249qjk87vphwn6qj99hst72ln8wcwzps8m5jr02szrz4ht,BSH,2000,
xch1aaaga8tjefumvgse4mycyhyn4536e26xmkm8ppk4xt3raaapfgrs6m0gmv,BSH,2000,
xch1lc9wk0t8xfegfynjq2kh6nu2dnzz9eawczjk7qeufd0ugzclyxms0z7ny7,BSH,2000,
xch17ry6xdpdtzrvuyyc6njtgh089jx5xrrktq3dsw20g20207ua2maqlwat3s,BSH,2000,
xch1lglpgax9vd06ynrpjczszsa3jdcrr6v7l0cfv24yvg9l9cn0hrvszx2dag,BSH,2000,
xch1cyjld4d8gpmlnf0jtspxzpyqx8f243zyr782pt5aznk33067jgyqhrue8c,BSH,2000,
xch1x8szg6av0gm7fx40w232h330nmcsvtj752w8c9vtc824dkwy6cmqxpdc85,BSH,2000,
xch1w5rut7j8lmn7nmttladwgna9d4ugr8w2vd8turtth6sf2ws87vaqzkvhzz,BSH,2000,
xch1xz8n34rdqlxlts5ys5vhcmv77a6n6208cszwnv2qhe3hz89je56qkq0vh5,BSH,2000,
xch1e42zqmtejm295pl07naqamt47q5xjkvptjvt5vn87juq44zxu39qmr5jk8,BSH,2000,
xch19e73fg4cgq6dskjj2rxlru9la76lv9dzgfh3adsadvvcdpyq2uuq69ay9w,BSH,2000,
xch1vuunfmg9dm82aehql3wndl7py3eg4v62fwnnzxxp55sj25l9v5xqj57mfw,BSH,2000,
xch1ahsu6wlqrvnsjdfhnzj2umup54fghh3g24cy8gc2np98cylaxnkq8rs9wa,BSH,2000,
xch1rlgtsnlc3755f0w23wt553dmkzch3yvwajf05u2t8m7vn849kwcqjly7et,BSH,2000,
xch1u4ejkqln9uxgnvtjem7ttjs6wpfndk65xap03gzgwm0ct3cvvf6qadx842,BSH,2000,
xch1054qsyy3cwlujfnapymafje04wkpncrwlzc2juul066vnq448yws48dmhm,BSH,2000,
xch1mz5lf4r7pmzpusaqqmwywusz54c5jt5yvveeeeldan5tp7zamsqqkg4fkv,BSH,2000,
xch1r8nuspxsc6pvh96c2yrqe4yc3wes8ldjzu9j5wz2n0f5da0qpu5qmwklxm,BSH,2000,
xch1f29xgtqfeenlu00tada5sfv8rq44rp29scgk5x9ysasdukx7rf9q9na3jj,BSH,2000,
xch14sarndw5nkm34srj929vhgmtzedzgzmv7urwj6zrgnvnmky8wp5qk4ac9q,BSH,2000,
xch1xzdsfq3tp6gcxhtenlkc97vgts7alamdqu29grlw79j7pxxkhd0q67mkkd,BSH,2000,
xch1eywfazecjd986tzljw4r09hrxalxh447qmzjkc6n668cmxc6ncssn8cw8l,BSH,2000,
xch1znl2x6zheer20wd3km9n0keq8gng32z0e3mf403w9uwnu0sr8mrss5cjpm,BSH,2000,
xch1dzgy0tlr5w2d6q3yrq7xerz9ygj2mcu0985fxe4susa0yvz7u8rs0z2amx,BSH,2000,
xch1hqcr3v9m8d3hhmztw6kcw6ykvnkyjs705le4t27j399cgx7g3f8sg2f9n2,BSH,2000,
xch1y4suap4vp0gnw7pnfmp256s880ydtkph3a4349a4rra69kjnt98sjvddaj,BSH,2000,
xch1lqggwll5s32rnd6akdykwegylt67werez2kjz7fa8htzev5za4vqel093k,BSH,2000,
xch10u8chrpfaurhnrl03wsa8lnv6l67yq3fd66qedew8znm4c0u38wq0xlngu,BSH,2000,
xch1xxtfph5e4h3kcuspvguw3gsn8vwmnfy0npgp9fe26qjdxs6w987s5j3nm8,BSH,2000,
xch1yqcf62f5djqs3ek5spdt4vx5sdr7q632gw732ccu56yumutwwzgsdzzpkp,BSH,2000,
xch19lvxyqgdtt8853ln5fn8df00gwyctmz4h60r229vqzhkvfz45xmqzzses9,BSH,2000,
xch196p2r0k97htdsewhn3h3wupvjxprej56sxdts3lxahp409al9s7q0ukaz8,BSH,2000,
xch1zy85a2f2gpgvm9u30f38ehpc7fyaevul6tc0wu4gjp4wqx04sztqedmt4q,BSH,2000,
xch1hatusd3pkqyypujd6n9nt5quk93njklz6x5975hrwvcfn9qq96eq3ysqdz,BSH,2000,
xch1xxlywv96hrmtd7p00hpeyv7wrk69zjgx2susl4dduu903j6v2eqqwwtem8,BSH,2000,
xch1y6p3lwfs242kq8va53v9q34t47zy332954xdq28epkrz3u4mlgdszq20up,BSH,2000,
xch17j8phk3u6d34vzs0e79jfx5mqwq0lsuchqkmdtpm2wvkanvw72vsdc5d9z,BSH,2000,
xch1hanzj0cjn3gmkwtj0wtlk3qd3h8qq0ct0ng5k4e8l2vs3ph96r8qagg8az,BSH,2000,
xch1v0du66qy8q293nyz62u8aam5kqjafs69802d4zvqw2nusfa92tys0pfrs2,BSH,2000,
xch1wap009mvg5lqmtez8g23umjhwkrj7nuszgxx2zxshmdvuye95n6qwzuwjz,BSH,2000,
xch1cga0h97uxf62gdffya7pcs905vpg9vt08y6759sq3tqaatkntrss4x365y,BSH,2000,
xch19we3k0m5q52345qhx0e4n5wu75as9ns24zxv4a5e2ww50phhuhmqyx7fg8,BSH,2000,
xch1x5z2nw3x5ss486l68yqn3l0dgsk6p82gj6yku0m7celsqzulqngsjcf8w6,BSH,2000,
xch1ujwfeqwc4kcptq4ftmqr6k2zlufufh7hmflcnd46sjalnkyufpss506c5y,BSH,2000,
xch14hyyckk4zq48vfgfjy6s563aeyrqgygcumx5jd5km8lre2nyd7dqupdsdg,BSH,2000,
xch13256gp5ewweq0zx42vs30gqnd77hvpsmdyufr456p9367j6jrjcs5smc3u,BSH,2000,
xch1hjarnmgs5ty2ff8ycp4y8qsnwdvxxlzx4z7sfsgu5p4605xjhh6s5a5l93,BSH,2000,
xch193778nk23whhn0tsnj706np52ynm6jg5zf97rw3xpa7ht89ymvnsw3xu7y,BSH,2000,
xch13a53sc7wvwgruq82q096gd9sxtpfn2dhnzg4hwwf485wvn4wjkys6p29ft,BSH,2000,
xch1fnjp9f2mzphq4ffxvsl4vzuq8zeaje8n0rluqe7ejsjsjvk42hqs4esd9l,BSH,2000,
xch1alnuycrc4nq72sqf3hf8c0tx8ue02pwm3a5hu8uhvlruqetuxthspm9vyl,BSH,2000,
xch1vg5hrv3s3fpf2nhk5vat9aa76jevm7afwjwrrrwqgzef2tgq49ps6veekv,BSH,2000,
xch1z978lyyv287s55p2vkkgw47tveqegylv07gpy7vqtq89n63c035qhjm5p5,BSH,2000,
xch17uyns6a34hx0fx2tcz8edv4snvxn2ukjgw2e9ze5qc7jure4uluq7zzqqx,BSH,2000,
xch10md6ylwqythwqqh998n9x4qsrv8zcv4r8as8lkd6pkgg2hs5lu9ql0meup,BSH,2000,
xch1xw4c5xng6hffl3eng3m7lp2grd5uu4gcr6ax8jqsdjdd04fax9ssr09cds,BSH,2000,
xch1504wxn66jrenhds0w4kt3hf8tnp735aj90pru0vazt5u42kf7zus8sf64l,BSH,2000,
xch1ccfvruyn23gkqhgg78xn6atkne6ha9lvu0era9kyt04t89336k0suv79ld,BSH,2000,
xch1f22l0mu59l4k92l28h0v63zhdhxsxhrmq8eduk35x4w20yphqcdsxm4jzv,BSH,2000,
xch1l55tmvy5n2428zzw5y0uv9rxszmqluysln2xkz28anzyx7dvurzslmgr6r,BSH,2000,
xch1292ltkk0xfxacj49gchshsj6rsw73dkjy5naac9ew7rdugu0qrgqvk3y77,BSH,2000,
xch1rza5v927ak2pdfzqdamxnxag88rwahx5sslrwf34l2x0l3xmxlaq0yfa7q,BSH,2000,
xch1s5zlw0y2m4u576ndzxnvhlwtayzemprwsg8g6c73cl3ntsrltszqn4kxat,BSH,2000,
xch1fw3guq88snzpf6pym9kvlrc3kgmrjn8at42f3zcch8yy8kxjptds2yk6y2,BSH,2000,
xch1vuemheuxl8ctqx3psj655ycgjpwzyuk9wjpnejuz8lf9u6whl4xskvg3k5,BSH,2000,
xch1hzf8swvxcefmh7hn7vpvteg2gqus6888kr64fagdycl6hlehu52qcl2epu,BSH,2000,
xch1s3089rwm29vee77nfah50hzrneyus2zrms2tp84zamm79hnfhfds9qnwly,BSH,2000,
xch1gwqqs8thrm3z0em4u8rhu4lcwvl54q2wv79rytlvkxcct0069s3qxcfm6t,BSH,2000,
xch12hzduljclm2arkmj0ufhk6mrkd0qkyprexknw8f52lqe7r4h85fse49l2d,BSH,2000,
xch1npjxzrx3zd254dwu4j29390dld3l7stx3f6x9hqcd9sr28xt6l7q7yy8yp,BSH,2000,
xch1m0u6ehl6r3wafn7jlh24fkktnjhj2kumtmywkelwqxp07wjrw0wsfuu9nq,BSH,2000,
xch1df4n9drmq4wwcz0kpjfvmymp5ekhpkwvw8k2003ecy00r32kld4qpnlrc6,BSH,2000,
xch10q4507ad6e6mws6nyctn4m22v083lz0acqs5gl2yh7xu4j5c8m6sa5gqyq,BSH,2000,
xch1mc3tqh8az66dzhun3f73w0ul4pg39uff5nhg0wlk8e9x2ud5cxdq436qvy,BSH,2000,
xch124mnz4paa484hflfjn39gdnrd6cl6k2eh0vkdayf9ejshle0rk6qmgn2mf,BSH,2000,
xch1e7mx0lgjvhtd8x55p2dqn5tznngksnq5rnaktvj6xyqjum0ytp2syslffw,BSH,2000,
xch1kapx9wr56j4w74vs99kkeuv3vf28teenh8zd6x7pm5dpsvg0s7ks27gcwg,BSH,2000,
xch14wae60wrfvuz740l0ddv7m720wsuejzs6xeg8a3fd629cyvy2t2q60y422,BSH,2000,
xch1ulpa9dz5t8wxjhyv9qyyqjyun8krwhj57c34afxy8kd0u2a69gzs2uwqnu,BSH,2000,
xch1xjhudchu5csm4dvhw7v732xjr5nke32z59mhdv7q2v2mge84lclspslgrh,BSH,2000,
xch1wmmmyt3qvpswvukry32r9uxfqwj0sxe5hzmkvdep6usuplyzy4kqx9z0nh,BSH,2000,
xch1fkr55hmcsakaf69h7r4z2h3rqjva8u5hen2qxqmjt9h2p0g9gfhsk8jdxm,BSH,2000,
xch1u5ttuutmpcrpmecxngd2y5vaz2qh9ne0d8gr5ef3tld6l2qm4gps02lkf0,BSH,2000,
xch1ufvgl4689xn5g7lp2h4haqa2s0jwnr98sw7j6ee4fm4pcntwyfqsqswyye,BSH,2000,
xch140f009kazdmj58kntz4tg7d3mx6ueurnx8p56nkkl9qafg6c8pssfpk4ra,BSH,2000,
xch1ysdxtmxuwngqh524mr3xcc3aqm6m4na5kjatr34jqrrjetpfmklsudq88a,BSH,2000,
xch1fp7vdv9r6f20ap4vm5gdwjrnp4sqjhx5z8f7x48mnd44dcxahsrqvwsjer,BSH,2000,
xch1mjdzl8q4t0u76yedz0dyzehwezhhzzqja8qkrvucgvkwdfrmduyqmj6zy2,BSH,2000,
xch1supl3ckyfasfm85nupnr0s6yjx8tfpggveye6ghpg3k0u228476st287nv,BSH,2000,
xch15kw2y6ux0pu555wu4udxk2gxsw4rdg4y7xyc9rznphlqzak4j7gs6v26u4,BSH,2000,
xch19sl2kvh97q3h65resw6thsdlvuz7jcgwmzqclklsjjtmvcllpz8sl97xkx,BSH,2000,
xch18rzk4nwtc8j8hztsg6dm2vz5axpza6vg5lux84ulv0tr9uva4p7s8qf5dk,BSH,2000,
xch14zyj5qnq390kvamnax55zwg42pyf4zmm3d8xm9umf8vte5f4pf8qm44ece,BSH,2000,
xch15mq55uj4hhmlqkjvdg2zwhanm4an7ux0ae45n2sk0gy3kkru5tsspqynmh,BSH,2000,
xch1m6phfkqgxts4263dp3dcnp9jgzlgktkh4w38xlm3pttnkyqk7tysk2h2gt,BSH,2000,
xch185zfh8pwvn85ue5mp6u3n0l3dstaxynmp26vhmq5gmqvznm9k75scck3lz,BSH,2000,
xch1hcuwr2le2t9rdh0ckqcuhve89rl6a8pvemusxhsnztcpda65qu5qm7ptmj,BSH,2000,
xch1442rvw6nfz27a3qzv05d59jck9awfu4vvd63pnyusdzrljheqa4q5pvjrf,BSH,2000,
xch16wxekfg97x0yewpe4hs3prv9qj7upyynyrqdhhslds6de7jx239stcf677,BSH,2000,
xch18p0kn29cz9rzj042fqj2ex8xq7hv07nd469mgyec5yf6yxklfgfsqp0ygk,BSH,2000,
xch1vw0mdmg7ln0wq6e52k69rh2tmuh9am6d8r6prc4wu3kzmphekz7sklevh2,BSH,2000,
xch1a9m029de4xmnete3vwscj4a0a28j7ywujvqdzptc8nr3n2c9ze9q64f79y,BSH,2000,
xch1zq46jptee0wh2pt4dakr7fjuwxf6g6593ehaejm2vy9dzy92fgfs4hsjrr,BSH,2000,
xch1rhzrjklz7j9kt8atp8pzjttdq7thsqrej963k2smk3l942j5xeeq8qc3as,BSH,2000,
xch1zq0lwrfrl90qwzggcel0e76uhfuecltx78vp4ca33peyr32hkf6s2eztte,BSH,2000,
xch1vycpgzyfjysa6f89qp8rn6dy2jmw4ep8yqxt5djen9v2k7m2px5qaf8l88,BSH,2000,
xch1yapmhcgp876c2sqf8tglr8p40nzut5sz59jewcfk3xx692ntsd4s9uawkh,BSH,2000,
xch1x5jyqmx6c02d9x56r0sk4vf4gan893s9qam37ff3xazz8srrgz6s8lmjru,BSH,2000,
xch13qlpseef52pnhwrsswg0qd79spd20mt9nutzxvc6y04ta0jexatqgtndxy,BSH,2000,
xch1rt9n6333t5ur9cwkp62pafp269uftc2hnmgrzkc6wm59mntz96squ2pce3,BSH,2000,
xch1je8r7q2my4nj4cgake69gg52gw4lqmplt979v0gqyp63dw5pclxsfqju0k,BSH,2000,
xch1mq3eyaa2jm78qv5tyht9rnapwgf3ghgmtgluql5zgf7jce0a3j7slnxyky,BSH,2000,
xch1amx4uhpc04lms405da66rnp4nhyxrp4txezyj3gfndc6p8de27xqz4q6th,BSH,2000,
xch1gnxtrll8l3j58hgvr7am8k2xjmxtplf92rfg4rkdaktymq7kle5sjjf02k,BSH,2000,
xch1xhg49nvtkdh5slnzpyfg3wu3s9v20kqd3exj2687lp6h06altvfqd3w74u,BSH,2000,
xch1kxcgq8r4f6aj8lfqgy79xdzv7fguxsfye6yv2h2wypwkgezd0fmsgzqrw7,BSH,2000,
xch1fj0yrx5nzh692qyxz589krn0yr4n0k949rqyg55yqrx8z8f4s9pq6g5neh,BSH,2000,
xch1hk4sxc6rtm3lw3q46n6hdzvky7curtxz7sfww5mfww9rdzks7mvqh7q8x3,BSH,2000,
xch1rsxnhrlut9rg258nlxjmaj6hw6q0830g4kpnmlt3smr4pmr79rns5m9xjs,BSH,2000,
xch1we77e268xhv67lsxk24ethmdfysa30z9n9755lealgycn2n2ydkq04uqds,BSH,2000,
xch1hderpvmz0m2pjgrchg4py43km3wwqxjstwa6uefquppd92kcpnpsz87dlp,BSH,2000,
xch1f40p3ynmzscfunr8ntwkpuh8srg5wu8vnv02kk9y3f2d288q4e9sem90rf,BSH,2000,
xch1j5ep5vekrkq42mykjec40j52lgprtk7axe66wvl24a5ast8lmkhqkq3ee6,BSH,2000,
xch1fwam25uj3nfjmaafvhejp0vnjkhqxk9xehu267869nch9fsr9wpscgjgc3,BSH,2000,
xch1h7j9tqx5wvwg02rhs5sh3wuh3n3cjfwgkawgvjj8u5dy664l98vqngj9jm,BSH,2000,
xch1x77ewzc8nuxzg95x9nt4ef2meut56efx5tf3gmkf9uz39xxk28ms7eyyrs,BSH,2000,
xch1unw64xf269c3nglexer6tz4v7fxh87vrl384va5vy520j8lledxsyf56nj,BSH,2000,
xch1xmh9vhz89ajxj4lkne7fz0ja35n4zn3exalury2a9q5xmaw8jqmqz5my0e,BSH,2000,
xch1ans0hvcllkw8n3u33cvrctfk42efa5kjl877hpef30g5vthq0vdq6s339n,BSH,2000,
xch18pd55tzpqgpaq9e2gzkgxcqr04gaup74zkrzkn264epaly0wgcjsv6xcpf,BSH,2000,
xch1tvuh7fstcwd0hzkucw0rl7q04uc9lqeaqxsh2s40fswpllh77pdqyt5j4c,BSH,2000,
xch176tcq7h60cgsgh7jv558v0dngj4qfe6v5vyx2lw4647q2e3qx65s7rhaa3,BSH,2000,
xch1kwdpn3en9d8pntqv54spesmaz7tspwn9l0utzn62z0tjkv6spqvsfrkhn6,BSH,2000,
xch1cm3kye7dcjnlj30qqyrw9kc83l09lemax7mf6x8x43he3yv07ejqw5lzve,BSH,2000,
xch104qndjwvnejhnvzpgtv8awwks8xvalztwnhr9gu66gyn4pzf6x8s300m2y,BSH,2000,
xch13g7m2mq2d8s0skfxmjd7yw80heyxpwguhxmqzkhu67ngw2mw8cjqm05cfy,BSH,2000,
xch1f3r77s064sktdmem00z8dyk68pevzmf8j7cwsy7ufm57dy3vhzgqxdfrda,BSH,2000,
xch1lfan6j2nzucfzlm90xjg73ml23f88xja47etvpyx2clr5atanamsekpdlu,BSH,2000,
xch10wvu75tee3e0ksmvw30vzdpgkq63e2595e7xvgjha3frs5vjx3uq7j4c59,BSH,2000,
xch10aejfdhst6gzaacr945x5mzj4hten4sctjkmwzd2fsu7ktcnev2sqcmkwt,BSH,2000,
xch1ey3w0uv54e5asx68weuerk6lgupua9hky76ysmuspecppjyj8maszx9jeg,BSH,2000,
xch1fujfqjc6wudfll76t37wcdpnn658xe73e93p9u04gjp6cewj8tuqe4l453,BSH,2000,
xch17j25757kdh6wq998sunpfyaur00tssngyf74a4tgzlyg0sdkk5hq785pgy,BSH,2000,
xch19pa7sty0p5jfpc4kd7nv07ke42d35hn85azxfyq9zyy4c95r6lgs6xqtfy,BSH,2000,
xch17m70gwt6clymghz8uktdta8zydec6tj54lq7jr7lw8cq7q9dxgyq00k4ck,BSH,2000,
xch12ag4lzgjh9ucur7m807hr9003gmj2xrr3unljvq9njpt8jctuxsq9dznr4,BSH,2000,
xch14x4zsjrx2dh9ml6gen2yzr5ngl9tx9a9e3d3gfuqtxru5u9munsqxpmy8w,BSH,2000,
xch14ussgpfw2nhnwxt3qffyl3xp3u43v3nsngh9ra8eat9ujmcussss80p9cp,BSH,2000,
xch10j6j3wyv4lfdxm8pynpewj8zvar8le3ds0qt4h0dy2s9glrdvz7qjstz8w,BSH,2000,
xch1rjm6n0e9vum3s0rla0czt5v0934ap6ecmemahn8kr0eqsr89rawsnwgq7h,BSH,2000,
xch19w52xzal4g3j8aelhv004qnjqsklndqk4s9dk4r9k0p0rqcu7tmqeeklgv,BSH,2000,
xch1ly5autnz2u9g5y3tnz8mz9ujpjylvgm5d9p06y7hp53qx7fcpexsz0rzwy,BSH,2000,
xch1ke6m87zulgx6q8l7ahjcl28dqv7ut6lmxt9mm25cun8g8k66qc6s0mukx0,BSH,2000,
xch1hca48xd3ku69l4q5wsatae772u49hf56dp7gpeuemfphrukh73dq5lfx6l,BSH,2000,
xch13v5rw9xwd9jnknfvx9zm2emkpnc0f8ywzv5nv28ultzzrr02ufxsq7zmz3,BSH,2000,
xch1ylvznx0x2dmsdp8nc5g9525mwnz2qj48ld6hnsnwvaq838tyq7fqhtrnzn,BSH,2000,
xch1jgd6sa8vacg39scrpe66pqzzj8h8kew2y3uyhswh7mm0rre59utqgd92xy,BSH,2000,
xch1jmfarm8k56xd52mm64k503sw6y7wmqamn78efl7jrzyp88ucv04qman4c0,BSH,2000,
xch1j25tfzw4yhm7tay4htrxyhtccn0663lctvlmrt5xpw3zet7c397swtrdrz,BSH,2000,
xch1mvgkars98pnqte2a2y3nj3py7qj3dttt64pz03gaencaacyylldqw5gcvg,BSH,2000,
xch1xmaracg340dhyt06q6c95ptkjn6zszdye6dy308ga272trgzvwsqp53wet,BSH,2000,
xch19uyjgrny7peu86q420du7kknsvhmf9l7q47pmt88yed7dpj6v2jqy4849s,BSH,2000,
xch14x97mr0qu3xcahtu4mrqt05leqlfumg8w5m8xjr604j8gxgrg2eq754wy5,BSH,2000,
xch1fvfqt770vykl0zyf2rms7pfrwgl72whfl08g3mpwj5acnapr0f5s54l8k6,BSH,2000,
xch1x3uqqcsr9lq72rex67qqfdeaynrjrnecjt4094gs8jhfl4r9xz4q2vz66q,BSH,2000,
xch1z90znczju32fr23j2uszwyv7athmyuu4up8chptdrpgzdyetnd5s4lsu5q,BSH,2000,
xch1k4a0209r38z30cr0epsntfvmkj32p95rmq857azygm79n02m22gsh8wg4x,BSH,2000,
xch1elwpegk0z52gaq3mm29ta7p5m7vprfysjykg2wd8g9888k2wgg8qeh32fv,BSH,2000,
xch14kwwhqjtddgrlzh7jru5du94hjgt2u8v8u6evgn23c0235wrel7s4mrehd,BSH,2000,
xch1ypvs3z8pzz8am527v2newgehkqgzs5p8sgj9dcpdxkd5lg9ack6q4mph58,BSH,2000,
xch1zzeggxu8ayu853t35trj9trchssjzl7qp07gv5pu6kkg4vzfdgls9ulg3g,BSH,2000,
xch1zrj0nqmzgffzqlzwjf7fxa2u8de8x9r287pk03mwfv8qudkmkaqq2g4w5d,BSH,2000,
xch15kjhm7peztpe3qc286l3mmz89eh84jcca02c2y26vm9mlvct90gs6rkgnd,BSH,2000,
xch1jl0w9d4vpxvv6mj9ft9ryyufuk7qth9qd87tpukuv93rhme4upyqhuf583,BSH,2000,
xch1kn02kr8xj7cnxk026a90npd0nx7h37x2f3w0duflcdxk6ge4evhss3svn9,BSH,2000,
xch1guvsgx6el5jkzjhvs20mx4pc95g2xaxlwyn5vr4px878mhun8spscsv04l,BSH,2000,
xch1aajyxxq3gknh4mnt9504lygl9gzkmgvhsh2y288rdxkwysxklwhsld9t0a,BSH,2000,
xch1cdcwwedflkn29pntxdak43pu58j472jf0pw89aj9t7py0cq47wasujwjkr,BSH,2000,
xch1emslz9zp50uxce8j2tmf0gm2zytl9rn48xqmxast8aj8crurwqesad63el,BSH,2000,
xch1hz5tka5nkr3tzlxt0pkdfal7lxjf5ss2lgrwpuh55rrly5mx8p5sh0u7mu,BSH,2000,
xch17aa94t5j7r3gt4ahpgyn4eaezgcdg49usa80f70y2h86qhfd59xqw9a2up,BSH,2000,
xch16hz3psdjg7hsttfnksxufl0085ktlecegqtn629379w0s8uuuepqsrempl,BSH,2000,
xch1hgs37tqmt52zlg6l3ujpe68jpd5eqsacku454lrr7dl75y5523nsx6x8hp,BSH,2000,
xch1xg7vsa3drawg6ufaatnhjx24cwzqk9k0z2jpsf7ep37n7xc0hc4sz5c8gu,BSH,2000,
xch1uj5ekckfz3wvzrd24hxy5v0hgdksm45aayhqa5kp77xj72cfy65smjsm5e,BSH,2000,
xch1n9xhjp4ugwmttxgac5rsaddlahszqufsw9knwcekr4lla6elr7wsgtl2j5,BSH,2000,
xch1zqhnxnpkglptdvm8xnt2zl0f3xqsanara655gs4cfjskzndaha7qhx899z,BSH,2000,
xch14wz2q0j8zdlsu6a8jh4q5q8kuh53y5dgpemew79wxpaks9pkksrq48pah7,BSH,2000,
xch1z8gunpj3vdtapu2zgrdddrnq2z8h3csa60ycx9ngg8mg3r73h2tswurknc,BSH,2000,
xch1t9yxq7d3q9x7x78elrk6j4r9ewmvkwq93axry486d5vty94jcqmqxmh5ta,BSH,2000,
xch1dl6e2pzg34jx707amw299z5lf03kwm358glnthdn5k3u29cw5e8s3vt8fc,BSH,2000,
xch1kz724m85scrcw9usfnqq3w26hyehxwa0m740e3uak3r8x6ztpk5qlvqwk0,BSH,2000,
xch1257me95m8pakxfya28l0nkt4x3dax43yzdexatgv5yva5uxwgkyq2dxlnj,BSH,2000,
xch1mu5vlyeezrel5lcj7lapv42r0eewqp2wxct0wcv0rfdx8xyjuslsr355ha,BSH,2000,
xch1tn6sy43tjuy8ygkrrykkpn5k0xuhl2w2tlfda0gsu09grvhwv7ps7zdflt,BSH,2000,
xch1f4gpv9kmnzsfl72uwdkanf744tkk4p8leewcxk9p76wnr2knxuxssyt5tu,BSH,2000,
xch10kzt9wssjjys6xe3vszrtcvegdvwtjgesg5zkju0qwam5txtvtesjztgty,BSH,2000,
xch1n3x5eyqxuqqtua0zyq8a23ga2mgqarlz0n6qsxsfhwdh9dusmy9qa6mafj,BSH,2000,
xch10yy4lyachaj6v8eat5l9c3qeqj5fmzds2m2lfk6qzdduksthrccq04njp0,BSH,2000,
xch1r4jlv3460n3mvegcyejh5qhruy2xck6jt53qd6ae4ny3a8u86qkq6mzkyg,BSH,2000,
xch1w86rxldr5f3n7llcadsx2877mzs5fhd7znl2we0vthj5mjex7pcsycj7n3,BSH,2000,
xch1745nv5jnavd57jppjfcrugc9uw46w73lt26jw20kj6vay3atty9sl385yn,BSH,2000,
xch1grk5zahpaa5y8mzxr9rrusfy2ssg3e32rvvf22z4pgn40t2lww5qvkjg63,BSH,2000,
xch1ct99s7qetllxlsp996vsnl90gzjuj52jcjee9ta5krwhcrxgzsuqx00z4s,BSH,2000,
xch1c36wdr52vu5d8kyljk6q7p8vx4mwkd0n72w03ragped92mjuqglqp7jnnq,BSH,2000,
xch1taty7ymtadht5prn36me808vn8wc2elxds07m39fz6zq5vfgjr5qek05w2,BSH,2000,
xch17xp0gz2vw2yv06yzxgk3feutsrd9kzxpuj6c04vkjtf2fnznk6hsph6udr,BSH,2000,
xch15txa3cmqt5sn87efprpufr4mvzw7s6rly8htskm6g676a8vmpxgst5l8au,BSH,2000,
xch1llez8jepzwy5ea8vq66rzlzppssd8v3kjkzqfm2vlwglavskma8qs3vunp,BSH,2000,
xch1hvmul9vw4w8g8l9sg6twlxp2djsnsg04c6pd6kkgx59vv3a2cnas6sec2v,BSH,2000,
xch1yucp0ng6j8n3a78qz8887axuxcq76rwkucv56lkuhtclha6q4vaqrhkx48,BSH,2000,
xch15e9jmrrhqnymq5ax9qrykjd3cntzg29cr2u6y7w3m2jtnhhsg72qpgv7er,BSH,2000,
xch16agghdhg2zvqyxdgw3ygsv9y3czyxgs6lek5aee2s8vcdfvgqc9qg0ygma,BSH,2000,
xch1gpfrxxmwk2wtpr55uj587ky290jhwz9pt3pq0dwp305h7kycdhkqh4mgka,BSH,2000,
xch16627gh26h8txp73x3hxad4ktwjjkvmjzaealpy0kufzh7upt3kusm7vla2,BSH,2000,
xch1zlsl2sfkq9tr6wrsvy5chpym4ljf7vrpy6uzcrnd85m3u2tgexls4da7pn,BSH,2000,
xch17g8l4xmh2r3ppnfsyam823cg389cd78qfxzh03zq573s90un0gkq3uukgq,BSH,2000,
xch1rqelxkl7lsakzmyvmv0y8cjn0ycsrtdx5pdrj22ycg54dye4f3ksw5rhjn,BSH,2000,
xch1jsft4z5ap2t670xxeue5frrwprck2ynj4xhxv6z8dnq3cfwd49rstqf22w,BSH,2000,
xch19wc5k6l7xsmev4txe7jpe646v4z4ssj9ejusezvudxzce04gzcpqwk89e9,BSH,2000,
xch1ug07vsjn84tekucn6y6pgsjk0ku9kzjgh3hzq0u4weeh282j6vqq9pkp5s,BSH,2000,
xch1d2zxlndpm9kgc6td9f6l0zweuku4jst8zac8za9afmaqvgp0psksgwhdw3,BSH,2000,
xch13w662nxlq3uvdguwjuzj4rjznx7dqprhdvdvyavgqhg04dr5d24qmqgfg0,BSH,2000,
xch18hfe4epzkwmpsqlpacr462p4ckmx7c6zd5zwyr7esnc67jth96uscwn2xy,BSH,2000,
xch1acs8kfqhz58uhgzl22kxk5myla89urp0wr7jal9rzjktwtrx3uzqtvtnct,BSH,2000,
xch1kdmfwqtjgmcc9jck3dj7kps7f0xssyz4qtw4zfduzrk8y7efuggq4czvsl,BSH,2000,
xch1a34mrg3wmf9j4y52khhchrjgxcfqtcg7lute5f883k2gr89fsqjqkdr8e5,BSH,2000,
xch1dled8nv07dqfqd4cdl3aru8ycx3cjq8zqp2x7cl34ge7sylzpsks6xrg3k,BSH,2000,
xch1ghqhlff7gkyedca2enkhf4t9xkplatcnkwne2fnx3lvkmprmjhjs2nx6m0,BSH,2000,
xch1zgnq2qmmta0x0mqkppdnxcj7d3mu3hffwlpuskzm2q9yyt8m6t4qczuufl,BSH,2000,
xch1kexlrng6v5jud0g0flvagzxcsy3xrn2kavtyt26txzzk60ma77hsccksfh,BSH,2000,
xch1fyuwaysxgdc9ph9hl7fdwk39epzhycglm59yzac2nz8p3dsqt6cst79rjc,BSH,2000,
xch10eu95l9j8jsltpg858eurc977c4ntzv7saght58v7kdkm53ymvaq99w7um,BSH,2000,
xch12hp6tp7q8enelyhx05w5sfehqrdj4rszfaj7s98jn5nf3rmap0dqh3fmje,BSH,2000,
xch1vvz2qmxnhpda4zc4kgs8p7hr3uwjwkks7f9z7wvsg47fmxs870es4l2yq6,BSH,2000,
xch15h3ja42g75kteeyar07t5d553khgmvsg4kte2yee956s82wseqls04jlva,BSH,2000,
xch1zkfyuxa7f303nje9qv6gmsguuxa0j97wzxg3k9xdtu6nd2k5tjxsqwzpcu,BSH,2000,
xch149wyhjeyz56zq4xdfsnej0fqt62m9288hjydgwz6yu2t5ldepsusm8jxu4,BSH,2000,
xch1cuxfaqgf3w3u25x403jf7m0rf0naah9dwytwnlvtcwt902gghmes2usmfh,BSH,2000,
xch1gmg68lh07g8tuqeml37nhfhqvkvrxwqw7nkyvfxkzur5t3dqdnlqwug070,BSH,2000,
xch1zat8ruyh2hdthgad9qyma0uqas6vquelcskac3ypn0z57aqraa2sm6eree,BSH,2000,
xch1mskrun09l87s0p0wylsth9grev2tv3ha3nmj8l2h30xwx9jah7hqhavc6y,BSH,2000,
xch1hx6x3d3626yz52c4ajyhefpeayx03uzwp56k4zvhk3fav6jc8ljs8w5quv,BSH,2000,
xch1ctujf58atn3muh9tx7l7xggnlads2lgx9ur2dzapj53t28qsj5gsrkljn7,BSH,2000,
xch1up0ymen6zynmet9v70y95rswe0xrml30gegprw4qphd3vw6y02rs2lzgph,BSH,2000,
xch1nwmme4psshqut5vuap7mdahajl8v00nqqtxl5d6n855gjgvhuv7qrwlwzl,BSH,2000,
xch1cpmdp4xjc3wqkkpg40nge7xe8tk42ggtc0a7xvrt9tnu8fcm6j3s3lj4fv,BSH,2000,
xch1zahk2y8n69u8gq7g5jyv9gzqzszyuy7f82ldyp4jvvxen0k67systqm9gh,BSH,2000,
xch1wf577yuphyy6a6skug7tehr26x4xd0g0ydl0qt2aaa59e8curdfsn65v56,BSH,2000,
xch1at3pcr07xvjwkdzfhv6lml8pxqcuq6ywhquhmaucwgw2u27curkqr84rc9,BSH,2000,
xch1s9rkh9ff6006h5dnlmq5ws9z0m3m4sx52wz0juaj5ea4jl0n6mssr5c4ep,BSH,2000,
xch1hg7ysa23dk0xvy0f7zkecdqpsuvxchuz5q6std0y9wc0f8c08n7qwpsydq,BSH,2000,
xch1ljn8mruxljmmql6xlftzx65uqwfwauyun5axdtn80xjuwqwza3ms03rfje,BSH,2000,
xch14hjxtmxae6durkc05u546cgug9vj69k2q2f5pgd0d45p4a0eh2qq34m97l,BSH,2000,
xch1f0gv5se8qhe6gmptx0mtc72zrrlalfwdy86zwz75v97uvedu90eq8ezp0e,BSH,2000,
xch1wc9498wpdy62wv4t9py0gfgv4hfurdqa57mnfsuu49l0h3vqc6cqxs93th,BSH,2000,
xch1azruely55zjgx655zjqtp39j0n30xdj9f5zcgqhcuyg7g92dljlslyw34q,BSH,2000,
xch16udgg0jfwu07wza754z32lsz58z2648g54tyypyarjag6kztzzxqqycjxh,BSH,2000,
xch1vq96v2geynwzkp30kwrv7ekn2a4cdvylcnjjxzctxdpw27mhy29st8dsad,BSH,2000,
xch1dgpwsm8u7555x7rmw78t6hq2taj5ytfgnp7mq3dp9e9sqpd8ykvqcymzl9,BSH,2000,
xch1njjrrh7ztm9mnzltlm6ud7389qfw768wh8ldk52fpgrqh2e6uy8spx9y58,BSH,2000,
xch1vcq0sxcuchwppkwfxnxxm4a069awd7r7c795828tlhxyn3k62y4qf2tzsc,BSH,2000,
xch16fh9q4kylvpgjrywhdvdkavyeu2k9a22znpuj7kg5p2r0amnzsnqw2lw2r,BSH,2000,
xch1guxnnxqzfxtd3lej50duzeknc6leal053f7ajt4ytg7snv57h5dqcmpk7j,BSH,2000,
xch1egucs0yg3u45ht9d2pexpyhf7y2raleyxuqdtzffg84trzdhl5csejfdd5,BSH,2000,
xch1253g2h9geptrc3vrhmccy3vljxmyczc25fjlz2gaeys6pa5dn2as52esgz,BSH,2000,
xch1jmugtmqzgdr2p0d6hqe8cgsz9r5xtaupwv8am3e6895sgxcw589q0wj4dc,BSH,2000,
xch1je907nquxc6vg024anljvrpnq0njhkgcyqglqp022sze5fzpcavsjq5g7k,BSH,2000,
xch1ym0dt06atqwyt64mp36f34uc00nm63645yf2xus45799h24wa9wsj452e2,BSH,2000,
xch1ev0kwh2nn8pz4d55pqvzyqxng07lk32lcgwv56mhhs9wqnyrrknq3ft0w0,BSH,2000,
xch1ly9f3my22jwwz40mwrz98fcpwsdl2utdhkdjg5rhrk2gtve6zn8qrwa3pw,BSH,2000,
xch1thxqlw9cwwfzglzelxmha63hxaz2a3k8aqx7td5gsrm7jhwk3r3qhtrkvs,BSH,2000,
xch1a7dfmjj6hjrgyrs0ph0mea86d4z6h04xerqt6k44pu9h0qw87q4swwa8jk,BSH,2000,
xch146j2s0q0y70lz68pgus9xknr3hn3waexdcz92ftt80lmc54rry3sj5ah7l,BSH,2000,
xch14tw4nter8wzk5zluv0y49w8yajdp4cfl9uwpp8k7yn5hwwwud6jsqnyaeq,BSH,2000,
xch1mawvk693tarqhcamv0fj5fx4ja73dfllf0p7wa33yuecmu20gt6s0t0v7n,BSH,2000,
xch1ngyrq6hlhh9xlljwfh6rv9d384dzj5v9sya697ra4nh2u980pjss60j0p2,BSH,2000,
xch1xvwc9pcvunhhmax9gvtkgw7vku29qwrcyk4mnlf04f3c92x60rgqf0yte7,BSH,2000,
xch15yvgra8unac64vw0sptujn6x4yetaa69z50uypa8zdfvlckpcdrqlzc7gp,BSH,2000,
xch1w3sraf4qzqw2ndn2pan3940krm0zmaguw0t9q6p6y3eww2a6mf9qert9gt,BSH,2000,
xch13zu8f7g3tr5qsyyl5gm3wsdkg8jatag205gyackfq6qywa2epvsq2zypgm,BSH,2000,
xch1gmsuk6xqc6nv8pcr5eag7xn3qwjctg0l6kjnt3zt3s78t4j2rsjshd8k4s,BSH,2000,
xch12emujm0ghf3zwze9jm880nwl09srryyspj7t0nnwck7vhyc9ey7sywcfdy,BSH,2000,
xch1v9pc6sg3rfuxfc996q3jl05xtkscephfugyjau2pap42ts4tnjyst8mwgx,BSH,2000,
xch1f98tzu038pd645u02sufy8xxuwnyaaprhshxfa28kcasvcpnl0jshj5wpd,BSH,2000,
xch1a47hh38c6egflm40zmznfm968g3dxs53yuuhppmr2ptjd4k55w0qv4f4lh,BSH,2000,
xch1j5ql3su8wk77sz7fd048kgdcchxma5vyrwsf9a2wy2ul3yjfa3hqwg2lhs,BSH,2000,
xch19sqraler8ljtyqwzqzgdvpuccn5e6lkx0qv8tf4c3cjmdy625wwsul3sgq,BSH,2000,
xch1ezyvzz3udptwvqtggqygg9pq9zl9efwncvfkck74muypfsyt05sqw76t4m,BSH,2000,
xch1ejtlv2rxzgz99q5fuy7svv66m9m0t5pqmpts3udesftswcuyrsnqmnkcg7,BSH,2000,
xch1dmlmd3dxt028t7hweqny858shut263gadqm4dqse8ymnrrp0yucqhtqa8r,BSH,2000,
xch13dwtmn86hjpf3qhcpegzzpugfjmv9qs9fsajqz3sx83hzmaw228scp4ldl,BSH,2000,
xch130fdptpvhg9nyuyem4t6gwzlcd3qfa5d89mtumlnsaj6gkue4yaqg65gql,BSH,2000,
xch1l0yxzeeeh2d4wpsme8r5jfuukmwgwaq0np2mjx90nrhygazqcjhswzene3,BSH,2000,
xch1l6xy7j4q4pt4746jzyy4ve56psuxurlt4y2axc4kgl66d2qwye4sgruvak,BSH,2000,
xch1wrn9a8jqj468nzfmy3ljl0jd398f2jpt7x8svuh6ltq5alswzwqqyv3qy7,BSH,2000,
xch1z9jg3zg5ltywvwvu5w6t679c452a43gm9u07t7helt4hdyzyz5aqjfgpf9,BSH,2000,
xch1gtsuvnn2u87q4f0t3x5lx94jx90akh6rsl0gecrk29fhxdjyeljsen2mgs,BSH,2000,
xch15y047kswk7angddp6naz9xajtwgvy5eteuq2pg0fg0p7hle69tzqc23em6,BSH,2000,
xch1th43f3agdm67gvmezchsrjvdtj7e4dqeyqwr6nja4cj634kgznksk50ehx,BSH,2000,
xch16g2w5edej42l3p66syju8a7e3qw5jlfhgxd9h3dwcm0n8fa7x3tsgyp6um,BSH,2000,
xch1ayzzlvdk6p5jjq55wgcu8qxx2cge98yvkvrygfpc6npc05tastgsfq3fqd,BSH,2000,
xch1dutg0ulqej59luk9v53x77v0l5tyrfttxp5wuyy97mmeqq8mgcdsewghpk,BSH,2000,
xch1eu9qzpzrq6zhrnxe35zw5m3t73s0qmzr6pwx2wtfx9adtwxa9d2q3kls06,BSH,2000,
xch1jzcdwqu9gf9rr3nyvfnsh085lzw9c4v7qfv86yupd9hngtq969eqgen8vz,BSH,2000,
xch1xgwu06ulfgt7jl43ekvsglhtm6n40nm7dk9dl9pkq22ctkpg9ymsyfqjj6,BSH,2000,
xch1nq0063e4s35yc2l5dd9zdv7m2uky5fjx4345l68vm2h09pa0tlksz5zn8g,BSH,2000,
xch1g574u9glkc6zfchnn3v3nur7ay3vhl0e2fxqnxnm45qt4vu937es2a3dhg,BSH,2000,
xch1w6aanpjfaxjd5mxfdl2el0qe4js743zcr54ls3swnavetcuxg4fsgztcn0,BSH,2000,
xch1g47yfxkxagpq5ysahq5c0x9ta5sf5f3hdf42jkqkeps82u72fg7qy5gj96,BSH,2000,
xch1urcfnaqr9wue983nd42has4g5gn5xp9sahrjz5z3jfm7qnc7f7lsjmanxz,BSH,2000,
xch1rg0njmld0wv7vnpa9x8zc6ljkqctvjwx46dzpgg0xvdkp6vzjt8q7nv6ll,BSH,2000,
xch15neynrve8zr7gtaus4us7ytutweyykj0a7fvmd30rzp025tjrtlqvw4v56,BSH,2000,
xch10wjzlwqcrrevwa2wsr23xdr7xpvlxczynjhm9emdd06epgw5p5gqzpp5f8,BSH,2000,
xch1rwltxq4234tg03jl8ymkpn3fjw247qjzew4fjwprcm2hcuyw63yqkfgegu,BSH,2000,
xch1njv3kv3s5x5xy6qnj7zej52ck6wewuxsysf78kztgjrnx9jy2cnsn9cnap,BSH,2000,
xch1mugp9pw22643h8nlyvsqgcjqjc2qn5c7q26gwuyh3v4zrqprw9ls00w30z,BSH,2000,
xch19sw4ymcy96jynwythpmaq949u6xctcsa7e772dpp0cs0mlu4llfs65s43w,BSH,2000,
xch1tmxwjs63hv7vnrhcu75kh93qfukanpm2ykp3m6hydgczh6hq0kzqfuwcgc,BSH,2000,
xch15u4ptl357dm4dq5hczr49efmpt8pecnx0pywe20yz7n226wwdqeqmpw4tq,BSH,2000,
xch1xeqchu0f0ga6u7f2a6ejh62z3e2j6ql8wjjzw5djpnw26pnjt5nqa3e0fx,BSH,2000,
xch1e0nr869a08c3d0gpqhw0ve0kxz8fmm962r3eh44texk5e0mnvyxqsp5yrx,BSH,2000,
xch194z2egdq5hxwzjzynkeg06uxm9236d7y5guqs06vlfktz9rdfs3q587gpu,BSH,2000,
xch1ypk8c7lcxntamjz3awwpggdyc478suw07sz3fnl5tg3xhu379k6q0n8wzx,BSH,2000,
xch1fcc860pq5pxhnx3hsshsc4mpmhm2mfjhz8clnf0u04arwj03pujsmayn7k,BSH,2000,
xch12qj0js6ffhsqyk02ggch95mllqv967jslwuevjuedwec8g2fq9jqg0g07q,BSH,2000,
xch1l977vc3e85ps3t3akdanjuxhj925gvzx9u9tuukspxw9map6n8us7tsasr,BSH,2000,
xch1wn00tt50jnfdqz52egxn2lzvnl93rm3n7sc5wdsmtr7zc40zdd2s0s7un4,BSH,2000,
xch14e97yvavf9rryq8pv3hcm7y9zpgxpfz99lvputsgpyrqy0yx6e7qwunneh,BSH,2000,
xch1tum8h6ldn4v3vnmj20a52rwf42vg4t488e95qv8kr75x9ve43lqspm9f2f,BSH,2000,
xch18u6k8ddfkqa0djwxnf0axm9d0q0ss9agv4dsza2h5eyu6r9wqnmq9xjauf,BSH,2000,
xch157x3f6au2dwlscdx7kqglzkhfvqenqv6rnxdgfkww6sdtzc6e8eq980t6h,BSH,2000,
xch1cgujtgwgnz42tappcysxchxduqhm2rk2ttd5xnnd6uzte9yh6n2quync0d,BSH,2000,
xch1duxa6me9tj8yuhcft5fkz2w5pvtjzs4344su3nq6phpcnwxx75jqkg67ph,BSH,2000,
xch1yydnmlkm4hdc5eqyrr4jzsjadydmpenzzgekxzfketfvfs2gh29qsux4xv,BSH,2000,
xch1kqsspvyvm08ptld2salwp2ana2fvy00gjuy5stu2zc8y0t5vtz0snvd2tn,BSH,2000,
xch1jjnhtppp7u7d72ewqun730shcu6p6qugn0t5cn2479c5r39a2neqez0rdk,BSH,2000,
xch1musauawzczq5705djjznj9k62h73ncqq298taakhkwph0gql0wss7zaccy,BSH,2000,
xch16e0070vckr9wqsm7smck7dql6wcngfjpekw6c4fefcyc92ugqq9sm94u40,BSH,2000,
xch1x3g8qdtq9df5ll5r48t46s47v05du4y0p5xs2w4frhc6acwzgp4scz3tp6,BSH,2000,
xch1k5lvmztrsquz4986kh9h82jahuqxkv9ss9tqe072fa5n65ydfessuef8uq,BSH,2000,
xch1xyv3uzeahtse0lad5xx9tyk6xwfwavd3e7r7f3uvmgqacxanmpgskhjeac,BSH,2000,
xch1075pty4ettnc3lgl8p97nhylg50ratr9p7ypyqwerms0w23m4avqj6s4yf,BSH,2000,
xch1sttw46xs85498eemsgltxtn63920qwkmlx99w7cm0hx7r7pum56saya6n4,BSH,2000,
xch1wmn2n0x0pxhpduxehl5g4sqkeyqm4czagr98phdy59kqllsr527sdkd2ga,BSH,2000,
xch13795kslq625lu89d59t7s0vw6m92jtp9y3m3aprl0kafdhnhe6csmmr5v0,BSH,2000,
xch1fd5f2967lawyqmt7q6c7dg6nrtuhgqfqxgj3fu9sy284y5ah52ss4qdq8m,BSH,2000,
xch1nwp3nxx38hhe2uangfvd7jm8tcu7e28hr0yp6x6he28h254h4gvqdlydwn,BSH,2000,
xch13dsq6gdgp80dprsazmqgjawwcupqtqhgqwzrzt3v720nxn7dejtsde5mfj,BSH,2000,
xch1u4ut70mec6p0tkc3w8s2zurlpdwjtjt5hdvg8reevsrm7nuj54asjh5x8l,BSH,2000,
xch1xcda34eg937ls3nhel0nfp4xxuh85qsrtsemvttdrk7yzn00arpqt52wsz,BSH,2000,
xch1h3cydcxxddngxql60x53t8lj68a2kyaytjf0mh3r0am6f7uc63ascfxds4,BSH,2000,
xch16v3tsjqhcwc0glfym8lwcdpwd9ze5rt9dfn9pnvkjst4y56n48zsgxm43u,BSH,2000,
xch1tr7gm6mhzk4srmyfvvc7888gflzulyzfr7uv74g8jpspccr6q2vq6fgk9p,BSH,2000,
xch10hjpzr9tyy02hawe7jfhmhsj7m3hwpzd2y05kwx2vzwszrvcaegs9rzc2f,BSH,2000,
xch18rpa9c6a5dgmwd0c569hn9kpuv8lytvae0srd6kc2avkqcqvj5xqezlzlz,BSH,2000,
xch1tmug30ug2h58eha4awwlwh63j9f2zjevwf590ejxytpu8d0cunzqx42sft,BSH,2000,
xch1k5vw2zr3wfdqljgjqnm7wv6s5uqnncw8xft4tcx8fknh0uqnq2tq6serxt,BSH,2000,
xch12d002lg5vqqz7hphschs77tu0yg8ua0u5asttycnzxwwswytc0fs4546f6,BSH,2000,
xch17knd9c3kuenccs39jtq2w8fr02u5rewwvzc3s7t4tutm2h3n735sd0qcah,BSH,2000,
xch18fpgss40vng2nmnewqq48qulx94n5206h93tztxytcmzpmdy8d2sfkl487,BSH,2000,
xch13g5qdyr5wn23wfjn7al0tt974qcjqh4emqjly7v8wdqkv65gt86qgd8ldz,BSH,2000,
xch1fdrkumel9xl63z5g7vs4jwmuy28u2cu2t0ga2sx0auzrvazn79wqzpugyz,BSH,2000,
xch1escd6pf0p9205aemg6w0nxdslcd7lpwmtcd5erv2j76fsl4ydaxq32624c,BSH,2000,
xch1f8w00fggejdrerx9dpzf7mtv29hcq938p22cea48u6x70kw2evmsd8rrsj,BSH,2000,
xch19q79v76tf37cgjwzfuvr2m743649n8uwyrgt6v9f532ggd7k7mhs9mqu5z,BSH,2000,
xch1le3ata3dqahw5wfdu8axggxcg4xwvy5zxu6mr9ppw87sak356ses0tj7ya,BSH,2000,
xch1cw3psx23j2czmtul049effw0m5z4f7gfc5wdv8f9d5kxulva76xqv03yv9,BSH,2000,
xch1rzuqsyx06h5r9y2u96qrvyhfsjat6y7l06y3z5zgr934zellk4hqv67uny,BSH,2000,
xch1l3vrq0dpnnfwyt79tx5sxy3s4q6khnf2auenfmtxp0ax4tkyhfescr64ve,BSH,2000,
xch1hrgjwt63dppsrk47mg74hesh3qqfdqm7vrdjgh7pg5324g905lfqchguhy,BSH,2000,
xch1a5ugpyyulm6h2hhmyu6ytn74dyf5jcr2xvy9xq0832ajxdttgvkshwu4cy,BSH,2000,
xch1z6wd772qelzaef74xrt025tzg95nks2p6u9jtn5yvfc5uvgutseq6jhepa,BSH,2000,
xch12qckz43e9upnrhtxtd6e2h4efffxnujzsy9082py62upcn9l956qxlelng,BSH,2000,
xch12ks4m9eg2zlnlvvznc9qjw8ntuu0yn6jumh7tvgp0nz89995qg4qvrl4p9,BSH,2000,
xch1avnud6aacaw68ncfyke5fkfmjlnrkgaavaus0cg30jvl7gcjnh8qxe0au8,BSH,2000,
xch14legewsqfdrjjr4uv7nunz5u7pkf5k3p36gdah7qlg6sydyasxes90q3rz,BSH,2000,
xch1xwcj948dfam55qx5hl7n2nna34vfkd5pstxpy2wcapgjdle6m0pqslt5xq,BSH,2000,
xch1skys2vdes864wd6jr5nrrr4y69zhgg85893rxsvluu2uyznnkgassd42sn,BSH,2000,
xch152ne8rfvsnxaf2mxs4nmnkkxwndgs8u5nhuhgxl86mfw5273em3sksek5m,BSH,2000,
xch1nwpau5sqlg4wpy0whzphtkwrpz5z4de79uu4nuq9zvqennu86znqkzw72z,BSH,2000,
xch1vkpna276thlvneym4789awnh8vth6vdqu05jlwqsa9clpezcppas75x3wh,BSH,2000,
xch15tld3v7kpca6jxwtep5zvmvq5x8lwfy3wjnt9gdqnangw5llmtwsunmhd0,BSH,2000,
xch1x9wpvcagjgunhh7xssarc8lgcfz4gcjjpqykdt29u03qk23pm2nsh59wn9,BSH,2000,
xch1tjf3k3qehead0we7prvwkc4hhr2vqpymvesnujr96pfkeuh589vqldjm27,BSH,2000,
xch1g9paut7y8kaqgwn3reur8pkk8lgtyxuz40cjjtvtu3pdvt2xs85sv30cwq,BSH,2000,
xch1h6ljsayl9hycq4gpk2r7elx9awpfs73w4zudmrxvfn2n5sj9caxsrpe2jr,BSH,2000,
xch1mnap85vc0dgnsw4e7mn2fhrvpuwn2uzmktxnex4h3uecmlrpd4eqnldch2,BSH,2000,
xch19h5k088fp4ft9egns63mmquuekazje5e0rgk558k494maualeudqrqraar,BSH,2000,
xch1aleqptlvhj4typrt8hhmmtqhj87qns68f0t8supedsmwtc82fugsygxp3e,BSH,2000,
xch1m30hn5fs48edr7ycwcz693x6fsf86wylm0n6enjmjajkzp595ucq8ctf98,BSH,2000,
xch1hky0ee2v33klpdvytds3fz9f5464vx8keud3h6axkdy7mlua09zqhdp8h9,BSH,2000,
xch1lxxe6syv4kztafuq8akv24cwjl2vnn93zznq0z9xj52van2wytmqagdn3a,BSH,2000,
xch14shdfawnzsaluafmqd4z0zm67pc6fsu6ty7pmrneh0r7p88v96rqyrjhgk,BSH,2000,
xch1429a708ftn84ehsu2mkp2khmjynlyd95d5qvhq4wg596qa9x4vuq3aget0,BSH,2000,
xch1xkw4qdesnd3zhyy7r95fq0z6u00klx72ye6guw5938gy5u7dag5sfya832,BSH,2000,
xch1na0lyy90k9em930rrgj9nttnrfp24keck3q56mcqcyvekp9h2vlsh82jcr,BSH,2000,
xch1yzl5n7x369z6xujhhh3u359lwt4uwmfhcrcfcxr9eujmd946uljquxyvcs,BSH,2000,
xch1gj74rtn5078a2vd7792jyynfzgqm749d36tt7hfnk8h572dvuw0sp06m9c,BSH,2000,
xch17mt78pvukptdka5jhnv5gywqm0p0g8wherjxmh2cqzftvm0qgujq0sk09v,BSH,2000,
xch1fuknmyq40v063alpezazsdse2lfmx39wt8mcyv5ss9uq8avqgg6q38cmf4,BSH,2000,
xch1vskmypqy7uqcs05psctcq44dv8x4lsznl7hrksjcwvem0622grtqwm4d6v,BSH,2000,
xch1zjdtxrx8x8snfqraq3sedn5r5h7ss36jeju3vc6he0yajh5gg86sd853g3,BSH,2000,
xch1fvn597w090runs7pqw0kq3704ls78rgaf66hu6398lmcylxrss5q86nkt5,BSH,2000,
xch19uunssv59qsgkhd2zqt3v7v8vltq2zsxuc22s2h8l6x3c3ms6v8qnz9gy6,BSH,2000,
xch17cwa0ta80ecaq43sl3u3gp40xa7d9nv7lepu3tl2gz4tsrc8wfeq3t3fjf,BSH,2000,
xch1u7fklug9r5kvkwqu9gmrg4cszpu46hg7emvhds2ry3s55lm0yqrsm5e2xu,BSH,2000,
xch1y0tehsaltt25fhs4ry9nfdsqlk6rskdcagp7556qat0z4sly0kvqvll5da,BSH,2000,
xch1lj4ht9rmnuy8z8k0u0ghryggwgmelm39q357rrececv70n4vhlesuuw2gh,BSH,2000,
xch1atm0yzwnxc3cx4eg38rzedp3rdf5rjaqdk8490wur2kr305p7u5qkwjaz7,BSH,2000,
xch1zfdmrgfhuq7rasmc7k6t226g2xedd33yv99sw9640e5282hsuxms8h3sl3,BSH,2000,
xch1w9n8hmrx3egylk6jnayl55l9ddc7mqde380rayshvrrxe83cvxlqevs4vf,BSH,2000,
xch1kcqsshrjwu3dncfqgc2svuprf5n7n2gvlepcqn03rnw4a6zukfjsmt8gp0,BSH,2000,
xch18h8vnpz3fz50r46qp5jegjeru5dumregmppww777lfutkzrt3lqsnrddj5,BSH,2000,
xch1gc872ayrk94e9k6g8f5uxh224wj4uxtgf6y2rjdvlnjemmzxnleqct6yy8,BSH,2000,
xch1lqmtwyut0re63uxv7hk7efjrks63jks3y8jlx9d9e95xmyu9zvdqdvt74f,BSH,2000,
xch13ztpdhm4nay6p7t7ctcfpufm4k2u2lj0mqyfn9hn2yc24px2nu2qa5gjvd,BSH,2000,
xch1d64p2s4q5luuwtjukc9es7lludge6jc0ujewnvju49xrehkz6m8sug95l8,BSH,2000,
xch1y4yqx8tma2jm0tecs8krwyml5gg27y6szqqadcz7fyamspmk45fqsg6m7m,BSH,2000,
xch1dx92h54wruf3nangel9fawvj86jpq2vzvxy2wxzwxxyhrrcsh76q7hexna,BSH,2000,
xch149gu57tedsry84upehz8clgm54u2szz52jw8s04gvzpgpkn4z8tqj28ng5,BSH,2000,
xch1tcm6h2m7v0qdhg0qd5lfsrmlnnddd774k4ut5ac648shuzphu9cq0p324e,BSH,2000,
xch1c60mr0m65d0drp4c0vxx7zcwd2cpc0c5fgqqtp2ry9l6tvd4qxlq2nmust,BSH,2000,
xch15cuz9lpmf8zk2tk8lqdcvysqclufmc35v725x90u2na2nezrd8lscnp22p,BSH,2000,
xch182a340awjauhzev9tsye4225qj2l4xz73v05k7h3kwfdtyp2wjjs0qn607,BSH,2000,
xch1ffxwpa2mymreqmvvya44tgktne0vduzcv5uvjn0u3eyplqumc0mqqjd8ra,BSH,2000,
xch1nygca6usnhad92497f72x5jqdhsummhl6uzy8jf7huzk3anpzxqsspgn07,BSH,2000,
xch1dng5yq5tdeq0n52gfnqkzut9h5wt75n0mkgwqza4llkeqzk9c0lq4069j5,BSH,2000,
xch1am3w5jyta0yc87gn4clnsj9zva8lnq9qh5d3ajl5uc2jw3ptetsqqf7guc,BSH,2000,
xch1mwlcj77xjrh2v6uc3pfxc43yj926lk43tzck4cyfmwysqmxlhd7sr3qmya,BSH,2000,
xch163p8zlzjjtml6flfjf4xl5mqzycc90dzryjz0jk8akvse38umqvqpx0c0m,BSH,2000,
xch1ha277gqpv22383aq0wamlwmez0zeqwp90pg4uxp3ud729e4xrf3s8exr69,BSH,2000,
xch196kalvs6crc6smryhcnd8staad6mae89fk3hu2m0z3vhffkgj5ts4hcl85,BSH,2000,
xch1j7a9zkncds2c28mfd7kacu5jzjf56269n5n7u3puwjuzjsy9xnrqyexq4n,BSH,2000,
xch1sf608ftv2njzyp33dsj65n88fx6eeqqccq8xecljc7cwasv63j2s7v8yu9,BSH,2000,
xch120w98846d2etw6zew6xy08hv3yt7c4glx8m0el70vu699tay3qrscr6u4h,BSH,2000,
xch1kvfluvfrvgqn7q7s2fhqavpdlvzw7x3j64esf0p9ajhepmgl56us0dhe3k,BSH,2000,
xch1y8c8mv09jvd9efg770yz4tuz83qhjfqy02cus8qpay7w27f797zsawtu3p,BSH,2000,
xch1g2932dnwzsu5upn0vhh73m6wcpgvlmlydjglsxs2jydjq7w3t5dsykh5s3,BSH,2000,
xch1zgtlhsu9kv0qw6gdd7a0d9nrv8gvr5jqrnvtv96c9arnje4mrdfszeknsu,BSH,2000,
xch1h244kcwk8pd3sd4pgqe4c8xf5gvzrt2tymeqwgayn6qs79s3nxpqqp8p2y,BSH,2000,
xch17xvqwecxh6j24nqmleush9xt9x6grmjpx87gepzz5823lywq8clqmxkvfy,BSH,2000,
xch1hatxr5rx89l67yvcpp9lesh779ywfztufj6eclway2utrsxrxujqvasw9y,BSH,2000,
xch1el7jkctl2htnp4v3qvrr2aagkjkd2avjlmc3lmaz3apfvyellsrqutw6rz,BSH,2000,
xch13gjgxtce20ymhymj4tc3r6nds88uprpmz83d7lsuya79e7dyuqnq9e47d4,BSH,2000,
xch1ws0q5tmltd85z9st6lep2pasz5egadgqykazxg3pfsvyh5g8cw6q7a2j6x,BSH,2000,
xch13gqcjy486xzcvnnngc748dygchdcswu3xyq6ycpv9khml4uuh63sumy3l9,BSH,2000,
xch15gx0rfd57unkpc832msxm4jtvs2msqrks0agg82eegln0qrvwn0s5fhz6v,BSH,2000,
xch1xqn8v5c7wtt2xmq924mhlp9y92thr8caz7pnktxgtfsvs4ctc6rsuuhjqh,BSH,2000,
xch14rstkhj4n9pnazapusu2c8wpk8lpgz4p7s77fw70y9s7jn8kdukse0vguz,BSH,2000,
xch1ce8494x3aqw0rftddvj5tn08guh2ld3pgjzk6vcpuzwrlekvkfjs3r8la0,BSH,2000,
xch1sxuxny6fu5t6v0tx92px7qnawz2mttsj3ay7sr8kcgtv5gzhzl6sezkg3t,BSH,2000,
xch1vuzd66md32f7areur8h0zgakqyc8c2c7j69tuzvtsplzunstmjlqpqscs3,BSH,2000,
xch1r2jw06lmv5ff0vn6jx0j3yfxrpwhv4yqyz7uptjvsne903wtc9xsf8xu27,BSH,2000,
xch173m0y6s2nhjyuwvx828g2wflkr0xcl33qffhd4wxs6cfpgdvx50sfvq5ef,BSH,2000,
xch1k2f8jkyufk2wkunmwuc03t3vz0fhwysn48jgl06fu62k5vxr6gnq4lw5t0,BSH,2000,
xch19qqt8hrgqhjqf8259y9lcsyzauf53xu482jddjxmazrvp5j7yhmsug9j94,BSH,2000,
xch1hxnlkklesaqwcwj468pyhjvcnjmpm9rv8ty57d437ksxu6k7wz3sx6wlaj,BSH,2000,
xch1gmq4yu39je866nlmpk5xx3hdea0uh5dexveslc5ywszgcgkzc5gs3q6ycc,BSH,2000,
xch153xf7hm8ml2lgc4qklw6s6plt2a9kxq0dam3x0lnrjk8dgnfy2uszaqhy9,BSH,2000,
xch1vkeaw68z8xqn2zdnrs2v5dp6d2vnzdrpe0pzx5fkqvgc45me6m3q5hhddv,BSH,2000,
xch1ua5kv2ptq7wlv9sr3g66jqrwywlha3g2xjqcq67g97hmz7hz8cpsvkudm6,BSH,2000,
xch1d5v6v9ydgfzhc3qv8q9n9d76g92vg4fc9engd9v7flvgj7m4krtqsr8w8y,BSH,2000,
xch1xc2zy38he920wv9gfcdsw295gmkqexv8gqf57exj9mzq7lndzuaqtx0xct,BSH,2000,
xch1nfv4v8pxr4k3ch6ju85z0620dy5k2cm9p5skrz8gtqcmv2wmrlsqdvfqhc,BSH,2000,
xch1hh8989csvdx7fs8lk59ux0wsq0juxt27fkd36rfcwhytmarm49msg24r49,BSH,2000,
xch1m8ng2kknyfxxr7qmkvz8pay84t5cnzn0vj28exqxukmxvlszf6kqhxnc8r,BSH,2000,
xch1hf8x365k0s3wtfp2f4hazdmdstdr0kqsl92uycph8advy2sdzgjsyf8zw8,BSH,2000,
xch1jev7xhv8xyau5l2aq47edwphp35lz3x8qt8y8jmxw837487qa8lqn7uqsj,BSH,2000,
xch1w0k8p2p60vlyen6zsclvgu7tx2gm4ztap75qhw3r8grj32ctf98shg00av,BSH,2000,
xch1ycyxf9msz78hzwq3jve8mge8a2pcxawtk3yz69s3vant58sc4k7s7grfg5,BSH,2000,
xch14k0e0y5hny84qefmk9emnl2ve7fa7qmh8aacn9njrtwjpyz5sdcqn5rvfr,BSH,2000,
xch1ztaslmllhu4l7h25702v7k7axke5j9h8j7ndttzyggvuwtmrj9wsjqkse3,BSH,2000,
xch1j9acgjlgw900vhstwv4urjf0g66ntpahslgdpdhqxxr9hnrpakzqxrtx9y,BSH,2000,
xch1k9rwepntrx88vuvhxyxpv2askq0lntretk0r259nrp68hxfada7qxsvdh2,BSH,2000,
xch1cpx60xfer9cgl5sxqx4fdje33g263q9ccwrnyrp0hu30yn6xuq0ssdd5t8,BSH,2000,
xch1y04jt8zgn0dsxrq00567a28m2yyyhr0h9y60uqn9s25gz2e0xecq3jj09z,BSH,2000,
xch17cl5vytc65ha8z3kw7zz7p98fcmhgkzryfgl48klvtngpkfcwtnqsf3h3n,BSH,2000,
xch10wzy7x94dhycf9qwhpnp8vltw3flkk55rvd4943mclnlpru69f4sfhjzt3,BSH,2000,
xch1943e7gskalawjl8gpk3723mva4a97ney3a2wxyxgs6j3yzkj5fyq3fp0l5,BSH,2000,
xch1dnnpmy9n6a65tmyesmc734ftta4w0kdydfm4a233v9lynze9gauqyv2cvv,BSH,2000,
xch1h9mxn58ppjxeha25m2379qs2dtg32p7p5l8qapaclwu9s8euxc7ssrqlh4,BSH,2000,
xch1279248hqv0dyajz0chrv59pf4lhgtsrn9lc2slsn2h2awy44u64sdu8rz7,BSH,2000,
xch1hatjnn5vq8gndtkv4lmvtxg976gmpv708a59r276flgqwy5a284q2dyah4,BSH,2000,
xch15a2ehtsh0u7ya8hpmfc7ks85r0uszqf5h5h836encgatfl9efmps3vmuxw,BSH,2000,
xch1vn8mnunw0xuayntxg7rhjxmy0zu0286fs3ngqj5uzz60jq4f38rq8lxz2k,BSH,2000,
xch1arjh7vnrhau64pqm830glcfj2rq8qnnn2mmy6pzncumr38xxm0xsfwxcef,BSH,2000,
xch1nuww2dapqg22t23kkmuvw3vzd3knev8x3j8trurya7wl3tkzz9uqwkg04c,BSH,2000,
xch142j2rf0upv0tr9j5llkjzsf0nsefwesdxd308wuyaw33su3pl3cst4w2a0,BSH,2000,
xch1zfskta2xdaz8ylke73asfn2z7cp435xw2e5fy5z68gql3y09pejqfd4kut,BSH,2000,
xch148vehyy5pg4haeevghr6ux3d4l6yrvmrvp0chz0w74vw9umzskpsax9usl,BSH,2000,
xch1g8l5yhafhkqyfdvd5v7sdjdpmjqyn39xd0uuwyjyqn0ehu8dg9usmf9r56,BSH,2000,
xch1ktwgdn9eaj8hz7s7avmfjfksmjg9daza44radxvaxfwtrxz7mzjsfemvv7,BSH,2000,
xch148fmlms2uqn5a6vj6x2q2lz54hf5pzku2axf8d7dcw333yzq7gksq23veq,BSH,2000,
xch1309na8tjmcm07g8h7y8qu6tqr3kqpzssd06p2s49ht2djwwd3tqsxau5wd,BSH,2000,
xch1vpe77ef55xzu9996l4d5vdtyjqnx5p7t7cxqx2z6uu30uuwuq5gslrvstr,BSH,2000,
xch1npks8rf5l4fvkq3hld2pc4mdxks2hlenfr9auazgh8z2da0xndas7zkm3j,BSH,2000,
xch10qhluz370269pm9pwmpx6dh3tzauqh5ukwp9fxsv7alkl0w3fyzqwkvvwu,BSH,2000,
xch1c2yewmyne250kmywatzg4t5npqt64ts979g8fwatgtvpap34fm0quyknwc,BSH,2000,
xch1tplsmj4qs4tz8adkpusqxvpq55p6tkju6tq53sg0fz3khn87maqql33956,BSH,2000,
xch1nhlgxtq53sy8ucmq9zylswpgtp6vzy9j8seggs7h4h8smzvs5sesv6cq8y,BSH,2000,
xch1th76y0rymlp6n5456djfz5gqx295q98hcxxuxzlh6nyd39u226kq2l8hnp,BSH,2000,
xch1mj6hnfdntp9eqcz2usvk8z5l3zn78wmed2usem8qardseshg7sls8rzlf7,BSH,2000,
xch1ulw98mhu4kkk28z20ugkp4dmrnlt7zpnmgdmlg4f938jvr2qkqrsctl0ef,BSH,2000,
xch1vnqrn95h5uzg3mp0uhyvnzacme5zu77nh4kgwgush9404c63x05sceq3ed,BSH,2000,
xch1zla5nx4ztl0cqph3gd9dmsty7wf9w8p8l6c3e30kfdl77l5jqz3s4qv87p,BSH,2000,
xch1elk0yc82qakqx5z7ejzpnfv4krfjntqf7vy3xqktwteg67ngj6fsze4jrc,BSH,2000,
xch1suvv2kncxl9v8maduc6q72nlzlelfh28lxup5x89z596ahv3arusxd6d9s,BSH,2000,
xch12mwmg4206tlgav28w25x7qclz6ustvltqxujgcvqh4pgc5v2vj2sn5u6r7,BSH,2000,
xch14g8lvgj8qdju5k69v8x9rlvdvr8jh34gr36y5e83wgs2jnps6vas4qv8nn,BSH,2000,
xch1k54tzwvz0t20py2xxjg4ac07ucxj2jtllwec2jl8nhr0vzk5f6zqqzrn57,BSH,2000,
xch19jc7ktqvlfeudke8tgj7xggmaekryjf07qp8c9y3phgva74vj7uq9sfp90,BSH,2000,
xch16a37fu8az92kdkf5wdv8jxw8l77awr597t9c8xj8larvuspf2v8szf4qtc,BSH,2000,
xch17z48ksn59x3t0eh9rjw5rpgag9e5e0d4s8flv6x9pukhlz8q5t0qsdtw0u,BSH,2000,
xch1jd8enhnzr5jp03mmcdvwvlhh0lwqpegnzdc00quvd6wfkxpkan0sy6uv62,BSH,2000,
xch1xrl5ere0fadqkmuakyuj0er4978lqqa64rjp59l5z2hz33a7u0wqes5rf0,BSH,2000,
xch1sqsmxvp9ukzcsfmlhkh3t0939794yfvms935tnphsu0r0jcyukrshlu053,BSH,2000,
xch1nekhkpkddrwamnd76kky2vxqzqftl3e9whfarphp5ypq60tfg6cqg5pn5k,BSH,2000,
xch1w8ggp3hcvs80mjfg7phxnshvvsqvpx57xqfk6dvhhhl4zvamtkmssevt9a,BSH,2000,
xch1e3sadm6xgkxdjuthjxh6nlhsn4kwvqed8vvkltxdf9dje5naha6qs8htsd,BSH,2000,
xch1k7pprxh93tm94a24794uf68lsuj48m90p5d20n6fhmckny24j6pq7ewv4q,BSH,2000,
xch1gurnjcvva4whvc5dxkg23sk08uad82lgk88wxrsqjxkr6d2tez3q2z50uv,BSH,2000,
xch1kxs0m9afgllhntwslqpd5r54aku8p29mmqh827l45j39kcl8m6hs0m5dgv,BSH,2000,
xch1end2wmzmcdq7km8mhu5adxe9hzp72qurfgpnuqwfcwmwp70qluus6xecqj,BSH,2000,
xch1ydgjs63d50ypjnvgw98a6twhu667pj6rhkx3qlvy4dr0mnldzeeqvm758j,BSH,2000,
xch1wl3xyy7q6xn3pczy6ss5lvhecm6gtx6r5rx5scv9lajrz9vdrwfsu7ssgz,BSH,2000,
xch1hqn90pkjtudqw4hwa2tsvszx25h77exr24yj227cer8hvu5xpq6spzjpnk,BSH,2000,
xch199hpr3dh3z8xyxdeckl533a9ku3ruvgpjweluxtucc56ppcmcmmqdv3swa,BSH,2000,
xch1xlkv7m9xwj6wcd63v7xmm5a66r3l7tqfttsu86kl32y0dhnxkrfspghdsx,BSH,2000,
xch1cth95rfnxl43662edtqvpqpmjxg3swlck2vsax6tz30vhlwd49cqdk8tln,BSH,2000,
xch1rt7s6uvjyse7y5c59h30ea634raahu3gsqg4zncer4kwymy7fd3qyl4au6,BSH,2000,
xch14q5zprx0q6yhf804ansj263ddr99pjplzmupy5srejm9yeyf9exssdkkw0,BSH,2000,
xch1d8slj9jd0m8yvvhwgx2cl9wk6xp6zh078grfq76jgzm66zxpzvpsazzm0u,BSH,2000,
xch1alhr6epqwjuhxw7y2yqdr39equhc2umxg5mv0yrzdtvu5xjcrwhq0tsye4,BSH,2000,
xch1v5y4l2u467020g96sxqrlxck3u3d2kev9l7ulvwc53a2g6u7uzns2h7jpa,BSH,2000,
xch1xayk47kcgh92ddz8znqpfm5mt5ju8zcam8lx4yjaw3uk8q03dgsqr9jfmy,BSH,2000,
xch12acc28khf3tg6qkyk5peq54legrk3w350972j8ft3e3gl4gskptqlm9nf8,BSH,2000,
xch1en4hq349l8645hghqzlrud58svwmyyc6tjf7jyexqnk0azlz7jgs7xskq8,BSH,2000,
xch1zhjh8vrvw0e80l5rrg5wlddf0yrp7c00yntquj27ukt7cg3hc4hs54lml9,BSH,2000,
xch1lnzzqmv54ll5prj6h0ueyakgzy5w8c0c6r0zqmxawd4sn8fshqgq7lfycl,BSH,2000,
xch1cwe2trwdcvwjvtjfwmpedznaamdljjc94xv7y33eqrft3sd0fw0su88rx8,BSH,2000,
xch15ed006m8xy7xcjkurpm9z29ak96vhe4du5rs2te4vr2rpktctu2sdhy43l,BSH,2000,
xch1gvf7dqnenq0d52pkhtq2nzh9npamxmt57gc3rp9tq5qdcjh5366q5rsgyq,BSH,2000,
xch1xr976vdh732mmf2rjj44qw57w3qpa33aw3hga7kszae7mzkcr6vqr7exru,BSH,2000,
xch1c89d6azf2rnd055cpzwwrm6gxcqfpj3y5aeumpcaympu2hh4d9rq8uqn4z,BSH,2000,
xch15fu2zuag24qdjvnd2kp994mxpfhwx760dhu2glv9hezthtyrjuys5t9xa8,BSH,2000,
xch1mtzjleg3g6tqzxdhlmggx6sjv4f6sra9y8psxh4mzccp4c2ttg6qhyjxrk,BSH,2000,
xch1ekhqww3mh9u30gm66spgq27tnhwchwqnjqfwddcsqllxxr95l37qpwrtcj,BSH,2000,
xch1jf095s6vlexlggz7tecesxp7uxfq75m2slza2l2gh66gs9cqltcqluszrq,BSH,2000,
xch137c4l5q53f5qs58s5ken30008ewzffamkh0qd2mn5vfjjjuvfmwqls0qzd,BSH,2000,
xch1hstg53l6378wm4ht845km4nqgc8m9vuhg2vrncd5z39xe0fejlcs3f8554,BSH,2000,
xch16nm8znh0e33xyv09pd0cpulf9cwdn0239jt5lv3l8wpx6ql3ff0qmd4rx0,BSH,2000,
xch10dwvgkpcqe5h4kmuqjwjpag8d5fwegrl0ufpav9nqamtnjf9snxq990dte,BSH,2000,
xch1w6tx4stmealevd7whxnzqaskdgrvsv29ljp4ae7822x7dzl43uuqactvtu,BSH,2000,
xch1vscnrnla47l52cl73dsmknr2yyxdap03dl285zec8e3lh88enq0q3psgwv,BSH,2000,
xch1fcrwcy7uy9ttfpy20a8uq0qqlec9qatv553ufllfe54zkx5vmymsslwe05,BSH,2000,
xch1at929ww2tmkcrp0hnnq28ve00en5zgtr9q4c5mf63dnst2695gxq78g307,BSH,2000,
xch1ag3n8sk6wtk0j7z36h29q3euctlzspzvglwssmujgxz4575tejeqdvhzmu,BSH,2000,
xch15t72mrpcu9n3fhr6n96lz08x26x6j7y6fm9l8jnkn4q8st4gs55s5mjv60,BSH,2000,
xch1mqj767hkxmurs32pjuyuf4gny8fnsjmdh64q3a9fcwn2us6283kqjwa0y4,BSH,2000,
xch1fd4hycyjlce4jaat9rmyuvj0kdezy7h0sx6qug68m5q5jl3vr49qu3vgug,BSH,2000,
xch1eagdlkkzg6f2f7j3qygsc825q6ravcll9am2g4vhus0yzvj6clvq03sfv5,BSH,2000,
xch1gp27kkeexwsrkpv5uyaeu9q820eksjsfyqnlcl59qfaml6y6pw5s2ayekk,BSH,2000,
xch1zpm924ddkfz4my3eg5dmpfd94mm98jzt20e7c4q6krkvqw4vxlzs4myrze,BSH,2000,
xch19dwndqmyf68pg0za3rslk9m7uv38h8yeh2t008maad52hc4ummdqmjxm79,BSH,2000,
xch1vn2uelqusnpldwyt5lkec7mpwdy2pa22hqc972secx77hawa89tqs0fhcf,BSH,2000,
xch1yf78v8rdmcmxrlkfzuxwlugae9c9yqhp09c2vsatl6vtx78scd7shf604t,BSH,2000,
xch1f864a3z7rtjdzaxfcrm4y7hmtlakpw57ngmjzjht5p3pyeej4y4svq0qge,BSH,2000,
xch18ewshsv0m8q52z0w4cwe7yca944vqppww9u8t3mrs22lvpkn6h2sftzuz9,BSH,2000,
xch1wufau3fluua3qrya40r7sjc6aryuh4vc3ueec8tlamq8t9p7fvlsmk7rgm,BSH,2000,
xch1jn54hn03s9pe5q2clgvqw5fkm9xtcnfa7dnu483tjuuquwzu20rsmnqz2c,BSH,2000,
xch1jwgpjrjtd69ae80uv6dt970fqlc6arxxwvq3j5sqlx3h8wrhzegs8kmggl,BSH,2000,
xch1jgj7rkhvf5edt7wfqehlefxssf8239ue2vdmlw9qdqevlgawxd5s4rgd2p,BSH,2000,
xch1evwf85usw89p50pjwllhst22mk7yj7qux5e4xvjsw2602ntsz3wq075a5m,BSH,2000,
xch185zhjg6hwcc6nwsnly356wvzfewmn49s3vjnc3drhl09l5clpyesc77j2a,BSH,2000,
xch133u05gts46qlqx59t7thawq5xdk8c9lwj46m5mlk620d7uqznm5qhpqs7e,BSH,2000,
xch16ypk5jn4cn3l3h6358kfjsga7wl9qzsgj4d725wr0ppmetgj0ajq33e9x5,BSH,2000,
xch17phvmde5thkslaz63z5l9vfduqpdh0k3jpfaasymhemssee7dugs3tw6an,BSH,2000,
xch1adgdzcjv3uexjdxl7ywr8ad7qp3jm72pksd2m2ysc9pvs04p68lq5prkwd,BSH,2000,
xch1a37xwkxxvsl9gdpgz39n0k29zklvqnlwvvlp4xcqdaf4pn0tmm7q9qh9js,BSH,2000,
xch1g08sude0at936qtvmx8cr6ghe0vkgdg0flskufscjsaqavuelsxq3js228,BSH,2000,
xch14ke9kkc8vrznsfh46zyff2qqhrk0tc5su2uc58mmqg67w85e3a2qrcs9ca,BSH,2000,
xch137gdtc4u8hlvcms45c2fue08arvqrwf0cs70u0270ce0cvtjmu3s4y5hm7,BSH,2000,
xch1f7wyxuvpmrlx7ycfeg24hu3tmqg2h8yphwrz3j68xj8xxhscrzeqz23wz6,BSH,2000,
xch1xjcu0ux5ysv9m5unlqu429cudehll6gkdsv2tr7f6cqwlpxgmpzsxvy02p,BSH,2000,
xch1ngyg8ph2f6kv2xqe473n7tp20yuldzpq0s6v206tp8ydldc82asqz4dgqn,BSH,2000,
xch1c92jsfu78wagdqr68m83ze7qj32fcck4s6tshyy2z5usnt6t9rgsjyxg0y,BSH,2000,
xch1g68tmu229vzmnt60ywltgkfc5vuqlaxhw2kww3dxus72utdhs3asszcyvf,BSH,2000,
xch1lz6xkuqzkjgcx7cg6xza2p8ekhverhzyvzj5w25fkjkpn79xmp3qdlzxpl,BSH,2000,
xch1gw8fhcz2fa5mmufyawafpfzvjh8mnmw2gksqxz5a4u29ukajrd2sqcd5ap,BSH,2000,
xch1gjakh7pnf3n3fvnfp2t6und4ggyk4andnv7jdsgfmlzwcjkxugeq804s5m,BSH,2000,
xch1l9zf7jyax553nve6ln9u2v4tv2gzv80kexdjvuceuwu3xurjqjks9scttm,BSH,2000,
xch1wz5lxj5m45tyqsun5jx8t723pyrdlktfym98hrn2u69m25pvjq3qwcc2q9,BSH,2000,
xch1npmzkvv2aw0m2e7vewf7z4dxlaxggnjxzgl0l8jkddruaknx0ncspegy7x,BSH,2000,
xch1w6u264cec56n5fsela5xe804xlmqln4y4s50yjan7z0ym65jkm3s6dvk2e,BSH,2000,
xch1vcs56hsksfx36kw4ajmkmg7tr6kk7827s5rlqqvjxlhtwscn3lwsv8hyk3,BSH,2000,
xch14rdzvngptwrt57f4js2sj342z6hje5d7ex4vj67eprq4njqm0jvqsg4w2h,BSH,2000,
xch1fxdnatne8kdpzm5ycufggw4h45nwafcnmlhj4clza00twkudyu0qt5ep8a,BSH,2000,
xch1hd0q3ffc55sfdhvrkr06g2ecnpy5gglwd742du9fw7qx00n72x4qn44ul5,BSH,2000,
xch1wule3cm22yyvnn8ns7sh2g2yg00lkmysnzhupqq94svtt0578cdqzrnuh7,BSH,2000,
xch1262rdphdcrw3j6whkx7k52w9grgh75f0xc8n7360l84j2ux9twyshxhvvt,BSH,2000,
xch1u0u8g3ths4y7apcn5z02g844ycm65y3d5fnf3ez43w244qfe2jfqvl6svv,BSH,2000,
xch18uvc0wk4hge46mvtwmu8ddpanqmmrtpmp7pqlhpjzc2yuksn4nkqkhmwq9,BSH,2000,
xch13wr5hjf8wgkykjd9gd4h2act9tz7hauzh09uxdd9sh496pv4wy9s6027fh,BSH,2000,
xch1k8twmp5m9lcferfytkh0s8vqg4cq4hnhk4gd4daks38kfx5sgghq56f5md,BSH,2000,
xch16xhekqr6tzd6l9xqmdv3drpheuc7x4qs398vx86wdhcajfugwg6suwuyf0,BSH,2000,
xch1g2acynd7d0m42gz48q88q6ckrn0w5xxv0cv98mur7njw5qufm5as59n0a0,BSH,2000,
xch1k0sc7myuyzslp5sur058dh344vr8qwpsxplt70mzc3jpecj9yxdsrfkldy,BSH,2000,
xch1ehc6nvw2yyqaw9zm3lrywuh28treqtfqy6kkh2mp3wscfld888tqwd46wc,BSH,2000,
xch1tvgy3w3cg9fydvcmlf48s7hqfyg3y262dt4gprr8qv4wertpyamsy5vqj8,BSH,2000,
xch1czg7e5fpdda5yhnph3nmfm605vqf98z3rjhepylwdjm6my553zsqqclqk6,BSH,2000,
xch12cruzuvj23mzm4afsjkkd72pmaypgxxgy280u0axxwns5nmul2yszlgsmt,BSH,2000,
xch1wh4p0j7xu82fp4mew6a3x7wf864dkqu9p5dllqjgpfwm3f6hglpshupres,BSH,2000,
xch1lcmfptu2jzpasqutt9cve8kv9ucajrhl23eqlr6mussg0mx9ep6sfkxuj2,BSH,2000,
xch13gang4c87dehjvypwkutgnxamr6e7r5k3a9xmqtww5ngzn4dmtzqe8psxa,BSH,2000,
xch1zzt3qkrg8qcg3u5r356ml9tww5enpam6dyxc7qjytc8rg7wz48gskfcen7,BSH,2000,
xch165p409fpt9nquuc3g2402au3lskulfhqntuw3wda55z3csx7usrq6kjtpg,BSH,2000,
xch188vu5wdf0fm3f2yyp7zxrynrfdhzheqt6tccvjercq46npvu6xxshnn3u7,BSH,2000,
xch1wg5ppfaa7v7spll88j6emlqs3fryhk3rw30pyyrp7hzcxqq9k3jqjx2pv4,BSH,2000,
xch1ypyjwntpus0cwp2kspzh7dhmw32l0gf3h4qh0hrmxyvrmlw9zh5q6df2lc,BSH,2000,
xch10kmec50vef0ft5m6clandsycpz3xcwmyq2hrxp67tkgrxtrk0r9s538fpg,BSH,2000,
xch1z4nu3tstfss2gq737y7s97h8276apxv2hef8gvmrl9405m4cxqfq0eme48,BSH,2000,
xch1y9atk7n35vflu8rxx66kprts52lpsdzzv8ktcmupe9tvnfy8d77qv70sfq,BSH,2000,
xch1mdvumk8penh9jhul5mlemk7ukm409e65a3apl662dghfz83sjers5m50zx,BSH,2000,
xch1z7ggmr39kf4fv0a54fye9getrp7v42nmwskmln6laeqjd7tgsj6sf9jq7x,BSH,2000,
xch1232ua5v62f4ujkejp9xegl2md0z46a3s07zquprxx0k0uhtgftjsa2v7um,BSH,2000,
xch1myn4u77v92m7erpavxfz03k6ygu4xw7vaj3jgn76qupyww4p0hmqvjyj9w,BSH,2000,
xch1f0rphdpr36xr63z2kssczxhlz2ru9udk7lm08p3pxvwutfhr3wzqpswcnf,BSH,2000,
xch1la79yfufgulcc89p7etlvksffg4jr39l36pmtzg587xn29erpylq42e5de,BSH,2000,
xch1dvf8ttn9yq6w5a69skrwm4ltlrr3x0sgjhrylrwqlv08x3jx8mlstzc7ca,BSH,2000,
xch1fvjrtvl7n264eysnezcpc6tj9nsmk3e89zfx6hyxdk0l270fagmq720x7e,BSH,2000,
xch1scatc9azwkv0aefw5ff3074wh64xmzmeaaluvzd9h6rdc5tgkw0sjw4u84,BSH,2000,
xch19qmhw6028xr0x9gecg7d33rf4gv9dfdgt4cxf2per3j8m977n4hqq75crm,BSH,2000,
xch1eyscz94m0f0frtrlcx788q6zcprapjj7lmx7l2hel78xy7h9n2jsd35m75,BSH,2000,
xch1520uluvrmrdmyxct63qnu4edsn0xdlkd73hc69v0tfh2haqmu0mqrc6mh3,BSH,2000,
xch13fk0ts5v9kepjktyrnppqaaayx8jc8wpmm8yltu8ch4umr520z0srsaf2q,BSH,2000,
xch1x2cyf0k7wlepkmljdur6za4zctqxs52pg5lzc3jv98sehff3yfzsn272ye,BSH,2000,
xch1url09reet3q50u0s5fqdxs5ceus8t3e50xdexl7ptc5yml3nwc2qew4rwz,BSH,2000,
xch1n3x4naxr2mt6rtxqgaf0xr483e80e6nl47z8ray0hph898w4fesqhpvdvn,BSH,2000,
xch14qfr3rtfkalacv8t0u0ljv5s9yrsqd4lh073dgvx84lm79kkstvqdujaqr,BSH,2000,
xch16m3gdu6ahqeehncr80wpqff2nk99ta63qhwv2304k8efa2w9t8csgqh27e,BSH,2000,
xch1lwm4wh6gsakxl2ky4ygl5ct88fqdxttrjzx5ar8lg8dehmztyn4s9wlw7w,BSH,2000,
xch17vr359lw8ddvunlwf6c37etws0wqpv9ctadknpfu2ztr4k2l6s8sxhv5tj,BSH,2000,
xch1kcqemk5fznyu6skql07uqmgzesgdk8ksx7krdpxqgererd7gclwqgs539m,BSH,2000,
xch10k8h0v4ncjaw4s9935k6zuw9anqc953u4m0qzrkwd4srwm9x20zqnrhju9,BSH,2000,
xch1nh5r2qpa5f8299hydjd0adwdgrjrj23ql2wa7rfxhw270nfdj2sqfkzeku,BSH,2000,
xch13wsrys3y9mmtgv5y70xzhmsmkhdvgytunmsgurq0awq6wrxlmvsqcjq23r,BSH,2000,
xch1rt6rv3jmxzvmppqt7ekrh57xymhv5nrvk6fampaxpqcs7un0zr9syez0n9,BSH,2000,
xch1hvskngtlepjfm3aq7dvzt6x9yw28hut9f0xeeu24zqutnzgnzl2sntvr6p,BSH,2000,
xch1lkhca2qdzmt8r3dgfn07pss4qen2cy8376wfmds3euf5x4hagkrspugu0r,BSH,2000,
xch19t6k9r8aa3q5mg5sphsggdqdfw9qv97e947pt3qpkyhx59l3lhcs6mvwex,BSH,2000,
xch1309q0ff9emzdng90qhmqkxg6ulmj2we58q56adv930qzuumchfwq9vnan4,BSH,2000,
xch1l69l4clhyuyyx4wwn6v9yref0jgjnx5zckamzhvgsn359djnss7q5ad4s3,BSH,2000,
xch1vxhp73w480ev0kyk5cmddfmjl7rq0m5jvnvgtls6ja0xqx6t4fkscarqpn,BSH,2000,
xch16lmadvzjy2p0p56hnhxydl45vgph8v9ptwp2x554vvfg0gruf86sscv2fq,BSH,2000,
xch1zwys6jycmg6pkmeurpzdr9gl9ppntfs4deqxw5tqqqfn880fntasdd56c8,BSH,2000,
xch1sn4qku8stvlf58mylwm9ftppr2ht3aa93ggg2hre47cjwzt0gqrsd00clf,BSH,2000,
xch184yqlclmmwamdk5qjtwvrr35mqk4qd5t8qc2arfj80xplrvug6ssvrhx7f,BSH,2000,
xch1zg6wypryv4g9wsln6hs7r2etdwrxmg7jv30p9s608ewz3zhwzjmsnppypy,BSH,2000,
xch1yka462j5v03c2327c9eur7gpcw9run9pkrxxrt2wr6gk8dgwwwlqfz634g,BSH,2000,
xch1tka8qlglqm7qadf5duxh053s7nuwkgaxljsuq0vqqvpre9papm4s69uvwe,BSH,2000,
xch12frrmtav79lw63nmlahla2mcdtsjez3jtnlhdf37hrxx3e8x487sreuquu,BSH,2000,
xch1nz4jf3nzsgeyf80njh269n4p7297cqvqk86qp7tdtzpgjnc937gqdd8d7e,BSH,2000,
xch1n0880juez6sh3qsc5y06dpdes0w6p84znqlx4x9rsvd9h27yjpksrgzumx,BSH,2000,
xch1wfd4dksgsj50yfg5eurmdpmlt9nvz5mqsej8fce2gmkrm0wver7sxp90vu,BSH,2000,
xch15v0gcw2czvspd0refkv4d7n3z79a7j2h4tnd7ngv03dysmgdwscs4kelll,BSH,2000,
xch19q8wqt8pkuvl2pn40z0qvv9glug5scnlvgeem6hhml8l39gphj6qwxrjmn,BSH,2000,
xch1t3phuqas4scc5t90ufjd6d4vzmh9lj89aazufwaadc39fptdunzsmukraw,BSH,2000,
xch1rk0neqyywpzz6gmj36vct5zs6qene2n8p9a87de6ma4ht79r2uyskzu7dc,BSH,2000,
xch1732xmczgydmy0z26xwzvflslpn6nnrr4x0ak0sc47t4n06csam4s3ge7as,BSH,2000,
xch1tpmwzzrxm6egsr48spz00m3x36lp5haj2xm8m6xmdeuqedj2zemst8295v,BSH,2000,
xch1t674gkaw307ucq3ud045kf4f25su3tpwvlhjnwnqh3cx2svwew4q7tklvh,BSH,2000,
xch1avsvuf2kcgqv9ux0w3txqhzjserr6qw5t2nfc0x5vrhunma5m6ysmpxuz8,BSH,2000,
xch1g2k9kqqcrqsxarh2v6zgukg3r8wdn2qs2ax86hadtw9s2dpaavssq6wkhg,BSH,2000,
xch1vfq2vqe4far44avlw55pa707ndm6qm253tg3w78hsen4q2e6v9dq6qwevf,BSH,2000,
xch1ygtldq5tyx43f6p8l8xj2t4azhe656kyl5q4appdxdj2phygcmmqmpzp0q,BSH,2000,
xch18640mlm46e3rdxqdemmex70aqcujezclmmhrlkpzcvq6td87c5uq73m99k,BSH,2000,
xch18jtsvdm30l4ldvhc026t4a5grzt8er86haxf34ekzpa6rs5a94us2r7yj2,BSH,2000,
xch18ruxasll80e5mg4unzrn6www5gxup5t4erpat7th249gmxsvm77qhk6mkn,BSH,2000,
xch19uj9zasq68qcjgmm20lmtdwa3v6jsyap9096ehqe7zf0l660tp6q6ls9d6,BSH,2000,
xch1vy3zz2nuq24a96xzk9mt5d2t9qjcyy9wjxyk8p92ua9aj8qhzahsr6x5hm,BSH,2000,
xch1eyqqghq72vdafxt5aqa5ksy8p0kpmdxz7s4ue4ym3u687d3qnyfqer37vq,BSH,2000,
xch1w9uhkjnucqa2r3y3flaxxne4km0ucwkn5efcn6ykgyjzrndqjytsltp5gy,BSH,2000,
xch13esyp9aqzcr6lxwfpvnp800g9fa9h9aapz4d3ctqqcsytjrwzycq0wtjle,BSH,2000,
xch15x2pe0evuj32sh0mdu9d8cl4cgp2xag2zncn2pxvtpxu2rnjcjusg9mtwn,BSH,2000,
xch1j8mt8y3xcx5def4lfunkz5whdp9apsfcv27cxx07fpczkw2znhtswq09te,BSH,2000,
xch1k4szalytvzxdr2lqj2y2m20wf8svx7ufy6xkkrym45dgyjnmzhpqspvs5l,BSH,2000,
xch1yu8p3gt44djtuhcp8q0u9td0nd30vj00ez87m97qgclvgtwjfkss62vfz7,BSH,2000,
xch1e2x7hycr7uq3mhwys80zhhkce7kxfr64slausyhu9aymqkaykpuqmx27rq,BSH,2000,
xch19jtnq9z2wsz6m2e6564kms8czsst69yavyjw23fmmu5z0pvrssns0ptyls,BSH,2000,
xch1k5npj4dplhkvkfh00umnmdcuwg7xhacnqretjru6ca6ph7z6er7qj7d0ms,BSH,2000,
xch1n97v0mgceqnap0whtzrktu5acqnksdu6fszcxpmk8pdaprf3f9yseux98x,BSH,2000,
xch13evna63c5gvsx5dkkt9d7v3tm5fmahsvv8sy9g07devsektrs73swtpqpx,BSH,2000,
xch1jmq607l2k34hqypn3dzm0sn30kftf4v83dk2v9rzjpypr5x508uq0kdsx8,BSH,2000,
xch162709jhu8z4vhsykqec5qzxw8lafpx4g2hx6qjy6r7ym7q2ct9escr8rmj,BSH,2000,
xch1n0zlnut50sulhaqhrh50355xl4n4dg4z9sw5w6qrj27x9kftekdsm3kd9n,BSH,2000,
xch1ywfagg2x9qwcyyf5alt9d36ajfwqp6s0vn8alfp7xtl7ls2jtyaqrryd5p,BSH,2000,
xch1d5y4ljjcsk0mhtxf2yn9pghgf7h8sz4um6su7f9lz0lppug0rvzsn5wmx8,BSH,2000,
xch1y4xs0x5kv8gvkqw08n2dsdepulnmapxhyv3h3p9h6v7wn8zhe0vsfxpq6f,BSH,2000,
xch179stt4cwtzqh238tzssxj7uf2s252syeuajfdvfqc56r5chuthlqjk9avr,BSH,2000,
xch1vyndrfz79jm7xqf8zxpun8m67e8hmwheess5tzlury5vq693uyeqtr3rk7,BSH,2000,
xch17q0naqrw6nv4ylhs7cvly6vdjg26xujjhttu5fm9v5jpk5gsznqswhnwr8,BSH,2000,
xch1mpgt2ryu9ffemkxpu2u7xvvczzhakve8tcyg0ss35vwtmmufn6nsfj5gd4,BSH,2000,
xch1duzr45lk3tc087hmsw3h58krshyqgkr40pfppjm633l8x2hjkx5s0zuflr,BSH,2000,
xch1eeddj7dqqyex9la8qt7qw6fk7as60p7cjwdxd43slmtlp2wpdyyqd0w88p,BSH,2000,
xch14rup6fm6nefm3kf8d996pfepxvj9kl29c4sh57uaqr64ah5rpvzqwwauav,BSH,2000,
xch1yjafga8erwf36w7s92ean67h4gev45z5zvxd8kdcshf58a6tk96sekqk85,BSH,2000,
xch1s5997nulqeuhpy8ah220a9r8qkag6qgzuca2y9rqnn4npr24pwcsmdfz2e,BSH,2000,
xch1djelvwj649zz44h7xpmpyv3a8z3pdltzlxrs04gk0zmtlcx8ndascwvg9r,BSH,2000,
xch1wfszxyemfedzfv5gfte3fm2pda5z3vtvre0ld0eg9p8zxfy62m8qdpphzz,BSH,2000,
xch1ffvkuluaremfj5ana0ec9purv0j7m6750kkm95vypsqc4l4d5kvqmecevm,BSH,2000,
xch1fdjeahp3xkxg672dsmewfyn8vpsf6mkky3h2fq02z96lq50lykuqe6xr5f,BSH,2000,
xch1hwe6a5ca5nm73axxv70nhhvreqmu848z0ratvmatcdl8wl45008ssf5l54,BSH,2000,
xch17eg3l2ftpevsyazr5dm4d9r0cwvxay0jrdfjfenmx4x200a70xys3lgjxk,BSH,2000,
xch1kdkjkdde0slztt75tmwmwy3l2klvz2g2dy08ayw3zv7hvzaemnwsgy6fj7,BSH,2000,
xch1d63mvsrpw2pynujqjfd459xqwneyl7tvettyx7q84l64ellydtxqtw9kh7,BSH,2000,
xch1hyetkhx5atn940r2em30l2hzsjfja3t6nam0y85auk2wz03ap68qaq4vf2,BSH,2000,
xch133ef69nh5ryte08k9l57zkd9qghzu76m4de0d0tyh8ww68rtk8rqvzfdan,BSH,2000,
xch1slyk0mnhg7mtrlqh3f2jyfd6wnrcsa6cge4ftf2ftcxkd6g5ddqqjjzhp2,BSH,2000,
xch13svcmtfumdszrhtk6my77t2ld49rgqry57twdxc083dlutg68mnqdh4nzc,BSH,2000,
xch1jxf04ph303rm5zkmr58mkxsdwdghfsepe3uvk0xxqk6suv4wy02qkxg70s,BSH,2000,
xch1453pgfkt76qxevde7d0ydqrh2qefwwm243czk8zjdqat2fr3kzaqtw4dpr,BSH,2000,
xch13ravv3q5nckn5r8f6ayrzjgnh9nnzglew30z6y6ea2z74uq9crwqewclnj,BSH,2000,
xch1hepymqlvm9aer7emutlqs77lfaulud32w9r0683vnpsg9jjxnnrqede0x2,BSH,2000,
xch1h2lptz9t856js72fpm3jn4k9pkdh8gfdzyclj0axfmamjw9ktw6sar2yh2,BSH,2000,
xch10nt0rgwjtv60z08wa5na7mk7c5zhtafenr8z93vj94tlqy96xshszuj6np,BSH,2000,
xch16p6kr3xdeq6eg8wr54hshejt43d3arudkx2y0a4q878q7rdgvhjqnv4xtq,BSH,2000,
xch1w7vjrtlepfpk84z9nm6zaqea0y73cjlxugrukkyshrtww228adtsfwapcz,BSH,2000,
xch1rlte8hgh9575w6ggemu5wkef37l5r3p7tu69mnxpl55lpwknsawq7jqy4y,BSH,2000,
xch1amk45qc834l8fqzke3jeqakhexmv2prc7j28ww0mhkndfd0pk7ws8ekcgz,BSH,2000,
xch1hy626ru6pq7ppmqswxrthu8ef74utdkdktzw8l095v7z7z8s4ras5nqj2e,BSH,2000,
xch1ghrl8cgyg2utgtdvylq0ehs74utgtedd9ntwrgv2q7546pkjz9hqq4queh,BSH,2000,
xch1m40ru9jd04ya6v5wlx8hs7lhc8nqh9dsvl4ywwpn2cep2qae3rpq7se4vv,BSH,2000,
xch14muggx7rslgfw58gpec2wm9cutaq9vdk8erhlwc6lmm3tzc43dvsts4rgj,BSH,2000,
xch1ceftqxc8qkdhzn6g7ypc87ywahdlh8t7uwzu2g36xdc7a3snn2aq0xehew,BSH,2000,
xch195hddrk2sq8s0ly3dq2yl68sn2axgghlqkg7t2657zqvjqfqrpmsz7tc2d,BSH,2000,
xch1h53f7l4yq9h8d6l2edzp42kkha745fjffkwd7x6vfuwsn4szae3sg3pdvv,BSH,2000,
xch1k0zl03m6pjfhtv6hnvkaxla4jdsx0djk0xqcmaassmhsfku26njq4lzx9m,BSH,2000,
xch1gkpx2g59u050pjy8r92566ywcnt4yy2p2qsc9eq6vj227055qluqzlkzmc,BSH,2000,
xch1r7ljflyf3feghtsu8aylsxrjpgzzegq238g8pjqe5tywsh6dnmnq3v2jpm,BSH,2000,
xch1um6k0x5afmlwxuxfezzuht7fzxu9msllskm4m7v6qcej92pz9n7qs2hf4r,BSH,2000,
xch1s4rhpdupqxyk3dh6nz7ffc3hxt6psja7zz3ehuf73uqcwkuaz69senuatl,BSH,2000,
xch1werqsz699ghwzdhjxr4eqv38j5x5v0luakxlhzj5s9ygxyd6uges5gejp2,BSH,2000,
xch142tqh9kveqfhhheke5vcufwtndprsh6znjfggtgpvhru702z8lys7ku2xk,BSH,2000,
xch1w29qmkv4cj8mrgvzc9mstq0tseu7ep7ay4zt2hqpwyshkptflvgqxlfgse,BSH,2000,
xch1l32zrn0h74egr98hekjgprxsa0ehhm6alu2v4raa6g8uuec5l9rqe8t02x,BSH,2000,
xch1up77qghsqf9wzdhvxqxlh3fyaj38luk0slnt2x4997t0jx7q0f2s3xphq9,BSH,2000,
xch1w6kdplqlttqp3j3zlt4gxmgg2mh9wx5a0rgu9ft7zws5q5vwp2uq2clpcm,BSH,2000,
xch1jch9j6pmcmpdfzjes4f95s4h874zx5da959x4lsdhvg5aegk3w6sar85se,BSH,2000,
xch1dqtpu8vjrgy2efzc3ctd6js7w9kez95jh9e6uanvtex2zd46nklq2dxl3g,BSH,2000,
xch12hy86av5tky4kctefwlezarmxu6nm42kqnqk96cpv0xd3s2aqy3qpsgy68,BSH,2000,
xch1ztrvh3pzx4h6qgqp47qzarc8qylsvyrjpqj4usgp66znn0hxvwlssk0g4y,BSH,2000,
xch1sejmqcaq5202ag2fnj2kmcmjqmd0vu953m8dmtet06cs88aqwwuqn67l6x,BSH,2000,
xch1k2uee3fsa88ytcjry0ls065mhupvrqjwrh94rqcspct0wsn33jkqys6vje,BSH,2000,
xch1y6s433e5ljedmmm2selj6x4azykq4erz9erdr83hnmnwvpvju4hs9r54qa,BSH,2000,
xch14v6d3gdhaym0wc9q7zcdvm7a49uu3p5680rsjgumd3g97tacarzsdvzedl,BSH,2000,
xch1jg07erhsla8vhauvyztgmuv9yhr0q5gmzfe03d6lcmx0m839sczq8s6n77,BSH,2000,
xch1y8masudw2jfsh393m0hr2f03yu34ux8kjqxy0pvx8c9fjgqma8pqamakwd,BSH,2000,
xch1mg94y6t4p6d2g8vlq5percg4wpjdt49xn8e6v9nce5vxzpeqfl6qzq532c,BSH,2000,
xch1f83e656k3w8dvv9h5u5z8j5eshquh3w32x0d8e4rn8pldllz4pcq2r60se,BSH,2000,
xch1a3eyuejpwkhgfdrz3xsjgjzp3mw4xjx26ay9vfzgj3pt7pptstps0xv3fu,BSH,2000,
xch1tczfp3stejuezds5gphuprgrc7jd8hvy79n8dt34mtr5rgmm2phs3ylnxx,BSH,2000,
