addr,name,amount,hhh
xch1xyp3sdumq6jqd2qddskw5yerp73f6sauk6n70q76cqz37evr26gsks2mvw,BSH,2000,
xch1s7s3lp0skr8r825mxujhemnjkj4euwdhrvjcf0wkzfkr3tnkvtrszza26m,BSH,2000,
xch17md9swhzwyfgg0tpxevhpy432rlcruqfcl26etp3pjz6aumk07lqt0wmzf,BSH,2000,
xch14asma2zy4jq6742rllqtsxrz3f4n2ywh9c3k228y0e6sp8v5tevqk3g2lh,BSH,2000,
xch1l9cfgkwzm0s5xln3ygpktt6pgu86uk89chxngvswmte3clms3cnsqh2mt2,BSH,2000,
xch1ecc0gc48wrgencllgcujx90q36594vuwqstafhuwhevu74facgrqnxgjrw,BSH,2000,
xch1c6n99wmekemh77eukq5s6dn48xw7pljvgzvygma0d5ueamksjseq6u3j97,BSH,2000,
xch17kdxwja2vlzdrzxne9rlfmcershwwtdr7ctekm9v50prdwvw8mlsmvdjgj,BSH,2000,
xch1fwp99cmgx35cng6h5zqjukmxdjjcvkmlzdeay68emhnau87mlllstggglq,BSH,2000,
xch1s5rq65jhedwmp52gq6yj4k8ra2q6xhktkn5lvwd56w7zvfgrjq6suf6s2s,BSH,2000,
xch1xp7x47mym9vz4tey0jkc7wh83erk7f003avsnmzazz0sjddq42lqzqznuc,BSH,2000,
xch1ggrcwr4223u7jkku23dwnn59fnkztppgkjf508gj8uq6lgdmkg0q2u8nne,BSH,2000,
xch13ksej9078h9gmztqqnxzv8n5np4w92gjahgwdfmv0vmkjz594hequ9gg3w,BSH,2000,
xch1fvg7wl4c0crptlvrjzn859z0dsxr2dtsqk6tlj44fyan8nuqzykslj0d4n,BSH,2000,
xch13um7dqx8m5ayt48fcax6mu50wa7g0equagygn4vfzhcrn8pfkk9s4nlf7p,BSH,2000,
xch16s58gk2wnh7xp3mvcrapny28p060vkqq86e2nljj8yc2q5r49j3sfygplq,BSH,2000,
xch1nuknjfh2prnwzuldr9ssr7w84nkd358zjptwqn5gnpyhn6hgp46ql2ngn6,BSH,2000,
xch10u4azjefwvpszdehvyjly6q6653ye3cz2w0p5fayffqksf7c8nfqytcd0a,BSH,2000,
xch16sf2mqtelqv7m4x70adfrx2jz8l5d6ua3nuf8d8t4shru6tze0ss5jpaws,BSH,2000,
xch17jcfgqmemff7uggvphrwhes4mml0p6mdz64pqg2effdec69am2cqjzhnsr,BSH,2000,
xch147jyuaancfw7rgsw0t965ssyzkhx8dwg57nkjpmjsxx98fvdrahswp0dwl,BSH,2000,
xch1xzukjxep0tcvdxt9xr64m7pzzlfnu9juqxxwzqjujaj07f60gxgqn3rxl6,BSH,2000,
xch1chpwat50nkq55l44667vl50rw8m2xlgdq7zpzrvw7cgsuen64vgq8uvn23,BSH,2000,
xch1gax0tc0nqlxl4rjsksuwpxtc7encw83ys8c6a0pzap267lnm3e2svnwrfr,BSH,2000,
xch173w5269n5t702v3twq48t4sg59fd75ka9yqv2kvaxjpk6senpa3q6z86e3,BSH,2000,
xch14ufrxmq6kxvqts90afdhzr99uc8l36rdue59dt7v9uc7amu88c5sy86qtm,BSH,2000,
xch1jgs4wjx94vyn63jmjfrlzlyrckzh4wx92xruwjvqsgypnguva0jq69luq0,BSH,2000,
xch163w0lwguw3wa2yesp2heffqslye6lpxqr6plwkdct4wtuskvyk8s8u9u6h,BSH,2000,
xch1tpgaetkvcq4fjwr344306cc8wy8m2vpeg7x0a5vj8zzu0sra68xqr75upp,BSH,2000,
xch1ke3msyts25j9mj36xwrtz7nkzl2r99zsal7lxxyua8dd2hhhx8jsfpwqvg,BSH,2000,
xch1a55uczqssfdql5ntk6wevfm6g7dkpl6wkgdf92ct7nl446z07daq9fjrte,BSH,2000,
xch1nvxgjretjzzyfk4qfhnqmltxgh3y2vrpymjt3frnhugmdk393xtqd2frzr,BSH,2000,
xch1hwgrqjldksgcdqwzcmkrsuhf9vnt6n5x9rq56re0scedpsyqm68s75upmh,BSH,2000,
xch1a6up4g3mys3u7p7xu62ryuw8lljc9vxtpvp2s2dgp3kclm7e87gs2tnkq6,BSH,2000,
xch150v8hugl64qwa9cuh89gvt752h58vsxpw4lm6wnaat892e540mjs3vkgcc,BSH,2000,
xch1dcuwf9frtkv4lvctqfp5ytm4t2pg7ad8m85mhv7vxtttsl4ep80qztk6v2,BSH,2000,
xch1cxazpd98k4qm2saywtv6mcjt90wng2q46d6g8ld6vxdd7jf0u9kqzlepkr,BSH,2000,
xch1d9dk764rh045dueqac44dsw3s80msg3nw4aw0ggqj5cxlds5ll2qtxe0qa,BSH,2000,
xch1tdqtr420g99c37wuk7z02uq2f2mh3m0hsg2uvaans2jllqw2zdsqnfalhd,BSH,2000,
xch1z80qtlafl0vg9jsya3f2feu87jqkw5r53fmwzl4ap9rj2jqk0ncq0t35hm,BSH,2000,
xch12hqcshjn3t4dht4pcxltfvhl59shayrd36zv2awfmdljgry595cq73ama7,BSH,2000,
xch1v0s7alcahnsltwkr4v4y67vwaq9p0cm8rkqfwrgz2uearxwqkxsq62ysem,BSH,2000,
xch1rpfalnaes6ttcc7vu7xusteqrs3jq0jtx363hhclr4wr25yhjr8s24qn8t,BSH,2000,
xch1eyq709mppa23mlhpva28kmhu62zy7fgjjrjm758l49gawpx09tnqq32z64,BSH,2000,
xch1ht34vjndjwntjx0k5vzatq7v6q256a4gxn9z456m6as9y46wweuqyh26ha,BSH,2000,
xch15wd7x7mywa5mdzu4s0xf7ndhkxsk84palyarcdtaglmq98zu4m2q868m44,BSH,2000,
xch1we5me0y2uh0pax24d6y7fpucemvtqc0580mng3wxlx465erp9ufqmcvr53,BSH,2000,
xch1e8f67l75a5f9tt7dgcnjm485kyg9uldxcg2c5zq3zak9yt5fe7jqtq0ud4,BSH,2000,
xch14c2nfkurrd64pgxvefxlz688fl98jzg7csxffz3td28a3a2qxf0q7uqg25,BSH,2000,
xch1zedesu2urg9cal2xnrhlvk3z0f9a9g24x537pem5wjhpqrx53qnqxlczhw,BSH,2000,
xch1d82a9jlkt5qxsnpp8w5p4ecp9sp5whstjg2rcn02fl7rnwl6c7asmymruq,BSH,2000,
xch1k9x5gds2nfgprz7xhyayqrpfrmyr4yn6lnmk3qx9s9txlge4ec4qmzm769,BSH,2000,
xch14eu9q298ucden72e7uglzax9vl2g42shthuevckfuj4dkjr2fjxsja0dj9,BSH,2000,
xch12zgalg3xp6zsp4gnnuv0m4l6uz70jgrrmpxfwyp20jwztfm96lcqg3e80t,BSH,2000,
xch1nu88prhjnwryg6ueluztdr63cs5jgyc238v730qcgj2gpcke3xgqawkg78,BSH,2000,
xch17s4cxypvshvtvf6ukys87w8hzmffq442srmk20esg5rpmhtdfmjs02vqqe,BSH,2000,
xch1yg8a27qkh393acc9rvj4wq3x60dyteqtdsleuv0a2jg55dfywakqwgwqfl,BSH,2000,
xch1l8mmpkvcwz60a7fgzhacyxezq3kgauf4ung6vt7w27632k58325q50jzfh,BSH,2000,
xch1kvdpjxr73dwn49lx5qvs60ef67q84lw97eg6skpv2xra23ul6alsz6sy4x,BSH,2000,
xch1yn5teqjrrtlca3tshj9xxxd8uhutvmdvukl8gynj5faql094y67sq4e035,BSH,2000,
xch1ex88ewv02lzga85dykeaazj40hwtdscng6rwf3v7w4kxuqqw4jus6n60st,BSH,2000,
xch1xgcc8qtr8c3mxdmmr9vqfh4elr2vv9gmdnvfwlkcxrjaasltmafqw5l28d,BSH,2000,
xch1kftfhrjrkryumfh8e6ryv59yry7xw75zsghtdpkhuy7vyc8epgwqyz7l7c,BSH,2000,
xch1k456vcgg6pe8ertxvj73uhxdft65pe8uf8jta8v05d2e3p2t7rnstk9l4h,BSH,2000,
xch105zxr84crv4rksfwhllvwmjlpqnuhpd5pwwg93ytpwdp9e8gu0rq4n2fdc,BSH,2000,
xch1yjdgfhvle4rgttlcq94amwymmfdfj3p7dd32t8utund67r8dtjqq3393l5,BSH,2000,
xch1gxv2l5axqfu7fvu844rs6zdp07vlm977a6maafxdxtp59j4wezrq5kw9tr,BSH,2000,
xch12lxa4j6ev24m99yh33n7dhv45r53zmpakfhht78pe987th7smvkqpv3jvt,BSH,2000,
xch1wt8egkfyk6ksxnqtprr454xzk9zg6fy0s0zjvpncwnrheup4gfvqywptl4,BSH,2000,
xch12mdyayprn0zrmduy34rd37y9fs5n90kyj7ugsv6u8rxag359sz5s6mm2ky,BSH,2000,
xch1wc5a0320mdwvngn87lgnxxm7h3fwyntw5pfc98llm946a0n3mzwqwxm8yk,BSH,2000,
xch17yx23d80762jnfy096lsy5zsgv6n45h4lmuy6ce9hn3ug8nfqumq7dwx3z,BSH,2000,
xch1dfg8y2nrrrdpt6qxy0qaa9mf4feyp42jyh4jahatp8swf92dwsfqnv98g9,BSH,2000,
xch1uyl555786ll05adalntalnce7x7jp6253kzl9fjynf0xfntfuzkstfu4tc,BSH,2000,
xch15qfl0nwjnujw09ujpqv553q9glwqt849059qayky2vs3mzg3a4cqqs226g,BSH,2000,
xch1dz2c22ezs5tnh9sc5jetcjagredw3ejdg5c8my0efy475g0z0qaqpf80n4,BSH,2000,
xch1gvjqcv2dux096skxfeegx0khm2qqk8s87k72a2l2y5zxzrdh4zns5jh6ef,BSH,2000,
xch1f7ptyvw5n7lglpktedvumtxrdd4jcwseng25x27ac2jtr76hwlts03nzjp,BSH,2000,
xch1jvr8036km3wr6nhy7ph0p7v96eug4qtfxr5x6m8xlpv09g6semrsxyjamj,BSH,2000,
xch1nlj438nnq96t8jm3j042tpus69srpuq5x463afjt0et5c3qh4juqa67wue,BSH,2000,
xch1uqtw5q9ylsualnws97jz3ngt5aaezdc9ml5u3y67hhu8yck2hzaq8wg39f,BSH,2000,
xch10xwjnr84h30enrl2zth3hygcy3e57qhrerxvddvsypke75yhnhksul35n4,BSH,2000,
xch193eclt8gukqfhlhfqhvu8n4qfc8sa3ld82llt5asd240kpdt7uysax7azd,BSH,2000,
xch1m8t56fz5cycga2zr08h4zvwrrk4vyfquj3nl4fv67jjz436kcqpsxkq9gr,BSH,2000,
xch146f6knwyllggvkhxa3ydywadyg8qat23cch2h4zsywf3vxx6ep7spvrszr,BSH,2000,
xch17s38cg7lyklzwqmx62q42efdughlt3s9u0zhqqsqw4kfcg535pzs3ayde4,BSH,2000,
xch1ccp37dxmhxtzqt4ewyeq5s9tnj2j2frj4ts4lwdmv4v6dzl6m6ws4gffpa,BSH,2000,
xch1klm6mzz568ckca7mczul0t9fqn0f6han7tx8xxa54mesg69c5clqy3jx9m,BSH,2000,
xch1t5jtjmng78g5shwyl0jevup3jjqq0hefq4xmu9ht0qpef8prxmwqvnxp4t,BSH,2000,
xch1zadfkc4ye7wday70uxpdnhycphytr50dkg7lsv6v004c53c5tk5q78mnkd,BSH,2000,
xch145pk777kmevp3z8h79h4pn2lwdcmjm72kzze9yzr5zh7xu833wus2vyd45,BSH,2000,
xch1gsh5g7zu2st46djyt3a7xpsmx3kycsckdj555hrlc0nz629897sqg96qyz,BSH,2000,
xch18k2lmhrkjed772t5mm4vvmh5x7f98n2c5w9aq6p89wk3jkqmpdhqw34hhn,BSH,2000,
xch1x9plfq2hh38nwfzpxsjv49qjytfuekk2s9fr805czy3sv3zc44dqyu6nn2,BSH,2000,
xch1ehj9dqwz53w0y7j0c672h5deghcgclj3fvdwukghr78yzg3h2s5s92zr8j,BSH,2000,
xch1ugfj580y4w9nj23ntu9lvy0hph829mkmmx0mvsy3zjsk28vlpnmqrnv4gc,BSH,2000,
xch1ewz7cwfg8rvu0fptcg3rhzsuvvk04209r8p5jwxfaf0asedzcw4qs40ckl,BSH,2000,
xch153qrzvme7lwzegvr5g34jlsjyn34xjl79v55elmax30wq254ga7qrjxvg5,BSH,2000,
xch1lmsk4hqawqnud525uq38ts6528j4k8s8qhsm4m83d8n333e6lcxqz9syl9,BSH,2000,
xch1kf36kehzvtw80fuskerc43a9f9a8ee6z3uywuuglgp44n59ldcnqe48uys,BSH,2000,
xch12muncjk7ueydajc2txdpfe3pj296h8g9vd2c64u48y6gkqsxjrgq4daxrh,BSH,2000,
xch18m67mfhwcjh32r35jry6u94xukhk5dhz2qu75ydxxy5p5cve4u9q2vkyg3,BSH,2000,
xch1kn38wlzdxa26m7j5w3y2ttjej4kky3vx5khhdsgxrpxmf8llwueqpz0v4a,BSH,2000,
xch1vj2aw4c8299p7tmkx94fu282kf62hcjlw80sp539pmc8qf7ekcnqjk27k0,BSH,2000,
xch1t43jmumk8vgj5dwqx9grh70zj60ralqmhu4gxr6szjdwwezkjmgs6vzajj,BSH,2000,
xch1hc5cdp7nx823sn6creej4fa77y72tx8dtyck0xl6dxuk9jve884svt8qd6,BSH,2000,
xch1ymflmstfu2sshptzun3en0955jl6sfu7y5nfs9sqau69w7lknggqf0sh08,BSH,2000,
xch1r9zrum836jq6z8yjy2glhelsdaw64dvd5lu3k66naygsmn3ap3qsegeysx,BSH,2000,
xch1rr0kl4j6ww48hmxxj0jsg4qq2juzavukes0lm08k3c8saw87ewwsff8kdv,BSH,2000,
xch1c7mv9v9vnxe29hts88acs8cj9h8746fq4v3483jhlp9fyf2reh9qkrvxna,BSH,2000,
xch1e9zv5mhqe88jah6etwvqv069d4ygjfknj53a6pafvkxuv3dxmjwsyzdsk8,BSH,2000,
xch10u685uh5vvtazlu58rwr4m4t39qd02w6qu94ssfw7fkv50g2a4aqkuvt02,BSH,2000,
xch1lag27vgqf6xk0jduhurq4ujesqatquwnguxjw8vt8kkj65fac4aqadgrjv,BSH,2000,
xch17pxz8tccay9ytec8fnft5lhelwuzau2ycn0rvqpn3wge82crgz3sr6vqj0,BSH,2000,
xch1jnl4sycmyw7hc8sgdfrlet56s5qu4h2veg484vfl00ps3exfqdts0qfjmf,BSH,2000,
xch1c4f4dgeaggnacyhgp2fphrjfr5pgxv0793rh82r9kxprhcpza9hqu85a42,BSH,2000,
xch10dj93k4qpcu8773pfcyhmx39yay47nzyx5x9ju87ya95ztlfjv8q40vx8f,BSH,2000,
xch1t07w3me4wg85t0gvwwwyn7t8klwhenu73fgs95g7zxn2ru6xlvtqtasv23,BSH,2000,
xch1wk7hnj4dj8yzf554e0j3y4rymh8h9l297nwxv2lrs99ka227m76sfmc4ky,BSH,2000,
xch1x2kgsq8rzljf63yxg9qvjyfmaqzr3tl9nn0ykse78frz78az3tfqepamlr,BSH,2000,
xch15j5rdvczmk9h9ed2x80e9y37fa67xzgexlqghcekxw4hsvxgwhfqajehfn,BSH,2000,
xch1eg3qeajxvkyac6e8lypav6wj6y9g2kn8hc0m8p7xrc6acx2u0kmqyvd3k9,BSH,2000,
xch1ncw3rvd39q73qzl35ncwnzwunkld0n7cpdex5uln0ylkwa6mnjaq9gs8ek,BSH,2000,
xch14shdzxpel3cyfak2llrvjshm5rs30uq0uxupx6lwv5h9hevp4plsfj5qfd,BSH,2000,
xch13884dm3p26spr8a6fmkaxallwxl64j0qfzk5vptwh7tdzxrd3htsfngc4f,BSH,2000,
xch1l3aqqn9yuay23m3w4adfunrf4ndy6y3c3z29ta8jh5872v48lk5q0wpva9,BSH,2000,
xch1fe2dq82u8drx8ytt8w2899lsp30tnqdqr4etj59pj3l28umnm0jskwx886,BSH,2000,
xch13wpcm7kezu85a7du5y52w25qk6eglza2zrkw98fjgcaff52gdhfq5h8hj0,BSH,2000,
xch1cgsgzkj3jlvfert7jkhkgdnm3rxjfnl88gwce8yf6eecnj6mcv2swh0m8z,BSH,2000,
xch10nz8htqtuhyawy78gtspacmxa9ftlm07pmyd2qc8d4v60ahqx8sqr3sr5c,BSH,2000,
xch1v0nyzrgv2amp4yfj3g3mcc339s9mzuk24uchs42hulgwn5lt6jeq8mnpeu,BSH,2000,
xch1yyvkzyzt07qkd9ujw7q3fncrclwfwmau53954munnarvxwkjmu8qpx248j,BSH,2000,
xch1ucu48sw88fsavqas67u9hvme78ktf3fajjqk5m9n06ffkqqlmxts64zp5p,BSH,2000,
xch1wam8gl3g4m2gnxyegwfwx7jpm6962a64pynl6nqux5fhnv67lk8ssu3msw,BSH,2000,
xch1f9h84wvah83mq94t2cn6zkrv7qxw2t52a33zdqa7nfx6j27yhntqcnpjrw,BSH,2000,
xch1jhpflyrav5mur3049j9v2wc7nj80n557sppd7g52aj87ft4s652srum9mz,BSH,2000,
xch1t854u2mpwym98m4hu9n6calrwcpqphzn6mm4rs5sajd0sa728whqzlnwaw,BSH,2000,
xch1fu7q5zvs8n92pxq2nuct9l6vfxnntwxs39vnunvv0f73gwux3s4svlpcl4,BSH,2000,
xch1g58f8ftuhg635ahqmk69tegdjajmn5pcrgck79r8de9ykmngcz9qm6xc4m,BSH,2000,
xch1ghwr69qtdyxawg6gqnh5vc9kft8nv0m9h4y8ee3psygegc8p4vysz89s8h,BSH,2000,
xch16pwkwwy3sqmcpx499f4cz2cme7c9dwzrvjrl87m56ejtw5ffnyzs044drw,BSH,2000,
xch1hp2ctk7heyq57j7u2hph9pxpz63l9g3gktqxpmey7dckkkdq2flsls9j5g,BSH,2000,
xch1ud6q7w7eyzdrwtmd38z0ltuvkypcd7v4k8ptxk3c9egfpt9tfc8sykn88t,BSH,2000,
xch1a8s0cr0aj05w9tmjg4gfqt96yjsju7aj3jk6ts8l3sjyr9h423csuhec47,BSH,2000,
xch1rmvj2t70su4y8jyj5zv788jc4heuf9naat5sz99x43y69vj6la3q047xxy,BSH,2000,
xch1e8yscp637avzzrqrvncj7s8hvk6zlv6zftuxhahg79j68nhtfe2sj3zn63,BSH,2000,
xch1hzu9tm3szcq3hgjlt9knrw36a6uf2xy7kznggwzc30ck4700d6sq08mcu6,BSH,2000,
xch1yf8sz3u5v8skeetzhcs23c87nfwm33ty7wuj0zm7ytk7c2qtedmsq0qp9r,BSH,2000,
xch1u9gug54v7jhfr5dzw0arj2h9x5rmld3nskv08nw0ga5sxdeqcensy3ukqh,BSH,2000,
xch10v078vw9p7w78pq5hyxqg0x4wchadc72m8nz68xg2ztcn80pzkuq38wtyh,BSH,2000,
xch1skaqmjjj2sa87nkmemg7a44kkkh8a7mrv20gz2qdxam6505zu4mqnk99fl,BSH,2000,
xch1gla6x4p76qsch480cmrake44r9pns8da7zles7rcl07a5qsu6u5qq64yzv,BSH,2000,
xch1crpnc48yhxw4w5x2xswds97lzppcy3u326y0esnz6ate9lh6a0fsr0guym,BSH,2000,
xch1envwr4mp3s3svp503l32rrdk9zn2zk7nkrj8v0c8perpzu289kqq9zwr08,BSH,2000,
xch19znq6qtmx3g7euuxkclcw8gpqtt9a8ej67kkkppz4pawwl8c6x2quq8hza,BSH,2000,
xch1l85x20yhqa4cj7h4ltxwulx6slenxxkmgd99jxjvkxn9nwkltwlq6c6a7a,BSH,2000,
xch1k6z9cjxlved33xytdhg8j3fjarys4pypy75t700wa96dtkejmensurfnku,BSH,2000,
xch10n2gy7cre9p58sjcqq8a54nqqmjn98gs0j7fd9qle6g0fdkzjsqqzcslmq,BSH,2000,
xch1jsw80fl5muv0g5t93r0ax0h8qdcccwslga88qypy739gg4nu33hsuu06hm,BSH,2000,
xch1rnaq7ql2c2s70uylaaar6e9t5l3jemlcxsamqgu0ky8fdm0676asympfaq,BSH,2000,
xch1du9ty73n9sdma90m5t3p2pl5h7fcpxhrkzt4uf8m6g5rf7p8yw5sarkh0z,BSH,2000,
xch1h0qvl0cpq7k9py2cqgp0v8z4mmkypvvf3fma5fj0jfyf5nsqv3hsg3tymz,BSH,2000,
xch190j0jejxyvstqzcnakgvjtt53p2j695jee42t0jr4n8y0dgnzj6s9g3ztp,BSH,2000,
xch1hjvutnatn7mn5spa0l5523w0ylgpqfknrq00pdm02u65fajcpgas5g7nvp,BSH,2000,
xch18r55qn475u3tadr6zc2jeuqc8vsszkrngazsctymnhfv7gfshmaqqmvcvh,BSH,2000,
xch19qa0387csmtn6s6azrmf7d99ut8u8czshaqraxfff9wm9eectvgsrpf4gw,BSH,2000,
xch184x0q43dyn82grqfgqvvksueu8cw998gs09zdp4mmtfh8xw5fe7q25xyv6,BSH,2000,
xch1yclt7ky852heyk53lvdq8gg40et00nq620ld3nx8g6mx5qanxl5qgsfx4z,BSH,2000,
xch1vjf3a300q2eyg4sgwtcuqe3277xxtxkw8dz0cjhlauac5xc6q4sq7rgu7h,BSH,2000,
xch15r0axej8zdnpcg6staz8802anwkmaszf9ex3ndzxl48qyv79qerszntucg,BSH,2000,
xch1hmpakvmq43d0mlkugv04w73zxfjqadkld0d43kq7pnw4dsxd3tkspps64x,BSH,2000,
xch1e7a5rk50cwuw0yf9nkzsaax8gqs9w2capaw7pn6q3dhzt7h9lk6qxxgnu9,BSH,2000,
xch1hnrqzqkwqxp89h3nwmw0ycp6gtj4y746dheplquelfyda4lmph9svsx6u7,BSH,2000,
xch1jjsq26u9vdrup38258hx50m9qjhhu5tretfkwdgfek99tmyuhevs844duv,BSH,2000,
xch1r245q0lejlcrpsrckf5ffklxd7nu53hj2y628qxz06da7kdy9sgqzc58hu,BSH,2000,
xch19frscawlwp0jd079zqkf6slckx2wzqlfeg9rm6hhk2kpnksuvysswtngwm,BSH,2000,
xch16x3jqxt6pd3yn4hk9fvpgxlknu2vj33f0wdk9nlmm2ymk2shwkjs9ndal0,BSH,2000,
xch18zfvv2va8v7r0v38pmyu34jhtxj6ju7nh4fnssle5rpzkxlmanyqmpc44p,BSH,2000,
xch1f72zk52uec7294dtp7qe55tt58k3jn29vkzpxeh5rlht04u7prlqrrtpwg,BSH,2000,
xch1ztkd9necjj5uynl69vdf9cw3h9dxt2h4lyvqthza60xhk6gmr7gq5egfk4,BSH,2000,
xch1f5zcz05ygk6440p9yz4k72eql6u7npn6n5uhldc2mh3e6v7yggaq79nnvt,BSH,2000,
xch1rgdhfft238p388m78juye04nky9fpu450xtylgz3wd0e6mgp895qfmvuwf,BSH,2000,
xch1y62gw8cmz7594kzjjcekmmwtngwz9pt2j6xkj56qvz8c2dvtxllqrn9dlh,BSH,2000,
xch197tapwzhp4yexfnpgtm04jwxv55lpczfhe2kuvm77j7c9qqqpk4q3r8p4g,BSH,2000,
xch1y57d0ur4puc8kjxhkdjrv84tnadzqwnvesk00j65znx9cdrfywqswah5zg,BSH,2000,
xch16e96v4vgu6yh03x7ne0wr5h9z8tt3wnkyzd389ew90x6fjyx4uesj5ky7a,BSH,2000,
xch1s5frn6pjhdg6nsqezn0knqnuckmg29xctzcuq2wk8r072gvxjdmsfmmpfr,BSH,2000,
xch14m5n93cvkmwnnlx7zsxy9583l5kdapyaz3sz0lj3h55f3vvp0l5spxde3u,BSH,2000,
xch1avyamvprgxvj0aegdfheaalmgn2y5s8dry3z6cflwhahlmllcq8scglwq6,BSH,2000,
xch12p8h5ljfdve0446cwcmvnxw83m5nlf8ugugf4qgm0v2azcy8sfasja38tq,BSH,2000,
xch16vz9d57msnl4u0sxaxfpshey7k0md9s2lxfkv4v9y3d7y8rh4zdq6jmfsy,BSH,2000,
xch1fvkfwvx6gzal9r7exkpuftjc4yfrvhwtm9p9uvsz8wd3639592gsh3q2px,BSH,2000,
xch1z9ayh2la6ynlfv054ur59h0zxhfvpgpmr397ud3y0avun5dtvzfqk3m5se,BSH,2000,
xch1u049rrklj6qcxg0rlznjqtstemed6t0fh8eur6ga9jxkgva5zjvs9e0ygd,BSH,2000,
xch1g64g2farkdqum73guu0gd3c80a2zazsjmqry9jywpchuhs357vcqkz9t8t,BSH,2000,
xch1505mrkvf5uam8dvgszkp03sa2mpwvzrck6zvpe356w22khx4e9yskjfupm,BSH,2000,
xch17arckhpgvmwdtdh7c03rmagmrurk049dqmjdxxkhefaph3a6fcsqqdjasf,BSH,2000,
xch1ezsdwk2ghyeje0vugehprhy6fj8wzl4jqhsyrgs5aejw4sflcarq6engur,BSH,2000,
xch1y7glyvr9rx6mm9yy2243mzta36p60rxh5akatp2pfe9cx7am5gzqkx5uja,BSH,2000,
xch1kxy0uk889nz2ekqe46a96mhr3ueh87c99kfz7jlty8g45dx2y52sy5ptx6,BSH,2000,
xch17v9mcm65h4rtlr8259pjj4wfmplqrp5s7edzp2n0jwxvzfmmn2qsfckayt,BSH,2000,
xch12f6tgfw2jwacl7k9mn2z5tt9lhpkz5eu79rcuq3gclmp2s5sutrs7v4n42,BSH,2000,
xch1sz4v9lp6q56gwkhhe3fuedjg2lrtx6032l8jm3dumqfxmlv0f76qe00dzt,BSH,2000,
xch1s5x268xxjw24sux9jkj59y2zkejyy0vpl88dxtkkz3923092gunsvyc527,BSH,2000,
xch15wndra0hawstq0483ehyk32e4am32nn07c5x93rqz4x2py9ges3slu4df0,BSH,2000,
xch1dcjs46hnjf6rerlfrg5d74dw96ljlh8cqlpfa6epdnyzhr9lee2szjxf83,BSH,2000,
xch173rgg6j662rafhlda3pdn0gquupv9k2slz5ykjewgfxm2ms7zvqs4p9qyu,BSH,2000,
xch150d542447n2980jag4c2gupy3xgqx7nnlm5x7dqwstep6tzt28dqfl8st3,BSH,2000,
xch15mavy86spjtg2xdg52jtu4gtun27rslql0ydd697x05y0pgzck6syx0al7,BSH,2000,
xch15j7ax64qyvdtdg07katyqugk48dpylvsj7gvgsnt7myp8jml46pscm8mp3,BSH,2000,
xch139ggcc0fhzqa00fqqrsh5ac3tgzece6258u2qnyk4adf4dq8rzvspzdrme,BSH,2000,
xch15dxuhq0rnurf744c7mwwcz0sgu7wtf72a4ktu2aqrkcphh3303fqulufwx,BSH,2000,
xch1r943e69p4mvvxztdfjcc5jdghs5mfvl07cthmtns9j9wfmyjg0nqa9usuc,BSH,2000,
xch1zwkhyj6dmqc70k320z5mck8ewu0twh8rr36kpx72hcsq2xz0sjnsdrsk9w,BSH,2000,
xch1jgv9x3yl5muts09dnxrkqjk0v2vrlxesdhwd26t6duvk887dgyzspmpr44,BSH,2000,
xch178l84xmkftjtejeqvnzs5qqw938g2g4eg0e09wjaecwlun64elqqpgmmu6,BSH,2000,
xch1vae59ans8dkfxewp0ftj9yhevsyxyqm73jkelvwytsqacc2g8dfsfmh2gu,BSH,2000,
xch1utsxmmp9j865ag2m0h8kzwlar2cw0zjm3ggqq75dyay8kwv82t6q802dhx,BSH,2000,
xch1rcnyfkutxv7x2e6469gklq3vatc26vmc3atk22gp7x27skfmdcwqff9ksd,BSH,2000,
xch1llc7lpujvdks3ykwa85z9cs95mleh28s5gq7vj3fu9fzzv522v8s8j7u2x,BSH,2000,
xch13wxas3cduwanpmn33lgnn5jfh7sn39nxqjc26ecp3l3fu3vyngfstjmvkg,BSH,2000,
xch12nh7ekmh5mqq957ugnxk259f04xp977r2n4n54kdg0pnvazxc5kqzzgw30,BSH,2000,
xch1s75484jl9hy8c2s67vx4w030y75q4stvw87ch4wclah97ky07cwsx025wy,BSH,2000,
xch1kha5w28yfh2mm6s6edxk2u7ay6gst0ag2hajjwzgsdlm5pyplkdqah2r3h,BSH,2000,
xch1y0n84dn5qnm427hmsal86dr0e6gdspjz226ld4kd0swfpcp5ltlq2az0r3,BSH,2000,
xch1vfw3j4h2h84kgpmky8lgrv5gc92p2eyp2z2kmtm5n6gu0c3nl3mqwsqn0p,BSH,2000,
xch19hnwgvqwf4w20kh7cp0u376e5rxz6rrl5yyz94zlang472sdklnqlz0f03,BSH,2000,
xch1zauhmpysu4ch74ut7an8tnfday4hrnlefg58km7e3rug9peyjfksalj4a4,BSH,2000,
xch150w2nfjmeu3akm2p02a4u9gzhq2rcdxktkqjjk7yts9fkjmgmw9qt2x3dx,BSH,2000,
xch1lezhsp3p695d25hhw58sfhszj4mmqu2wfg2sdtp9kn5fywqc5uaszju6fz,BSH,2000,
xch1ja5ucxzu2ldtay9l2ssw9l237qw945rt7602t8f22qyku4fcy7msz07gwv,BSH,2000,
xch1jwpl3gycfwt9g7gjgfzdtvwqun7rfzte83xjzrkqs3efs4xn3pyqyx9f7g,BSH,2000,
xch1d3ykckhm4sgkauaunjw67uk62ydrklkfygxvykaug9te2mjz048qaylw89,BSH,2000,
xch1k3hph4zc4lkcu956x8usptxtrka207lqyvf5mj2kxz09dngd0rqs6xxaxf,BSH,2000,
xch162aqwa6tyxk506gqjh2ey4tfgj3vtcgvgld6mspe6hxwnl3nlh0q5tne5a,BSH,2000,
xch1lqfc2rwf2jtzqz0fj902zdjdpx9p3zhnrfaqkyla257kf9afcneqpm6709,BSH,2000,
xch10rlgjd93258s8j0yr80waczmpqful4lean0mnkl6z677qghzfevsr0qzh7,BSH,2000,
xch1fzl2290vena4mmkw57vy3tfmz58p8lrla2yx8glkh4y8r0kcl50szsr7zk,BSH,2000,
xch18r9nfaulq72awt8f0ccdhmlymn39afw3x4pv97ljk56p2363emmq57h2h5,BSH,2000,
xch1672k27yd950w26vmp8tt8ugwvkdmrnwvrdd0wa3stglg9w7szc7q8dh4fr,BSH,2000,
xch10waykx0wpwysr88l63x344awhh4z3y6htl0q00l6f27jcz0kqppsj8nnhc,BSH,2000,
xch1na6erxtmfl6kqa7wlemw56emmafxyt3yxacdwaqnahvhd2tswkeslvsnn7,BSH,2000,
xch1wu2uc69gyx588md0e9r0auher6ng763kekl3gpmkf8jm8xsyqwpsvg9z9s,BSH,2000,
xch1apetqx8ekq3hxucl3lxx58kmlvaufhfj5j44xqqpghzzwvu4mlrqv4n8qr,BSH,2000,
xch1272sds3t3r0qd85jl5e4kf985el2pvlvk0ggxnjcgkl5726k45hsxl9d7x,BSH,2000,
xch1x0t3yl04tl5ynllle3a0pfv2whu22khdjhh39npaec7pfv88xn6sg8rdzm,BSH,2000,
xch1uf0j3w74ggnhn5auhlra2thfacdvqerp545zj32ah94jah3n5yjq2pyjs7,BSH,2000,
xch167r4jlspa9yg0zq35ks9uq3vwfusdawxludfs9xzf3emsaxljq9s39nug0,BSH,2000,
xch138dh3s98razrkxxk3ajga7n635pms2cqfadxxwn60seeaqgwk0dqu5ev0v,BSH,2000,
xch1x9vd0v2k3cvsnr84dh5tfmkut0erv609mmjjnxaeat79v0mu870qfn0lkx,BSH,2000,
xch12llmh979fewlqkvjr82mrhv5n38us5p8xcupajp082q3krvyxx4s4gnrdv,BSH,2000,
xch13rzxga3387wvul0my2kytzch78v482wwe54dwqp20xzsg4nn5vjskvdc7y,BSH,2000,
xch159ndp0ns9ayau4g6l0ag25ktju7c4cc5rxy5yw5gy6f9w4x4nxyqdtwn2t,BSH,2000,
xch169tzu74x0lxe9vjvdx8t26xgr3d8n0fywvqjq49lkg6gj00l9m5sutm8sg,BSH,2000,
xch1urqscm3mhgvgntrrzhn3uzsude8fljwc7e5gwjs95sn9u6aklzfsxc79nv,BSH,2000,
xch1eazp8y698ryk3vlenlq03zsjlupvr7ef0zg9l628s2lz8klhwwtqaswn3w,BSH,2000,
xch1tpag0ulvhqdlk6989yv9a6ywgkg9tm9s0u44uzqsjx37099e8huqj7vma4,BSH,2000,
xch14jyp9pq6hwsc9zwyxdngw05xuuwhyzg0tlglmnrxrtp0hcup9rrs0vef68,BSH,2000,
xch1ntmlnmay8eyp7m3u8yr27zuzudrsg4akt3aspf05ws6emacv72jql7m4cd,BSH,2000,
xch15rp0yvz7d8gdkt02ukgs58jmrk6v70y7umgq5jmaftckw399qh5q8qtzyz,BSH,2000,
xch1y0k550knnfllvpe8uvj63lk8tzhpwd69vpu3fr2trpaqn63klqfqxh2dat,BSH,2000,
xch1x4rrkmk5v4xj2thcsgmtrrpmcrlrns32fvs4zmmyxa9jqejf879sdh92dj,BSH,2000,
xch1kpefgvyk237ejf6auxc7hv2d3m5tgctsffp8zkkk4mppfnhe9gfqzwvynn,BSH,2000,
xch1ymgxs4cfe4cc4x2hzn3t3eaqqz57cpsz3qju86vrdtctvjcvu5ms7fy6xu,BSH,2000,
xch1va54w7zm20uru325tyx8n5juppej8ef9tj6ma8hfh66n3mr2hhxq8mw0ff,BSH,2000,
xch1hrugaz20ma5ha2xvhyueuxv8ts7z3uznm7xmfk72290l0skjppaq2tfqle,BSH,2000,
xch1rq266cqykyhpgr5xveyuslqm8khv7zpme06p7sef4qhjsg9nhzksk6mfke,BSH,2000,
xch12g2604vq6knujq7ssctk9dp9l0xrucxsll498eg2ttfc062kzvqs8yjpyd,BSH,2000,
xch1yg84kwcvd9g6yw2tcx3wc3stex6uxmhnw73eq6mqv9zusf56560ssfmu7z,BSH,2000,
xch1lp9vmeqnly6kjra86f70w85dr9uz2qcnftt5qzzcxlu4rnj4ndks7n3et2,BSH,2000,
xch1cv7gw7qwxpyuyxem9l9dvwjflqmqtkjwutuhk3yhahqtuq3xuakss7dvck,BSH,2000,
xch1waxkttqswxyex3hc7kvu88n0vhsdmyyj2qfspwgaxd968m0v3aqqrpg5sf,BSH,2000,
xch18re9wjn7d2llunnzhetnt6yek8p6gverfgckvxtqd7qdg6fhnjrsacdkxx,BSH,2000,
xch18r4sskmm9463qj3g3ttuqp8egjy2jkvdecynl039gm33psg54nes0xcm6h,BSH,2000,
xch1umxgr5zj9zuy0lscp6xds6zjga8yuaj9lc7ds529v67lhk6eyncsv2fwtn,BSH,2000,
xch1kwkl7hhv4c8320ayuc2nch6szw6gfhcd9du83v8ys45v4uum4cusg5uc36,BSH,2000,
xch1mdlrr6jcalxq3dggzu5c0rr8e94strd0278nvjc4nhz9zhy79zaq0fj6ff,BSH,2000,
xch1lhwyvg669rmm96fxh9yf243pk6yav2eay0f02c87lvkhcaz484eqjqflhj,BSH,2000,
xch1jxk2gwxteed4uzmexp6qzwtx6nake8tfnaxanumuaa93hkhppp8stc5xln,BSH,2000,
xch1ggqhvnkq2m7hdtxy00kfq4f0k463qnnt9nt768x2jwxz0at0q0fsqvhdjh,BSH,2000,
xch1emn4lnrgynjk8usq0kgalfkh5hcwyvymd9d8st0wuddqzmkdf4fs7uh8kk,BSH,2000,
xch15un8l7336lqw5v32hf4gh3h0sxszwnmd6w2vg63j0j7yyalrcypqqyuk20,BSH,2000,
xch1yrmgre5frjvp2xxsxa9jere4h40pndng3sdvzspyjh3g72q4lwcqq9ucck,BSH,2000,
xch1n53yuhnvu7lxn4jqu8zx76kpdg5w8pkcj6cd9xrxfrzqwm6rls4qwt329n,BSH,2000,
xch13y2lxarxfl5ewyvx6zxs3h7h37u2qfde8eaey9u5f58v7x94trhqxa4fzr,BSH,2000,
xch17edv0q459vw7lhtuev9lzzm8za3azfs3e7e6g8zz4squvgmy5lts4s0cg4,BSH,2000,
xch1e3gghuxz95gd8n06gnl37dfcmjf34up9v2920v8uvgg7u3u63lts9uus4f,BSH,2000,
xch17pju5c3lk9a5snqcchfqk6hf90ta93sm90qxl3jku37pqkdvzh2sd9z0v9,BSH,2000,
xch12pk5refkyzsr4gq2zth2892lecuuwcy7lgfxlww0vnsd5rjcsrmsj53m70,BSH,2000,
xch17zx6lu2zcfzwdx2tqprpqreneflf80v7qvcnph7nca3scdvval9smvrdjy,BSH,2000,
xch1xx20llryj8qlwtude2v8ljsyfjd42s59emkuhmr9k0v703gd6w5sf2y774,BSH,2000,
xch1kgg7qql437lj2qc9mush0zktqhdn0u7atgr7jgvwj98e4nk469gs5ttzte,BSH,2000,
xch1a6k7l8lzkml22gk07nf029gn59zy84q2k6e885z4x7ltjfuq2q3q3xm08z,BSH,2000,
xch1dgy7exr5tm689jl75k65pyeuyglp28phxrlvv0ph5s2xczd6nl9su4h6c3,BSH,2000,
xch1zr6ftk50qg4mxnp2z2eevx2h0x454cxwc75gxcwramgeu22et7ns5m7q9c,BSH,2000,
xch1t66rmeh0atjgnlfp7u26fsf8amwh400anu5je48rn9ayk9aqr74suvje5t,BSH,2000,
xch104x05sknk0damk4r3t78ry5ypfcjpvk2rlt9zs8wfwsf6euwd6aqn9lw38,BSH,2000,
xch1ayvty2mgjpzk37rj07c4kzdq3v88g05kakgx2dfpgms956tfmpns9dqftj,BSH,2000,
xch1vls2cmsva8zzmqgm86xgqj0chk5aalq45e85dh9m78mtdp89ljlszuc6rq,BSH,2000,
xch1yzj2faws6k4v484tt57uafchth9l5f5gjthnp5kf459jvdmtlv0sycy2l2,BSH,2000,
xch1dhgylqq4fsd0des5kk0n8d05wusnpqk75xfva26fdpazcxltfzzqjw7z5h,BSH,2000,
xch1n7cg93f6ek5ha47hq056zxcsg7ycruxmft8mpmkqt2ks0fagfyhswtvwu7,BSH,2000,
xch12rrcc6dqcpyk4sjs7nuewlj9r9rsl0cvhjqur9q0cajxw0ukud2qrjyknd,BSH,2000,
xch1vdpshrql0w4uxj74sz4h495zpfxjyleyvafyst8s76azygt06yssemn2s2,BSH,2000,
xch1cj6hedqgu45fs0h0lqrnhq4jr39gujstyf48efk88sv97ypy7teq7wseh5,BSH,2000,
xch15xhft4k202de3e4v4u90q40508dwcnhrq540z604ralr5ayv55cq0z9nxl,BSH,2000,
xch1gh8q0w9tv3p3vypz7wgrsql4k533mf9un3kq80yncgt3kc90ur9qa3zlsu,BSH,2000,
xch1zjah6nkekkxkk99nzvg577gyvl0kl0eensnh04hf39mqv5z6s8rsz6lfc0,BSH,2000,
xch1m87ycyp3uumkmpk3j3dgdua099tqd4mzh7glgdfpngtplj7cacqqq4uxwx,BSH,2000,
xch1g4nshu3uyamzw7ljrzrd8cs6w3rlxq0xq89g6tuhtwgz5xajanqqc34awe,BSH,2000,
xch1etx3emq8599c2waz42lz848l9ak0smtldr3uhphk542zpneq7desv4snzu,BSH,2000,
xch1t7m7v0v0hht8dgrkaanqq94h36dmw67fkuztl0m08yc8pjz9au2q0khu45,BSH,2000,
xch197vzwcc6guwnafwk6z0qtjq6y0xernwmhpw7zj3jqds8jeg6g5ts9egx7l,BSH,2000,
xch1wt3kwuavv937nemqeh5n7pf0zkt4kfr7e77g6q64hk4xmwdxu0ys5v92r9,BSH,2000,
xch1856f6pm66smawk35jdxnqjt949cgc9vex4rsh6559u9ts8fpvqwq8fcsua,BSH,2000,
xch17c9qdr6veu3x9ug23tg5j6ffmq952zrnmzj2vh2fwykmm7y8mvvqtxw8g7,BSH,2000,
xch1nzkke6330a53f4gw37ysqs9f9tpkcl0dhzrvw0axcf3n3h8m9zesvvd4ms,BSH,2000,
xch17l2zy85cnnxya292w6gp2wnckpj7vdm6nte7n4xkrqwcjlwhlz7sjge3qr,BSH,2000,
xch1609derej8xcrmha64nftyqmrjp8gk7kff7cc4c0lmk84qr5rj56syd634r,BSH,2000,
xch1836s6uux4t766rqldrwztkqqhs859wye0aflqq23kjh60wslw0ssxy3n0h,BSH,2000,
xch1ka22nq48zkghldu6n7c3pa5p7xpe5m557f3ec4fj7r7julmf5ylsdkknpl,BSH,2000,
xch1mat8230rw6fzxnlw79enffzysnjnzzr7vh4mnl2f7e0gu8sa5lys5rtqpw,BSH,2000,
xch1v0mksddt8k6w4826l67tpgcljxgpf6xykn3s37q072rrfpeud2eqhrtj4h,BSH,2000,
xch1842w7ny3lyyvxydpagfqtjzu397kwzwcj46g4t5763p65xrkrdzs7f8y3j,BSH,2000,
xch1wxrwcxdrfn0gglvhmzp4u533fdgsd92t3n75xd4534a5k4nd8s8ssr3uaa,BSH,2000,
xch1se95zrk7gxj7a2auxyky9vl7ynrftchkdcdp2jp7eqcw49uf679sh9rjeq,BSH,2000,
xch19ckjndn0ydzue22r3w9f39ptndn70a5ly46f8zym053n3c53rt5qmug0y6,BSH,2000,
xch132w3sr9vqjg3ajtqg7zmms2yh4hgdv3d3z2fx3zlevm34kw84e7qgr63fj,BSH,2000,
xch1zssmfea0v3z5p782q9vneg5te4kex5gvpg6d35ue5ck0ez7nttgqdkphk4,BSH,2000,
xch1djls9j40w6qds3e9xprrcmtj845g9zaf8ft5hut6awdtpx7l3z5qe7ulxt,BSH,2000,
xch1cntpuy7w3h6785yaeuym5x2e85waqx6ajh3qeyxpv7hx6y97lzns6uflfa,BSH,2000,
xch1f34t5a0g5nn2qcaqgllcw2xxjjg600vg68cranu9l3lp3kw84jcqahervm,BSH,2000,
xch1c9uj0mdazlqth7qq9hv9zjkf4fm5arvagkf9c5wkyc4agrh3seysme23x8,BSH,2000,
xch1x8ey6nwcq9pl59tgwjzyk8ugnt3wtgaw89r0m4xy0lfrm378gupqlap56k,BSH,2000,
xch1tdgp54pddwkvuq26u4crpw6my0m9nywzdvvx64tjxup9sl8xr2pqgxat4c,BSH,2000,
xch183j95yuxg8y0up9hhmkfytuledd6xc3lh90m67vxf4zq9m9rk9sqluwcjq,BSH,2000,
xch18f3tkfks2dv5whyrwyvse5syu9yrv0vmr0360f8arzayzdfzvjhq8lmfnd,BSH,2000,
xch12umfwjlnw6wtekm68xp7vhupqm4aw8ypxaajesh6fwk7s3ay4ssqyc6z3a,BSH,2000,
xch1ljfvnuj0ek3ctkfhz76kx5pvwsyhxk3rdk8fwhe32lz2q9qcxpts92xsay,BSH,2000,
xch1wvu7snx4cek35cp7gca8tawg6fsvf7f7n0z5ytsz3sqmspcuwzjqk5yx06,BSH,2000,
xch196n55fztuf0z88dpmm6p5sq6n2zqwzykt0fmgextymmzu5yu0ylsvuu9gm,BSH,2000,
xch18yjsj5puukh28qj53489vamde3u74fwrcpwkwq0w9lvpwt6z06aqsmcywf,BSH,2000,
xch16peklwl69e033zj3wdm9l33llv5n8xypwrpdpg2anvutfjeynzhs8ssy3k,BSH,2000,
xch1scl2n2hrex07ah6lu3t3kmj3s8r9y6mfwvczhjmmf97ll4wk3mfqpgppc0,BSH,2000,
xch1hkrlqeyca82tx7a0rz62jlvlvfsptnre0gwc3pr0wz72z4vk8hmqtsvlk4,BSH,2000,
xch13ynm72rl309827593apuxsz0j2vfkavew4z25s6trnqfwm9chzaqmy42z9,BSH,2000,
xch17gev4nsaj87ukes2xmjseupjkrg6tc7mnj0w9t56q2y8yc4p4z3qeqdzrs,BSH,2000,
xch1ypechyzxev8a280q8g97zwlyulzekxuwqq02wnek5ef9yapwn8wsu64fx5,BSH,2000,
xch12gnyc7zpth92eyzq9sxp30nt2fze4hl0y74l8t65mffrlfw644eqvx5k8x,BSH,2000,
xch1lwv8vp9t9awg06th7sv6fql7vqrk9eued45lxyyrzqa3u4wu6krq48dl8x,BSH,2000,
xch1gzn7p4lt0ysp9rpe4s0mpp8dwy52ux9wv0h5preky8dupylm2jqqx6d708,BSH,2000,
xch1jes8srtlvc2eltnhcu0t0pn3pjeswmzqg4f0gsf0nkxt3cgmgrasj7j3q3,BSH,2000,
xch1409e6yeqwrt2z0tn47f0dvmt4gx25xqruu97xkczwxm6l9uv2c3qzk8pug,BSH,2000,
xch19g99j8evjr5puaeaq0e75yz3qegexr3mgry8290m8gj9kxvd97nq4hp2a7,BSH,2000,
xch1jm7rjegtjjhxaxe382r8njfduzd9ytph9rjzgd03tpwkh58h5qfsynpna9,BSH,2000,
xch1kkj2dra4en7ykh2av625hjmdzyrcft6pmn65mqylkk94q7sl4k8qfc88k2,BSH,2000,
xch1hyxlxprk354s5dzxfrjzxs0fh9l4ffn2n7ez4yvq54z0hdmsqwhqav9wg0,BSH,2000,
xch16s3fh0fgtm44j03cqyrypek8uuj94sah9gk097xqxvzrmxruhffqyen72d,BSH,2000,
xch1r2d584qpfr22l8h3fqsunteanx7k7nm6p2utwzeklw89vrf3tcvshc2lk0,BSH,2000,
xch17r68veacxlfssza85trhps0zrs0fhn8x9qt9pvllxfrlc04vklzsklfqfv,BSH,2000,
xch1r2dfwc9xkywgkfct52zn6kg3cqm6lnyvxg7ggjmjf8xephpljvvst0yvwc,BSH,2000,
xch1scsadkj7wfhwk696mn0ju4chn79rhjehtjldlyr348u3ymdeuxxsyggu7c,BSH,2000,
xch1netflhmhlakvkxy3mcwujm4q3vg3ancm3lnn0fxrv3e8tjsjtwhsljtlj7,BSH,2000,
xch1zy949xt2hpjr8rhwc8llgcdxxadmtgn0f99k6j7zj5cqakuvlmpsc9rk8h,BSH,2000,
xch1kt8mdjs9s8066ucl9t4uyrnzvessa5n4z646rcfhg5gnul67rcnqzm5r3p,BSH,2000,
xch10t9em8k8kjs98z07rfjezs9szt3wfepqya0fkaaxucj8sepr27esm3k88x,BSH,2000,
xch1ce3ew8mwgwa4kcz4zy8ru0pgsjxhep97gnpmfua9qr2rq6yg7n6szw3nl7,BSH,2000,
xch1sg5wvr2rqmlzavsv5dla7jvl4v4asuglrdsjc3jv7892yuzlzv5sg49j72,BSH,2000,
xch1h0sk2jque4ac7y008y06ekak07zcz44kzlg7myc5u599u58g4rmsmdluvu,BSH,2000,
xch1nkc5tyd60x3z7a8qqd8y4vxuljy9nlnx8m24egaza88khxucumhslufkwd,BSH,2000,
xch1a8m4wlcy946a57yt4tkftz8tdm84hrw5mmmqclm7rfeknej8uf6qyrnlhp,BSH,2000,
xch1thl6mfpqcz7vvl6euzz9tejc6d2exrr3q0m457nud3xwhen6z3msynkqng,BSH,2000,
xch1xldlttsy7g39gutwpe48tysywch5c6d6vzayvgl4y2uypknpg7xsaqacs6,BSH,2000,
xch14ggf48ykhsmqjxg9cm34c8ndescee3xff62d7tsfu63xq9xlg7gsxnzhkj,BSH,2000,
xch1g69j0mjltaxva787phd8250x75wk7ymrwfn4hr04e3nkmvzgs0lsqfsatu,BSH,2000,
xch1k7d7jjrvz08tryfefwq3npuaqqh5yrcq3pyh4vnnvqvws4r3w9jq6ax0ny,BSH,2000,
xch188llt80ycuglhsk08ua48yf9pckfznf464pxm5n5jr3e38l50wjqqu7yn3,BSH,2000,
xch1uja24ne0l4wq8hvwlngzu6dhr7r80vqjavt7pt26ypc3hxqwr9ls5jlpr6,BSH,2000,
xch165a7m2fmwmzjgj37za4dtarn0rf4qwwzz7rya2ms7ghwkg5y974ssffq4m,BSH,2000,
xch1ls280mx7vf6z27qmyhl0tqvsrj8h5mxeyvdmttrpu9g2hvmyanqqxs2zgz,BSH,2000,
xch10mtheewtf4a4mef507qru3juhlajt7q77282rpzxpw8zgh4lmzpsyzvsp7,BSH,2000,
xch1tjzanwxqd7yzfmvc5undf4x8yv0shgncf8n7s0k0xc476tng43jq3hwd02,BSH,2000,
xch1u05za7hwxvkfzl96zrlr5s0t6u6wszkn088zcau5fspkgckg6ktq762pzx,BSH,2000,
xch1nwep4nganz74ys77rag4r7jw3ugtwh36dp00n0ulz2gr04jxde0qsk6s4r,BSH,2000,
xch1eucltc7av6my5p6leeuh87ufzrrgx8xxsd5uekwmse7l8cnspvzqfhzlpg,BSH,2000,
xch1swdxgq89u28pqwa67amav0zxqp8wxs4mx3ru80zv3dvqtfrnyrvsnxse77,BSH,2000,
xch1w8stx6p6rjpmwqrumh96zlsurhf6mtkn7eyjkepspmanu3t82x2qv65jy0,BSH,2000,
xch1a8xw9evygr0ykfc8jz0se39ylvc3sjhq70jydw86dj900gp4mr5sdrq309,BSH,2000,
xch1rh5z98c4xnekyqqay4uxczdn9svd7a8rln762xvl8qf3k4ncl3nqlz3hlt,BSH,2000,
xch15ds3w256xf9yhyddzushk49t3ae38s2m9hlc94kucg529y0zcv6s7f7ljr,BSH,2000,
xch1h886m87xezzq7a3tqt6f5jm2pv7xcpfw5x4a3ulrtr9peckuae8shchr0r,BSH,2000,
xch1fc77dw6q08h57ajtxrqngad3vea863nvcj5v84yhj3f4n6dfttaquseqnu,BSH,2000,
xch1cdxn0x6sgsglrml4jp4cn7gpsqj7qrdgefxj88eddy3llkzkm9yshch74z,BSH,2000,
xch1nwlxzxzzc6asjeaq4au8g0zllmrn5vd7vxurt20euj7qc9rm0qaqtlg67c,BSH,2000,
xch1l4qhm4ww6avns2yxqx5h89gvyuxufjuvj90h9xj6e4p9npmd3h8saq4xjl,BSH,2000,
xch1v9mukwrxamfspj2skeewlxu536vg5cqxtjqphagt2p7pn76vnw0srafp8n,BSH,2000,
xch1w4jrc5ng5qnys524zfsjagqr5pj2q6jtj27g4edrfz3dmsteh4qqapf22u,BSH,2000,
xch1fmt3h4u0stgh3hfva8223mezll96yz5lspw7ju3hkk8jla2nwxyqkdad53,BSH,2000,
xch1rxqxeddgnvrcqxjf822kydrch6ru47664ykzhr6vfvzjjfud47wqluqhfa,BSH,2000,
xch1njq2fghte3lzgcn28ayuqc65uwv7ht9zjzglhsuuspe8t5fs2yes8hp9lg,BSH,2000,
xch1tkecn7ms6jceduv9ahzskge07dhhsdq6pdd7ta0vp0ym70yet52s008zhd,BSH,2000,
xch1k5lv2d9kawevg70eckz3rdu57gzewumfm0u3az7rxxp9t4a3hnzs7f8hnc,BSH,2000,
xch16tayj5jts6ntdgcvsma4ls70ux8ah8qakt3gyu04qlwlgtetcehqt9ypa8,BSH,2000,
xch1rualctjnznvj72ukhtms7qmfvzpf6e5cmt4qkdrpjm7vc68d4mvqfj0rvq,BSH,2000,
xch16wgahm3zs40rzmy2kuma0kkgw5rzatklpakmjnufmeplk0pgecrsqwhva0,BSH,2000,
xch1fuvtsgk63p2xnm0rlzlz5g37rxhdxy358qcflusmd8ady32ld57qp2yw5a,BSH,2000,
xch10khatvdmpukgfhkujlfcm5tlr0dmy05zlmgmd96acfzpt3w6saqql6p4wh,BSH,2000,
xch1un0l44mv08g7cymgrkfwtwhv5cd8pfy87d6wm6j7e3933alc5rgqc7ay08,BSH,2000,
xch18zhxaa99xv003438208pcsy0maukjz4lmvh65y7ahsth2mtyxmxqwa75yh,BSH,2000,
xch139yt5g5sznm4nwudf93wmsw90p74danpgr9mt6hdmvlex8u2a0dsr6arnh,BSH,2000,
xch1nvdm6r8ktehdda60rlsu22txs96fe8anyk3x65d0gl7w2hldt7qsamq8tl,BSH,2000,
xch1hkk9vxekgrfrjn7dyszydagf2esxuldu3ys9cmz96f7ma2ctypksu7g2jm,BSH,2000,
xch1mwfsud4ya28sdu373f3zaef6r56u65phrq7xavuttjz33665je7qt7xssn,BSH,2000,
xch1nyt6an9l648uvpwwu8rrl2c09mxeypmm5vxkc8c8r4p0qutjynmsuag6sp,BSH,2000,
xch1suys002lw7nrgxqx86w47mgjzesj4n4h0007vde8jsv3q4py4euqf53wk0,BSH,2000,
xch17tpvcz8453n5jrkd7gjj76y7k0e0dgvxvl425e3xuk95spg8pkvqdnfqqy,BSH,2000,
xch184m3x9n8wwhhrgeqzdy74f8q05xch7yreslajwus5pwcxtl0mhssjad2gz,BSH,2000,
xch1hs8j9c4wtvc55nsku9gedp2uhw3nnkvqzlpyw2rmlwu8flpgnldsnutglz,BSH,2000,
xch1ypdtqd9f3ppdyd7hww4a6hllz4w7nf4ug5ekz5n0xt4azutp62yq2t6u0y,BSH,2000,
xch143utl03d976us7lvg2a0wvcdz4nq6e3x4x5xwfxg3v67ucrxm8esang0sl,BSH,2000,
xch1xw6a8tmz68wyfjhqteacsmctftzswmlk2ynraahhynxlzxrqnmrs93wymt,BSH,2000,
xch19jete5rredawvsaf67gyf8gz89nckkahk4mxmnf0f30drcku8zfs2hl0n4,BSH,2000,
xch1mc4kqxzs8n9ddt9wj9r8w9fqupagrc27kmzg4ma3k5q67dn6l3gq6cfdr7,BSH,2000,
xch1h8tfra9mgd95qjrj02wupkgjghq8gv3455zfeyw0q4a059qwvulse2dku6,BSH,2000,
xch1jdzg9yyaf2wgl5g2hwhy4vemgdhyy2j8w8xck4f63x56ax7y80nqv9jy8j,BSH,2000,
xch1rqn80mlgkcgwfrt6z0fvm0wesqw9m0ff38xkc5s4s7878m2qy8gsyyfte0,BSH,2000,
xch1vf3k8vkhwndk980nqg8w2asl7k3v84mtpj8lywyth7mjth53y4es53p97z,BSH,2000,
xch14r8p64y747c82pype0spawyjlluzq3sfd5aysjnwu73vhn2z9deq8aueq8,BSH,2000,
xch1ckp2nwmh4nya77e4lsw278plwqtzf4t0cuc3pe397tl0uwqvdxcsyan0v9,BSH,2000,
xch15zeswmwspra58sh4e3mt8l9636yrarjylknkk9t45ukd5vhup3pq8lxg3q,BSH,2000,
xch1dyatgnfnj95hpjahjyzn87ad8l55reatyxnmgwrgy475288c5fnqufk0a6,BSH,2000,
xch1gzpkhh8r6pd9y9z5pddm5wtf8plh0t6vtg4qstnmgnuzqwe5wjssmyxy4f,BSH,2000,
xch13r479je3drmqnmex04c5ched3wx8feyyddaaywa37a7y6vcjepjqvnf3pj,BSH,2000,
xch1vdhrvdth9tdqwnxqfwj4a8q9lwyqqel0gz6v7wnk5quapa2k70xs7yx7ff,BSH,2000,
xch1rj5fsllj47py82zf85a6tka4xx6n98sw7er9vm3l203qt0wjevgses3a2z,BSH,2000,
xch1fn0kes52kut3m4h7jujnyxjatdpfaeqkft9cym87g3p7hnl4exaqxqthgm,BSH,2000,
xch1cskkst3ls4j76rfkkjdw3fjx8tsuh5xyprhesr3dldp37q84lc0q9vadp3,BSH,2000,
xch1r9r29jj0eecurwvvmhp8a8wlcdzdzyd6rc263w2vpd35zw0ur86s5ecqqn,BSH,2000,
xch1uajadpc5ar0wygc4fa456jq9lp0k2vmvp5j38paxe7ldr5ffwlqs8l5p6y,BSH,2000,
xch1hqdy4zr68e4txwle8sxwqxdqzxtkk4ekeyatyzm6lu9g9x95pdds6qu6kj,BSH,2000,
xch1kd6jhx7sv0e0gnrnzcj8wp9s49zelq88ynlxfgf527aeackdq6zsel44vk,BSH,2000,
xch12x4jg8wxddztppc3g4eapa4ceh6g5c2hy78ewn580zgrj8mn076qzg2fs0,BSH,2000,
xch19zex3wvr3uwe36ye4kqykac8cj6yyr80r6clddxv0k9gvuszwpeqyxjuem,BSH,2000,
xch1ssqz8p3zj8yw9nh2yf8rxja4ux70arvvh99y78qvups6la3504gqmcmm9z,BSH,2000,
xch1x3q8de2r0grzsdych28r3vfr32pdvccgp2wef5y96v7mdtck0z9q8t9dst,BSH,2000,
xch1ef7ze6ytrpa60efvqflgmm89ltdaeycehws39fpdkgwud5xqlcgstsewvv,BSH,2000,
xch1as5n4werhghvxuzlkerwr93j8ey9vkgw9xda2h7zdqjmkxlj0las6um2vs,BSH,2000,
xch1vjxywrqlg0k003dqg7errsj5ssqksansh043cewpds46yha03amqcwtfq7,BSH,2000,
xch1sla47za9mwwype9xj9vl94gcrhn0pqlxtwy832g2ftdw9pd2kp3sdqwnnm,BSH,2000,
xch1vxh5a3lw25sc5ajpxqr22s64lpawhk5av6eeynzdsrq7r6ze4d9s6c69tz,BSH,2000,
xch13kp2z4vlzq5lqvgdu9uf6v9qcvuwnacevhsmwtughp7uy4733mtsu7ffww,BSH,2000,
xch18ucc9nv88ywmqs50paskqqys4w48m3xuewj3qwtfrlw5n2hw8yashddvsw,BSH,2000,
xch13ggctze4nwaxc4rlwqs4hurh6z7j5yq396na9ytrsp60wkkqz3ws648lua,BSH,2000,
xch1n2s70ktlez9wxazhl8vj6y0r3y65yr8c6u0h66lv803paw8l5rdshzlmuw,BSH,2000,
xch1t8q9r3dz98d2wkkqxk24talql9y2e8cr7pql8p4an8x493jnakhsy3ws5r,BSH,2000,
xch1v6ay3zk2t6mx3p9w7s55s5yh0qjkqpa5nyuyfr7aun58380zpnxsj2wa2v,BSH,2000,
xch1elnsam3y7v4cxlcvx8dsy09vdf7gnk4287emvu7tdpewxyaa7l2qw7wc3a,BSH,2000,
xch1zamfsjd7f48wv56vuujeh8q2padz4shfzdh0nul8t2jwcpgnjnvsnsmuan,BSH,2000,
xch1alpt2dufkwrf7qmwv27ypysr3ca36gdpcn9cknygkd9ufrh502gqu9wzxx,BSH,2000,
xch1fuq5ym0tf6gp5fe54mzrn2fqzcrh4lljmsze2pynx9fdnhwmdd2q0zatv9,BSH,2000,
xch1zz0208gnjfu6lqnc7g9tmhrq2w5vwhu3kex5ykvtwrf37lrjsavqtya7nc,BSH,2000,
xch1nh4wktl0n7mh3qjme3wage23zpwceq4lrv7faruch9m3hh0zh94q0e67g6,BSH,2000,
xch19nszta20raxflpg6s5hv4aqex7pugau0yj6flwqwsjte3v6k37psyy6gek,BSH,2000,
xch13f6pngr20tjv4e9uys5lchwxqexdecfkllmvdta3hzdtl5zkgn8scv9v4z,BSH,2000,
xch1sm2f9cnn85wm5y79e4hala8tf8vxsdfvlk4sul8ffsww6fc39vmqe67ltx,BSH,2000,
xch1uhx7udyy7y0j4ztqs2q5wkaj9v0l9jsakshaaf7wv5snkmjkwp0q5djr0t,BSH,2000,
xch13wrwuj2w3fajqtgpv600jlauu3enzfaea098vw2dpx7ken8twn9sfgfv38,BSH,2000,
xch1rdz439zdneqn6fgu3uy23vvv9g2df983x9ykp7qctwesay4gmkcq95aqg8,BSH,2000,
xch1g9qflgqgrqghj5jez88t8g7vy02ck5dmkkg36eq690cwp9j8y78slyyjh8,BSH,2000,
xch19fanyxa5hstyzz4n49zxesmth0nqr9hpsmw8rzwxkppapmwpxqms6lmnqs,BSH,2000,
xch1y4h84mcgdmq9wvlfdt2plp0e29vc6kqk0fd0cf94duyd5m3ghsyqp3dwvl,BSH,2000,
xch10v5dj6aaew2z242hrks38g7udq8kkndxu9fe450t4zyta2vrfp6q8jerhv,BSH,2000,
xch1m7pe7cu6wxw9kk93ph7r6sl3h7d5647j56w0rnvyljslfpypw24sg0acx0,BSH,2000,
xch1ecaqwmjxrw78az092r3md6034hllusnjc5w27s92v7kw8raljd9sgncaxt,BSH,2000,
xch1z6zaeq92dc50q720yz0wlhrynr0s297tkcgssqjvsld9xjf6arhqy9g8vd,BSH,2000,
xch13d56hd46wzl5xzq5s3m3u0kntjqqw5aud0jhy0qf4pa7wcvdfcjsfdstp3,BSH,2000,
xch12s3ga7z9vur75zluuszkdctlecv0af50qkh34y6sg94smmea6efqay8hau,BSH,2000,
xch1hn4g0r9z6kh6xq6rvmf4h0d7t73k2mv29t7dy2cz6cny2ngfkahs8fvm84,BSH,2000,
xch1ylx6sdld8vxselj5n0xemw86w5qm6hs6n0lpejzruc0rlcndl96qf4e59t,BSH,2000,
xch1c2zagwa06cxxsypj6ac95zyjv8fugn3srkkat5rwswu9qus22yfsl9y2pu,BSH,2000,
xch1fmfnztfn3cfln44u6tjpqngdc2gmdzyplck72grt952f24wlat6qsg25el,BSH,2000,
xch1mmcj5fganjq8jn38jytfww4gmf3jwurudgvlcp7er2a6qpk5396szthslk,BSH,2000,
xch1yfz0js4tv5vvdtcxws00ek53nnnxtqvhjtafckrd0sn4a0hy0q2sn5860g,BSH,2000,
xch15s09z54xj70mqhl4hwx8cpk3wrphlngmvr6uamuz00t96535ap9s6gp0vm,BSH,2000,
xch1d9yxpvrv9vcea8xlp8sje6dnnf4lmd0x2np7jgvwn6fd6dlu26nsscxgqd,BSH,2000,
xch1dq4l9qs9nq5n84vgmhuzg4vc9h00gfr3347xsqgws7lyen2e0aksz9n2nt,BSH,2000,
xch1tvcprceqdrhdx3r6wekykyxzvxkjn2nd7ksflqtyev2na7qnxd8qf7aqna,BSH,2000,
xch1w3epy6yd5z8vfc4fasft0zm9l9e775sy4jjjse4dl3e3tsh9xluqwy3s2c,BSH,2000,
xch1ccs5422e07xsk937wtvv4q0hr9mxszxyrz650mvqgkhx9u6a0fnq2uc8wd,BSH,2000,
xch1d7d0r6g84f69j8r9grcxzezyy626twzelt0duu62ehekk6tdmcpq7sqqeu,BSH,2000,
xch1epp6ytsqe9k7znfsspw96me8gkv5tvhz4waf8e9529zuvmk5a6ss8t3cjc,BSH,2000,
xch1n0q7mtfwv004rfew8fusps4tatkfmr7ejpnejqampgv4kpzxu2rsuvqxtj,BSH,2000,
xch1eyhrxehv6dtshgs9z4297z6p994ytryyw6q70ku4dll6qscq4k7s7qa4zw,BSH,2000,
xch1xymr8vz5nrn8v9f0pgyte358csn4mz7qy95mwpqq3k6zqqry8c4qjpf4jf,BSH,2000,
xch1gwj2rm4u5qye6430dpywdhq8p9y86wkpqva3tkg2mlqpezjthzqsg69r29,BSH,2000,
xch1akr6tj24a6ncxs0e2d4vrv4s9c3e43zl9yqz4x43jvm7u0h3zvdsl07dgx,BSH,2000,
xch19n4uudf7augcv32ulyw5nepvjc3zgzzxeug76lkcz8pezz7aut4sywxrxj,BSH,2000,
xch1rja72cpmuwtz8m6mhlta4n3p4l54wnykm56nle4vndrv8dhrc62sl9q9ef,BSH,2000,
xch134fhe6ncl9dqm80v5rynvm8cp7el9sl5rt0rgp2tmkyvl8d2nj8s4fqg8p,BSH,2000,
xch1cy3uzsgz4m4p92640szzfm2hrwxqg0muxlnpdu9fj333n82328zsyr3c9g,BSH,2000,
xch1z6p3du8f2mgz3ljfggyhf7rs2wdm4un4ulyxlslfa8xgl0h884tq4c4ssf,BSH,2000,
xch1g609tel3m82ufvau4jk2x4u9dc7wz4mz59vaz7e4ptst646ypmjqynpd3c,BSH,2000,
xch1x2yqa05ejt4xcj72wjxvxya040tkpua04h4hajt6wx82h59n3yeq0wj24n,BSH,2000,
xch12vftm5l9uhhlujqm5rymx28z28p366kyfvdx7u4hgw9qu8y8uxgs5yqqf9,BSH,2000,
xch1zttpr6kv8xcdtqwhg8rknpqpg23l2ffwyus8tsymrnr9dgm8y44qsrjg5g,BSH,2000,
xch10xfzkcyhzvk9vntxt7p563hjcjd02hs7v96xfya99uudkanzstws6tpd98,BSH,2000,
xch15dxz9nrevv6cn36pgz30sevg3tk5425ur00xkramxkmegg9fztnsv77kjx,BSH,2000,
xch13fydhk2y5aej358mg5lhasvw7nmnkd2htaz2sep67rygchr5nulq6yr9pw,BSH,2000,
xch10r2fgwrjtkf4w9vxdpnuacq89eguqcedhk79p0qa8za4kephup3szr0a0j,BSH,2000,
xch17fthurqkjwt7jc30k0eljcf9mlm4gr47c8ctrvvs87ruzv3t5j0sfzcpyn,BSH,2000,
xch1vvww9s2lddxna7wg2n000lky23e4vpc2ztg4wvl8wu5l7f4r8anqapywjw,BSH,2000,
xch10hgladmuv4p07t8cn5ukgnggx735uqwasx4p8retlpvv9rtqmtzs5hxhl7,BSH,2000,
xch14smdfnjx8klqctmhg7l4g7vrhe5vzl9up7hvucdz0cr2j50l7gustkk2r2,BSH,2000,
xch1xfa7xdmrldy4qq74f904d6e5sthmzpe7wn39syplchpwswwrqmjqp82wkq,BSH,2000,
xch13gd22mgyavrfhrjur2r3k57vmcrknc53zkptdk3jcv6p9qrmfa8q0yvp90,BSH,2000,
xch16wmjh4rk7azxz98grc5l5wvqykftt830c35gj9mh0f4kzgdg5zrqwztwfe,BSH,2000,
xch1mqtert6w972cfa7heccaq5z7cn34hatmfch7cmm2pegleke3zxzqc8gwqu,BSH,2000,
xch1593nsllg4hkqpq7jemwdgzd5hjcaj0zxszxaqxwyhf68wuarfs5qg25wa0,BSH,2000,
xch102ewrh5z93llt6f8txt92kjvlpfphv298pmfnhfnuvj42pjp6jqqd87yqv,BSH,2000,
xch1zfe8flds8zy93gfd24du22hrqmtxdxcmkulg8u66akvjavfp87gqm7an3v,BSH,2000,
xch1f5f6wmr5x2g0gsltpuyllwsqg3eyyxvaru4ejklwjwvp5esq6mkqrjl6wt,BSH,2000,
xch1suc5racnzculjtuhnhxccqjaqrknw5fzl2w5qlwvk3um865k52hs0eyvgt,BSH,2000,
xch1z0ggs6x4k6caak5vnlzqlcj3rjt047l8dc2melufy53jvgh2q9rq3h5j8d,BSH,2000,
xch10gff6x3l7dl9je38qp43fck3urpdxvpatgvhfpkryavp34jkwuhs03088e,BSH,2000,
xch13604587shpcz5kf9sel4vz80zwqzq5mh3pvagxdt5s3c02k55mtsz606ez,BSH,2000,
xch12wxpkzsfpddjys33xe670nh88grfnrdvyssmhnrwa3eaql0z6atscd0sj4,BSH,2000,
xch1w543gw8u5zql97ajj99tlfd573j4kalvgvvgz70e82cygywmapvqcflqgk,BSH,2000,
xch1a7myfxplddg34t5xkxu6zk0tathunutkchzlaefzndlpjgwsut6qntaq6n,BSH,2000,
xch1lcuw6f0mzmgsj2rr2hpku64sz9avm2r2450ala0kdlgwd8y8auwssd3ztt,BSH,2000,
xch1e2sm2ugapuqjjtllw2w8wtqj5e4eax987p8eteqzak5uluzs7fzqzh60ns,BSH,2000,
xch1ak58ywdhgmhce4qgg2kuqekhh89hxlfzmdn0fxqvpfv0u0zccatql2ntum,BSH,2000,
xch1m5ts7nx46c64zymrp3jk2djtmpftm2lfjnujw4c43dss8cl5w02sdm6ygk,BSH,2000,
xch1dcagmwmhnudkmfxqcnaegs33s0xed2vvznrc59szrznymr8yetgq33tvfk,BSH,2000,
xch1jxm576pxhwlqzpahyt8s7ycftq68jmjx6xv4lye02h4n3q9xd9vs7x2wt8,BSH,2000,
xch1ngj0ewm9u4hq7rp3g7fk4kh963jzupfw9p92cg67fjgc4q092zaq2hegkl,BSH,2000,
xch1vukrq284nmdrcygljwmjf2v4xh06rmzajl2tl59r4knexdcs5jvqkkz736,BSH,2000,
xch1t27eugqfk68ymt9fla9kgaetvz7mddqwrmmh8revgj477ph9z47qv2rnyw,BSH,2000,
xch1vp606pmj3ulqc2xgl9qug77jug3wl8hvzv35nw6qj2r02f934x8qtjx6k6,BSH,2000,
xch182palgy330k2huqknm6uupecq7xwndvdaxc4zl0qhrtlt4majscqhy3y5f,BSH,2000,
xch1xfrqsuu3yzztamee3eqpthlcfw3hcgk37zppg24gfslv3h0cxgjqf8gwp7,BSH,2000,
xch1ejcgw8nrpsv9m70fjm03jew60mzsjhgsca342q7qv5sa4mvdv2xqcx8402,BSH,2000,
xch1w5ygkens67jzaazucsxhp4f9ckyw74kqcuhwcyhpttcmls752ntstup0a9,BSH,2000,
xch1vzwxu8xtedm6j94y3tl5l5pelrd6u9jkhulm65t5lad8d8qlk2psdeymj7,BSH,2000,
xch1ajf05wmzz5exkh8vhn0gft5pme63ge00jf6u8qrvqrkkrk4zqz0qzldz5d,BSH,2000,
xch1df8lw7yfquctenkmhxhj2n6mkg92g8uve8j2w289wy09l9z7r53sqxvegm,BSH,2000,
xch1dntdyr8y69uj7ln8npg6n56lx9jwwqq0grqagrgawx66pktfhqhqrdyupk,BSH,2000,
xch17lfhjux6yummnexuqeuxqc0ev6akz04jy28v7hg8a8p6w8cju55q4pfsmt,BSH,2000,
xch17vq20umjemxd6nap756w9jpceukc5n49hgtmlk4y0xt4gw6qe4qst0tmxm,BSH,2000,
xch1wlyhgaksmz7xcc2n6jk0wh6jphd3suxc3cy6tr8zsadg6da7qx9qzs57gh,BSH,2000,
xch1h5lqyae2h8cqsm7de4k65jteg4v7nwkk7qpw38x22r8eupd7f0fqqyrtn9,BSH,2000,
xch1ug3gsrc6xg70knhjqvxga4eyky8dv0t7gjrgj5pqrrqjn73cfx8q5ufg46,BSH,2000,
xch18gvdcqkxxuel9r9qc93kl3m8hslpwjrv3dmktaauuwwzv7zrr3hs9rtz6w,BSH,2000,
xch1txrc6nls290hv2zztxhxz973zsgq22r08qs54348uww2fjzzrngsvszr9u,BSH,2000,
xch1hhh8yuf6zrurjpsc7c4pxkjg4qh9rkax4tm7xejk73xa4hkgjgdqjt8lyk,BSH,2000,
xch1nezrt92flj04sa48wzxslre89qqs4z6j9w6shylsv530tl304haqjzp596,BSH,2000,
xch1dzcu5keh3zn9ge8k9zh3lk96vkgc2qdrl5w2dlwjcvz2ld04llasg6tkrv,BSH,2000,
xch1a6gxza27luekq9wm8qw22jlhnrhlukf6ny68lg4c8ngdeufynprqr2pc2s,BSH,2000,
xch1r7juwywjedyrlncddqz667s0w3cs4s557n6ql93xyu475xm0cwgq9uxhqh,BSH,2000,
xch13ktr3ckpk7at00ulx7vj92sqa7zklxmnx9wxczuljkjmgwpqk8xq03dq2u,BSH,2000,
xch1tscrd3pwpdutz9q4cdwyfwq7vk0p7nht52ttapm9w72qz8t5m2jsnmhhad,BSH,2000,
xch13x5z6zna2fnu200l28elnl4aaty550npxwpks6mdhqajyztv30cqrq7wey,BSH,2000,
xch15e0tyt9777ugjclvtg6wsvsn26r2kqxa8z6l8sc7h6ur2r7yydnqg6ct2p,BSH,2000,
xch1t3qzrqjd3fr0hp5p4t5pehdjr2uy3529eh6kp5hq9g9pmx5c8duqqujxt6,BSH,2000,
xch1ac0xafc46zhncyxk6lgs5l7y2443j877msd5uqsk4taa30np94mqzuex4r,BSH,2000,
xch1xa0kzcpsru3np8p9azkyqyzrh0glryx7yfpxr0lgx3xvz2egdgussjdtnr,BSH,2000,
xch16yeu4nx9w7wde5zvgw3w6vhrtckrqyukzahx6pjqjmleakewwndsnl7hvu,BSH,2000,
xch1wdhsaqvhtnduv0z42w5tkkknm46st3aweewkww4vr57nqdmv7kns37uxy7,BSH,2000,
xch1uk0a4w5zf08yj34s6jpcdwx0rtndf6fyactvecr89nm3ddapuvaql8qfsq,BSH,2000,
xch1702wq00z8xw22z9csud7l322n4nvnpcfh6tcqr2dptlzpaqjtupssyu6ed,BSH,2000,
xch1fx865w88cqwptph3rtr5tmxmvlypw9hdkvz0h3ty9ns3nljjhk4s450378,BSH,2000,
xch1xau0xcw430elh6ecthkf8nppk8k3e3g5av8mlc2as4qn73zxwffs4az9at,BSH,2000,
xch1d0a70gd49y363gfuqys4ratgukegcz74n2mxmrxkra3dd8dm3skste9rsj,BSH,2000,
xch1fkxlvqc46xlhxyasph4pc6325z3wpysk9wjdkus33m8l24h2ns3qyku502,BSH,2000,
xch16ukef07utpepk6ajzywhuqpclcf43ulzx6tldu6gnaz7rc5ye7fsrfpcyx,BSH,2000,
xch1v4th32n9uz9e8p0zd33mzhddhh3sfd46atc242eg7s5pjqtq7k3smehcm4,BSH,2000,
xch1e85wmkxulkzp7wsgafuzsj7984dstq6hqe5aeq8mv0v952jexr6s3z62rh,BSH,2000,
xch1fr0wp4dje3ggalz5s5d62xd0az9nx04tlvzhkqhj6aunv7kd5f0qumwzjp,BSH,2000,
xch1hf58wmgrq5ppwcp5sl5h4rcdqv4du6qrwsh823g433znjq8yxh4q498yxk,BSH,2000,
xch1f8ymmdgj8u2a8z9yj285x66z0y4jcx69hlsrk5utp8a5wafztqdsj9a8ja,BSH,2000,
xch1t8tsdvgj5hnwmus4hc3n5f6xj6hftdu4sjj4hu6k5wgwnr4amzuqqdy9lx,BSH,2000,
xch1mgll73ce7p73hm634sfd7a6ug0j8qf7f0d6vz2hswxp99jz9fydsa6wm60,BSH,2000,
xch163ych0cvx66eshtxxewwjgpevdssgh54gu5drwph07tdh7v2jkxq4x8upx,BSH,2000,
xch10jr7xjc4mg2w92q68hzs7yezf60q0v5xffxfasqldnt4xf0tcrzq9vqax3,BSH,2000,
xch1syah8vvj2uplhk638r36xkpmkq3pjp9h4cm2lhzdwfadp69xpxkshf0jjp,BSH,2000,
xch1nenktwsquj9jpdx27ga6ja6f29w22hsgmlsanwd5j6kxhk3kc94qu3gsnt,BSH,2000,
xch1f20qhyxz29zyjnxet9sp7n70qx8n9h8n45c2acycf7t7p8r8cyzsz0vsle,BSH,2000,
xch1av5mekqmwhejdm54kfzmz8zgtl2vnc2w4xz9jemlsuzw8srw22dqh0vtqn,BSH,2000,
xch1rehvqpnpvfytvs7fafqslhrxnm4knf8ww3pejdm6yaskesltv5fs4kpe9n,BSH,2000,
xch18xlajf40zzwwayyc5u4uvd2x6pcfvjcgp8k523t9trssgkw42c5ql4hwaq,BSH,2000,
xch1fmz4lxadvpaf7l0lahch95aw7dlmzlgchd7fd387hvwg4deh2gfq2wvmyu,BSH,2000,
xch1432v4u23vvwwt0p86gkh5q0c33uqec0htu3g2x0z4qkrwgaqlp3qczjkrt,BSH,2000,
xch199kftz026532j3kqvys3a9flxjc398t3hgrhuamk4rpfpy0qnvwsvnc9gt,BSH,2000,
xch1ttalyuvfqdlvylad0phr3jw2tam2fw8dl65d0h353rvtl4zv5ycqutm52l,BSH,2000,
xch19x7v8adqyu5zudd5vu4pwz66nlxqn9ndj8w3jttmaf4ksdkdku0qaaqduj,BSH,2000,
xch1uxehmcmjjufs0e4l9aj437zr6e76vfgg0qzmyfazuseyc3ur060sguuefx,BSH,2000,
xch1m0r7ek6qlder780x36lgnv8uewuu9wwcj2wvtt5zecwcj4rht0dsc7feuq,BSH,2000,
xch10l6wecuf3lpzfly6p0ge48xj0rg3wckkpgmwaffldwg3535l0ujqpdn9aa,BSH,2000,
xch16qa97rkxhzvx49yz0r07lwce6fpyta2pqr8kaew9nwn2ysmejkts46xhmv,BSH,2000,
xch1g0hc9ntcsc0r5k826frphefgzfxuzxak60z6x3c6d5nh39tc796ss7c7wh,BSH,2000,
xch160rqahpv7hzpfg2r7pw4ahr4trvv9qhytv8smpmf26heuqu4hakq9g22aq,BSH,2000,
xch1mreczulrzslr2ewlks2ulp8knvh8umxmd5rmnq830puvuam8x4lqyz23n2,BSH,2000,
xch1kp9xlmndy6auhhpjvpyauvga9gk5cmslzvskrgv04gnrrzsqlpaq9w2w6u,BSH,2000,
xch10x3scht7zy9nh2xvn7g8qr5slg4rfw0r9x888s07953hny5xzz0q6hzpaw,BSH,2000,
xch1fgjrd2wf9qxdy674cpv6qejm8k2ymf9lasnfx673wmzuk9yhpwzq67t23t,BSH,2000,
xch1ck67ndelrv2shdjummzdtnst8ygtcwrrmy58gjcpge5007zjpncsa804cq,BSH,2000,
xch1man9f2qpzvfmt4c7metyxk373hcwczrjrznfssmk3nu0p5yvdqqq8rme73,BSH,2000,
xch1x5n5nmzj99kltewchqqtcws7pr5770fp5x505w364qydypqj2fasqzd8q4,BSH,2000,
xch1mqfld3gd4kdmfh0qqw3p3r2aqe7p94estrk8xxrv0n8kdte3fs0q22tk59,BSH,2000,
xch1zc2awnujljrlnx9f9yk9llqe2eqjhddcmtxpd46rawjf7kzxw7csdaup5f,BSH,2000,
xch1k7gt49xplhxgmza34fneaq52ea4hfkqy42ets4xrs38erthc23uqc98fdm,BSH,2000,
xch1v3znm530tql0np7sspnzrszempf7czmw73tmmw7aw9f9pm7zh83qzecmjc,BSH,2000,
xch1u7m3z9ye4aswpcgtns2chllqhht6e7rq5tefsjsctjfdrqs3l0rqf6e3xe,BSH,2000,
xch125zz75kk55ffxhscsmw0u6pa49qgugvdmxfjh7ur9njznm9hk2msnglmu2,BSH,2000,
xch1ry2kpnr9fg4e3rcauuwlhuuz5904ez96y60qel0xaxv38fq8regq4j5exf,BSH,2000,
xch1nc98t96sfnxzvh4ame96yx9slxynd0fjez7xacwt44lqghswm05sxxake5,BSH,2000,
xch1adhkcprh0dm9fey90a5j593258rta5v7u80qj8r5kh5y6mv76ntsrz2xwm,BSH,2000,
xch12y89daz3nhdxlsv3z03866yemqt92vtj7c90z7ss6x6zcm5urhlqw74u8h,BSH,2000,
xch1afrhjxvjxlce4u6lnkkczh3tr4mygkrd4kesvv42qktucvxjkxys43qlsl,BSH,2000,
xch15d7v433uklygys44a3r49perz6yaj7zqp7xnmzaw3f8mycxldqks3ttdug,BSH,2000,
xch1f3x0r5drjguyualsdmezm6gwahs4fak8qma49h27v8elhd4m2ryqfyxuls,BSH,2000,
xch1xrwzu9x7s092pt6cs7acsgeed7srq6v79y60c9jdhhvard8pkvxq76ekwa,BSH,2000,
xch1wyytygjvp7zqwtxlneyct3jlc4kyju3lf4hvzum8v8505ny88kqspdand6,BSH,2000,
xch1e2vym0uf92pqnwfq5qez60ztuutw0dvzvnll30py3l0v65xmcadsa5dvf3,BSH,2000,
xch1999j27en9l988dfnwqg2t2xhqtrwvwg953ce0p5t9dg40kkgqptqscyjap,BSH,2000,
xch1vq96rweqqqkels75gq69r60gsnf9y7z290c2yd8zzfd7anuertrsplg3mf,BSH,2000,
xch19au7ede4qlrxf2y4yejzm6vhh8cpawu9zlkntfvmd427qwc82f4svfwed9,BSH,2000,
xch1mxm0luqjz5prdkqylus23t4pw0apdyagwgm62km3pvl9jgu9whkqd9ce4y,BSH,2000,
xch1ekvaxgqdzf6avjjy08gcn58ums9e7wfl9dzt8kurlee6ya8pxp4s95qny7,BSH,2000,
xch1m9ncsnw4eh382tzexd7lhrn6v5lh8fuau4fj9jnr5cpmjveu8m5qe722vy,BSH,2000,
xch1ftgxxj0e2y7y4lsssqlnu48stshfallsq579rd65c9e9p7fvfhrq4sqjkn,BSH,2000,
xch1g0r2aacnzk5yj5jecrnwlv03z667nktp2dkh9jx3u534rqhzd60s3l5grl,BSH,2000,
xch186jsh83kuzt24sqjn82hyuehzkylkae5wv2xusx6yathe7v80s5s6pus84,BSH,2000,
xch187v0lx3lse9gqqc7pcezy3ndd58rdh3q7l5zr2amexclz02ctjqqq5m79a,BSH,2000,
xch1dggvcyr9qxx7fm7dvwyhc9k3ntkqfnzqa66gkzqn6k0386pplzaq6q73l8,BSH,2000,
xch1ltchxrttjx5clsnw3hql9t7kp4fq2qd96h5t76cvk6ultawxvwmq6rsv5c,BSH,2000,
xch1nxrp2yqqfs20pc38vn4qrxvwzn4andevsg2hszaw4cdz6yrpvhnsse75d5,BSH,2000,
xch1mfewt5fzzm38ql7f8rl6rql346a6mqq0s5keuhglhvfm0fumf65qgvzjr8,BSH,2000,
xch1jcq9pkcl9ahc4at3rcz60zztnkczmmz7twsr4nfq7k4y798v2n0swa989p,BSH,2000,
xch19kp63jwqdc00zrvnsk92eqk3f5d8dqqj8p5zfjp82lvruecsngeswan6ky,BSH,2000,
xch15n66kg0v8cyr6sqdlyq8868qvjaywmtqhtkcra3wwdnnzszu9lxsfv4xsv,BSH,2000,
xch1eg84ttlwrtpld7pvrs35huthns4shf8u69gr8r6gpjfpan6zj8vq0ad6wu,BSH,2000,
xch1z906rx3ypnrapeekmxyrjf4x68sqj8g3jmusaylfrck2jc9rz3cs6cp80r,BSH,2000,
xch1v5crh2wvptvanq7acxcuxjlunxdel5lmpdsht2r40s3qsqz8gz2sx0jesh,BSH,2000,
xch1345z9x5zmdgm8fvqkpr2sh7jc9x2644nlvkh0psyd4a3g2t47uzqpxg3qg,BSH,2000,
xch1fs3wtx7r63a3s5l5upqftk43t32xd358us9qr7wtd7s3m0r25uns7xhfs7,BSH,2000,
xch1akfrpyfgafe2w8z8gth0x4f5us5r39dzdy2lrtc7cc9u6ah048kqjuesf8,BSH,2000,
xch1sdk4l28xxnvwwq3xcrmac9a4h0j7ndr66sw5yhka94k9ez8zc83szf5huc,BSH,2000,
xch157j33fjgrsk44c83p7dlux27suxfp00ffdrpnr2y48n3suekpwys7w3j0r,BSH,2000,
xch1246cvpzefm2ch326zux43auxuywqhsmdwsw9573yjqrew63edc8sf36xfu,BSH,2000,
xch1e9eqw0sy6y24w5e4k94g678mklkssre6scf0ru0t370k2qa5mn4q59v55f,BSH,2000,
xch1fnfjypyldxe2h8c4qzqeqafu8mq66z4apdukdpu0hj9lw2yttqnsa4xf4p,BSH,2000,
xch1hdp38wjhnn3g8mmxed9l2ch8ahhe9948e29ht7hh47vwkj6d5k4s4rwa4j,BSH,2000,
xch1vxvtxhgd7dsuja3fnamt3shgmnnmyfkd0jjd6terht8d2vdhh0ksen6gud,BSH,2000,
xch15xdse4upr0cdf9jjfdgdz85zql8ur30yg8gep49d8r5f208s2kgq2u5stx,BSH,2000,
xch1umy57a77ssagd2fectq9y89ngd8ya99t6xtlu7h8xj90x43572xqxj9cjm,BSH,2000,
xch14qvm0e5h3lzvnlskmfcsu68nwtksm4vhyleam34muj5gtl6eezzqfsdanr,BSH,2000,
xch1ecvtyhudcrg0uwtpzt02zwtkvdtl24pugrz8zqj6pvjs30f580ls8lknm2,BSH,2000,
xch1zt5w5gdaaat5lplcwdxkzf2av5fh8lufqq9278npae9cwjzsqc0q4695cg,BSH,2000,
xch1jk2drwu33lgtzcwhuu3lgdfyq9x0n73ny7xe6rlw4p9tfw4kx6psa7cy2j,BSH,2000,
xch14ucyqjlr5ae5vrhessaq40epn7dnzpkldq8jlfljzhyqn6ac6tdsg7tl9d,BSH,2000,
xch10u349ngpujsn6alqjyyct58yp7g8ma99z42v3hw7v6fvdynq382sx0n0yv,BSH,2000,
xch1lep9tsjuctdzjg7xj7ckf8kekygtq8wjyp07al5yqxa444djhllq8gwjeg,BSH,2000,
xch1d5yne3ltcd4azzz5l6wd2zynnmz3jj2agx5jxw2eytx3dn6cremqvgr42v,BSH,2000,
xch16yh0ewnr9pgc7twqxj774fzguun253y52pc94h3kdw0fcp957l2q4qccpr,BSH,2000,
xch1tu309d296kn88gk29264rq43qnknw9w32fqfgmfuhm78ec9syx4q3d2z3h,BSH,2000,
xch16ng50ure0ecx2jk7np6mpw2yz77xsrkejzmaa8rqs70dplkv8djsf3wqxy,BSH,2000,
xch1umf3upewpcv5sc40u7mjqf7mspzw54vl5u8q40pz6ftzugfrws0s74mudu,BSH,2000,
xch14cwj5hgraemwskq43dppadfcmp3dm9f32hnw8dhl9dv34evgsnpqnt4pw2,BSH,2000,
xch1me5scnajkzs632jewczcwz4cm3k9lxjkhxhcwfts42pfy9vzwlnsq97fuw,BSH,2000,
xch1y6w0ga86ndv7zsh6zmrstdaalspu3nqzgf8c8sn06qf7n8j5utvq7v6cj0,BSH,2000,
xch10fecn54lmy209etqp2threpdylzada6fr8dsm626j9smwugy974s23ejqf,BSH,2000,
xch1d490fuafzrg5xty44kt0amu0t7ws207twegcwpwht9tv5heu0f0qjljswf,BSH,2000,
xch1zrlhsk3tf48ay9gelzpsma8jxnfsgunq2caxp37y4k0rnw9w7ras068p0e,BSH,2000,
xch1mx88jhywn7r90uu2wkv7sxr32ehc2p26frv5s6hl7jm3utyeks4s9zjxxw,BSH,2000,
xch1jg5l7yrlual5rn7c5af4d3jnp9dx7m56yu25a7v9j3rycwn7a6nsncjuud,BSH,2000,
xch1lcfuxm88sx4mtf5g5ncnec06ng9379wn2vlc8n97z4s7ea5qvmmqyykthf,BSH,2000,
xch1rh8kk5zrzyt795w8pp6nyeucsnhw6w23gfzkf9qnpr7yd46r4jrqpzjwtc,BSH,2000,
xch15ed25ukdfhqz8txsqxeayn7lx9le233ydyfdeenqdh37rc34usaqce54lj,BSH,2000,
xch12ktkv4dlxu9aw282429z9ks8vkfe9jwms9knlafz7leptxdeqjvstrt4wg,BSH,2000,
xch1chv0az72jqx4uf5l6wl50qcf32jm6ngact288cgzjynvt6a92mesm5jhcq,BSH,2000,
xch1yecvf2v9eg9yl92e3fdavcah4mmauzty4gqkzyk8cvmfzrd6lcuqnj396c,BSH,2000,
xch19yvge7p4sp85q7hdw75p39wcnpy5slpe66zqmlda8sm0whxt6p7s2v5ate,BSH,2000,
xch1v8fcqv2vxeau0yzh7ctx8xsyn6dd5fga04l370h5uat4h7dj68gq067k4c,BSH,2000,
xch1faz66utn2253wpwurwygru4km30ms5mtl9wc96zuh4aafmrewpyqzgk2nq,BSH,2000,
xch1ks235essce0nue64y8hcdx8kyh27w56pr4v8624s79gptjnt9kvsgywxam,BSH,2000,
xch18ujswc0e82h6hm0vylspp4kaqag5m8494r3zptvephspyn69lc8qvgrwtx,BSH,2000,
xch1e9cxuh5nmv0fwm7hvs266z2nyep0jkc6695ra2p3lvr3fh37hzas3q0pla,BSH,2000,
xch19f72rr2fdqgh23cch9x2fq5yrnwpzjsr6583ztfmuxyfh9nz58rqkkvt34,BSH,2000,
xch1yjz5nrk8zcdxu3c9nxy5hsv7cyglppx66sp0ka4j5cve5qwv8fkspt73wn,BSH,2000,
xch1kjg4q0lvly8q9mgeh3tfedpqud2ef2c788ddafhq68qgftxkl5cs0azdwu,BSH,2000,
xch12mr4v4l8meg0qun6cme82ww3cped5ru352wefteuuavjxf46qews04fj3d,BSH,2000,
xch12pu3nksnnkp5nlpvs42a4anh2edtsptgqu7mqjzftnxvtjncfqvq7lnwll,BSH,2000,
xch1lmfjru0xum335pyyzepuhzq7tnzjyf4z005rnvj5nczuu3gup86qxwq8nq,BSH,2000,
xch1n7p20vz7ywedfnjdr0l2ql3e5jzekh2zwvlwwldaldpwwh373xuqesnpz4,BSH,2000,
xch1y44xa2qjtd6rgnnrg0zkl6yyj0s7sjxn5ryw8gf9wjg248krssvs38wl8g,BSH,2000,
xch1thj4esarftdz2rrxv5w569tlskn6eqvxcxa3pd7pr40zms8kck0ssphq47,BSH,2000,
xch1lyh0kmqwsk8shutxf6cdau5f94eyatsvpn6ay7cw8sqhht6zmlqspv50nr,BSH,2000,
xch1j0z2y7h88r6tj9azkh34nu2hep6l652c3uxu945awzxnhswq6pds467cm0,BSH,2000,
xch1yrnfnggz5qqf045juaxchsztu9v4tgs7nzpf7g3qzuxeqrl63k6q2ung4n,BSH,2000,
xch19pd59k3c4uelp7q3xpwk3587acuhusaxp482hc0kraqd4kggz5hs9uc93u,BSH,2000,
xch1fdcxefdfft8jdqfu2hlvwx0g86phgvfy605qggf0wfht3cjfn8eqa4nurs,BSH,2000,
xch1sysyeqzs76s42r97jj49wqgg5w9qhtyptu2vcx8wny2gz42wlt3q4xvasa,BSH,2000,
xch1mreukfhpk2re6lf8dkjruy56acf8wsv2ju8mvygvn9dana7n6eusstd52t,BSH,2000,
xch1s452h22466epaqyxp8499mpaddpcwlfyj03d2zp502z5q6udfu0sm3rwdq,BSH,2000,
xch196a2k3cnpj54sz8d73s26awmll07uf9rz3ugphcarkrerkaspwysra56qd,BSH,2000,
xch14fq6dgzv7g48hl677yjhz7t4strnxs2mu9gxsnhvkz02dpa5rnesqydcz7,BSH,2000,
xch18xed4chrqa32sgkj53vvzjmzpyx0ex5wdntpyd96kp34tk3wz3gqg2mla4,BSH,2000,
xch14hh5fucte47qezxud4dfdpl5v8e98tceekhs3qpn24983cxvz2usz5dcnw,BSH,2000,
xch12hu5fkutn46ap7uz40nac7qta5g68m7vwahyqh5249sx432z4r4qhqg9cd,BSH,2000,
xch1t3drj8nyc5qp6cssg6g0qfw46nzv470e6ca56rp69fya25hunxus4as5rf,BSH,2000,
xch1rxlq2plz98t0j7df0yptmp3c740gvdp6q08rjd3sh83dknuz7zuq2pyaar,BSH,2000,
xch1frj9tjj2urz5jvg22nh2tzwr5gzsgcmpjny6d99ftfq8qynq2qlsa3fm6p,BSH,2000,
xch1dwx33my0ur6awxqz2alx45cwhg32kl448q7m7lyj7wttg5j5kd7s7y4za9,BSH,2000,
xch1ssy84zrwjmy82cjfm2cqkwmcnf8y6m8arw0amfe7mqcv26g0dwvqjyu5gl,BSH,2000,
xch19s3t6gyh0kv8d5z5u066s7agpz6wfc4yzgztc8vsc66n7srw7rkqdeeny5,BSH,2000,
xch1kal00qwg5cu3v6u23ca4e4ajfcfz88vpk7ljc8yrua6yxshlyymq73y0ph,BSH,2000,
xch1frl5epn8dmx4t4xlgnc6pn9gnfqgf5fdelgh5n9c67h38dhkesssg69e7a,BSH,2000,
xch157hpx9drjex9ng446zuuyppdmpdt6szuyglpea7k55lk0y88fclq3jw563,BSH,2000,
xch1hl2etss32gxktag5v2wn934yqmhdf2av8xhfx2ayzcvyka9dpy0qq6ad27,BSH,2000,
xch1r60g5ag07yp66q49jc7ay35clen405fd2acm3yefzec9v6sggczs3w6k70,BSH,2000,
xch1wpt38g0z9sy3nvjvpe0dvtvceu6khcmphmh4g2khkdyh3vqtmnnszct529,BSH,2000,
xch17uqvygsrfrfyze8038tag3fempvckf675wryzfm7mzewvd7zndhq5w73x2,BSH,2000,
xch1wjjtryvvn56ey2xcsau8asr6vml00dredaewl27fv8x92dnajs5qcw2agu,BSH,2000,
xch102rgm42s5ykjkvqk9mww5c9uqua3zugn8lzx558rps4atrjxfwvsj5qkhg,BSH,2000,
xch1mj8u0c52vtxy58jd4x0vgjmrtecht6hqm6eqfja447vzchy8mj2qrtzwyq,BSH,2000,
xch18pmy3a9js8x2l9v7jhe4l829fzmvpupfp9mdsmj3u4fvg2w6s7dqx3nywy,BSH,2000,
xch17n3wupvs3thzlhv22nqy4utumxzmzhzpqfgkj379ylwfus7dk6msvckutx,BSH,2000,
xch1k754qcfwmulp506wnvpaw0dh20fkgjhrfutvl0v7hkam4j56vj3qyp6x20,BSH,2000,
xch1gzu02jhmydvfs3kpsyzudfw5wjtmfd9m9nu2gsvh3nj5cmssf7usjaatn0,BSH,2000,
xch14gf0pdeyuj9vhqzhzqdfd05y602mzf2sgfsj9c6yhfchs53xmg7qf5qrct,BSH,2000,
xch13exwcz79vkph36k6ngwe4t2jh3f820j75dfvsyd6l7xthqxumsrqatqs7u,BSH,2000,
xch1lawxawpxjjst8xdwv2gzqyhpvztksr7lanferc8eh0vakva0x0dsu4rq6f,BSH,2000,
xch1mc9f86y6q3c4j02azvy9qv22se30jgxl3c9d0awg9pwpssa0y4lsa2uv5d,BSH,2000,
xch1yx3rcu8glg9kfwqvfgvlt5w80kpxsydv5kvj9gvp3k9f9j6z96dsqlsft6,BSH,2000,
xch1655ngcj3tr6gded6m8cthp0mcmdpkuekfth75daesxe2e64rjt7stk9fpy,BSH,2000,
xch1kp8kqw2jmuunzkh2ht0wnc90rzjta5qrcs5nk2f36ax3vf5lpags22kkd2,BSH,2000,
xch1gfzxmrw6t9zg264wg5ezhdr6l0qxshyn8dxs9lfgftnrmsr8vpgq9lw77s,BSH,2000,
xch16n8p793t8tcvd7yyxg2g465naqy7r5uxwe6l602l2mm2mpdpqddq3xyz6f,BSH,2000,
xch1awjmuzq5ru5zdpd3nnvlzlxu9ucs6wrl7cg8ud2c3mzhleuegdtqrv20nd,BSH,2000,
xch1ff4cwwuaw007lxku3kx6gnz4a7rps53w629rnkuzqlducae2kj7qdernt4,BSH,2000,
xch1le49z320gpq7qtefjtv0u3a8a663z9v22qrhw4609jr3au46ehwsx9ny0l,BSH,2000,
xch1wu3uz08xv9zct45k26deqgeasszm38wk8uw87d3w4h599pkv9cps3k774z,BSH,2000,
xch1y0rshhfs902cfezeujtznvuap4vahy3guguksexjnatr77amrjxq5amqtj,BSH,2000,
xch14gjsjkr9yfqunqq282ea9km9mkjcergmeq6z5zyzsfwwhy8ny8kqwrvujy,BSH,2000,
xch189xeg2t3k0zf4n706wsxum4jj2udmyz6afn0ulewdah6ggdzcp0ss6jflx,BSH,2000,
xch1wtnaef096wkey8rxsm36cxm6g79n9gua42vdmv87a0cxe7xhm6equr5ufj,BSH,2000,
xch1ym5k6uv4satltx2dumx9qd0fze7wynl3unna78udwlsp8skjantsdq3jm0,BSH,2000,
xch1eawxhrm3h2nnnlf4mktg5reyv5s6je6wvzl7szjn2zv5te09hr0sg3xeje,BSH,2000,
xch1a5d6n2vhd33rvpa693wrrr9qv58kq26a5p6a23w8macve70g036q7594nh,BSH,2000,
xch14fnhlqzdz0ywrnx39k8ez2v5texuwqlqf8r7xuf7ln7fhjhcx5ksszznpt,BSH,2000,
xch1t880azpfcl0h2knhjr5lf8z094lyd28z5w9tpevr7dfalmhqtlus5eftjj,BSH,2000,
xch1l4tk2z8l0a7y5t70k382y6d90pkw8e0zftqu80pvm0klku65kzlstzjshe,BSH,2000,
xch1mf9yarw70sdnn6e9q60tmwdznhd64840rs9wetj9gunzpq5e7h5s052fz3,BSH,2000,
xch16wz2ttrk20xll3qlk0y96yh5ed8y7k7psdrsgnfln2c2fu04fuqsgr0vem,BSH,2000,
xch1jnf2gsk7phr0ctpzh738uzzx7984kg0lnnasjwux0cr446x7zqxspx6vn5,BSH,2000,
xch1gdmq37u7skflrznxw26yejpwad4zmwcxwtw3gtz5u3appfh24s7qrjxdsn,BSH,2000,
xch1sn033snwpvqufmd4hdszxanz6yzvn6433lx243sr30cqwthltlgqwvxezt,BSH,2000,
xch1y0m40hhslc0z72fatffz79tj0mja5qywre6ya2t5t84wc7u70xns7e63us,BSH,2000,
xch1uen0qfn56dsswa8pc9gzkdwasz0kde2ucdvjka3a4ltwnpq5shtq59xshw,BSH,2000,
xch1f8ydtcdk56lsvvcm27wc94f9xlhr6yd6sfdqkmvswx8muasc2jts7xc7hv,BSH,2000,
xch1zn74v6fq4wwju86gtht5qjlcnt35vjcpzlkvr85tf23sgs3wk26quvnlsq,BSH,2000,
xch1f5rr5zpnsehetm97jqyav8rwasks9uhc50x9x2lsvlaqzf0udrrsm3c5w7,BSH,2000,
xch1k7kqnscnukwfaxn5tmstp8wejaf2u4yqwmra2gp9g2clq9jmxxsqp4qv69,BSH,2000,
xch1ktndlnqn05m4rkjgwkn0gadldv6ldrql24h4yqcpurh8feh0j4qstaepgh,BSH,2000,
xch1keddgpnt78n3axgjrayjfdu7h5tmxt5y5sj5rl4qcsez2fztd33qaejqg5,BSH,2000,
xch1gm66xuvrhfyyw74ua6wkzycskqmhjmh5v83jdnk9js6098g3yjhq6lu8kx,BSH,2000,
xch1emwq7pm2m5pfecykntyz5cd7h5kq6vj3n5qjgh7zr2cgvrmefszq883qm5,BSH,2000,
xch1864ajcu3mxdttflesmcn30ghtq5l7wlg0sywjhmsy3236x2cu5rserk932,BSH,2000,
xch1cj968uqsnl5x67ejsda39valamw9a8wkfg94rsdkwlzyz48sj54s37a0tj,BSH,2000,
xch1fgftpqe6vpsdfy0yeezqrwvxk036sjdde32xxams8s0ewlutst6sek6l64,BSH,2000,
xch1rt4qu7k6cel3nnw92w74nqugqpaxjcn7g4gul2t2ft7mzpn53cyqh50k75,BSH,2000,
xch1v9zptp90mj2haqeqq622ncftdy8uvnm9g88h4h5qdn339lpe820sx07cpt,BSH,2000,
xch1g5cyp58m9tjsga7adcezh32ul2jez7jkl2eaqfpp0ufr9dsqv3cskhedfh,BSH,2000,
xch1arq0dvzk0sm0934st22l4hqefyt0mrj39rt40myxxannd7kg37wqqjtd6d,BSH,2000,
xch18a563vw4yrws4gnggsp7a6ndtlsldhel0y7cnupvl68mx7e8a8mq6aaeqa,BSH,2000,
xch18znqv8x3jakldmlwd6hxsvr38tm9qg8y29z24shtef6vy26swhgs8353vn,BSH,2000,
xch1amwhhv7s5hahwy4yathv6fycws7mkma8k9pxu982vchqrdxggutsp7gfdq,BSH,2000,
xch1ne6zcxn4r3j779kxdcqs4v8g7y2srf5ne4207y8g7x4xvrwadvqqwxum3u,BSH,2000,
xch1gm7mgm4xr2nq75xd9khv8wpj4mvh5vk6tl5mwc5xg4g5rj9sk35sx5wavl,BSH,2000,
xch1rue0mz6aqpkammz95t9daf5w58s5khl4hhfkz68n9z0us5ektl9qhncefn,BSH,2000,
xch1x76wxml973xusqhma4sveywy6a6jppru2th3hgu7pqxxn93s422qg3fgzy,BSH,2000,
xch1mk5lcwyvxardl22qvfc9eux2ty5slf2u6kjmnhzrs2mz3n82tc5ssq68jc,BSH,2000,
xch1yg8j3tgytwncf2l8aanv54shfktgqkx8ze9vgnv023ezeqgw4uasg2eckr,BSH,2000,
xch1yn4pzya73ay4puug0y6rtye5rwenu4rr39s983ck7dupk6j0ah6q088lrc,BSH,2000,
xch1jp9qw9psw2pdv77trsj8e4t5jqe0vjfw4qgevzpwcel6ckfe5x7s8xzd5a,BSH,2000,
xch1ct5mwltec6uey0atjpckeyue23wx8f9ul6snxh3drhrmr6j6a93sjwaqha,BSH,2000,
xch10dczf3whpf783wlvjyc68s8wcxktx5ye8vwvnx090dmhy4a3eatquv73xv,BSH,2000,
xch1hcarqhlazm68cez2n0t2zxc5cuc0u0he038tfat7uq4ckzuqwh3stg3hun,BSH,2000,
xch169aghmavn6tpv8v4yss74l8mlsty69v52eweanmkjl9ta64m6sjsl7whmm,BSH,2000,
xch1mz2mj09hvmqz7ygz3sl7e2fye4jehy4q32g44lj2ww2kscn2jqvsq2nary,BSH,2000,
xch14zp7kpfwyekkxm7hq5qgvv3gx5gjz9l76e22a5qg3rctwhl94y4sj3wj8u,BSH,2000,
xch14m8skxa5q2hyy3dj4kwgl9fktzvgatm2ecshq2vydravpn4hmdfqrh3242,BSH,2000,
xch130zt7f8ghsa3awx3wcp3xkrwf8yeyqc7k3h7rjkt9ackhynefkksh24vmj,BSH,2000,
xch1ehc4ezzy7h3kwnmwdgmvvpj5hx5ng2thvj7wpykjxwheew0fe6wsh5l9ja,BSH,2000,
xch1ksm2rfzkdqwlzezrzy0pe5kjdpaak6gcldmj2aevg8png06wqlhqeewh35,BSH,2000,
xch1ahxe205mtpmmjkjdx0gru6kc29aq6eqzx5cw3a74k3edzwyr4c9s9lmc47,BSH,2000,
xch1g33nlxpcet8ryyalxpkv93hx6nngw5vc9ney6la6vrwna63r4xrsu0qw2k,BSH,2000,
xch1l04vn7j6cxnkle9533kvjm8ayeg30gdhlgl56ptachzh7n0xkxhsjap226,BSH,2000,
xch1fmyhfw2s7fhy75sjlqfqjjz263nakul4gzhfsywvnfu3n8csuvzsjs4a6n,BSH,2000,
xch1r7n3ct9fcqnx80cdldtrr0r2nz2vlq47t6md6zl6mqt7exv9eyhsppp699,BSH,2000,
xch1g03dqkz3kuhvwcldut9zs879p2wsqwrmau97ld387ev7nmvfzplsvljqvd,BSH,2000,
xch1rkwyf8r54xedc96cw76smfyzk9n2vklqk8hhhxq9ludc09yz387qhg9708,BSH,2000,
xch1fe3yh823ldxx8szz8r4qd703552nvqy6u2dmdqmtd8730zpqq4pqqm4umt,BSH,2000,
xch1cvezlppusu8kr2havxylnqykds60xygf2vzzdl0cyxrepk5a00zqanw7nq,BSH,2000,
xch1898udx48psmf837wyhepagnwnldds3pxv3gt96z7v4jrpu4dfcqsa4sw44,BSH,2000,
xch1lyn2duf36e92469e76kka8jp4z64fnkcvrgkry3x6wphmjk20fhqu53mtr,BSH,2000,
xch1emdrghdnhtcmu7j74gs9spc8j6gdm9f7w7acwhaxk2eq0unpv4nqu75ckn,BSH,2000,
xch1hw5xqdahjetqyvdhpxc2cwzlr2zk3jjvla4sfr8cy830ltyjljcs9s0avj,BSH,2000,
xch1xat4u93cgnyt3s2u2fxny58w8r8smlamd4qfg0aq229ew5vrnrpsljghsd,BSH,2000,
xch1r4rrtczj3t2gvav4kxzhe3vnasglfz53lxl2438eyzf734hywctsla79wx,BSH,2000,
xch1wjcd89z8sdxgqj93zlg3w59sp43252vzgepja5zghjv0gl6h08ds3lhpqf,BSH,2000,
xch1c8dhv55zvept7gxw2kfslpd4v58ega5y3qtwd5gjrnf30n6zaqvq6mutme,BSH,2000,
xch1h2a0fmvsy7tmef4mcu60fjk9ynv0xtkcnt988d89hmr0j8cf4tfssgqcr2,BSH,2000,
xch1z40kgxv8lgsnn2zx0p3c5hgcdkujyd775ewrttttkzg9tyvmcy6q32jrlm,BSH,2000,
xch16xj8a0npmdfyx5v04wcvgq94vrlahmza04ezm9ypyhrl7cwudnqs3mm82m,BSH,2000,
xch1k8cgvz8j369l667y6yr8sr2egs5vgfwf69m65e5s030fs5wkergqpn5fxx,BSH,2000,
xch1gwsy8p59qqtdu4l84cmaggvc6lnkrz9fkdh4pgrrp27xr975xteql99627,BSH,2000,
xch1kuehpryal8k380u2td7uxlprfs0t75g9222m0ucpp9uvvnavr9ts8wvnwe,BSH,2000,
xch1x3hs8hv6g5s9tjwqu880zfq2v775y3qqy603d0q0c8k07se57faq3wg3na,BSH,2000,
xch1nwyp3xqhz6e7euhrpkejnkaahphnrzy7r4p0cwejz5f8v0ljruusvxt257,BSH,2000,
xch1w4kzvlsnvgtne4uvy9f32m4kr8rjz3pvc4ujm89xgycp6l86f4qsrkej0y,BSH,2000,
xch1950dh53n0vc3lr3pv9rkldtnawwmd99eexdf3v5c60kel6dxh79sz94567,BSH,2000,
xch14het2v9ulmn29k8za207tu5ed2uf7fsevmf25d9x2r58c2p5hn6qqegum2,BSH,2000,
xch159afntjwkn3w99ksgqvapsehvpfwjluqgp9d5j39jyt3vaqdd6lsm0l6cy,BSH,2000,
xch1ngx6nsgkmca9v43g7fschfvtnqh2dcx2qxz3padlplmfl3x5jfcsrapnrf,BSH,2000,
xch1ynccnw0jghvwxmkpgfez85tkppvx8qxaxkzury4ype4cc5q4yeeqzp3055,BSH,2000,
xch1tacgm9j9vfzfk2cve3zatcc0e3e26e8xlz5jw2pz0qv0kz52cxeqa94a3z,BSH,2000,
xch1899477tumxvc0hxgt7sqktc73cxckyklwww7jt5pvdkg0rkk0xvqq2p86m,BSH,2000,
xch15fjjee9swrnmjk6czw489hahyu7ef6zd4f0jvn7z096y8nf47jrskayq72,BSH,2000,
xch1t8wy65rs2ustj9nzmasggd6jtrylzhhu63txz7yfqmsxarrpw3qs3mpggt,BSH,2000,
xch1zsph3x6kl824qx4w5h7rscwmdqlex4mk4jv8r79tupza2yxaswws0kf906,BSH,2000,
xch1tjsrffep4skd570h29k4eljmqccwmgu9wm2nxp22kfnzrg5cspksuwk8lj,BSH,2000,
xch12erpxvl6d9c9z8kmjp648mx6ykudzt4jq6x9ahu3mu5yfwy4a5tsdfg5dc,BSH,2000,
xch13g0j72e0xf638u6hzcmhezwglqhlfdadjd4khvaeev7636tx5jtqete2fm,BSH,2000,
xch1swm887u4vpydphapjs0rz37x7gazvefda6y8uplnmp8egzcyxu5shvnmul,BSH,2000,
xch13ygnxn43xf8rcdnlwmhkk065hpj7c9fshekgg86q7ll2cl3vsyksags3vy,BSH,2000,
xch166e65c786krnk9026n3eapq4xh7lja52fyvggth3cull4wg9h6ysykqhlc,BSH,2000,
xch1t86z8py7y287lluxv7s2f77z7zcn09jn23ftgvec7an5jxcy7ysqmxtwm6,BSH,2000,
xch1w3c2nkkfh990qwvejlkj94f75cfy5fk2ecj3v2c7ja0xfxrzmgwst32tle,BSH,2000,
xch1caljels4kzaayu55z2zdsuf66f2uxh67tz6js4h7aj9ukzcvjvsqzlkae3,BSH,2000,
xch1cgjdl683867qa5e3p5p8jap0c247ycyezq8ndrrn4vg4rg6v3a8qk3val9,BSH,2000,
xch1thch04tlqlwe2q8wtrt86vrzwqr9q0dsvurggmspjnw57maz2x5su2q3r2,BSH,2000,
xch177cmccmkh369tsrhr6fv20m03t494wju7aal23j0wllr8zv5f3cqqlumm6,BSH,2000,
xch1sqes8ushlh5mxqeuvrk4ehzyd48f8lhsqssnjfsnpyfqdyyk7cxs83nzwy,BSH,2000,
xch172a8mh9vhkvqanu4dk5h88s2xtucrxz20avx4s0aw5ujpn5tx25q029mzf,BSH,2000,
xch16r9j34utshl067y66z553rdpplcrvrp97q3t3egdujvjcqxehr3swyacy4,BSH,2000,
xch1jpvw66yggratq04gqdnu5wsq7m7cdqga9fktptrtgt9efdcyhppqunc4q6,BSH,2000,
xch1d9mjxngdcwh23zcn2g7c4smpjsr42ujvlmzjeraxykqputny8qfqwd65ad,BSH,2000,
xch1zthpfpw0gxn064dtcrhmgh0stsl32kcqd5lzw0qjllnjur7sw0tst2twdk,BSH,2000,
xch1ymdkq6je3vle79mdn332m0prjygjh05vrqvelwjyyhsu0ahxxhcs28edv3,BSH,2000,
xch1kjccclxakd73vvc0ew075u43d4q8ywvldaxyu444y0067kr763hqgz9ukt,BSH,2000,
xch1xcy3kpwnv8c7l3jt23a2g0tu8wtlwfctkhgnnewyp8v79gxm7meqfje8r9,BSH,2000,
xch186nske4xgf94dx738kkzy3up5jjr2juuda053xueqtkgzckvph3s2xlpcw,BSH,2000,
xch1ht293vsrgsuyl2ndqln66gxvpcavdcr02h08qt5yz3pcgqv0xljqgrs36m,BSH,2000,
xch1kfms9wz77llmayjg3q3levsxqufj5ennpuaaaud0gew9evs3sh0qtnhg5v,BSH,2000,
xch1np6sjj53jq5xa380yv7akc4cgd7t2763ph6ajw3n8nm8wrpsm23sjm7mqz,BSH,2000,
xch1kljjg8vlmw52kn7pm9ljrt0eeqqtf0cgq395thqg68atzwazfzyqldc7f4,BSH,2000,
xch13zrahkq44udqawayc25cd8j06zafm8vwe7afaexu0n3kx4d2vhvq72jyff,BSH,2000,
xch18wp2aj2z9sajjzdgdpyvgw92t7awlplzqg9mhe29gp4ftdtq53ss8lhn9k,BSH,2000,
xch1x8552t4v5wsum5jkn0ev8sffv4jg0cpe55cqa4u7ju0k3vjdvrnqgdmye7,BSH,2000,
xch1jma7jpvjq5pv94gvreu7ulrnw953ds6enlfyx9l6c7vy6nzdns2qf65xxa,BSH,2000,
xch1zu43y33lq23pwfyd8jtc2gey8yrp88vmmstd3lh7qmv8a4xwu50s5eqfhs,BSH,2000,
xch1av2qv7ktcjx9seka0x8d2nlzatw2788qsh0ds0vqda4q7qu4mersnuvym5,BSH,2000,
xch1029wh2gv8qs5838vfysrndyzw7rxawjfvtng5vsx679nq2whx8kqs7yvlm,BSH,2000,
xch1n70zen60vk2efw5lz4crgwdp4f7ps5cp3fwphdypm0ffl39h5u8selppaf,BSH,2000,
xch18w7qe2l9lcutc4k9szu2pxtrs7485lvmcxs4xsffa6crppd0r9ys7k0q9p,BSH,2000,
xch1fafjtwuev7zcn6h8ykxyz2nz4gt5cp4ldh0rwt4nj7ex5njq60dsjgr20w,BSH,2000,
xch1vexmwe5wyeshcsecay9guyw9lj7gh084u8d5dzl82aqjzxkyefuqhplz70,BSH,2000,
xch182k5wvkrdarywjvh2eaxecwc66w0yn6vm975j5rv0f428rrxzkqske0e6p,BSH,2000,
xch1x3m6lymzzee76ye69crlgl6hhc8cmty6jqphuna3h62cnr3lnfnqqwlpff,BSH,2000,
xch1atzz7gpmh77cuvgytrmsu3ylvsnzusqnnksc3gpvxdq4u0t99a6s8sfx0f,BSH,2000,
xch14g5vq24rcwyarz4f4csm8mmhv4yqgt966j5ky3rkn2myzcl74plsjv6aky,BSH,2000,
xch1zhm3h84ja497n7l0vck806rctk4xf9gr4sp0erpdzkxhpjlml86qns32j3,BSH,2000,
xch193krzwaxlujwa20je69w7urr98krj87ml5ve7z4673f0utm5ggtsfykwph,BSH,2000,
xch1jp3wcwgul5gnkr96stnlx59a6d3ka5ghtupq3e9wwkfu68p4pwkswhw8wn,BSH,2000,
xch188peaspjscu7wwt5wegyk3mxhuqmz9pqq2zjyfct8w357pgthe5qwzc76r,BSH,2000,
xch1f2tu6umaxayx7fnleferxr2nhzhuz4qf7m79relrrcygjfx4nfzq0z6zml,BSH,2000,
xch1l4kstrr3hkq66p7fhxslnsq663kzdrljdkm4uq3jrm0eeneq346s45ljsk,BSH,2000,
xch15npg7jz0z8gytp55cyaaxhy0zh23wpas6ldzyz7e7vk5puzx9llqhjqq50,BSH,2000,
xch18nz7548dvf25gn54vkp6u2tlzgwyquta2yemjj7yz47zlusp4cesjnuaml,BSH,2000,
xch10tm5zcj22e7edu59qkxylpwqjlfye2udxgktlh3lrqm0zuexe7hsl7vd00,BSH,2000,
xch1lg6cz6wdy7k799vl3mcy0eagff942w8u84hq4drsf3wzvvuk77asaclft0,BSH,2000,
xch16eav49r7azzpc84etkmflvfpv885ph8lx9kujeqcr03yct4gfgmsczp80d,BSH,2000,
xch1kczv904zfr0hapnn8mqsatrct862ssglmhdhmxmm3tc0pzdlcqfqkg3rt5,BSH,2000,
xch1flnlvfs6gyyjhg2d3ugcemftsqwtrzh2en60edlz46p65qv78ajq9enn47,BSH,2000,
xch15awn3pyh5r0azyqzt4tfyt60s5x3l3709aj207nwy728nhvzur2qkq7sln,BSH,2000,
xch1c5pyjmqcva7fe2t7xrdtf0p04tfkm38z4476sa384zk3kxd7cw7qsn5acl,BSH,2000,
xch1wnf77uurgvetkww6tfaszf9t7q5q95da0gn4srk0h6xrqrtm50psv0at9h,BSH,2000,
xch1up0rpjng6x6resregjncxynjm8garpj8eajl3ff8c7ytd8x2mt0s6q5kf0,BSH,2000,
xch153nla5n0llylcvw397yqwuphnqkzth67k9yvxwmq5gqqxaeayzws6lvnkl,BSH,2000,
xch13854emy6r8qd9q0mn0wx5ggcq7kgr8495vg2qyaj3zlnsnl5yw9qhrdls7,BSH,2000,
xch146msg73ll4vycnqfyv0zc0hylg0kkugy5eae8tzhawusxwwl2ghqntfxcv,BSH,2000,
xch1cgcrjzzsrxycqc2nv85l2klpk5aze0r7e7a9lqcpqxetlhqqpy4sw9tf35,BSH,2000,
xch18fnhptrk9s7vp6k2t97euhfmdca2japxwt24j8va3gsr4jeh579qkkpknl,BSH,2000,
xch1n3ugyvtn57ryzxx2c5l5cfcu8txs8e6m3tv2h5e76qj76d8lv3zskgp97t,BSH,2000,
xch18zzt7zc9mm7ydg3gpa58fr5et9s2ycrl04hxnrjlvrarz9rcdeqszj4c9f,BSH,2000,
xch1zwpcjckreftf0339d56krh7ezevt9x6y4ld8esxy07dtkdeny37s5x0gxc,BSH,2000,
xch1tna4elv3gm446uvtfmzltyh2hdw8ysmukngelv730fqhd96pnejsp6wnfl,BSH,2000,
xch12czfrypdnz4dgrmxax7cnlayleeztzvcp3plctpqssv3lu2yp3lsy5mk3t,BSH,2000,
xch16mxzvt5h3xqqtusdxaknr8rm7670cxvlspnmntlnnfpnxq5w3hjsdvsddg,BSH,2000,
xch1vc0xqflu2fer0xxzd6vn74jucz5s89hl94q84enne879aafr5hgqtrwumf,BSH,2000,
xch148y3pudz6dueh7q6jk9f7mqkl2wkme4xspyv8fg44qek7x08g8js7ejxmx,BSH,2000,
xch16peh8kcqs9l67nnq6d9aqjf5d3s4pmm7zfqrjfmm4g6zfdkmxcqqcnka74,BSH,2000,
xch12nrq8tsx5flm68exvfhd7g5f8kw4lgat52m5x32q52fayafz3etqxcm8wv,BSH,2000,
xch1t7qv5p572s029a8tnfxqd2j3ca8m2ejks2aeetatt0jlakrpqsnsyxhee9,BSH,2000,
xch1dmf5zhd38f53jyvrnscz4gam43ku8g6k7zntew3jf8ka62mpuhys780kks,BSH,2000,
xch1nj2t8dzq4pqpp5uvgtvq5vlf90gw6xxgelnuy6tvxu7r7zycsgyq7s00wn,BSH,2000,
xch1tpuxxkjnf220ke9hlvjw5e8ypzxw5nfqr6jeu0zh2svvef7sgjmsc7hc4n,BSH,2000,
xch1kuu3aa3jwhn4jsufj0flp9wst8lpxe97v6zjkwks95wm8rr4ty2qwlqlya,BSH,2000,
xch1ut8dw7277jdaaqmk2lszn5ncpy53d8zn6lp7d973nyym0jzhsawqk3dcuj,BSH,2000,
xch1jtqdy4gypg5t538ax5ekya2w3euyumnc33c2nnwmzulh0mw2rv9s458unf,BSH,2000,
xch1mfc6usgc7nfpryq5wpu32ts9wpf4f93akdupwtf59rm0a36w7n6qsdv97r,BSH,2000,
xch1h7x7uc36w8kvhjvm76392qj0h4fct947qmu7kaz4yqjz5vyzpm6qfpdx74,BSH,2000,
xch1a8h8jn48r27gkzw9vgt3k7halew0dvr9dyxmhux4kt8krzjjn4msae4fl9,BSH,2000,
xch1ce3366g57v7vvv8p8wtla3m5933395qnrg3zttkf3sm5sgm79fzsamwcfc,BSH,2000,
xch1kg67wdmz57h3zn7g7zz9y2vsm5gp8ew7fmx7uhhsnmapydhw4jrqjlxa9h,BSH,2000,
xch12p7eqhta4qd7chn496vu6ls3gf2gx34unl6eav9atzsgv2mfcfgq060358,BSH,2000,
xch1f6jllqdzqdxvds9caqc8gx0kes94dnkzk04lqullz8wa2a499e3q23hkjs,BSH,2000,
xch1j4q9lmcc84c9mts93e3l3aqfph2wdgp82n9w70mdu2gjxwhk0j2q57fcdm,BSH,2000,
xch1umdep84tses9k4ckulksjqyjjdkl92nlqzeuep3x0l7a7zfpwlpsauh4e3,BSH,2000,
xch1m4wcvujgr7e9mjxdc9wuc3y6s9egepjf8awdpu8kd9cpm3w4tz5szqmmr0,BSH,2000,
xch1h5nl5y70mjhshusk8yrwxnj09l8je6gwanygvmtrynt73gl268ksz2tm52,BSH,2000,
xch16wuarlw3ppmcvnnpyqhds6rkkrv0u0x6ulxaw5h8eees8wwk7uus9097mq,BSH,2000,
xch1l2ej9t9cu62phykjfc97zsggxr4g58jw9ytv7pclr4lmvudpjutswat0pr,BSH,2000,
xch1g520xu8ywk0a4ku2xhzqv65ty80na36l9kpv40ytdq5kputg4djqlq3hpa,BSH,2000,
xch19kjqs8w5jqpdwtddm0halhxftymtqwq4f2y6a7ryz52m8n80339qhhcsra,BSH,2000,
xch1nmm8dqwlrecclrmky8n70fvm3nqt0lmjdlydapmg4fglq2fnykusxkfx33,BSH,2000,
xch18wu5smw3w2e6q2l8mn2fjskjuhrdtpnx3qkhuyvhwatw8j2j68qssujl2q,BSH,2000,
xch1v9yrnuuduex3xlrxxgxcpd59mjjafm26fa96xs82ngvrp7k2gs9qhh4pf2,BSH,2000,
xch1m0a4g32afnur08emys9nzqgut02j29zmj2u0c36udwqh5xjexgwqvhrlp5,BSH,2000,
xch1yn3ar6mfvej7lvzhyz22dyda8kqpygltul0wvpdwgvp5hmj87hxqy7gqmf,BSH,2000,
xch1wuwt5jaadv78euwte5xl7ng674wtlkfcargee24gx86w6d6am9jq56udw3,BSH,2000,
xch1cxsvj4kqr48zcaek0hql8zcdtv9vtu2kv6zdwvtfraxtwsathjfqyw966x,BSH,2000,
xch1j8tkjp7esqt5gnjq84nl0jdnls8et6g72pl6e87s3urfhcwgd2pq4u4mtr,BSH,2000,
xch10r6rnckuzh7kly5zgugr5pcc7t8vqzulzt7vthav0yy3552p9p7synvn2u,BSH,2000,
xch1kgccrzyc9j9jxvgq6dk8hgtlehwzvma3fanasxq5dr4jhddawl9quhpyx0,BSH,2000,
xch178thpmjkujfm0qpewnq85dq8fr9pxw280kd2jqf8v548xn0crryq6kdcrn,BSH,2000,
xch1hzaa2wq9wqlx2fpwa47fwr0eprmzax5yvnvd0s6n4fjz0rq9tldqckgu55,BSH,2000,
xch1m944lsedgvkqkrg02d2u43n4l2z6gax43s8jn6ulx5f2x3kwxyzs0dpdrn,BSH,2000,
xch1urz4j3mdydptghm6ck5y44qtqm4lzcaz8du3dd3ef9vjwfe9k2gsms6y8e,BSH,2000,
xch17g025ep2df28kldmcky4000fpyz4drswpqkp04ylpw0rd8e2nklsj00rg3,BSH,2000,
xch1sdyanmm0yd938x67j4vq26hp59u8ztq2c2uaus239l2ct3q5etfqtp2mzh,BSH,2000,
xch1hmckdsdzj3frr39xnse8g2rtpavcwt89m9230lt6kntm4nrf68ns2zuwu3,BSH,2000,
xch1n6f7d4sxfuhqnzq384daj9enr666k5m0psjvzatlccejf99ekg7qx39z7f,BSH,2000,
xch1kxx43jkuvl7pzhdju6874ufd9jayxfsyjdwpcp5yqgxps6pkdg9qxvfzlt,BSH,2000,
xch107ckk4pf8sp766m943a4yjf3323xwuee9crth7rcnc38wrcv8y8qdper3l,BSH,2000,
xch1cpzse5eeyd33he2gw7wkkswgztfkdqa0y04tn3ljlsjfgfwwjkks2w872n,BSH,2000,
xch1znwwrw9lwvzmvqa2age6m9a22fdnkavlx4e3v0cnnsg9xtnglmnqqt56q8,BSH,2000,
xch1hpquvftv9zhy6957f08ujnhyefks6sgehmkw7tnw79xscd5kev8qks56f5,BSH,2000,
xch1nlgt0qtwpq6jy2pskrzcq89e6truyltnr25ut9ywrdd8nwwrfzus94j4jv,BSH,2000,
xch16hjqcra8kdf6pwqffzcqv3v5ygl349wnyn6rmxalkjul5u9s5x8s82m9pj,BSH,2000,
xch1huf244npk0tre507530hqw8khlzks7wznxzp6yjatlllek64sd8sltuxqy,BSH,2000,
xch1jrp6l49sqegw5c27xds9c03ugud3mh3j64wmumkdyrp4vx3attzqznahfj,BSH,2000,
xch1aeext8gdcelhmfx5vqt3k8s67mg0rkugxzgv98m6fx9tkf3sz38s27tsz3,BSH,2000,
xch1wh2tsspls5akkqqnzzy6k4qj9ks5h8z3ggdwtqjzml2g3683n42sf7r2zx,BSH,2000,
xch1m65qtfjg8c0hhewwa0fvxh636uukj8v98ecaxw9jnn9ytllay7sq3dl58m,BSH,2000,
xch1k0ammeussftvddvsm4ptj6cc8g7k5razqyy053dt07l30ct4m0dsaaf8rj,BSH,2000,
xch13frrqurtx3xz5nl8c5zwvznnlayrkz97cs86qk9r22rarg2k4qwq9eu4yd,BSH,2000,
xch1gthkhgaxrgfkqdmwd3v73djhf5jtq223xslq83emf6cttmzppwpsy6p7jz,BSH,2000,
xch1vjjkg98efcjfhm2c968zv066k4xnm6k6ttwle3he724yp03rv8qq83rk5g,BSH,2000,
xch164z3rhwvy7jg2nrmjlegv4ex6xzfr8h3q38drh2cwucdjrpng8tqadgzk8,BSH,2000,
xch1cz4v2w8pscj7as34nd3pw864crsm6wm7tkk976njdkqsue3pa36q6rdkr7,BSH,2000,
xch1htplm878ed7up489re4wyhnyec0zklh7rrl73egcrlzrllpgnays0qm74r,BSH,2000,
xch1retf8tm9zyvlfa55l96w8pdxsyzac0hgzff9qeydlssl2gsy05dsdtewua,BSH,2000,
xch1a68095duft5hz53h29xue49twwzdplz82jud9n0syw4haqs8ygnsjhavdw,BSH,2000,
xch1tzw3v3rj6qtmjd77nj97geyydc8g9qrgme9xlk6050al7yajcznqus7au2,BSH,2000,
xch144scusd74dvux9c3cepacllhc2l0uf7u54q2qlx2ephlw0qq7vuqx2nh48,BSH,2000,
xch197de3fz5mwfd7pug3sgg7w7tl8rh8rg5eqtcfw5zp9zeyr6w8a7qkddwcg,BSH,2000,
xch1euvk3dc4tulxkqdj80jxfee4n64trznndy5e7vayf2fy4lpy9ces20yeq6,BSH,2000,
xch1rruyaa5az63mn5l9emwffmaapzangk4akd4t6clh2h2yy4dux2msyrkm8u,BSH,2000,
xch10wsf5rldu9j0kqjygaft3es3mlsdtwwuwg9gxkg64rtlrk9kmxwss66m62,BSH,2000,
xch12m2wrnmjd9958q0345cwspeh4hzrnlcq582crq9d6sm0607k88tq9rjgjn,BSH,2000,
xch1heh8ag7eptyt4rhl6npmzlpl8p2ddvvdvr3mggwashu4fp3gftnseeu0sh,BSH,2000,
xch1ywpqwv2zn6r5apr7xms5efgzs52y94jzfnx86wpfd8n3xpq60rush758e2,BSH,2000,
xch139e79f89mwlz7m44wsqae6m5fx2ttedlskf2j2ll52r99zzy5eps3yrp8y,BSH,2000,
xch16987vadyz6u7dsh5wgrw8y90ray0x7vevwv3ryhsynwpy6wfcg7sf5ndcs,BSH,2000,
xch130mnd03g2uq84w37wxpvtfwrfaw92zhjezwaw5gnt0gex35nxzqsdvqhkp,BSH,2000,
xch1kzgth6rjvwml9l97ud7ks2jlkff969fyqr9ggwuj4f2vplkr4uhqcqd4z8,BSH,2000,
xch1z09rq96stg8zsgmksskp300cf5jvnu042x0lkgqnm966v48g93dqdnstec,BSH,2000,
xch1499pu5d5swvtdcx6uphkeknk4x3e3msjlf3q0q94ksv46plkl69q6z4hgk,BSH,2000,
xch1lyz9ry3y85t6r9sfthvarzgh79sz0nlvus7ntuyh4l59yvtpjads76gyx7,BSH,2000,
xch1wyr5jyh608eqyuavyspyl5my5kcylxl3lu0lfxw9d2x0tzccuztsd4dgxr,BSH,2000,
xch1tm7httet2qnq0chpsav4a3lumzgw4uc3afta5ssazjt65c68pcqs67px2u,BSH,2000,
xch1jdcqsew5lgk6gg32ecqtrmayklnyfy3zke8xfdqwd5qpa7e0zqlqtuhk7c,BSH,2000,
xch1fmaygp92vl600003tc7fwkahl75se3xedvrkfv5d65e0hlu542ts32d6xk,BSH,2000,
xch1fpwnlrh05kla23y3wwqmpcd7xzzxcpxt8768drwmm7tt85hrsvys7edwtw,BSH,2000,
xch1td2x74ftgahafzhxpe35u7h8938msevrqxqjg7atqftxesc4ngrsgdhm5j,BSH,2000,
xch1hqtue4f3s0vs4udnkg6f5j3k4fkr9mn532a7qqlhpavekj5y9t2srqjw24,BSH,2000,
xch1nfpq6ff3x69lm35dphres38n4w2xlk9z82v3327cvslvd2k8xhdqcm5j29,BSH,2000,
xch164uzewzwm44e0wya9z2csy5v3aww0dmds3f3l8cpkulwyqt6f7gqm4ks29,BSH,2000,
xch1av8yns66nxfxk9d3mqpj0vpxq3lcn8pwrdcqu9xn9lkhhxfgyavq7z4phe,BSH,2000,
xch10jcmz5xup02xa5zehvlkk5k7tfuqrex2yzzytu6cfsx7k7mn6fwq3nn58t,BSH,2000,
xch1d47xvhhf7epha25dn9fhgs7aelsdjh7xplj2twcrfeue2mq7vujqkp3wnn,BSH,2000,
xch1mj5n7f80krdj5mtj8r5qrqhnvw0whjwlyjm26y60hsq4ulgggwsstn03sl,BSH,2000,
xch1lkgu99pmwscjtznwxx3fq8cxn3dd4z2eahnevaxl94lujvxdetzqgs06cn,BSH,2000,
xch12k0zq2u5qq4zd738v3uguvr3wh6slw2a4r5k3nlltlezw2yrz2xqk8vyw7,BSH,2000,
xch1844cnwvcxu9ex2r2twkwdszckeltjhpjd6v062xv4jq87zsuqlws2vjetn,BSH,2000,
xch1yphdqpep0g63ft20cc8w8p62n2cemy5nz0v25r42mu6gnsvpe9xqc287x7,BSH,2000,
xch1j8fevhsjw5wxnjx2776sknt86je24h6tg28j6ftezqkrqmftu9jq7uhu46,BSH,2000,
xch1z7eau3uh37fldxh7m3phswtcyvags6ljthy7mk8xyll93d4en04q8e8xwe,BSH,2000,
