addr,name,amount,44
xch1e68t40zsc7kk082y9gyv3q86fepwd27047hmlph6s235jqrznc9svatvrn,BSH,2000,
xch14ev6v6327esns06a8dqfhahwff83xev26dpv50sl3w4yfhkqqp2qcrldtd,BSH,2000,
xch1yum7nynzsrq6re3kxqzlp8vtfrzmr99whlp0lqrvf4uqkyp35s8q3ddw24,BSH,2000,
xch135lhdw8w857hv4pr4skl7hgs09ysku3ynd58ed89jjlwn5qltg0st8tw42,BSH,2000,
xch1efauttn3gkrwmcudz6t7p5wm4yfjz57amj0vl27rk88u0wka2afqwckqna,BSH,2000,
xch1ck0hxwkj95q2l9qwcqm26sl6yknvc63ytnf2ujlkgym2sqg4ufxs2r897j,BSH,2000,
xch198zc097lfavgxanywch6hmy3d5dksxkmlqnxtnh8r2dlwht33yrslg40e0,BSH,2000,
xch15wf8yd62lgrnzs2jcy2gzh2ppsqqyqmqrnnnt72nlfanf04gu84q8qfvj2,BSH,2000,
xch1f5848fxjusyyxvdcptaavcd0yey56tdnhuarc46p28an0k3ncn0shzxxvf,BSH,2000,
xch1jnw63wr8sx0234y4pzp9cr58fw6a4svsxa0vnuza28cjktksgq9slpdwgn,BSH,2000,
xch1avsvxrc8v3gjqc8avz2vvzjlk6vvz7syvdjf88xst0l3lujsz89qt3932r,BSH,2000,
xch1kueva9dv9a7h7n5ya0auja45jq54ul22u8tjzmhrxdpmzsqpwz7qgxet54,BSH,2000,
xch1lan5ps4j908f5namdh62mv97fs04h780vjpulkre34fw433uus7suql774,BSH,2000,
xch1v802pcmt88lzgk8t6hr3765u3j8tfrga6pdzmhkk62zly0nmgeps6m5u53,BSH,2000,
xch10vlyw67tvftdxkynrtyc2sqlcavhjf5lmgp00a030f8ae0vzy6pqpl33py,BSH,2000,
xch1s9d4s92sq50znun0y25r07xnxqx0vrmmmlf7ktru9w7axjrj0hjs38dayv,BSH,2000,
xch17e9p8uzggv8t7s36jgu4mqq0pjye6tua95rzyrjnnax63eflzgfqhvemu7,BSH,2000,
xch1rnk5w25aha70zenwgg44gygjkf0x90m55cywprx9y33aaf35dy7stzx7qv,BSH,2000,
xch1jnnl80shpw2wv9k0v6yhwegy7chhqnjsvg7frcnfpgtskvz0hh0q2p5xfk,BSH,2000,
xch1x2sr32ljlgemupmpkmx4fvl9r7t2cg2udpy3yuu7fyc0puaqjytshxa9qn,BSH,2000,
xch1vf9dxw74zte86hc3t9vcvn39v5p0fkxfpu6zkv3w5a98jfxtwc2spfz22p,BSH,2000,
xch1gmxydggepy299ka0npuus63p639zqt82c45ttn8ckvep3sldq2sse6q03v,BSH,2000,
xch1kcwgdwuglnmew7crn95q5nwsd669ttqjdfdmhwfv3j90jrmnwgzsng703s,BSH,2000,
xch1reewlujx7vcpgug4lj4vjsxwed4kegh56yzsemvy0zvqh0202upsq60wdj,BSH,2000,
xch1uavtvfre633tgwyvavyc7crfpdt754vk40t9ttdxg0w4ktfhnwxsg79tgd,BSH,2000,
xch1ghzw7kytd9p2mrv4gdwf4n6jmrzqs7tjhwx5vv5ed46d9ctyag3svk4p97,BSH,2000,
xch1tzz0fqaclych7tdd5ctcg75hjwlhxz8xvgc768hlaxrxaryjf82s8hef0n,BSH,2000,
xch1fv7vnd5thcxj324lcydta6d4z8upue2htahskhrttudel86w3hfsngr36n,BSH,2000,
xch10xjakd4dt979u8468asslrkdkgu54ndhfmskdfgux83smfl2v49seffvyz,BSH,2000,
xch1mqexkct0wqkxgzgfl0nqaagrmdkxd0ywc456l5drffvjvddaz0zqa3c4mu,BSH,2000,
xch1nguskqqes578hpxyfkzh9c06x6vxs7gr6w0gff9vr69hgdnlaq6qmmkrzn,BSH,2000,
xch173kndvyfays4wsxv3p0e6d2y6w8u2mf9rwy3n0wdfxh2ft4gzzyqgv3wyd,BSH,2000,
xch1sjx3y45qc4adee7dkzgkxrtn3h7d57qe6vr720dwy2lmeq7nzqcs8f2ph0,BSH,2000,
xch1sgxtcl0wj7t7956wywdh5tt6fnyfy4srn65385nm3nzuqh9phxeqxplvfu,BSH,2000,
xch1m9tcfrta0d26etnd609xxq05k0mwehag0gvkq469v3hmjhtat6ys0k3c3q,BSH,2000,
xch1h9y4ldtej3uksv5aw7e9rw3mwvdzdrsrn7gwzrcgc77nzp2er8xq6qmty7,BSH,2000,
xch1y4hrmj5vges04er9wusxvplpesqfnpperv8yuyqfq7as38khj6xq3dcj7d,BSH,2000,
xch179t5np6j280y9j0fkqqv6s4428tvzakquas9cjn7un0zpyvwn49s06v2wj,BSH,2000,
xch1zj57qtuh5s6l2kxgag7n0s75dwr9nx0txmu80sl6ft52sn2m98qswl5j9u,BSH,2000,
xch1fdl0ltgrqfcyvxhageucy2weet0khw0xk32lxg7wmytfwt999qjqvyjjz5,BSH,2000,
xch1n53q698hy9h7cs06kukf5t0l490mhv60gml78dpul4k9kpkddruszuhd8n,BSH,2000,
xch1rzf5vr4rf0sft7yr65dyzrrtm6du3ujwp6eerdzmh7xkkyk3n3uqws6tkf,BSH,2000,
xch1gxyyzamazf8stkeaap297z602elkx4cmmt0fvle92vgeadzsfrdqtpfgfj,BSH,2000,
xch19ru7th5e0ztju8qrysphwcpxwtvampm603nnzr3psx0gas8eaeyq6y7e8n,BSH,2000,
xch1elvduxw6qlrw4s2xgjpq69pdarynee70naemjrpzjsnsa0k9mfss05ua3j,BSH,2000,
xch138h4jqar480uwslvdtgjfdetsls6m9zz9fvdktuyyu560levtgrq006l2v,BSH,2000,
xch1hh7s8hhgeylhnuml5jcxhg3sdnzsd5q6slslepakadnngr5detpqgz9rgg,BSH,2000,
xch1sxj3l5qemlwe97xz6mwfrtvhxy0l97jqtzvfgum66tq32lqycw5qg9yjrm,BSH,2000,
xch1zxkw0v5yp5mrxr8r8ja7yhytl9522zutu0zaarqtayfacxuph59qauxsxc,BSH,2000,
xch1cpsj9c54p5wrgqrxsxq4z7s923kqycdypmfjx3gklw5e2xqsyhusfwmtum,BSH,2000,
xch1k4wthn2kqzyldmmcj98aqepxe4j4t30arcsfhe5qmj8dlzrah7gqfmpk7m,BSH,2000,
xch1wrexgqgggjuwexxhng2a2jdnqggmlqmggp5t7c6q46tth7nyhv6s0fd7d7,BSH,2000,
xch1v54r97r2fmsjsq0l8fj9q4ulrj86vkd8rtyc6equmpjsvutrjyuqkc7vs0,BSH,2000,
xch1rgyne04jan6uwn9373kz4ph2j0g7vceuzhtasmwuh0fhd5mqnq8s7c5aug,BSH,2000,
xch15nzwde65sjemmup7jgh2zk8mdm5a0v34jgfla3s40stm3chxmd3qwzw6y6,BSH,2000,
xch1xzdqjkhp9e5rgmndufewrz0ul0jkuph6ksnfxh2v29j9l5a0r8uqgnhaue,BSH,2000,
xch145wseqrlegpuc832ev9ensf8dt079xq55w5qflz8adcqh0p327xs0kvccp,BSH,2000,
xch1klpdk58zhqulepr4nmzq928ftrj9m4uysclv76sjwmrcyzswwn0stfmt7x,BSH,2000,
xch1hpclmjz4zjtkvjch3ver6f5s0fe7j9mdkjrkayrm93ucqsyzcqtql2zm6r,BSH,2000,
xch1ex508wv6kc5l85m2qhvcuyv3h4txtfcsaafd29yarjr9ynvl9c4sjv75gv,BSH,2000,
xch1wv90sjnh95sn4a4v00gq90p7w0kh54atxwqjhegzpj70dfw6emnqne45fm,BSH,2000,
xch109uzkzl6ff0cfv5nq8a7gp5fktd37egywrtn6ltkvg25uhwlnm3sqygtzy,BSH,2000,
xch1vnq6ut2q79zsrq7apwmx8k5vf7vze4hj2lpjp28r0pz7a53ty9tqqdgnvv,BSH,2000,
xch1fejd5gdpchq8qlu6j08e8nqjdkffypg2rgj22ty40ccn04f2zvvsct6c8g,BSH,2000,
xch1akmtdyvjt74r8ed9kn950ge72ms89l0fqsqffrsu8qefvxae3pnqqqtv0e,BSH,2000,
xch1c6m98vqsmtj3quy4y9672reg8fk323kwetgn2dk7w0xjp77wh7hqapm3hn,BSH,2000,
xch1rx0rp6eeey2tzte5t9acdumctp8tlcash9jjpmuqdxsgwge9zf5sqgcz0h,BSH,2000,
xch1t4dwdgrklx6gzy02dtgn8y8l7ufrrxg98efqk6gje7tep99m8mlqzzd8ky,BSH,2000,
xch1rq9szr90vzzy5tkfkpqxyah5wnrp8n8hdmfuwjkk72teuw7wsm0q8f5dp3,BSH,2000,
xch10cjgtp5aaa4jkmjaa2xessf60xqajls92yrs8pa9alzcv0jgqttqu7jj77,BSH,2000,
xch1rvm4kwhv2mjm430qmn39s8yulyw65humsp5464wrnje2wh0th7aq6kexu8,BSH,2000,
xch13c2a8cjjpcagqgeqmzvnlhgn0mnk8tuylzu25hsn0geppnccwg5q2fele3,BSH,2000,
xch1rzwzrtrqvmew8w60r89dfykyvfft2uw0v3nrycr8tj2c5u77069spes6z3,BSH,2000,
xch1arzqa4m89ux9xl3ax0rnl7ww5jh5nczn290dr0kd2wz3005yrlks05zh5n,BSH,2000,
xch149rvpn73e6mack65u3g95aur5dd303dnrcer4j042ds0uxspahssnax0zc,BSH,2000,
xch18qpa82pmjdr843k4snxhw2v23e0d2a3487egg3kqnq9xsx3mmxds7hfy8k,BSH,2000,
xch1l88wptn2ncweqfkcu2w04yqls2jj8tmfn9h3mc9ma9vnw9awlxesjxvzrs,BSH,2000,
xch1l2s0d2v2yw2tags3gtds7rfsed7395txmxud07j4k5frndqn9rfsc6akn0,BSH,2000,
xch1fn67uen8u35ucwram6wnkrl5pyujnp00ghuu92y6etyvg3fqu3mqpr3w67,BSH,2000,
xch1dtc68pvj7ltrnft9znt9435d5ynyt94kjl6y7dtlktvy7k3hyclskmlemr,BSH,2000,
xch13rv0fq3kjnlka790t7t0w50une404e0vw2cyfaldhch6vcdun75sp9whfe,BSH,2000,
xch1fsczcfuy7vnf883xt7yqd5dkgazxrsh46wrjrt3qc636zz2lv6lsdpkdg3,BSH,2000,
xch1sdqjvntdlkkqsdl6zszz7k08hqdsatpnacz373z5t4vcmsxtf6us0pw2uy,BSH,2000,
xch1fcx5yus4hdelfl2vt9p3mn5axnnvf6k2d3waez6r22yze3nazxrs84u9yt,BSH,2000,
xch1slhuhxskpq7p65s98g6jlyaw702gyku0hp8qdqhstxtucyr97emsuzn0sh,BSH,2000,
xch18k53c59tzjsuj9pjr8wecg7k2v2f4h3xtve8sshf3yn8upxxcutqgnry30,BSH,2000,
xch1sv5qs9nw7n8g06sfe2wr2u6ea44rky6gzweek068mpq6eq6nh4xse2ctn7,BSH,2000,
xch1a3xkdsxd7gctxx6g3ahvkrr2pwte65qtug55ygp90ma63cxzcqns5jjm9f,BSH,2000,
xch1w6gwv53lqku3pnpl253j8caxr47p964vjtyn8wr9yay2xrxw7jtqzzd4mq,BSH,2000,
xch1mukpfetyl3s9gfdl2wfmrg8gxkm9qktxl5nvvaan842sm6hta6sqrpx70a,BSH,2000,
xch1td6jqryrdfn076j52rtsys0tftyu47dujhhh869jy6w87at6pcxsqy802y,BSH,2000,
xch1kykv6vvh93ud9fm2fq9uwnxxp9k58s4zdj7u263d6kgxn3djzcqs5psx7n,BSH,2000,
xch1req8ghm063k6zprx46sumh0yc4fdzwvjgtl0pqe76npjl7j68nms6a0jqv,BSH,2000,
xch1jc3jdzqqu8fagz5l25aknxnrgwnrqyzmggjyjuvtx4drc2u0j4hqun4p50,BSH,2000,
xch1epvuvtn8xfa80qew2rmt3d5ul00lmtgn0gerzkf8u0zc86wj4zzqmh5mu6,BSH,2000,
xch1k3zyvq09ue3s4elj7hrxp9sy25zfwd8qpemyztp8lhmvzgwua6fqxg6m8f,BSH,2000,
xch165scc6yykrvlffmta2xde34e4ytjunndtm0lkjwgqay02kffjhhq4vh4pw,BSH,2000,
xch19vsysxz9qnawksvdeu7gy8u77qtpqsvpgkeauc3whjz9wvnam2vszvaqfz,BSH,2000,
xch1cwxuw8mh9q6qgd4exygtv925lawx79zwp54q797nrqrn2ds02wgqscdz0a,BSH,2000,
xch1vlg9ljr0hg50ygd0zjxvyhkj7f8fkxm7xyyp6au34g6szrzhf2zs56l0zy,BSH,2000,
xch16vjly8n9p3kp59xcwymuuwnmgp2f5hgpd73nscafytm8klf50q2sc48ujt,BSH,2000,
xch1eva5wnl5aeyvcugw2v6fl59zha7nqy44nfem4h6mpyar92vw7qzqsa2cmw,BSH,2000,
xch17z03w4ctdpc6h526jl8ynfa9sxqwgtdsgpuselr0zp9xq6kj0s2qwt9ct5,BSH,2000,
xch1fxsmdms07zht4knc65rjdaylmpxspy9w3pyeh29qdpa6dxzna8fqa7fzsk,BSH,2000,
xch1ty23l9hyn3fgg8jqnjn74zawx0ddfwntum6xq3apudc3hnun73dsav9gtu,BSH,2000,
xch1a7j6ck4rv7g5ydjkkhmnm2hwvyn75szgexw6kyyprqkyc5nkaj5s8actpr,BSH,2000,
xch1yhr3avetlrt44p9l8huwv0ujwc9kwv7v2ntsgeza8ahlmqff2gqsnfqzml,BSH,2000,
xch17jqzk9x5zltpqg8lgrmukl5l4arjsrfhfhmmdsppzwzgwp0ha83qt7gemg,BSH,2000,
xch1u7wcut00rwg762zzcdhwhumqw0t925jc7gu7zwqg425gqyscd67st5mnjs,BSH,2000,
xch12zzypsxmln2745mnyezc964kcajkjxlzhjyqdvr6ylch6x8w57ks9x7z77,BSH,2000,
xch1z60jpw9uk72m3kdn4mc5wyvjm2zseqcgd67gmndmawlsajxh09cq9mya5t,BSH,2000,
xch19knmqk24jm0r3rtfturv5kp5wd8j4g664a54sqgjt8w0mhn9tt0s4d75ew,BSH,2000,
xch1mjrjftyhm0lrvlk47x6wrxtyyhd5sp8nu9w08yrpepd09c865f0s4qhele,BSH,2000,
xch1u0elgrlvaev7aupfrju2r7r8r2gfmcuh08tae6kxtnqvrzf8slfqzn88tf,BSH,2000,
xch1w49gd2v7g2xsnzqtp990kcu36rdv4r7xzr9h9lwhpkatm0srs9pqcue04u,BSH,2000,
xch1egdyulukxhzuvlrkttmsgn6dnrxj8336j9lqnd23ltcfkk5v6e2s33na7g,BSH,2000,
xch12sk3720094l7m6ahch5q3aqgkrelr2692p0gftl5kug285s9fdhqtc83ex,BSH,2000,
xch1447gc2p6lluvpzhqzc5xv2tuq84msskcn5jmauul9ge34qde4lks3k4c8u,BSH,2000,
xch12qx50w0w7uhm9qk0yuf9lddrmen3mwzvr4dytf9s2mfj4gmgj7vqxfta93,BSH,2000,
xch1tnk7k74csdqzg8wpl0ktca85aws7ee8lyatgc8sxgcf65wpkrc7sw06pz9,BSH,2000,
xch1ewvztwzqlrhp2jtfuqh4vql7wv4d8y943wl059fcql9spl29665sagdyqq,BSH,2000,
xch1u0ec93uaeax5caghk59tk4q49pvj77z2dyfs48dtu7fpnrvtvz6qz29agv,BSH,2000,
xch1670ynr0dha332fn3gt7rph0jte3x3gygpz03s839n6uw5yns62csnec8r6,BSH,2000,
xch1y7gfggrsn9qshnhs5glmz8z6uadrg2rs3yj9dumrrss6fyudllkss8wj06,BSH,2000,
xch1ecfarwrmcmuas7cegdjlmlkwkark70r40a0vf8x70v98sj2n3jvszh9snf,BSH,2000,
xch1yx0k69tpkmsx92kt9g76qc8mf5jer7m7qk7fdlef86wq0gzsx3fqqe7qmu,BSH,2000,
xch194mas3780qn6d9wusyxpddyhcjzqkn862hjumkjs0qp4vv39vauqhj5fmq,BSH,2000,
xch1ur65vff942upathu34w4stjn65yd2jn2mf3p9easx3jqcerzweqqrdn66e,BSH,2000,
xch1mf42pc4ym5ylyjtt46lh93q3y8cxnhds0u9ld5vlmtm8n7ls40tstk8snk,BSH,2000,
xch1252wnthr4ynpnn4sccvts2qsgq7e0taxe9sn3wl97vckk9v2ekqq7d4ngz,BSH,2000,
xch10pej6stnxpu64jgd0l7tjyh2dthchuvdcwxajuxl4yfa8jqd2g6q240let,BSH,2000,
xch1jd5nzscvwpg4kflz87ke2guu0jsn8sxernuyc9tpyh90p299pzzs92q0wa,BSH,2000,
xch1ksrn4trm4lgdtr7jrmdnnrzzjh6l8v3yer3ka6ze79utvu7nf57qtlcnlr,BSH,2000,
xch1fd0mgafe6redd85lwjy2cl9lwcwj66uj7zgfjnjjpg5q8vf93qass74gtx,BSH,2000,
xch16wqhe8hkx0ythm6dk5u7glxtmc32em0sdyrqssxdzqaz56536y6s7hemcs,BSH,2000,
xch1kxdxkrl6nax6p9y5je9s83dwjvjckgnerak0dduth0grdw8w8f4qtc37pw,BSH,2000,
xch1gcnrgcnqz5gassenewlrpn9qyuywg850034f7djz822fauv40pkswra5y2,BSH,2000,
xch17j4pvsfpx8agmr2y2tnk2f4q6zlpa2z0zz9fzwcxu3gmejcn5ntqak72gf,BSH,2000,
xch12zs2a2hrupmcfndwjcnakxjsaapuxwy4xlc6028zsg90qy53sltq4mfhyl,BSH,2000,
xch1ufrdq09ca8wc0sq6d5vzk6l0xcwkx7esgtwz546cdllqzlk0hp7qhh5yec,BSH,2000,
xch1dteylp6d0u3xppxxz23k5kshu7gly0caecqhve6nvqhy6hra0n7q2h7024,BSH,2000,
xch123t7vq5kk442jntgzcea9ta4htx0hm375tntxtastlwva7vpxapq8ycqrl,BSH,2000,
xch12zskcu52jeqhv48p33g2vr54qeatt058jkdxyg86hndajeswrf4qhlp66f,BSH,2000,
xch1v6p9hvftuk7j495m80ek6gx6jc37c5wkggh9sjy2je7jkj5r4zrsts7x04,BSH,2000,
xch12yn5zmcstlnkcgr54syd9608y3sf08zsxqsq4cy6ctq5xfd67uksdm09rk,BSH,2000,
xch1esd435y8hqxvp5cr22f08ugt9ls4rg52egj0pxa5k4s8x7fk5qjshwf3j9,BSH,2000,
xch1uu4pc897l4fgw004n7pw5265vg87l653aes40xwt5rrlg2v24ajqrzd4tr,BSH,2000,
xch1l426nwvyu0q0cwrzuesstj56vkum4lxnmqdx603smnggp794vm7qs6rk4s,BSH,2000,
xch13jd6un3fha3sf3clu5yrlqs6k87agvxx34nstz6yae4zng5jdxdqtzu2an,BSH,2000,
xch16t8dm9gy9nnsr8jpzar3a52xfyhuue3a9d2rq24anaydz4ny7ryqvkd3sw,BSH,2000,
xch17sg2qzq23v222ld52z2sya0ty7ta95ql7a09pmpsv92mwq78sfksfyh5v6,BSH,2000,
xch1ds5mukuv9hgksvtumxawm057dl2jz9rxwp3v64lvrw6kr0e4vfksnjmf62,BSH,2000,
xch13rjsslq5dfg3n7wqnwaq7ag0qxt2hk3856kn0sktm4gh2x4u9vtqz32r2d,BSH,2000,
xch17tvtg9y847sm4jgqfgnm7keukylf279ls45vdcw7eh4afj978nhqt3g7ms,BSH,2000,
xch12uryafds7qax32ledru0rgllr4d3ek0gyhh89el3q3ke8ehsvrpsfd72yp,BSH,2000,
xch19w4c5x2hxq6f0vw7gp0c863snrczzhy603n4wgxys7x9lmu8xcrsm9xflj,BSH,2000,
xch1xewecmteruwau0pt93vzq57hh0gqlt0w0k8zt24azqyllnp0wj4qln64y7,BSH,2000,
xch1tsrnd4d3u5udlzj0ggh5jfmx6k4kdp2u3tmh5nljalky0v7rllkqyku2jk,BSH,2000,
xch1n9nv5we280033f9qcec7cee7d58k3z00wvlcu3fjfmlqzly9cf4s2c8yws,BSH,2000,
xch1er3f9xt20mggeanxun6qa2rdzznd86chlp0cvxrq0j4yr0u34uvq9u27qk,BSH,2000,
xch16n8cjhwr2ctsrev5uxq4exsjwz0se2mf2zwywxz2wfey6cy9g2tqugalr3,BSH,2000,
xch1kqzqcpzt02afpn46zh3eh0hcutyxxwncplkgudnffqpz84rqef4qf2xdhc,BSH,2000,
xch1r0rgdtjxptdztyyxwvy8yfjtmmaknq8mezjp3nr5mfcj3v368llsyr677a,BSH,2000,
xch1hxlnquchcet70590ced32ekeavqhe5rpy2uhwv65mjq78dwm3zqq7d2jc2,BSH,2000,
xch1ej8w73tsyhtfm9zh5r6mpmznyhyl49duj9ghlssrzh6d6tpcrttq7p3d4n,BSH,2000,
xch12cuj4nl9n96k3ktqnfy2uwgy28jqkwfzutqszl2u72avr9vekdqq5pndae,BSH,2000,
xch1dq2zh4kltssry9cjr8k8spksewfwwc0ewg4ylpdem728yrc08dkq7w54e4,BSH,2000,
xch16h6jfrvevz9my27truwxyapdsvquklgpfjhdge0zjy70c7wk65dqv0w4qc,BSH,2000,
xch109a3tv6lrdw0mkdfwc0h4chcl09u2x6m2ct03tuuszhj3kmcxqmq5wknc3,BSH,2000,
xch1f4yq4pxpskcfs8w6xgp5036z94a3pwr06hxs9l3xs2mg6xl29lwscnavuh,BSH,2000,
xch108wjhsyegkjxq00xv65ajnpng06aujg9eyguqkuh8v83qjzlp07qngyp7r,BSH,2000,
xch1aadxrr937lsvuj86yh3v5j3a73f2cwrkwur7verdu7n2fzfclrks0czhav,BSH,2000,
xch12pelwu5kwxv0jy0vvd8wcuz3dmca73y9cym4pfdtxhfry0g73m0qzmpzwr,BSH,2000,
xch1fqsuygfrw7npyrak2m3g3w7ep9tjhhk6s7wyh7u5rxmyyr453p0sq20q4p,BSH,2000,
xch15wkzr3q5ppva8gc7k20e3jezyqhlllg5jru0k494dzexyncl67sq8lxvyd,BSH,2000,
xch1zhlmz43y5993tgk5xpntp5dck5n8gck5kwvtm8g3mc327kyw6ctq9uq3ja,BSH,2000,
xch1ttfptlz7cpk84susjffz4vu4czk54mdk4tc3trjh8y7kynw0t6hqdljsx9,BSH,2000,
xch1jpncsvtlkqp7gwkryuljq5hvug2jy86qp95k5vhuxh65g8fnphcskt52pg,BSH,2000,
xch1643fr6e8x4mganqvvsppp6dcskgrddj8g2lv9286lw5xlg702kfstvg782,BSH,2000,
xch179nxua35gwx3vymr426d0vn2f2l7hqarjukc5e27429edq0uhncsy52khw,BSH,2000,
xch124dfl5t9l0netlumx6vcat3taqhuuqwfng606e64t8vtf7pc52ysu4678n,BSH,2000,
xch1my62gu04fc30nucctu8atdykdmwxnvndjlw3k3tl68tp8660u9cqm8xe78,BSH,2000,
xch1tsfvkl2yes02f78rtc0685gs5acxtg3ggddcgacp2mvxwkgentfsmcx2lf,BSH,2000,
xch1227aygsknd87p8j0260uc8dl2wuxhwlwvlxjf0daphg7y55w86kqu4yz2f,BSH,2000,
xch1mjayy8kl6hqrwwspf46p6ue7zrafu39k502mhrpqsxuftc8auu3qm8ck7e,BSH,2000,
xch1vrqtua6rjxrl8efhaz8cevge9vmvhssz49kh7mypm82xp78e4taqd3cstp,BSH,2000,
xch1drence23u50ygkx8lc74ac6gra6am3tmjazr42azjktygar6ss3s0x8tdx,BSH,2000,
xch1m4wmgmjvl69aw3qmnf63z3a0sl5l2hf42nezma2lz7ulczut844q8fxkhz,BSH,2000,
xch1ywg8wamlstuflrejv725zha6ajq7h9tvw6ec0dfzpy4wypqhpv5s86ugxm,BSH,2000,
xch1ft0drhp4nak2pqf83jadz3cxj9tjd2jmr82m9tyvq5ewzr4xn5ksvky82g,BSH,2000,
xch1uc940ueyrt8uyd8mqyzt486lu2u4fytkcd6qswjr0klxj2rmqn5q9xhy9v,BSH,2000,
xch179z9ueqc50rv0x7es4lw3c9tmhsguwnauwnn6cm2wssz9ykg3d8q8gpsjp,BSH,2000,
xch1czekj3m2faqkejcdgft8s5dwfwxc49yxturwgtfyp950lzq0rnqqd55096,BSH,2000,
xch1esenqnranskcgmpvrj47uxvy24d94yqevsykmkuph76waqws29yqmhyzn3,BSH,2000,
xch1ymmes42le0gav7p2rmjmee2ddlpkw5xe42s60hjvcneqkfh8msys0z8h67,BSH,2000,
xch1tzsk56u87evppq4qsjvamqz40ugr7682h2peez9u9czpcre6yz4q7r3sh0,BSH,2000,
xch1h8y48rfne843k656zcpdwmv25njdd0rq2z06anrm0mxvqckpudnsgdh3fa,BSH,2000,
xch1grzmnh22em4nr82rek6mjsghcl4plxqr5y7lxes95jxzyh4ntxfqm70uru,BSH,2000,
xch1lue3pat5u3u3dpjr8apjezw5py89ldwkutx5kj65pgh5jgl45l5qslnjjx,BSH,2000,
xch1yf4cjgc9ws8g27vtzcc2ytqlasuzhvusc5rsk46hsyh7lyqzyxaqhwpv4j,BSH,2000,
xch18pfpsatzjcx6aqzgn49z3mxj2n25w4fuw247nha3um3fg83rpcwsmp7e0c,BSH,2000,
xch1jwxpakpqgkyny3dhcsw70dpw7nes2clgvykd39q6l7vrmq07zqvsw7d3we,BSH,2000,
xch17z6e45kjaa0z78s3u4jmxq6q3js5lnv9y9vdk7ytsz079hs52nkqfrzv7v,BSH,2000,
xch15nhsn5ny55glekqe79cns4j04y3cwfrsuhdn9gel5j28s9av9dxsw49a6v,BSH,2000,
xch1fcs8hf2geupspm73svjpmcccusmg598tj4acjpzdhywzt4z7y0pskykxt9,BSH,2000,
xch1338fwdry4wfn7ma39d4dw5d0sy729adz5xvcavk3aye9e489q6es7uzmge,BSH,2000,
xch10fh2cyxhzmtkzjt3uq9fsl52rh0k6zvtmmsjqs7gjev3e039nyaqeufygz,BSH,2000,
xch1kyytwetck2f8603wvt6hn606m5vm4t5k7rwvszekgaytue6wtqtqw6ayag,BSH,2000,
xch1xj6f868elaczmrjexj3lxyrx92e5dm8gfxjdrxnj0nnggsms466q6vcvv2,BSH,2000,
xch1alvzf73cp57w8xm6hfa0zd9kgwu43mf2g5g3k23ydnk99v9me79skvsvf8,BSH,2000,
xch18fquhdhum2tehvnghx3f7ukf2jkkkxanv66s0udrgyg7p77szgusacyt03,BSH,2000,
xch1u77szahflqhl5dm9nr3zect4rm8l6m4phv524qkvjxrsqcwx22aqgrn7xy,BSH,2000,
xch172wtgxfevzjzrf9pw9jtsfcr6xpwvvxsp46eamt4ma64fa66efzq9enfdg,BSH,2000,
xch1nveyqj8wzk630rn3d7flzpj47j2vu7jyr7vn2s9n504hvd68r9hqxk4psm,BSH,2000,
xch129x9vyuea4922kl3wuuzxr9szye67eln7hus2k77me0de8ku90gsszceh3,BSH,2000,
xch1ssr8q034rnaswmzyumdmapelvfsgcey557huhrrqjt0npttem50svjvdmq,BSH,2000,
xch139rkk40gd8kh3jdm5vdtfdx3c3lzzgpsrjeg0vmk5y7zq4847nsqfyhf0a,BSH,2000,
xch18euewaj4ch8pvxu6h9s2qt8hh0vh2jznsjsr5h78eshxdup7mlysrk96a9,BSH,2000,
xch17zrakavmzmq6atn0zwv7lvyg90380m2yr23wena8l5hpxlzc0h2qgxvpyu,BSH,2000,
xch1cdq950m5cnxxrw22c0wjexghrxu5plw2qzf8jw2nhty5pdjpznas99t0q6,BSH,2000,
xch1efehcf6nk7dkzhwwy8przsck059syjqxz09jtxhg98hlzrq8fugs63rqlx,BSH,2000,
xch1w7p2f9z3k8tg3vgx38nlj0xlm6l0e8wh9832fwzhxnhun4098cusxjexdm,BSH,2000,
xch1n4f0xux6v6jtcws84uqfp0ylf2sp7qrchpzatf8vw75ul2hsetkswhzp6n,BSH,2000,
xch1mnd3zpqmyuhpru0th355trtxk73k0atuvspwlxz25rqfte8hf3dscf8ewg,BSH,2000,
xch1x966r2nz5ygd035v9xwfv8qfvusjhh0cch0prv4f95u3gexd9eqsu9ywhw,BSH,2000,
xch1ze55wk8pdd7fal46zeq3z4n52tjrphdjeer8ganrjsupww5ag52qjm28tz,BSH,2000,
xch15qml8lr53uus8tlrk6me9eyx525qjw60zhh8yw4k3md2rr96sncs5drlsy,BSH,2000,
xch16emx4ullsxx96k57dhcampspqzrhnccjgsxnkcf8yac92f3u6h5sgs7kd5,BSH,2000,
xch179yc0enczf5dze2fghluyae8n0aqqgpqvp9ceqn742793gmql4qs4a3scy,BSH,2000,
xch1rdrq7e23r87qznpn2v2utjafl3sacavqera6gevjh9y3ktcvjgkq045p07,BSH,2000,
xch1unsd3cvdxgz6lc3k2n94ryjhwuvnc2xtu7wxqp4nplqn206ggwvs69jwyn,BSH,2000,
xch1fh2hpxcjthe26479w37ctqazf957zm0vhxwtm3haqax6f3nvyqjq0rly3f,BSH,2000,
xch1ls7waxxefrm9mc3a2gk24fa2srxknputrxqueu6579lhveu0xg6sqqyyme,BSH,2000,
xch1m7udsm2kgqrrcx2699cadavgv5n0jnu4n4nxe5atj34xd4a9r0cs8kqfk7,BSH,2000,
xch1wmpqaae4psmw48p37l8lsf6kv8ee85mf5a00z8j3rrqzuryaa0pqd0klq9,BSH,2000,
xch1dj3aud5p2xgrzmhqta5crpzy2emtcvqf83md8dt8npn0r3je3l3qfuzek5,BSH,2000,
xch1hth8t0zzlgjz4y9ycp8q7hmcelsj3n7ryjg4x4r58783wec5p3gq67d89a,BSH,2000,
xch19cxsv0k78zrvwdqlqe87nvel0wcsh0ph3aa0k57tm555akv6ptjsqr62cr,BSH,2000,
xch16dyx7feaqqlnpe8nwvvug4u0kl58r6t3yj5tj4n7c5fx3egj3ufq9agjr8,BSH,2000,
xch1ck36ams7gngmvrh7w4pal637kww6zwv52xa3hf3ewrzl8u9lcpzs6zej40,BSH,2000,
xch16j3xgdr7hqc82d22pl9hwrzxhdadjpfyvjnl3syfsl5knglhxxys6h3zk4,BSH,2000,
xch1mf7xh49hlcxczfz8tq5f7tzdjl9m8cmj2w8w2dey7f26wmw49jgqamrk9l,BSH,2000,
xch19xzfuzplkyu96t0v2qahnf653gy4m9929ev3hagkk5qxznl5tdmq4vsueq,BSH,2000,
xch16xcfdxh0hkyd45t9mcchmc6yufgay9n2afq6c5gk5hc4q5qgpnzqjc28lg,BSH,2000,
xch14894r9fskcpt47dnwt0vh6gpa6tay05dge99ha2asyp3s9u3nycs9l0w27,BSH,2000,
xch12uwvk0jj2w9az4y4z0c4y8tn9d5pa2ta0znrl0tlzgq6s7djepysxnj95x,BSH,2000,
xch17t2j69498un7gakuaxad9fwerk5nlzqeg3gl9aklz3vhtkjct8jsjx8g5e,BSH,2000,
xch19egyxxxysnq4sfxwrcex29690rgk67r3vpy2yt4cwfhqjjl48yqsn2vx06,BSH,2000,
xch1yxe3xkcd7fzeps8msyfaks234x95rqdk054t68jdrpsz2l6u0z0q82lpp6,BSH,2000,
xch120qrrq9nz6w0w5ft3ngcd4nw2kzdmgd843jhhmk7qaclyjaawd7sj8zkjc,BSH,2000,
xch1uzca7n37xkxsmtjcdcegjcz5kvhqv93qcw9a9qc5w2sjgh7555gqxqjkx5,BSH,2000,
xch1gpdt2ljqt5hmgxee0uj2ey287wy3pyw2m5dj06mpmslnp4nade5s90yjla,BSH,2000,
xch12a5qavy5k9ucd4nv79prpc3wkgkuy46pz92ae4yaa4ksxvyn080qgfhaz2,BSH,2000,
xch175uwhjmd9wqmucu5krl22ep68qs4x8qcpr9l0jl7fedxwzar70nqy72qtl,BSH,2000,
xch1v66dx7qjjvqrv4u4sm96vkk44udc487u6s9lk9485j4jhhwxcuvssyf0az,BSH,2000,
xch17q5n5kwkkf0hupzayv8j2mjp3jh9x637qfklfge3vygv5pdr4x2qfgl46f,BSH,2000,
xch1je9mwcp4nhagfj30mgfqhn3346xqpln9tkn8tsw6tsd74rz3prjsq33al7,BSH,2000,
xch1gxs46p2gjgq3kwet5ws0jwxqm2e80qcmn7nn0fysg6vr8xz3vmcqkx93tm,BSH,2000,
xch1afqhadqsu334hdyfq4c0ylwuq4hgv6fhyrmxazsvl8jndlxcsd6s3vyys3,BSH,2000,
xch1gwqxdm2ansc3ddawhyfvmcynwqsdqmz0k3s6ekn3vhuk77dwh86qp8ncyf,BSH,2000,
xch1f8s0dc8nqu5q2xg49jdszsks06sc64hnccfrkkj5thu7gvye4xcs4h6gat,BSH,2000,
xch13mtektz9k8vqfd6rmt4l342n4nzzs7sqf0pa77209lhyucktqlxsncjde6,BSH,2000,
xch1dgv0t7m2lqqe3hvtdy2pryw7s20rh36mmpk0l5kppy8q23qmhzmqweqj87,BSH,2000,
xch1jk52pqsdl6vt3msnmy46f8wkczcmh9uqqcl02s6l0vh953h75msq5vq3ph,BSH,2000,
xch1rqyfkp8jetna5drf3pqrrlgewu3qmgc8g0z29a7nafkjf2rd29sqdr3k8t,BSH,2000,
xch1f73y6anj9jwx8pc70na93dgqar3dsp6nzf9jx8wx054559hlsqkq3uaj8u,BSH,2000,
xch1n67zmpjsazrq4mt56x25ethrgpfjjwsr95nrp0eu8skvn7ajg9lsre0p73,BSH,2000,
xch1n7z0g7zzc78atq5n4gq3txemplhjqgh47y8my7sucnx5gw37n30shvnefp,BSH,2000,
xch14mece9775jwuv7kw7fl9dym3vrza70lcdnq6adwr5wgcy8dksjes7n9cvf,BSH,2000,
xch15mrfwc56vvw38nw88en9k2738kuc66ukt7jx7ayxjf83eepjj7cq4l28dw,BSH,2000,
xch1zcr7nckl25wuc0e9pskq0fg5dyu06d3cq8whq6pf2f6r58uf0xnqvjn56h,BSH,2000,
xch128wzm7lwfgflqfeun8zz24ugrs6au2trzhnsk4l5nqkuwv3alrvq87wvcj,BSH,2000,
xch1hedck994l8lz4hxrfe45lwpskjaye9s5ueaxzv7qtwxha8vw40sqt0msgn,BSH,2000,
xch196m9jakswesj3nzhwnesmv3ccf3dtxg3whqrra9csh0rxaqpwmss3wqy6c,BSH,2000,
xch1e0czrxlx9j64c52a87egeqpehxxsz030gp0f077q9uw5ud38pjnst0hz7e,BSH,2000,
xch1vjkzj7fah3wr7nsc0cwh6dlkt9289tku3dashsvq3h00vj5qj2yqywm408,BSH,2000,
xch1dce0f5cw594tq3mwae9cdcu6efah0hnkv2lqkws65drsg5psu0ysq4ycfh,BSH,2000,
xch190al6y0jc94vg0az5x3v0c840m5cxtnq0mw4xuj083vzkf9qgkaqs52jlg,BSH,2000,
xch18njt64h9j9ha8kg843dpja5p3zjdqzyvnn5se8knyzz298vmwq3sl0qprh,BSH,2000,
xch1nrl66cwlzktrgvapru2dztaczq48ac2w8prnzcuejx52g97m9zeq0puxaj,BSH,2000,
xch1jn49sm0u3acj4atkj52dap7xj9spudd08553vms0hxk6kdxaxw8sswll00,BSH,2000,
xch1gzv7rj2m9z0utkvz7tnev7n6pndzucmm8knpdl4kzkkc3jazq86qgx27ey,BSH,2000,
xch1zat3myndcpe30hz9zkyjmllar4vh3s4aw5utea4munznj23pggnq8ulynw,BSH,2000,
xch1mqrdawvfhvncqsntu63leu75g9g3vf02xeju03d855pegs405hqqqg4at0,BSH,2000,
xch1wy574hu5dj8ddv6alsyqsh983uftu6x6dcnputswapc985x6dajqql8dnx,BSH,2000,
xch1f72k0cc956t2jdv0952fc06zu54hm3xvqlqj3qjs5everw5zjykscpnulz,BSH,2000,
xch12422hnccqszjspaptjmzxtrmm3cfd4qe3awngyl8lq3ydwm80gmqken5xd,BSH,2000,
xch1y7nulewxfhfchk8qxh20d27ulqp6cz66s47u7d7zl54pf76qxg9qya89qt,BSH,2000,
xch1sn6mhpsf40uddmqe3h23thy4dm2erdymhfwynwlq8g8hl4kygvuq7f5vxt,BSH,2000,
xch1upy35vyunav5j8dtsm9smq4fhnpvyje8gmaxxfwknhnmvr7vzcdq7rl4ef,BSH,2000,
xch1v6s3g2nnjfgzm7pyzcuf45y4h3ttx9epn0mav7m5fqfac2ejt9cs6kdvcp,BSH,2000,
xch1vxx7wkh9062qsknxzcmc80khgukpfml75ktlkl3v45nl2qjjhevs8ttewe,BSH,2000,
xch1tn4lwe36md0d4pwtuml83n6skc2vj3venx6eknnq65dc5x50qjas4hx77m,BSH,2000,
xch1we65pk6rggptsn3tj59vc0rwudj4zj5v66e26dc80addvfc23k6sh45md9,BSH,2000,
xch1g0c88va5ueqfzkuu5ca7kxp7dx32a73wlmkhx2ldwe6lkek3ssfqz0zgmp,BSH,2000,
xch175j5t0zymtrc7837rydsusux9ymrfpkg6m3h2a9hzv6aezhjvkuq4mmse8,BSH,2000,
xch1v7p09u3uckh7kgj23hyjd0ekl276g2unpklre6laeeczs5mu7a2qhcsp90,BSH,2000,
xch1dl9gd5aa2r8g2te5a4fh69pmml8nmllxkkrqy4kqpzen7qaqtgtq47cstq,BSH,2000,
xch1tf22ftmfpce7gwseza3grcsxj9t847s0pw3u5x3fpaqjrfaf0dhqj5sqqk,BSH,2000,
xch13gekc5zk9mmyuyr9pvmcay0vncnkg9eppx2w0lju8xyw8mnxwqgqqmzp7r,BSH,2000,
xch18tw50ruj5ygegx0s4vhg25hkx7xx6uegzt9frgpu538nsrt5u43scv7mrp,BSH,2000,
xch1v5dcldr6l4na6fgjm8390dze9xl8hjn4z70xkl47xq3djlxjr63sxerxf2,BSH,2000,
xch1vkv9gqeaes7yy0lw8zzq4xwmwdkzynw50w59lkgz7hqc54mdjaksq9kz3h,BSH,2000,
xch1k4kd3ftvxu6efj3798vumsdt5y9t0v3546va3esv8lgv5mq9ltvq87tq5a,BSH,2000,
xch1h0ch33jcp073c9g66ylr2g4cxuc8rjx842a94j67em5dwwsdhp0sg8j67s,BSH,2000,
xch16vy9yg6mumk0fdhd68jst2002l84p8zmg8nslchlmea69n0xw5eqz6n26z,BSH,2000,
xch1x33kq2geusvhujjd45856ntwaj8l7dss4hsnkr8a9ww20efkcwnsf8d33r,BSH,2000,
xch14t2th4apjf2tmlzg07mcfkvpj29s972vzyr0503ymly6g36qxlaq56hs2g,BSH,2000,
xch1tp7nzqjed298ufgrfqv0xfpqdd4jdsnp0k999ajgtvay4yt7uepql93xa0,BSH,2000,
xch1tpgpngpw405y6yzfwddqfvmtyrwxr5pnk4qkdk9yc2vcslcfsvrq8mfhfm,BSH,2000,
xch1lhcqssrv94q6uhmd7ml2wsfsc75anlkx7k6ydls8w0chgzg2el5qw4f7dk,BSH,2000,
xch18dn6jxv6qgems0huhfw8yuc0vnw6z4etje43jn3kp84djdfka8jqt67rjt,BSH,2000,
xch1vwp82laue5s8thhk2v5ffhr0ceun7jdlskcpyftwmxpujfsjkldqednac3,BSH,2000,
xch1xrn3m70cx3nkenf89aklwsk7h60c5x04u750e2ueqv5du7nv7gtqxg4uxv,BSH,2000,
xch1eel324htq4ksv3dg3r30v9qfdwq26rd7h448spy6dzgpwn6fzm9q7hhmzh,BSH,2000,
xch1th6a8jnyfs4c6t8exntxphu4luglvmacpwpz9gwlv0w74mlnx8aq8cwf0w,BSH,2000,
xch156cvuqfstamx8dnhsruy99lne09s6yq833y3vgtj54j8lzle74pqy5skhj,BSH,2000,
xch1cexvpv8xw5htf6r3cv7h7n47gver85r0v5n0h9eltac3mck9jj9szn0s8c,BSH,2000,
xch1wdx266aslv3pgyfj9ccu3dj8jwttg44uyy52r9h33n6nzkwa7znsxgakc9,BSH,2000,
xch1hq3zht074mrn9mw3kw6h0yqv9jzcttqz5dd0hqd5e24yfd2ea68sslxl9n,BSH,2000,
xch1hqmcpd3dnsy8dhgphc4s99pay2a9a9n8tzy5tgkzrhm7yjs5nnzq6na095,BSH,2000,
xch1n5lz7hx6pcg60zjf0cjfvapdlk0lneqlx8767ec7a9k7jfgh3xhqpmd0le,BSH,2000,
xch1ghjhkcf0g8xgkejndrhqqv7qtw63afg39ueeju0v6wkdqdz7r4vq4ulgc8,BSH,2000,
xch16xflt5m2mhw2swq0s6j35usn8ddddr4nmt82gw7vfts5vq4w58fq56h5wu,BSH,2000,
xch1cgtg9gmm9e5jtcnh9kk36rpjk0r5y4k5qyzq3d8we0dgzhwgpzlsmf2ysm,BSH,2000,
xch17r53s7mrwscxzg68a28yz7rtw4aynue3ysqjdkhdpedmvj0ks4mqefdw90,BSH,2000,
xch1yyqln3f4vkckqvunkdtpmf370nqeq5fk9ahsr2az8cfut2pzngpqdskam5,BSH,2000,
xch13nzh7rfd80ee3rvcu2skared7udhyasulygm6qjhryv9w772rneshgeqk3,BSH,2000,
xch1u67x3lr3phfwsdl6jqjy63pkx6t65m2twgjx5avtxwssf85l905qq2cuqf,BSH,2000,
xch13upp54p389vlah6j2yc89f2jukkgltmfmgjn3gpye76kkxtm2vjsfwzj6m,BSH,2000,
xch1u334haur8ndctg0t24qkdvzm2fa7p25zdc0pcrutcevhth9y8ngq0vn3ue,BSH,2000,
xch1dv5fuxrtdrx2ml9l7ahn44c53vete02qhh6v6v5y5cs8jua77djszln7tz,BSH,2000,
xch1938g42ak44kj0thzfl3harv9qrqptx33mj34hz3h5z20xtcmmheq68uec5,BSH,2000,
xch17fyxk44wrgw6dmljghskgye7ckcdyksv7mw8x4xyrw7y7rnwqyuqgwrdcd,BSH,2000,
xch1vevw6rwf8dy7cx6wp54swn9h57ca2ukmfxz5aprf96ka8vgr248sfzv5lh,BSH,2000,
xch1xxsptm5544avq8uvmsgswuq2qae49stzwzukcxh6zj3lur24gymqm3ewfd,BSH,2000,
xch1vg9nylyyxgcqqruc4knk0p57zhgzjwm3rgjyq742vp55llzcfl2q4scdgk,BSH,2000,
xch1zkt04aldyca07zwxyc564ttrq600wjx53cvugxn6k8uxdt40l5us5aams0,BSH,2000,
xch1tgj0zjjle5gvrac8cgusxv7a4dsc6vzgy59mwrywdn8fxk9p3etstjzy4v,BSH,2000,
xch1h5n2g3y7qnaufcpn9mgxxwh3wfx2u7g8dc58n7ppc7y3ccxv9zqqyqdnlk,BSH,2000,
xch13yf60p2gaqp8x67p96rjfszqxafjq80a4met9yravldg95wq562qh33cxd,BSH,2000,
xch1etptf5pphteq6lqxu2eyc294qdr9w8afrqzjp3adgerjy5ytus0qgkjm46,BSH,2000,
xch102nspnt0snph332daw66694mwphye5e4ntp9t76qh0p0t36fz85sga7v8c,BSH,2000,
xch1nezhgkrqgyc4qsesmsnl3lsssj98997e2teg6tqrzq4tap269lusccj6xj,BSH,2000,
xch1d8ds4yf943fhn7dh23tkdmz6m5dplge672dqru9e5xajf8a9dkjshl6yrw,BSH,2000,
xch1tanpvh8vyxg9cwxnz0vsmp9w56fcajdv2e6cx9h2mhjjp8fq4u3qavs02l,BSH,2000,
xch1dz6h7gcapl3x4a7l68djku6hv5qrfn53d8hw2cktdh8hxs2kq4zs4cnpsu,BSH,2000,
xch1es0nez4cr7ge9x0eqxh3tl00rw2pwgcuj8r05p2w7epfa9p8q2xq06v9x6,BSH,2000,
xch10zkmx62u0vv2xd2g6ww7t9nraa4yawgqscv6uwt6u6cup92zkf2q9dhm5p,BSH,2000,
xch1stj8u6lued6h00z0jgh3gpjz3cfsm5nx9mws5e3e35ew65h6sffq5p749n,BSH,2000,
xch14w7wpj736pj7l223q5nxhnf48eevw733gx4807r3er54qvqvf40qwjpqxk,BSH,2000,
xch1u3xt3388s85zqr90pwyrxxpe5qjle22mw0y2wy6nj6qj0anxjtesxtkysa,BSH,2000,
xch1uzyfvhsh67hf0vexlthfa8yfy0fvdyqa33c2px92455xn9c5znkss70n5z,BSH,2000,
xch1yj9a3adwdnrvr6y7q4lyrkzrt3qzzlcfvjqt7xrse636m9sn73vsg4tv40,BSH,2000,
xch15p50pu8rhhzzprdmxk5tr3tw0k0ym758zml2zqvhfm7nmweqx20szfh48p,BSH,2000,
xch1xr0wq33tgr0p38hg276nfql9y9knduzp0sykh48y9d5rqzjjh8kqudkf7n,BSH,2000,
xch177csln5fukkwwkf0yv4mtvjrzakr60kez2993z25ln0l8tdxrcxqz3vczd,BSH,2000,
xch1we0w288rj2uccp5r4444wkfkgp28qvrcv7gaeq00evgsqhcwm73qyfy475,BSH,2000,
xch15twcvqylxs96qhsv9uzn4fta4htfvwx906r576ywdnjmmhq9n4hs5t568u,BSH,2000,
xch14v5hhvhac2d35547cg9rh6lmhz4cj74n4zrpv4z85k5hgn9md9zs8xcuve,BSH,2000,
xch1ec765q52p9505lumkx69gqr4afhd4qw2llq2mu8vmlnsshhrkeesmv7ezu,BSH,2000,
xch1ejamhg502du2wfrsjhl5sy38squ0u6r0mykyjfj2d9wed2fpe4esczuc6q,BSH,2000,
xch10ylcxcm7fhpwkmzq5m2qszkncpqgurrkvlxddew6w672rgnk3fuqfjn6fz,BSH,2000,
xch13yrjg3gpn5k75ptt2c35r5uyzpzflqxtym3x4eylry40xagta6wq84al0f,BSH,2000,
xch1878vxwj78ju6n7yu82pg2dgnn8yf2ckaufmk8q4numxdu0auxukqdnshad,BSH,2000,
xch1dyg2nawvje64pvyhh3mc3xfxz98j07slls6kyeuqnn89d36tapesk9g993,BSH,2000,
xch1nd57y99ct8py2qmyxtr7ej3gtu9638g4ee5mrudzdaljuux3k67qlexpdj,BSH,2000,
xch1nhdzr4n5eqzkmtlfd992w5j248sf85kgqh46xnqvlwv3ex94t3aqs0puve,BSH,2000,
xch1dwd5s7dvy70ehzqwezk2xstnaezc93k6sk8p66j4ywfnqc9jhnkqzjn30g,BSH,2000,
xch165dndmjkulhdm0ppxg74zkq4mq09jelpt7zkpeu7947eg5xkymfsdrcxqk,BSH,2000,
xch1gvgwzgg5a28he67f2rlq4qdpjgpuruej3mdrnrnd6a82xuufzrpqlxek02,BSH,2000,
xch1kz3z47mt94z3fwc2l7dnmve3zrje0m7hn9k9wrj45me67g2vh4gszxuhyq,BSH,2000,
xch1v6pphmy8g9vp5pz0yghrg03hlz5u7uanvlll2htf6csgfa2rt4fsrt9p2g,BSH,2000,
xch109mt9f9vs5txaj9ha9kr2slcs8u2v0cyqehmygv7dpxzeqpkwnaqvzzuez,BSH,2000,
xch17fmnnjvgu47x2057d9mlvcxgall4y22gg65p5q7kdhfllxyzc80sy82cpm,BSH,2000,
xch1ew4z86pulykkyk0ehlvvrewjvf6sezppc4kvhpddxmhdg5p4y4nqzwttrk,BSH,2000,
xch1keergyfkt6c69gea7jg7ay2lhcgy5ft9eaqe28q3u6xhsew7jldsglhkw2,BSH,2000,
xch197swp5fsdws3rl0lvxt24878uez0383steshwf68477ka70gsggq9k3gw5,BSH,2000,
xch1djqlulcky9zzx75lwvxem9y8hjt3ep90wvev7ylckyn8yfcdtrjsramw8x,BSH,2000,
xch19an4yytjtq5h5ecdrzvrd5pvexr9pvr82zypqlwtjkqlv7jk4m4qsvke6g,BSH,2000,
xch1tmp8ca703clfarxeckpqqze8tqt5fkafc8r9u46g8uzmmqjjr0ns8fp7qm,BSH,2000,
xch1ftqd6h6j8u7rm5lwj7h6g0zsytnpvkguj8ntk6zuwlj4akd9duuqsle4rr,BSH,2000,
xch1m2ey8u54c2carnr20spqz8djxfw5rtxw0szkcsw4apql78n9zm2sv7t7wl,BSH,2000,
xch1a2l9jwlgfzmtpvulapmvk4eh368k6majy3vv80nsn2yhnpc9xnvqfhksl4,BSH,2000,
xch1s5fa2lyudmk5juzgqn46d6t2cs8jntm87yuqet204qyhu7w8cteqww2s6k,BSH,2000,
xch10f2ujcuf09tnd2kppweehkwxly4j2cmz5wf48pmkem6znu98wgwqkf2hef,BSH,2000,
xch10xczrt0pav8a38r8jvhvws3drmjjuyt66k7zvu4mh72rve5nxgqq3ahsd5,BSH,2000,
xch1j73w6pn6dja6nscnkacqst4nykfrga0ye5r69ulnf2c58xax0szq7sn0g3,BSH,2000,
xch1eerkvzqlncp7kgl5224hhgmanecnwdz4w4nkgteht4rdyusz9czqruy6qv,BSH,2000,
xch16d7xgfp6ndvuv6f3gx0jfwjx3vu4psdtagnfqduquzm8tssffzfqdcgp8w,BSH,2000,
xch1xukgt9kns00wuqxjmkcqlahl08l5pddtqv02wru3xw3t9nu4vxpqnarvlf,BSH,2000,
xch1hn49wejhwjwf79jmt9nn2qal8mwyx5cu4ueafw5ctjq287queytsuw8xz0,BSH,2000,
xch1gr7z68dwn46k20nr77nyx2n8nck0mxz7cj79h38ylxprdlycy5gqg5s5n6,BSH,2000,
xch138ht0a28cpls4jjm73gavg4fh9097t6p4etkrznrpff4j20epuqqszhs4x,BSH,2000,
xch1jxgzq6smsl3crhgyshh85jlf9td4wxsnd3w0apqcvnsnk7peskaslkaah7,BSH,2000,
xch16gzrf08m7hdyd398y4zsctxs7rdw2ny6e6xdc9ae80tf8yy4a8ksc2dpfx,BSH,2000,
xch13pnu80g7aglthujv6zur32vd4d4fdm6saknqsvnh6tadf2heuqpqm27znw,BSH,2000,
xch1jn3j5n503x5p38yq3vvd4hlcer0mf65hy9f29mrj097gla5l6ylqv7pcrz,BSH,2000,
xch1awy7d9es3wn4mmvp6czvz53r9smsptwmsnaey0tu0uu6ruhsetkqttv8as,BSH,2000,
xch1g0nh8c42dx77sy98cpxdj832c3t85l8zfw68vke9nanhcc4vzmfshpd8m4,BSH,2000,
xch19hzt2l2suq437yqswahgj29w6ypcck2a2euy2uxp73na7zvdaqjst77hqv,BSH,2000,
xch14w0cgsttgmp3knmympnfslzt9vq443xf05nqf705hrjre4qxmcmqvyaynd,BSH,2000,
xch1g6n38nkrdu9qtvfclg8q7t3pzmvpv9fumdq39txpnav5n9996dhsp5vf88,BSH,2000,
xch1l2xta6wx4p2pgf226h2l7fw96kzd8s32cthjueqqqqdzs5hysans9h3yfd,BSH,2000,
xch15daeerqhhedaan0n7ssl8l4heua7e5wu3x6v8aqq0nl60phjlpkqt9zp27,BSH,2000,
xch1k6r8nj4jkplmkyy6plcltp8f88ag0ukaej5lsr328z79dfx88jjqk998yu,BSH,2000,
xch1j464e98455ked70kle6aw73w4ggmjtdd0tj53ftufavudypyc4nsdm4sfw,BSH,2000,
xch1kkf2yg0n5hjenl0c3306ftsytvlueash3r29c5wdt27vkuem3f8stesn9c,BSH,2000,
xch1ars4kdhd59hlhmc35p928lfcdvmgcwhwufd07wurylwaux3028gsvqg0d8,BSH,2000,
xch1ge6wnm5993xd64cjpcr6qxzmy4zgrya7cajxj68zzqw5q6v2j8zqsntpvj,BSH,2000,
xch1azns25kyagn9kd3sz5klu4ah6h6sxq3zvc50sw923pgdmr7df3equzclj3,BSH,2000,
xch1ywjqevfdx2f37rsl3zjuxvn37dyq7r35ngls6z5kjxwgr6s2qq8q65nv48,BSH,2000,
xch1d9vxylc20a63k0k0x3dw3zgw9apdrz2zm8al6zj2fkkkah3l06hs97fk5q,BSH,2000,
xch1ezu849qkzy5uhgsxlydyu9493yhuanz2ha063n36ryuxqeehxejs5m3uq9,BSH,2000,
xch164ngpp3fqrwej4azdwm53eelf3t5uyjxrrd9vywjg8zd9khhksaqrlhmu9,BSH,2000,
xch1av2q48e7gjfzl63vsftycjr43uddtwprs9ra2nmcrn7d3s8m6hwq83gdjj,BSH,2000,
xch1nqpycfhp7xj0xqzz986ax8wtj5n36hr8xkkvvx6sddtr8frtyhys0cghtn,BSH,2000,
xch14fymckqpnrt0euzv79u9svv7a5qw7yu5nn62x2snnjmxv2dnjw3q67e5tg,BSH,2000,
xch1nyrzyua35dtskjxyp05dq5xs7tnh5tta9ec44znnk3ghht7knjxqswj6mc,BSH,2000,
xch1fez930t7lcqsavc97nvwdd2mly5muq72s5hred3l79zslt0h3z6skxf6fm,BSH,2000,
xch1htf9xnz86eyjzxf3kmyh077732pm3hykmtuvraejw4l4h63rq35s7qtcj2,BSH,2000,
xch1hl0acunpr04kfqmjskw50gt7pe836ya6n02cgfnahdxna4nhqedqun43gz,BSH,2000,
xch1a5ncu0zdsc46n6wx03yzehau7q6tv3fvm543gr83p6ex55chltxslaal83,BSH,2000,
xch1vuzf25urhh5pcpc6f0ggusjprn6zzpw6p980j7lfkxduwa9a50usdtwz3f,BSH,2000,
xch10lagdwra3qj896y6xxxnxsucq6rnz770tlr97guentcg5crjml8s8y3xs8,BSH,2000,
xch1s5rzk9wt6xdd3aupvnt7vnhjd7vqgxnhgujnlhr7427d8wnvcmcs9jyrl9,BSH,2000,
xch19cdfpzh6a5akl38k323rcfgmxstgsf3sw0j72ct4r8dr4s2glvjqkypryz,BSH,2000,
xch1z99me7sczuefdv9c9w7pqglansavn5z0m6qh0g9yspw7j9nswesqs54kpm,BSH,2000,
xch1f06t4ph4v032nhg7m74cmh03wknjqq6254upns0hudqr53km6e4seyq5sz,BSH,2000,
xch1uapaffxpa2wplaj5txy6r28m64apgl82zgrny4zl4qvkm62fmt2qr59w5v,BSH,2000,
xch1rxhfdrvgntgc70q4tphfwwkpg8yav42kjh4ljy0pwydlqrmtxswszm7vxk,BSH,2000,
xch1u0g6v5jxjjvlw0qwkr5mqr4yzu5q73y0l32ejswdpjne9jdger3s6ltu2x,BSH,2000,
xch14k3wwzx6kmal3kpmmf584pxxdejjwvz657cmzs3x9ea7puecpx2q7l4vl7,BSH,2000,
xch17l0wjyy4x03e4j860szehg7p5f0ptnk89fvj7tdvpczsca7dk0ssduaarw,BSH,2000,
xch16ux7m6p5xuz9xdhuhk7tquhshy72axfhqs952gwlqfss2lc5jk5sr083xx,BSH,2000,
xch1e48ndx858c9e9lv5zmlwvw0z0kft5n9a9j0pg9n6telwx5d8997qsdl9rj,BSH,2000,
xch18jmneg40rdd0ax942v2guk4e520f6numntjwm6pv8lm8aemy76gssmervd,BSH,2000,
xch179qwpm9nsct6n3nh50zs98v484ksgg8k7d8yzyj7azh69wzp7wns6dgf3a,BSH,2000,
xch1mmjtw5p9ufhuwgu7qqqpyfuks4rvwr4gfmrdpy3g3jwn5vaew89qqlsnnr,BSH,2000,
xch1w9mlvt9u6spwqkxxvrfa6z6c9ekcg32gaaenkzcgexfqa2hdncsqzed9v7,BSH,2000,
xch1ghzu977m7rwz250g3dwlpcrdcs3hy3csx3kkaeqvv2kgmlp20ulscw4252,BSH,2000,
xch1fqqj6nxqjjn2yrnr9fuan3urftc0qfm4l3yntj2l8kgrwkdla37sj5a840,BSH,2000,
xch13xn99jmecae6xvskv8y7tckq42e8rym0tam8d4z2kt7ydz3tw99qe5zpqc,BSH,2000,
xch1wsu7l9lcpdtx9xnuadatwa595q467qsqycty0nfchyl6scve8jhqdw0czn,BSH,2000,
xch1kdp9w50t7rhtx8vzzpvn90sukuxa56cxxqm8yhfrzplqpxcp8xfqrd4x34,BSH,2000,
xch10ukykz5u89dz4ywphackmnxnr6hu8eu3hsfvn2dnwpvkhv77dh8q5a4hgl,BSH,2000,
xch1kzynweydwwx2r9lwtmg56puchcy8474ek075rdxc95y3sf3y02kq5z5mw4,BSH,2000,
xch14ex7hw97dzsclfz5fcrrtyy6em6m2vadrk3y6yzwj63f9s94498sl6q5tt,BSH,2000,
xch19um8lpyq6lqt0573er8e0udhqywg85wsgahclpsggx3pvctxdtqqxvtuu6,BSH,2000,
xch1fyxh3hh5ae2r4qj6c6zdgcmz4qv0kgkxyqyd2sgmu83kd6qwn5qskqmn5n,BSH,2000,
xch159jh43zq9scwx5wd6ny2cllhu24jk9rpea0ql66mvn0jx7du4p9sprf7hk,BSH,2000,
xch15cshqcemlk7segyesgj8jlawr5r5nxzfytlvhhrh7mq9aq3l3jrsl8h9mr,BSH,2000,
xch1xvszv7rrmd44tqeqjw6vq00ejql0djc4eqpasrukpqmccvt0n58skwxzxa,BSH,2000,
xch1m9lnkk5psux08yuwxmlhettgksvqtl4mk58p7tq35ln4q9ajdkesjapueu,BSH,2000,
xch1ymz33dspafae6smhkwvar8yhqujmwlzkt5l5yfp27te4wf9r00ksxlayu4,BSH,2000,
xch1rqd4nm89k8hyywwxz3dzvwv7v23messa6pmjnnyjvdhz7cq49qqq2u6yga,BSH,2000,
xch1j7dlhvf7drlvqz0nm3xkx0e0ghpcgaqal85r0g2ya7upsggs34wsgzrca0,BSH,2000,
xch1lxkxr48n8l6jyugtq5xsaa0m53x8qnkgevsse8c6e93f05nv904qsx574c,BSH,2000,
xch1cew4qx005x5xrr328pjf5qpgu0rasxxn5fn729vk4lmzh9794qmq6nlv5h,BSH,2000,
xch1nmhdhxgmfatzwspsuwxftnar9hj0jgja3c7mvqdfqmjyg56ae6sqkgkvtd,BSH,2000,
xch1mtstclv9xt4sj2zav4rtmxmkrglkh8kwe5zlcyjsq44e5ml2spast2fmfu,BSH,2000,
xch1ea9362wyhvhl47lcnm8rr8m60p40zm2wjp4g4g3fssz46rmk30rq2p82qy,BSH,2000,
xch1j73nwyhq6ff728amcuhutqcxagcrl2p8jpu4qpdgv2mmtss43yzqrd4m6z,BSH,2000,
xch1ngaz5t79ssdrvzx79ql5rsepzd3dxmqvsgdc2sduk9s7kvulzhrq2yxreg,BSH,2000,
xch1mt33wsw9t7fsauj976uetd0vpsm6d0xvvjl3pvpcghhxq9lrm0asgzyrxe,BSH,2000,
xch1ytp6n557ms2hujt8c4f55qlnz5sw05qlytnqaehlr800hqz22y3shjank3,BSH,2000,
xch13r5dtdmgtlwkrp9zm70vredh7ruqfm6mfvy96c7vvhpvt7dz2u3q4stxyq,BSH,2000,
xch1w35mfjhhaf489hhshreyxce0am2h8y9vdlcsm9uejfzghxtc9u8s9grqwy,BSH,2000,
xch1smu47mr2nynja2pey52q6nrd7rryu927ck2rdnzfpmp4wlj54mwqkl3mh9,BSH,2000,
xch1jc5me9um579k6ncpsdzj0r2zagcdywnhucvgrtucct6q6du36c7sfs0qkm,BSH,2000,
xch1zpk333rnjvskjk775rj7c6fy2dp5x80gg7qz3kwp0q22tg57n3rsh9ynws,BSH,2000,
xch1hrqjnf3h5g6k6hl9ylmemtywwqx8x2dcmgd86q028nzns05sv28q3uerau,BSH,2000,
xch14yqq66jzf76puzuj0fcgth6vqhtk3j5lpqy4tfqqs2eh8tz348jshsm5z7,BSH,2000,
xch1nvs4w99g63v7ewayd5u2j4qqrxtmhxzfuwk9s2p83twx9zrrunasxcyfuq,BSH,2000,
xch1xn7ss46lmjq77qa99exqs8heuha3ul7rajmphch5avqanj8awtkswgyjmz,BSH,2000,
xch1fgljnque9enmkykzck0xx22ylx7j48um024wkm2j7rjq88u0qnpqh45zem,BSH,2000,
xch1ndyxdc9fda7fsxmlsxepgcv0r5cl3s2xl84crsmnlrw20apzcxhqgqadca,BSH,2000,
xch1hhdza8kwnamvgvv005zftzsw8hdy3zcpxg5p7u6p2eev7w53gmksndh5fs,BSH,2000,
xch19v2rulu3e0aztsqc6fgv8gzal08r97364jm2vm8uw05vs5a35n3q9cu8vr,BSH,2000,
xch1rzx8qvlvqycx7mucpx4wzcwvjetma4cnuv8rtw86jukgsf9usdksj0tdjr,BSH,2000,
xch1gphn65tzz9vq4vvrj9etlrr8vyfjgh9h5gk90r6vnr2lljwqx0dqr7gfww,BSH,2000,
xch1xuc73fup5sw2ja4tmv7zg46qfvpnje4pnatcgy6vsdqg3feuvy5qf9rm0n,BSH,2000,
xch1d4zfhgkjzdjwp3hfk3yf76z5435vgaulxv80plevh73gs9gjphxsglukhl,BSH,2000,
xch184zgsv84wfnjctmk8zvya34h7ta3y2ad225e7d27n0rex35s4nus59ugqy,BSH,2000,
xch1vup8vw4t7y5hlyy52dt68pnmk7p6nhr7qztlmnqq3ddmxmuk6gvqenqrkl,BSH,2000,
xch19yfah0evq8u272ew35z8hq6p6u6hgd4v8qgsm5wp77qhr8rnz6uqsp4u2s,BSH,2000,
xch1sglrnuwrx0jmc7yu8rf2xxah5jaun4gdpzs5lse84ffa4lm3l6cqkvd7kx,BSH,2000,
xch1enjuqazxnu8tfavvhlqqarpv3hesvt5njp2nxrvwhtj2dlvnrdksdhjruc,BSH,2000,
xch1vxge3htgmsv04474uq07qzuu6v39tc9p9zll0n3qqfprynk9wfksu8j944,BSH,2000,
xch1ltr3plhtrq3n3slfctde58dwp9ddqxrf2pwle5vredysnnwcxa3shtxyhh,BSH,2000,
xch1msfr0c272qzdqmt2d5ey7cme80gnmm8qz08x8vecg0nrd3ygw29sc6mmeu,BSH,2000,
xch18jrv49cxv2835h7des8t30v29hw7udmj9kr6ys4nexljzxyj8m8qp8zkta,BSH,2000,
xch15chv6eld8wqcahqm02hmtxt4l5fpmy4em0cj5y6qj07hnwstkm8sv7ml79,BSH,2000,
xch1wmj4m7cdqmjglwyx0szrzdta589pnk8twrfwkcs5emy6622dzl7qhd6rpt,BSH,2000,
xch10ul7d6g4smda3y898wnff93fk5m694pq47tz79rmp3l0y063ag6sexk6aq,BSH,2000,
xch1k0gg88y3hqsp43s2993uc5zyrk72zzdf63uw0e4ah0dazh0fnkus4382ju,BSH,2000,
xch1lr9sr2xx3r5j7xgfxdw3ea8e2snx7kfz0pd77d4nqlyjrzgg0mmssdr7mr,BSH,2000,
xch1rrzurql9ls3csv2q0qtpskfhfcx88j8auuwgngc5ffw9q66dnves7ggnpx,BSH,2000,
xch1nxyalcxxhtt067h0lz8ryacx0d2relnecx3jrd6jqn8l7rc48m0smrvjul,BSH,2000,
xch1spczlww8gdwxz2m55n7y777n57ufz2hdzjy4rlpdltgremck5yxqm89azm,BSH,2000,
xch12rr9pe660wv5yrt6j2ujcc8rgw0pxx29t7w9e0zfwj9t2f3c6glqfeea2n,BSH,2000,
xch1z2auz6avkgyzyrzce5zuwrgjvh7fuaat3e760semwskg39h0a0hsw96uxh,BSH,2000,
xch1df2n7djstvwqsulqhn2lt8aqy3ljv73dxn47902v0u3zceueet3ql4f325,BSH,2000,
xch17fw2zxx76y96aucvymrrhavknjfq2u9vzc2qcu9eqhm24h5l2psqy2nqww,BSH,2000,
xch1kzk4w5v4ar32485kqctq76edu8lc4g6uev4ez87uv3yzughdhksstf6y86,BSH,2000,
xch1uv4wn935mf43g4k4zwsdfmkuc0yv63cqx3pclf24m7terctux9msh4wvkj,BSH,2000,
xch1z0c7yude6fcrfkvdaeggjm3t3wk2qqu0y70c005345hycundaewsv08h7s,BSH,2000,
xch1nr5vkhndx9zw0wxr7w5lf2lurch44v62rkzd24g9fs9w8x9jatssyq8j0g,BSH,2000,
xch1hdm5zs624y6afj4rd5yuqqa89t77s882h2qhdzvk9xph2wfh886svqu9vp,BSH,2000,
xch1755jhcq02ftzxq48vyle6pd7ue7ydz42rca6vqtmnmy8xt73pmfqy026ds,BSH,2000,
xch1rluqrxc0cyftafxwfvgzwp6tctg29snx7hc0wq673wf0zqkpjg5svc9tjw,BSH,2000,
xch1vz0k283wqevuthggqd56c6wzn4m02j90xk5fl7nmcjlve6rgqfas6kkt98,BSH,2000,
xch15r7287d64fvjek8jjqu7dg5tdvkrrddhsysukzgh6880j3xhkqlsnwu5ns,BSH,2000,
xch1f68wgksn2cgmcxl778auu0l3sxh4mxqytdgk3ztv2a2gvjyua97sw5ac0m,BSH,2000,
xch1m8nae9czh25gwx8un9pwaphp6xzf24c957slrqasrfu3zpdm9ddskv4zjf,BSH,2000,
xch1v3yrslzt689p00d90hp9r6kk3x63xlwxweaqy2zwtt9crn4us0eqp0juz0,BSH,2000,
xch1tfzy6300yyxfh25rzhzdn2smd83674qj8uchy4x25vxg9qf22rusc58rdj,BSH,2000,
xch147y842faznjld2au0dtc2fy4y25uzyt7fy4ucj3shphsq2c3zqgsurxw0d,BSH,2000,
xch177qfe6y2vkp0gnvgfnpa95ahk8gcpx54rdqg0twmrsjjhg2x7zcql4c2z0,BSH,2000,
xch12j2ctlw4gcq4kj3c30h08n7t97svhhdfplq27gup6sv44seexveq254v4s,BSH,2000,
xch1ekjrclvlkejj8u8aplvscmrqdr7wectueca3lhd6k0nw62huqwts5d0mgk,BSH,2000,
xch1s6c6vu7cdl4sk8e7hxxc4jztrpaptl409wvtq7eqttvq82zqdheqsenr3z,BSH,2000,
xch1hu3ahuljsa3z73t40u9aavl6x232e0erdacyr97k6rgaledc564s7w43hp,BSH,2000,
xch1h7z73lpmrv09zh6jsyaym52zjgkchpf8s5a0y0ey6zp0jm6rpl7qqlrtvd,BSH,2000,
xch134xtj3mxca9luc4r4syutah4lpwauyvml6zvdfm502c3apddgvqsjtrkdm,BSH,2000,
xch1fvmru79gn6chm79ke7kc6xxu349xr22l7e3vldwhf5d9w044t8gqucefga,BSH,2000,
xch13s6jck7cc7hkv78kknqxf02xm9pgp0yet2k8g47pfc3krdcl9qnqrd69jr,BSH,2000,
xch19yeyg8zxukntwydqv2kcxd6627a99tjmct7ha25t02fjq689hcks9e2ppn,BSH,2000,
xch1k5pvvfa3hfr272vcrjgd3w44e9vcf75xtxgd2x2jvfq7943nzvlqzsqc24,BSH,2000,
xch14ysj6tc47n8lq4caf92ey96afdszmxtlujgurxss4amkp0mqxgnqp0mja2,BSH,2000,
xch16rpjvpfm4h08un5d3pcflwdnf5dgfzamrg7k7g76pyh6le0xht3qjks7pv,BSH,2000,
xch1chpxzcy7ej9xzasr0knqluuz2zn0q84kprlmwf38zg9ht5455f6sukhurv,BSH,2000,
xch1kllrm2wvlx7fnue3hk8fy86u7glh4cwnq2lmcfr0w79k5s6nflgqmjf3fk,BSH,2000,
xch1435vvf9nc7r88h6lgj4u5r7antm9u9ku770ljl22mj50frs9ys2sgavmnw,BSH,2000,
xch170egdcaleh5rjz4nv7czgtcqq7894gql4x89x489pu65mcrlmusqapep3w,BSH,2000,
xch1mhek42u54vyuarr85mv65n598st9c8dkf6k69usfmajyva7uglmqwrsrsv,BSH,2000,
xch14cnq0fj79t2fvlr9x7f3zt7azr9r6nxge3yhsuf8h4upv6sf7xuqysmm8w,BSH,2000,
xch1x3ag6yle9c2thqq20htntct7jk4qjnykugasndz74tq4ezf4st5s0hy76v,BSH,2000,
xch1wsaptkpwhkqa562a7wdyafqxmssqy9qjaau35t0yy3xzultmktqqd87tt8,BSH,2000,
xch18zfpgmj4th666rjdqds67a3er7ylfjznfu2zpqweskl52nn7f6nsa07wzl,BSH,2000,
xch1vwaaxlgmtc7cafv5cnel9uhtv7u8mvpmaav3m02zv4ma8hmqw2aqy56afa,BSH,2000,
xch1etuxd744sj05ydkxgmjqc3k7wr4vgq40ntfzhe8gyguavv83nndsaqntau,BSH,2000,
xch1lx2a80rputjanw3n54qxqc2ag0wv6xwlqvq7zfxmajpxyvagafmqx5zpcz,BSH,2000,
xch1za230380u4urucufva8n3a3q85zqyz3vy5emehh2kr3zmlr57fgstndcjn,BSH,2000,
xch1uxw63lmlk2gpp9uda9a6wt2zna0tmux8a7n9ktfayuqssje6jthq052k44,BSH,2000,
xch1jrmezzyz35yy0fepc4nn3uevsj8e78yewe3883znf6eveey2g9zq7687rc,BSH,2000,
xch16tfsavujenv65n5nzuzj3mtwfyenv6s2d8gx5lcyhemsr8nr57ssrem3tc,BSH,2000,
xch1emckcdjw0jrvjyglcgzntcur73n8f5zhy95kk28txnxtzpr8zttq6rgy9n,BSH,2000,
xch1uh7seccspvvcmdczedr0lua7le2jzzd3xp2duplvxn0gtv2elkkspgv7gg,BSH,2000,
xch1xh6xeq8n4zzpx5nvq6c60vj952gpclnmc9khg6uspxltqz2h353s72f5ap,BSH,2000,
xch1lzuxaqv3c5zlazx8d4kdcwctd5yj0l90rp3462q76nsrtztp9z8s68yajq,BSH,2000,
xch1kgdvjs4qg2vcd9k8kxasmz5lqv7dwa07wrrfd3p5r5028mn0kd7s68kfmw,BSH,2000,
xch14k4en5qr8vkzs6d3rmldz0d73300s03nqtzfd7yrxvjehwz55r0spxatsv,BSH,2000,
xch1zqj33gvxwj5yq7gtdnmfv6g0rw25qyldm3ussq45sghl6slnse9q9r3aey,BSH,2000,
xch1zaa6906dwdwxcv6ft7kzkxxtptkuppqwts3kf9q0sjwwgwrat40sh08zdn,BSH,2000,
xch1v4wwjxgg2zts0wyucaq7705cce2grxpcpdx2d8wydherpph925tqp2c999,BSH,2000,
xch1yuqzwxa7eqm0g9gmvfvx9vwj3f6hsm7tfd06m2xlyslezlvc7tlq8z8vag,BSH,2000,
xch13ztl97hnvz79scydpj80375e2w6rc4z28skuk37uqcfds0ghlmxswyn8us,BSH,2000,
xch1h98f0xyc74q7hjugavgn8vygp63w55fjhwezzew9749k2enq5edsxxtfna,BSH,2000,
xch133r9caej5dtvrx88kc3ur0nw24s5wr0gujjnytqm9y639duvy58s8zap8h,BSH,2000,
xch18vjq4hr6k0xv84g3zlhkgar3hc98u9rdy2yvkrvff2mh38vn6kdsr8msph,BSH,2000,
xch1ae99zscvdts3430dsp3wcggkhxsd7umq8y56uqm3ga47v8k4mnfqvnhqq6,BSH,2000,
xch193n3rq35h6n3s22zv36mxddt4rvwdj2ayjs88zwnxn93ydqj7flqq8lpud,BSH,2000,
xch1u4ndfcpacqwas2aaekfpx2l254grzkmfevmpv3faxp3aq5nzwahqcjsj7w,BSH,2000,
xch1u5wa9xg3xm3rww2l2npu4dsz856djq8h50asthq2dh9a9kzzccmqahd97x,BSH,2000,
xch1cz48mdpam70nmaa9djdazp79vx6vjw0d93ulupucxwyqpkftwz6szuqmaq,BSH,2000,
xch1eyhyyre7tdp868zgma3pken8f4awe33wljgn0hkwr6sc45r5q2mqya74m0,BSH,2000,
xch15svlq7ujpuga8jl89tq5640ujhavwn6m6vp9an607t9wm9gwurmsmk8fs3,BSH,2000,
xch1sraqm0a5dqd63880g9t6dmw3ncq0stv9mp6fd2z25p7qf3f0zzgs3hjnle,BSH,2000,
xch1gf77d9xarjem36pmvyp7wgp9cekdu36d6hngvr8xnmwlsf08dtlqmydjqa,BSH,2000,
xch1daqsxwrpc6mz0p72s63pcux23jxhc8n5z2uhpqq2kq36p4nduqeq3pd3ud,BSH,2000,
xch12h0n3pz26y5906dn6hakt5xve4nezpyrst9kd39u3uyf8w48m2es9rdjk6,BSH,2000,
xch13a80n6pks7sgrumlc5hkcgyprhpc2fjj37nt9ye7w8xnawfe7p5shg9wjg,BSH,2000,
xch1ksmgxajp7jzv7g0vytyv2j0y6tv40tw9zgw06sn262pmfshxnv4qj9cp5g,BSH,2000,
xch12rattfs6yrqm8n0cd4hy8gffhjynx9ww3u6aemwqdshslmee3q7sypwkhh,BSH,2000,
xch1aac7xe37pqsar8q82vpye4x28grjcdd23jm5u04chn6ll23tpgvqq0nqqh,BSH,2000,
xch1709ndjvgyehday2a572qc5dqsy0hmzgl4jxwvwwv0y8xqjeztz3q7flnxr,BSH,2000,
xch1dym5ysh3vkegwma7f28a4mq6x03p5ek9cqasfh8j23zpkjxrhkns6fvswk,BSH,2000,
xch1lrck6dxtwt8zdmaqccvwdtkcrttlvwc97s9lx7vd9n3syj04sw8sc8p9n2,BSH,2000,
xch1jm6e5r0sf6hq83wssjqdl40g07tgc08e9f54qrcllurpdh8sumjq27rews,BSH,2000,
xch15pzdevm4w98u0v0l62dvnjr0pmxh458w3y9h68k4l82k2cp6q6dsuh97gp,BSH,2000,
xch1s7uwvettzt5jf4jvt9quhrsp8wj4hlkceqrt22g0x6nqvm3g8wssw280ly,BSH,2000,
xch18705zt5cn2xecc8wjh2s826l64ewtv0cg0y5mr9c5m0h8w83277qqc85r4,BSH,2000,
xch1g7dpnmx4rhsvg2gt0uq8xfmkwyar7le83zzqz3p2fce7dlctgz7qy4kvwk,BSH,2000,
xch1fk5s2hlxhjvu0nr92c6zganh7j4ez25uq4qv4pfd9wqnfasnqlnq6rl2wp,BSH,2000,
xch1fkvz02ctkyxgu86qun5a5a5vcdl6h3928np7rm3z3t3kcv6ss9qq0hwkxv,BSH,2000,
xch14cqyxdxkw94f9ezhphllkh02p54lcmzwkxalrcedcht55zvtxajq4jmnjz,BSH,2000,
xch1kk9alunafgyfyhpx4q8ykjtj3tc3p2eqlwxdhr29tufjcaffgpts33htgd,BSH,2000,
xch1c9f4rawzwfmffm0klh743ctq9jzwfzpcp0jxlcp5vyvemrrffzqspnppvh,BSH,2000,
xch1094rwfs5vprhvs6nrm75fd2ljmzsdu62e9cd5yhxpymn6zsh2rvs495dle,BSH,2000,
xch1egymtcrr5qtpl8gsh9xg8tvez7m5dxmvdvpv6208jte2azrpfd3s22na73,BSH,2000,
xch1hsh2jpfzngy6a6pavx9zygxuj9qakyuxk5kkws9gtv4yqz05fqnse5n72l,BSH,2000,
xch17e72959nxqw2kh6w8zltzk008nlq269fr2h97tl3ljj55ctnuudqu54w8e,BSH,2000,
xch1xk8t0p59aep55nkw46xhdkdzxgyyau5ykgpqd7h7wtxpqj48lynsppt7nn,BSH,2000,
xch14j3dauf9fewfmgr2lgn94pys9ejel002levefgfkl0kykn655q5qd7k7p8,BSH,2000,
xch1n2nszfh7qwhqh7d3qvdstsguhtm2p4ljkmvwu8f7mc6jv9cu88rsqu3kql,BSH,2000,
xch1v0l5csxarceudps8j3x92jjrkh5ekq8396d2entzhttph9uj9dhq9f8nnn,BSH,2000,
xch16lg5qwp0hvq8uzh5teftn2wtngpcmtmz0jvnx68828ccy2qqdw6s4uecx7,BSH,2000,
xch1ecv665t68h4x544k6klcv8pxz8lfad8fysmyx88w0wwcws2w959ssulatw,BSH,2000,
xch1t2xgher0c3t87w22pu3ut25mu7vma38l5y4d8s77cnekz5h8hm9qhjd857,BSH,2000,
xch16yshfqhttlwzatgnpr0vat9w8hclw8t5zcclq7ztsvea6r0ghqaq5erw08,BSH,2000,
xch1flzwht60tfj69ez9aaa8y8wm3cta8nyg8xn92zyslhs5qak70skscyzqad,BSH,2000,
xch1g8asmxw7u5v26cp4cp9y2fazw46vrcts0jqgwy79qt99zw3ftftq0zs0qs,BSH,2000,
xch1jayp4reuzssq8vlpk4jnpjdgd6gqa9cw55dhdvq9jju3n3qy8yzqyw4xgp,BSH,2000,
xch1sseqqg6nyeq6n6sglfc46feky0s7jjnrmung9g488d8zzznaevhqry7v0h,BSH,2000,
xch1v939dxqu5gxakc8rmlgtcy5x8ld302hsc4hlwsn0p7kxm8m74ujq775mmd,BSH,2000,
xch1mya399pxy8lyhchme4m7yp73ghpzduxzkhzy5jfkt84v7s4y4tvst3nm3t,BSH,2000,
xch1w2d9hq47g9muz9zpmumrk6dwultz5z09ys3h3dtatjy652r0mjgqlzaxk8,BSH,2000,
xch15xufzxpw3jy8asnt7k4cwfpw45k3u3erdytzy3032pd5uu5gnugqy5nmrj,BSH,2000,
xch159kd6zfh6sxm3l54yae5pvpdsk24xerrgrrqf38slstxvk2n8qts0d83k2,BSH,2000,
xch10q2mdrchmekmt2n6uzzn0tdx7qy4feexkq377d30vrex5xf84lyq6qrkfq,BSH,2000,
xch1hvlptm2vwd6lr49k63mvv9akkq55kuukahwrs5l8cdzxl0tpmetsqn0egv,BSH,2000,
xch1kvv9kwkxqgtpms3mnd92692cy8wpv3pm2rfjpvq0v7jepljr46jq23wnn2,BSH,2000,
xch1c9cxz996ndrkge2y2arrr9hvsu9vdgqmeasvlkmtcp7cusnkgw0spzad2d,BSH,2000,
xch1msmd24trt6wat0mtldxcafy8uk38l2stxh6s263sgwtjlhddysssdp6nxf,BSH,2000,
xch1h0lz9levfj3j5cy9wq3wkg42gk9tm05rtg0sfkf487tlpg4fxzzsrt7q68,BSH,2000,
xch1t3q575zws68ex6h2mgmaycvzukupww8q6y55tujrn2ctpc8m66ns0tfrss,BSH,2000,
xch104tyuczy2kzlxp0nvhfz8jgtt0vhgj4q6cx5xsqa83yz7zh4l8gqq8cf8n,BSH,2000,
xch1d7p75rqu3j3py9d7jsmp3rrzaf05emquf3tvys7lce7qwurq7w8qav75tc,BSH,2000,
xch15xlxx5hqsxqauupfvlsu7jwn9zj7rlz8ez258h5slcyp670etegspsyahl,BSH,2000,
xch1cf8fkkfpjh9g6plsdfgafn0lhwn0h4j8nwrsrdjnynp30h7xdxqs3cqjn3,BSH,2000,
xch1n90hqlv4rv8su4d4g4x2svhwawkthgu3h3wakl2d4wzu297urt9q2r88lw,BSH,2000,
xch1appf5xlv959g32g40r6yh5q32q5dxy4xr5k68vwn3nj3hhzy96vsksxhlv,BSH,2000,
xch1k3p2rq6qc2n6jye2prdh2asn25uva0hf9022acmtnw67t8g04r4qqr0p00,BSH,2000,
xch1umfgc7pdtdgmxrz5x8fgkag5dwrl6633dkm048xzfzdrw36q4w3svdjr4k,BSH,2000,
xch1x56vc3usm2xpufj0g8t46a3cnr4m9n8dfyy60q6jf3xfs4c3us9slfzrg2,BSH,2000,
xch13fxtkztjqhxrjtq2j8g69lyjukeh9tzv22humnrtfqkc6hukh2sq4f535n,BSH,2000,
xch1gvl2qmpppduhkr7n92x2ph3970e2d32ft94vy3h82c9m7pwf2dpshzf5ct,BSH,2000,
xch15v4utq7g3ycq2zjtau24xv3jc3xrswa9c6v5x6p7jh488fupmglqwl93m4,BSH,2000,
xch1dgdj3pk4482hhguyxvtcw2sutnuxpn8nfh25y3qeu0na5lzfpslsf7a5nc,BSH,2000,
xch13u6hlyuk8tpa0nmvce8rkh92hfcxau3tvwwvsh8yvzsjxg5zz7nswkv9d8,BSH,2000,
xch15kwr54vmv88h8d5srd9tcp23q8xmjgjldsg7ue5mmvjg07dq7fjqqylvtl,BSH,2000,
xch1l3unnt6a0yveuf0rze8dt4vxyqpehnvlpspc5qcfha4cmyh8mstsdrtp3d,BSH,2000,
xch1r6fh76pp4mhpn5rt874kxxn29kdypfhfutrdg70u6zvrw4xk54jqyrav3y,BSH,2000,
xch17rych3h8jd53y9keegg5sf6ytyz4z8gcez9rxcqhfraltzwst4mquw0uss,BSH,2000,
xch1xdcgynkenfh2d0r2fzgzwjalvrr3uqckfwguz6dj30pfzs8lzrwsh3fklv,BSH,2000,
xch1zqyjqc4yvpjsrjxxwlvgxqs0s5pf3mhqffk2hjcvqkm3zqf8qr3s4csnfl,BSH,2000,
xch1w5r9u3h0v5n0n729f7k9nz3pcrh39xn6e6wyaenactqknry5e9sqe7qwf2,BSH,2000,
xch1ktdnnurrrevfvmru048uc2hw6wa7k4m388wf5s2weqspwjs8fcrs3l2np4,BSH,2000,
xch15wjp8sc7sy5kyl25gxp0zznep8366ya3wpa8utwzz2ka7dcqkapsctd9y6,BSH,2000,
xch1tv5dhn3rugaa0r6sqxzzh26qsm6k4x9wqajqqlgq04rukar4f4ys2zfzvr,BSH,2000,
xch18lh7x378vnujwawkn48pfpe2ry7fn8q4pcnedd5d89rm9tua453qf5nktl,BSH,2000,
xch1d9u5h7ylr9z4j3rhdzqrz3a05qh9casdyl5tsfg59szpf3v32nps6arr77,BSH,2000,
xch10vg5hwc4eksjfv078eacnyh8qnk4t3ssyd4xgcmuc6f6hx7exvns3h4m3a,BSH,2000,
xch1wkpk5642cycnpk422z668u5kenpjt57cexcxpcpmrzqtssfmqcmqqspdn6,BSH,2000,
xch1j0g0804gudcpk4ukgzf9864jvf6wrwzryqrhwgr4qswaklk6uzlqzv50jp,BSH,2000,
xch1kq94wgu6nwnmtfkua6hy0qv3l9g6fn8rhuxl4yf63vhappm7uncql5jyy5,BSH,2000,
xch1ysmsytmfxafxkhhdzvnx7r9l4j4cn36kluf87t8c42c3f4gyz4vqhwcx23,BSH,2000,
xch18m8sqggl79j2lzmz3srdw8my5e50e7ne6kck87udtu9f733c7grqmve4xz,BSH,2000,
xch1tp3mllxazahecxrxhczfgxj76c06ldeykf603tckywf6uw0l45gqgxz0wu,BSH,2000,
xch1e90x7f5sfwr4z7wzuvamjyknwaf5kcec62edzz078ld43f0ajg4s9ndf8n,BSH,2000,
xch1efpzu5tgwpphfm9l0lwa27mt9e4d6lz2rk36hlkw4f2u4mj4jvzseehk97,BSH,2000,
xch1hemt0vlue8g65c6fmevyxd9fshrm80jl5pgvn5jfc63g7ds0ydxqlhnp5e,BSH,2000,
xch13sjjgwmx6r7aa4nvjge62fdqrk08vczunafl2u706yjz7pftsm2qgmcstp,BSH,2000,
xch1xytw23vcnkrsqsz5uyayj3edv4ygc7e087s72kfmcj42u8lgjj5sd2d82s,BSH,2000,
xch1nqgv8lsqzctf3rwp82rylg5zdx0zx47ugw7u70rr3fnuatc7znzqj9cj9a,BSH,2000,
xch1eclxn44h55f8j8shckj4l336hykhdsdl8flmlvtge9pkm8s3t8vqu49juq,BSH,2000,
xch1f2crjmz3lcxv3sth6gf54hazpm5z206d9ph8gs68w4un2s87730qj8lhfc,BSH,2000,
xch1ererh6sxfgyzepmn35e3z2xpyqcet6h3fza4vuv4ndnswacuqyys9pz4dp,BSH,2000,
xch1zj8gx9mprmatn8av8ca7evf7td5w3cacsr9tjuawmxgf0w3jgmpqvcqvr2,BSH,2000,
xch1ur8fn5ynfzqp7qlrmxlpgexqcvt2yac9sqqgs9w88d6wk5rmn25qv5tx4h,BSH,2000,
xch1dnuayffty5nt2faszyxy8n7cuq0yasv7ftvdqk8409y5kn3kp2vs9x9737,BSH,2000,
xch1mw2mezk8vlmmf3ttcp0h5ntd0yfyhqngq6kfnpyr4efwma450pvsq2krmn,BSH,2000,
xch16ae8u3s87ujrdvemj0nxwdu9tray4fuac8cq03pgrudqcny3kk6sh4ny77,BSH,2000,
xch176js7jrzmn6gvum497n0vqkwplhjnx6vaqxe8ee7znc3qe60hkkqwu8l9r,BSH,2000,
xch1vu29rrmkysacvujeun6xvrs49ss9zyw455cfy7grdczxp5z4e8dqm204jq,BSH,2000,
xch1h562g2wup506q7nuwnq8eetfcy22mwxgrlxeaa7sfnxju9d7u73s4jkk9r,BSH,2000,
xch182rsl9xm2eagz9yxsmjg97762vejkdemswh6r6yrg8ex6gl5uvasqptmkq,BSH,2000,
xch1f9cjkufrts400xhep8l9yztct684sp7c6nlzx37sx25sx76sx5cqm5sycd,BSH,2000,
xch1auxseqwuxe9f20frlpjgavscdj4366ras80a3gclwt3xwsddtljqnlfnyy,BSH,2000,
xch1yw3q3a9ef0mf2wpkrm3scfzhqr609x5urkqmee06k4t3m44t5v0sht7hw6,BSH,2000,
xch1yluhgsme88ptgcz9qvfcltrgkk8d6n6lp6xel0enweerr3ud08xsr5rk36,BSH,2000,
xch14cl6xmdc7x37n39lzywjq7c6fx546ear0vtw79rrzl7pwqngptfq04xa8d,BSH,2000,
xch15c4l28yfqaww66npmmjtdyr4mp6t5d5wtxnxfhsu367nlj5axr9spe3wkn,BSH,2000,
xch1ru9ls5t762fe3qrtkzckyefuva9fn039d4smkc2dyt0dqlgw8fes7eckm0,BSH,2000,
xch1urr7prrk5t5emgcyvtfvcg8xwfylwrjg2pyqtqfzpdghdljf898swc6797,BSH,2000,
xch1kc4hmchaqxavwj9yucdnrxzw853xlzymjzqs3ysr4fea5l2x98dqer7xzl,BSH,2000,
xch1dft6ng07ph6hlcx98gj7q909pdtp4ugfg2dk7ujv2ar6tepn4d3qx5s3qc,BSH,2000,
xch1lsc8wqpkd7nky2schhhgzv8uh6rga430tqvvts7d6w3q0v9fzp5sxx5nfr,BSH,2000,
xch1mpu9vc7v7ztw5jlmts0rav0xw04gagq09kdndkhzu85ft78pvqaq79vkpw,BSH,2000,
xch1ke0nn0luzrm5555yaz4m389ncpgskuyynqspq3a297yxsxwwcn9stf262n,BSH,2000,
xch1h9t0x7xtsuyyzjw0zf2rufpngr8n6nxkjv0ee96ecj4dkej2krnsv7aq0n,BSH,2000,
xch1gryg7d2rxa3lntf9va8apnyx6psjkmkpumddx5r4wn8y862csf7qjprtkj,BSH,2000,
xch13g9n520rvffknxkuh2lvxt2ampplylvzs04vnn9vzkgt9sal44ms7grnax,BSH,2000,
xch1wed85l5qxcg2e775mhqzl4mrm7u9ysezr02mdcc48ghakz6tetxs3yna9p,BSH,2000,
xch1rwtwqjy9hcu3vtaunagn583d9xl9q79fznvym907z9lyusqcj2gq7u27lk,BSH,2000,
xch1fdhtd7y77456ut6qxxdagls59q5nvjy77262dug7d5de9rhhjk7qv2tfef,BSH,2000,
xch1exr7xkxtp3d0665kjgc58g4d9l9wdcsycyyp6tt64x25vh53n68qywassn,BSH,2000,
xch1nts8nj7zy23d4qs7hrsnpa2yveegda6r5epsek8g4c6hxvtk7ynslgsyp5,BSH,2000,
xch1lvrgtj43qhtznkahly3lmjwkncc5vq7whuj02h6gmml90q23av2sqhsz0z,BSH,2000,
xch1cc7cu2ut9hv9qvnl09ju78m8aycupsc20q2anwqf0l7rm66vl6ws6xa8a2,BSH,2000,
xch1wzxur6wm28q9m564lgnsgmkyuyktvtrj90t4gt2pc4zxr7dry59se5knja,BSH,2000,
xch1z3e6tl9x62ngmmlkwuyesegre5y4jrj6n208d7w9pttregpcsj3suvltth,BSH,2000,
xch1l0uyn8vrzj7mwq6eszpkxjd8hzzhhc42jxxwc5c5tpggel69xmlsp40hak,BSH,2000,
xch1f0hpjknerjhgpd70mmh400nw7tujy6ap02y77mewmkxarshmjseq4uvxkg,BSH,2000,
xch1f80rseh953exawehn3vrkl3fum0e6fprdgkja3ljpyqv7sds6azqp5rdtp,BSH,2000,
xch1mx0ufammtgrsny98cpkvjgquee5v0w633ecfaetjdsq0wg9tsslstvgrlg,BSH,2000,
xch1gq9n73rykfz2s337xausus9gwghpr8lcsj0rwkkgwgh46sck9vnq37t0ut,BSH,2000,
xch1un3rvs5msuttm2dcjrpfejwvcs9mqpv7cgykjmq3dztx4ttqw7nsar7wd8,BSH,2000,
xch17vwusnsyqpzne8k7krflc47zlvkaxac7uw8ky7k9mul2vnskwpesa7t942,BSH,2000,
xch1cwez00wyzhpc4uwv5drgudq9c8y0m3zg3y7d753ccwk3ykwxwggqyaj8ta,BSH,2000,
xch1s2hee2utzt5ygwwrwgmm6uvh04vtl9avqakw4s7rcya3uqst9ahqs5mgnx,BSH,2000,
xch1egg94lqj2rlg8hzpg2w0jmk4ml3d9emgw3hrs0auug58ededxawqsqryfc,BSH,2000,
xch1dje78wp3xll05w67llt4722v5rd7masxv22200h454dvprfx696s48syqt,BSH,2000,
xch1xn8k7cvjgh27lpd0kguxn9a0mra8z76l5vwsmm6gwvjz24mqsvhs5lhn37,BSH,2000,
xch1wpylqzqhe8yrnna7hgfd572yp9n8rp6qu2n772vvzzxs8j2avrjsjgmxgd,BSH,2000,
xch19nnqz947m7hx03mhcrwyw3ex2j3m4gun3nmlu6a67cy63dfdzqxsmdsk23,BSH,2000,
xch17ursh0vyrh4kcgnh5vqjkxgr96zgv09k37en00ffwr47xqqjgkgqgqewwt,BSH,2000,
xch1mzlxdk2xee0qjm27vfdyjesnt25hx0a7jrr67whwxcthluj8kvss8mah8e,BSH,2000,
xch1fjuyq572wx09pdrte242sn8hlxrlwpt30fnzjr75p302zx6d3gzqharexx,BSH,2000,
xch1raqm0t9206skr8857l704spvvylpencus6n5z72ndulqslnn89ms63ug8z,BSH,2000,
xch1hfrr6h33tw4q4cf06j5nj3k2tqeykngkelgesqae63q469mr2lgsvxscy3,BSH,2000,
xch1z3wh2wu05ug8jga36n8pclw8zgnd5atlg34cldh5nus57awhfrtsl6sfut,BSH,2000,
xch18vvcgtjdz5td7gl6pfz7l3wu3xweyjzfmf709vkn663yaltv7hrqlz8zr6,BSH,2000,
xch10cj0j95duwyzsajga4mk2rc0xml5lznlwmfxdr79dsrteqadtq8qu6xrf5,BSH,2000,
xch10zhjvs2tpufc0crlltj8kspd203hhyvptw3jleyl5xsy3c9wnu4shngg3r,BSH,2000,
xch146j4zh4veljzvlutktkfjw5rknzvxrc2mxht2jqrf7l46k7jezvqf3d24f,BSH,2000,
xch1ae2rkzy64v76h5zcptrmya70rtjqgyt8aeg8qg5g5gzyqaezuy2s7qq3dz,BSH,2000,
xch17nafwg3fzf065xyygft5daxm7jjwyeq3594frw52hq93xu3agnhqlpajpl,BSH,2000,
xch1tg3yp5f5fzhvtk5ft84xjdp53pedk00f2rf7gp0cylcdnkzvl0lqq7am87,BSH,2000,
xch1edvcqe69mu56ax9yhrze9astseank37w60rr6249ea7stkdeydzqgh4har,BSH,2000,
xch1k3repzddy2s0eplztwqyjx2p3xgsktjvls3s238hs9uauxrr2h3q65q82x,BSH,2000,
xch1nmctsydln24swpgsdt9ah6hcsdur6mqfrgmpage4u2477hagg9fssurtwg,BSH,2000,
xch1vep4sy0tvw6yuvy546fky098klnfu8aq8e57rungwh0ucveqyhgqdhtasa,BSH,2000,
xch10je75x956ep9d4jg7fqzemdlkj3szcqendzwqep076j55we2vpdqhxfwcl,BSH,2000,
xch1v9uwp53jth8uskptvxcqkw6vwhhmzl37q7xwjy7zy85t8pl5memq9ktvtg,BSH,2000,
xch1ecj9vgszqqfr4lve5e8fcev9dakl7gk79t93palce6sr0c7j5h4s0q2has,BSH,2000,
xch1j3862fvakmjfsf529qztulkw5zcqx74dccx6fy69u2lcl5sum36shr0z9y,BSH,2000,
xch14r254adchkjqj70u9udv98j4jv4jqtsjwjgdmhvr5zl9g4cqp47q2mq3pa,BSH,2000,
xch1cj2kwzhzhf7fart0ac4w4f3f2edukjewpzscu0r5s4us8smx6f4spvweh7,BSH,2000,
xch1kkrzgvke5uffj3e04ctjxkjyp35m0x94a966p9el2dr7ewq4sq8s4tnf40,BSH,2000,
xch1dla4mp2j848ypcf5rwqnwjux7jx0llg0xyncgnqws3x98juzqupsvfz2at,BSH,2000,
xch10s392q2lcjqca523xp923565n7hn4njkw06hx77ceut4pn5ze2lqk03fj7,BSH,2000,
xch13a0kcwtdmmelakeznv2gyx6umt6lcudk3z7le3v6z6k2pdr9uxxszfx07r,BSH,2000,
xch1y2gaxd5safd54nz6dlt6fnszqxpprc20r9kmdknn6jdqv0nak2vqpcmqsd,BSH,2000,
xch1kxerxwl6x4k96l5aen5879r842ustv9p06msw90juktds0cxl2tqvqu64y,BSH,2000,
xch19ehmuxx8f0ettshre83rlz9swkp2y49f5l7jrk5hgc4ze2wgvykshuxtzy,BSH,2000,
xch10gcscyvf59s28vmcfp2zrklshte9jlzxd3w7ezv87qydlgg9fyuq76vcwz,BSH,2000,
xch15ylkec2v55qlmwqdxhfvkyv6sztyg997zmrt9t72lr834jxh5u4sml7dqw,BSH,2000,
xch13p80tdm6gkz3tz927h9wgl0jjuxg3un20nnyzjkjfay3r4w65lxsdh69gp,BSH,2000,
xch1dyqwt6tzwtp2r254tzsxqpxhakenunzdzwat9pdecraq6yf0gu3slt50ax,BSH,2000,
xch1u7zyk0xcx5k2zl78t9c5wyckkelx488maj0ayanzr0yls4weuq9smaawtu,BSH,2000,
xch1s62709k3jvz9tl22qz6scvllah0ydd3ewju2c3c7dztt503edyxstwhkld,BSH,2000,
xch12m5pu0jhpxdk3589w57lpct8lwq4gd23pg4wsdg76rwemwhx9acquhe7df,BSH,2000,
xch13ue5pq7vlpzyat4q67t07dvlj84xvkzs5qe9ymu62eedmum2j4rs78pcj7,BSH,2000,
xch16ssvzqv8ty5lcpjjty4jsnjgm7pcf29xjs49sztldgz8f43qs56s0f0zes,BSH,2000,
xch15ul359ezfu2affs7yxz8gxecxn66nejh9acky5wtwa0tmqrd5ejqas9zq4,BSH,2000,
xch1r00shkeh4sz8tht0uqmjjh5xrckxvfuwcvr0mw4ftpwwkeptwpeqhu75th,BSH,2000,
xch1a9ju9fpj82qkt4td0427hfs7scfzdf9f9q03kx6y7e7mqxaa2qgsptqrhf,BSH,2000,
xch1mdlrqq688tg8efrevj3mmpuqvxnt2v62cz2pmf8a78y63cn3nvrqqhd9wj,BSH,2000,
xch1nqdl9mrmn6jwfrcrw8e68xd8svr9sdj2gdrzq2xk04lqj0gnwhusn66sm2,BSH,2000,
xch1r8t7qhx55pwtc0z4g259lc079dnytnl4zxfs4lfl5enhyqcdu66s7spxz9,BSH,2000,
xch19w5cvzwhdp3dyedgnz2z83m430ku59fx8ymk6ewg3yq83hn40cnqe36vgs,BSH,2000,
xch1xs7m7s5a5j6hu08gv2gm508alr4em0tqn55049kwppxxkjlxqkkqry6dr5,BSH,2000,
xch1kpzyzdjc8230gama7mh6qxc2d8yqad5w6jwrtdymf2f2qzlxsqtq5lx6vk,BSH,2000,
xch1ra5d6fhrml7k6zqnrs3wttw90vyxqtwyffwres0uzxge5h5jas7s964h4q,BSH,2000,
xch13ke55netwpyj90wdrk8sg9xt0krg4yulnm88l3qp67rh6zm6y4fqhacrgk,BSH,2000,
xch1vr962xxfcngn38u4w06snzynmmnpz5l3yqcf7gf70x3am0w99ztqqjg9ah,BSH,2000,
xch1mgl525jzrqyht5lzadatl32hspzucxnal5nznng9gjtgll9cvwsswjxkla,BSH,2000,
xch1tu7nfep2kx6uje8azp387dl0us7ljwnswcgd2f8mvq9776k8dpuqhevtha,BSH,2000,
xch1ch7zx2pzgs04m3x8gd87wcwxl7lj8439wfm7s2nc2tvp70pjefks7p2sft,BSH,2000,
xch1ejeemskcra400fw3q87hg9uqjuhps70fwvc6gsdqpn275natkwuqcelqz7,BSH,2000,
xch1j3e2eecejvxp4rh7wtfx4nz77aqj7w82atzmuscmtfxcr2hmkldqyzwj74,BSH,2000,
xch1lu3df82f92276v3jlf04j5sp0ext4qvnqlznkc40d43umm7n2gsqvdnngz,BSH,2000,
xch1sg832343d0cntnlck5guxzwtcee4nm2rpu5u0d868n7yd2q4peks2p7f8d,BSH,2000,
xch16xyrakyp99hqqnrvx6a6quwhn3sywe75thdzrknnztlt3atvrezspcw8wy,BSH,2000,
xch1e89538qryjp73dwrpcpw3lm4w72f6k9ljrdrs795xgtln0v6ch7qy3hlw5,BSH,2000,
xch1t7zd5s86kfeeat07hpwm275mrag29gwx7dh6709plpa04v8m3s5s9lnjw7,BSH,2000,
xch1uckckh3892c5ltnmzvcz44g6j4evezkraaqfzwkq4mu0p08pgu2qfljsve,BSH,2000,
xch149vjh4stu6lgmsaa92y5dnpdelrf8wypy7zx9vpf60qvmklwu6vqwwjsey,BSH,2000,
xch12mffvap0kj8nsh5vcauxdcs0ppp5mwe0u83tsvfzkl9r4nym9paqpzqekm,BSH,2000,
xch1uxx8hea3885smj45u3g7m2v88kcrw8p6vlg2u32jjw9ypfk4avhss3atg3,BSH,2000,
xch108fhs9eda6gr3ywfrv3uyqsqs8h2l74dhnkt63ry2hdq4ghv8lxq2x6zpa,BSH,2000,
xch1um8c9j5gkuww25w4j7gv3e2dzqeq8ymzlfxy4pcnlgackk9qzd2sf3p2kv,BSH,2000,
xch1eh0k5je4ujv3r3nhh8y8p0wmnmg8mtlc5y3dg3fn4k9dzd4vdlsqqnlkge,BSH,2000,
xch18rhyg2hars2dppeylwpggulgxvx5ezy4nc99uj9cxwrlq8j4nz7q6arset,BSH,2000,
xch19d8dp2lcdrwg3sp6x8q49sly0pe74xteqg842g5s7rnc7a2c58ssef43m7,BSH,2000,
xch1tppwru5zgzl8htt3lu0njkxusg06d8wkpu5y6nyyaf90e0thkp8qg3tlst,BSH,2000,
xch1ackxg4cksz7zv20qqe3k8mgqn2jxcmrkk04ca9awx9uqnjtrvdasw7ta2a,BSH,2000,
xch1mampl3l0ey3q4u7nntq7hrflfx4kgyfg0x33h44aguvel2569cmsww94hf,BSH,2000,
xch1wt7rcrpfvca9yd476asztxt028nawrr4wv7ps7849zwhzac2w78s4amejk,BSH,2000,
xch13qq7uzam3auyrkxwugtjucp7lyutjepdt3hh5rwya7lut9dcz67s8h2g8y,BSH,2000,
xch10hgkqwyk5qawhauw7tjalf246fsls859ce25hk48hz07p05atgaq6tpd05,BSH,2000,
xch1amwf25fmkxu7kzcfyu9zccrxn8xczkgexl9vccs2y2eetus6ydaqjx7kmk,BSH,2000,
xch137sdurtscvvxf3l7uvkmwxqvne2rjnd8470r68zwycnf33kefnrsdws98h,BSH,2000,
xch13n6uktqg8rfvdylzdu5uvf20e47z80t34f6xlmgu0je6manppujse5a8rf,BSH,2000,
xch14q9exlfzp5grjuhuz89wu3y5t7vdr07gdh74vxpd8yejnvcq3kuqz80zwu,BSH,2000,
xch1upwk3mnf7k9dqj3lh4q0qhjg6nt6g2sv62rfcu3amc0zr9dn9agsjysame,BSH,2000,
xch1ajmg9ngh9avl33dcdutwg86lukrzeywghthydpcwgatd4vand0tqzxztkp,BSH,2000,
xch1k6a353gnymexu5cn9ff7h4n8p08wsq4x2gxuc2s9whrwkgv9eufqq4nfyp,BSH,2000,
xch1fjptn3mzn2kl0cyuv4mz3tvzdmyty4yezjaktzyguvj7vxaf67hsdtan56,BSH,2000,
xch1y7achcz2htap7djymstckkzn20rl6tlm9g6rqmdh3eu3ydzv7n6sy85f76,BSH,2000,
xch12krz59t8z6s7dld7k0mfj7y4lexfhuqm73pa84c2tymxd2chjkpq2nvquk,BSH,2000,
xch1f8yncgu3afmcw9pcn7a5zxf9hy73krtd5rs53p4u00dg3pax3e0s0llfum,BSH,2000,
xch1g43xst40tahxhh5yf9cf0mx9gsxgh8l9n35vehz4ujen9q9p22zqp4vpd9,BSH,2000,
xch1td7f985ncypz6xhmuw3ezaf44ln4hjeld896955hsgkyljla5j0q8nsts9,BSH,2000,
xch1k6cuf832g44273v6whetmkquave2wa4kq5dyedz9ww2dkn0z9h4qpcd5zd,BSH,2000,
xch13drr8vd79r5mp5frmexjkumgw3uepa0wyrqnvsjg4fevk5z3y4yq4ms70r,BSH,2000,
xch132xtvgn9twy9dc0es8q6v5tu3zdp70m3wlp5n8sskjt2xvssuy0q0hhalf,BSH,2000,
xch1ng2u8f0xt9u8063t9408fferls323qd2fgc3v5dlggzcprrrl5jskkxza6,BSH,2000,
xch1yl77kz79zw078338y0y75mpjt2y37lkqf75hsv5znug3pewpjvwsl3jql9,BSH,2000,
xch1khlq0v4q0t68pa0a6lssqucggw7qsm25vvvxtunnrlvkxxsup29s84vxvf,BSH,2000,
xch1afm754zczf5c6ejxcp26rt8gdfrnez39a3mqsujfcuuhmur0ueusdpumj8,BSH,2000,
xch1mp5dulr7n2ht5h3m4e4v0ng3az0fde0juxavd8av3r4v5fjl4a6s9kcwz8,BSH,2000,
xch1vpv3amd6ef2l476p6zhde942zjk2zc9lvknj5pkgzq6jf3w0npys4eufg7,BSH,2000,
xch1envyxl9g5czr03umjan6jhuqqdy4ft0lym5azst5prk4djrh3yfsuj4wsq,BSH,2000,
xch18q6s700axxvcwm4f8ezvmh7xvhreywp7y88en3596yl00kc6nykshhdrw7,BSH,2000,
xch16nywjtqy9xj7p2922ep7mtjss4uft3cqmhq0c8resk0wwajz3thqsy28su,BSH,2000,
xch10dqlecu6c8f5pgt6erqdtxpxunmuwhjue963rn3mavuk06d3fsdstx9ns4,BSH,2000,
xch1m9rt2s0fpyfernra78tz7jjl5sruc22pgjjv65620y4l65kv5u6qcn3ady,BSH,2000,
xch1xvsqfnxmv83kr7tep4hxdx8gzlx6wegn66v889lpjvdevhhp3s6qm64njs,BSH,2000,
xch1ej8382nfdc3jg5wjmtezkwnjxpgsacg35ez8a2pacza8h66n99jsjw07x7,BSH,2000,
xch1mhhplwmgsa2gl8e3p6upnuhcd8kfp3jx0n4szr6pkz383443d4zqxdnlnk,BSH,2000,
xch1a5tv3zfl6s2t6ypw3d6ptazrye39pqn59hzfph7dqlnt5ukpmcdquzs439,BSH,2000,
xch14kejqx4slta66gfvqa5zkh8tjuz6exkep66pn8j4dlnkx0t9zdushx6d00,BSH,2000,
xch1xym7nr3pzpffmkzchks388h6uw82hmzkd4fknp269u95ff8sj39szgfd93,BSH,2000,
xch1yx33cva9735thdtkfyz8y7w88j4kf7grwt56xxzhfrpmda994wjspx8g5y,BSH,2000,
xch1f494n8n2zdmn5rzalcmwur069jsm2u0kfk6qtxau2fge3tklngls99znd8,BSH,2000,
xch17tjypjlxltgzvprg6wcn3avy39uy9lkrgjzl4stejftlrex5qjfqjx3g0y,BSH,2000,
xch1ygzuhjgpd0qh07pu6qlw9scj47hf8u857r4qhcf7zx8j0xlucv9s3pw8yy,BSH,2000,
xch1xl32kpycaf6cutaenhg0gzsvaymj66xl4cgww0w3wvd3hs4mq5lqlhuu7q,BSH,2000,
xch1k3zantdgn364up4nj2ua3gtzr3043rlj5ru4z0n48jt7cg5sezkskvkmwn,BSH,2000,
xch1g44uydllf8c8uwj2ne0v24xh5fra5wwzyj3j2nmrgzfhnk8qt7zqk9sfta,BSH,2000,
xch104pm0q5vergdtm3ztclpmeqlwf2mydclpzpd9sw3wpvypvu2kfyq400gsy,BSH,2000,
xch1we23svx7w9ghnr0juag6332njefnhpfelmucl5wjv9jxu5fx9e2smv9res,BSH,2000,
xch1a8nc32rs2kjfu2zkcdxhmgxu8pgyvdcp65xeje9pwuyr3m8q503q4jf48a,BSH,2000,
xch1kjy2vnz5vewarhary5lr8tgsk8dckccz26sd3gkckuudp6gcjs6qyfh82y,BSH,2000,
xch1c7afm5mqrpz0j8dhg28yqpk6cnuaguumhxyc4yrfjs5ltxem893sewvyeh,BSH,2000,
xch1uczl6q2n0szc3s7yn6gpkag6a9mg730vkjcmml2vs8gt87fa6agq2kd3x4,BSH,2000,
xch1vf223224ct2sq77k774rcd8j8ccsumaznj3dvlwmuarn6wqst5vq3595rj,BSH,2000,
xch16ygv5tmngwe5np6chr3dy05faj685dcwq7x692ww7lk6kanqphrswytxz3,BSH,2000,
xch1vvrxwf2lnwlazfz2xtwh3g2t3lfxkgayn7t4natcen2fxqwmuc5q844vu5,BSH,2000,
xch1dek9z5jml7z7m27vs8lmxfc7uth24l6quhuwa2rev44f4wakj6rsxd5us9,BSH,2000,
xch1eyz4laqssrssdwkl02sw2p2asqdna0rvs67gjtwk7pmhlx95culspmdd8r,BSH,2000,
xch1e6zdruz4j2deceutkzwzt48q6e0gqcyf3p3255w500elajr7yp7qyg7xrj,BSH,2000,
xch103zt5j5vlewkys52kz07vx883ugra2ck75ktjctp8wvqh7q4zsmsh8frz4,BSH,2000,
xch13qjxhcqqr4e0sxmnxl847fhd5w24m2q49ws2zfjnhgcv30n284psejm4eg,BSH,2000,
xch1gypkf4xftaqt2k253qtyl58wrjhw0790942j08qv2xp3fgyzc8rqxyqq6g,BSH,2000,
xch1eyqa77rt4faes0ycnmrfvfuq28q7kztnwuzknmjcft6r9h7hpypq04v7s8,BSH,2000,
xch17slywdxgg472zgg5gxqcfjlwtave4phh53wns4f67sxqrxehdllql8k0c9,BSH,2000,
xch1kfehael2q6atj2rhwr609nt09kc4h6wqlurgkj5lxvc8hl6z8h3q62vl0t,BSH,2000,
xch1k5wxjyv9wtp8f5e0cs7xgppt2ah2gx49lqa6gmy2nzc8xwd7js5sjsxnvv,BSH,2000,
xch174w6q94c37ydfktscds959nppes3h9yfvk46vg4kq252jfwvkj9sr280fp,BSH,2000,
xch1zuk204k3vvxd4zljr6x0mc9q34kpdrlu3vdjkfkeyn54uy5e6suqsmr78c,BSH,2000,
xch10ate6u456vykj8f6un98upksepqu57cavmccrdeq048xzfppem2qkfk0sl,BSH,2000,
xch1ujda9kwrvz4ykn9xv5224wfdfe3ksp69qlzv5xmk65rddumj3xjq5egl3m,BSH,2000,
xch1nze8km5mqnu3gruhs699qyemzucwsmngc56vn3d8fkrskpjdc8asymhwhk,BSH,2000,
xch18kal3gjq0gfr9397u7hp9lp6agt2caqu8jfm3x52rvysm6h0f9nq5h6w06,BSH,2000,
xch12k48zv3vue5d39sac8kvrd4yj52lr9xq6re3d73jfjuz76tzd0lq0qr3r3,BSH,2000,
xch1vksqjt5t6s34l8p5zlfpa3sw6yawgjszz8zpxf5js55up6cl9m4q3lty2d,BSH,2000,
xch1s4udnyyeevxdngmp49ms297a062jlx5qgsvd9ne5w8mzs42m59ss8xtymd,BSH,2000,
xch1ar5n0037ev98pktw3579jl9ezy3z90s94hhps6f649pyglt4hcysj77z6x,BSH,2000,
xch13x29n8dz353wtc9tam320g257cf9sguga02xjx083tlzc6ey06uq2z5dyd,BSH,2000,
xch1cas5at7mv9flx3jejww4flzsh6g893dyf9gjrz680uj4zjn8k9wsgny7hm,BSH,2000,
xch1t87sk7jv7r0kpaktq0ddyhzev34nd8t5gz2kqykw8d3fkpgwacdswca4ys,BSH,2000,
xch127d0847xks2dp58w6pzjkwxnjd53du65jdhemucs6yspea0ax7xs3u8dx6,BSH,2000,
xch12m6h7ld0g254fx8atne8h4k9824gw0m2fmhc4a860fwc2cxpwxdqzwqzax,BSH,2000,
xch1uxc2sz4ntm9axa9zgjz57zzty5k694n5jc8rffnuwxl5ka7gas6q44xdsm,BSH,2000,
xch1f3krgcpz43k076wp93yp8e0ymx8udvvfxjxftannw8hyxtfdcj8sfv05t0,BSH,2000,
xch178qrp0vqecudzt0lrdgx9duxx97a9qrn2nsvtuanl4yatwnxmmdqamlrns,BSH,2000,
xch1vu5p792xapuzyfg86l6edxe63e3mums3yssta4vxj555tttadxuqylh65j,BSH,2000,
xch1tpxxr0p8kdgkushwhl3u5dgkw7z2zlrajvjpwsurq856xyafxsas8twcsl,BSH,2000,
xch1ugyydd4qjpecdftngl3znk4xkgz65lpxwm2vgszqhg4m6evd8xgsl3tqxp,BSH,2000,
xch1whfhujfwry95e2vjafzu2tsfe04py9m98ygs95f7pwt4vyqwjk9se7mzxf,BSH,2000,
xch1hpjdt5k9kwpdpjfaa74t9rlgxz7t6edhajx2cl89ajjl3pu8mpaqnkz93f,BSH,2000,
xch1rkf48m0d9wstsmqm2rjyj8n7nwq7wpdm4sfvkcswp9z2udnn5qkq2wmn8n,BSH,2000,
xch1wyyad4fr5q2e2sw7dcgn6xmhjw3rxnetnj27pynjwscq55tpw3ds760zyy,BSH,2000,
xch1tx52se68cqnqyz8cljztlwufw0tk0fhwvdqytmgzwes95c4yxxnqpz8y32,BSH,2000,
xch1w9698zrxknp493v30qt3uxsrl0glk23a2ev4vrdc4n67jwsgdd0s8vx2na,BSH,2000,
xch1hg0xknux9xkan6hnl7pqahgd0e3ch0r7t4wjflfdtem52szj5wwqm7hed7,BSH,2000,
xch10fp8ugw2qga3jalruyp6dw2wy8se8mjkfdrc5fr2xwfuq3658uksmj222g,BSH,2000,
xch120ejm7mvrg7s36yk8me5unt0w303z20kncu0fn56q6vxp4ddkgeqheec0t,BSH,2000,
xch17nzkaqql47t4z9gvfxtn9gkh0nv9flag4vm4hgdyg8l94ehcnezsh38gut,BSH,2000,
xch1xkk549qj3wrm2r6zyutrre639rfmrkxvnychvw5kwa6jz3nh8thq4l4ell,BSH,2000,
xch15vlqp35azyt9mr502mhv9rjcvcj22fxzw3rp9nhxznefrddpgumqxgw86m,BSH,2000,
xch1fu4mqz8lzunm7ggn9w8r3hhcyu8v7vzm2442gq0fupj0gpgazl5qf5zd9u,BSH,2000,
xch1ecvu9f2s2lc52rkvnujrr2k8p3s80vda4d2tgu5as8j0a2h5p8mscmhrhl,BSH,2000,
xch1yg4egvh7j9aw6yex8927llsxf2y75xv3xcg53jgkzx0xfgzj0v2smac7wk,BSH,2000,
xch125e306ctgh0efdyctyfy33jesl0cy7ptylaq5xxwz5n74e78kyesqa5kzp,BSH,2000,
xch1mcm3em4s4rjehk9zc3v6f8cz3m4ctaqzd4n4yjggfkt0fsuw38vq4gw08k,BSH,2000,
xch1v5d30nrqhekp4vqqc2gnj85n0xas4h4c949gvcynq28x8qyeg8xskw6z7n,BSH,2000,
xch14e6mc4apu7pp396542x6fpt28a0kzujsspmzjzxeftfkzgarz4sqzp6dr3,BSH,2000,
xch13vx7m4jkft44q8p7p65a2k2j52rtxvvwtkfyw2c56swrcvpht8qsf23g3t,BSH,2000,
xch1df8ucpfrkp5605zqkgfs94azft68vmsv26kgx8kpldrq993vxerqsjg8sc,BSH,2000,
xch1nzms7gcdhqf9vy6zvesjjtudsa53d575n7vtck36xmd60z6sgz5stsr5qq,BSH,2000,
xch1xz7dy7jgh9zwmq6da087h0y3d5073uanchwte5yrrj3talaqjf7qt4t39m,BSH,2000,
xch1wagvlhtplx6erfpnpcfsz0d3kg83xsltdfvm2cxlwz5qum30zudq8h7pzt,BSH,2000,
xch1h42vjs6x62tw92wlmayz2nmg0rz7ln29gy96rg3037dn3z006fasehlqaq,BSH,2000,
xch1e6xcunmk6llnte0jqnsjlsu6me2827vefafmqx2hdqxc3axxme3qs24vvt,BSH,2000,
xch13j4946exc8he404ksv5g5p87c4yv6xtjc209getp5un238sv5scq3qwmzx,BSH,2000,
xch14d3a9d0y2nzrx9qprluyp3y2fxsnedvrx4kesj9jh4l8jzcrew7q3enx3y,BSH,2000,
xch1n5cn6rtngfhpg8tfw8vwj9seagf2t0kw29czjt777t7np3nsdv5s5yackq,BSH,2000,
xch1n2w4cqvws452gmtptnpxspz80kjh7j76fll6kguj6ysdqa534s0qq7d5y0,BSH,2000,
xch1cwmjzzwruy8h6vldxqakjrjtthn36j03esrl2qkw09e9xfw73rrs0dweld,BSH,2000,
xch1ygld6xym9ujpntfp6aefm3naz7s09s2f2xfuhe5n276zr6shk6rqwrxm5v,BSH,2000,
xch1277vk9thgzt4kz7v3rjunkyke2xthjtvxsaxza7dmuxl984wmdmskleya7,BSH,2000,
xch16val8wkg036taz94adc8ctv4ny24l8lsheraztztzupw5ulhukzsmha8ae,BSH,2000,
xch1ukkkgh4cngtrt3y39r8pf20pg2400xn50hs5d3mkx7fftemlf0dqk3pnyj,BSH,2000,
xch1jh38977r8uwahlgmre8kvmc6e7qhe0wxz3ptn4ccfu0jp4t0sqlsauc534,BSH,2000,
xch1gealq94v3eu2xtw7a6rfg27l9g5v3spy3z7te5l3jcq7xee6q78scjurzw,BSH,2000,
xch158pdd32x0unt2fzyufmgccaxx7wfmxd97ndsz6hrr7ju2flvyz8syyj6ud,BSH,2000,
xch18jqlh0nt9lulzm265xd02qsrl823xecrz2l3hfedg7lyxlw2tsfq74u48k,BSH,2000,
xch1xxm57hsf99pnmveqg0kzxn92r4usexgtx2u956mr92583qpwf89s9v2lzf,BSH,2000,
xch1gpwge7hqjrx9prw567zf8aggw36xemr859ej4lzjt9d85p3u3mns3d5m3m,BSH,2000,
xch1rcphmmc8rsg5wcq37klu4ey82pcnw77yer3e225rs3ll4xglch6qsvzg5m,BSH,2000,
xch1z97laxu8jfq0pz9gzhpazzw4a34yreh28hnxhqszjsedu6qgjatq29ecad,BSH,2000,
xch1hxhj0r8cc6uqm8tvdwuvsccyk43s66p3mr9tg4d8l8zjnh827j6qcsd8v0,BSH,2000,
xch1j8g6yaw6rs6aau9748eh9rgej4626gc48qrqxjvpns6uz5junynslsc9ty,BSH,2000,
xch1u9v5l4gglrcnksmpzh47cjxp7wk548kk2mznjqgvtrsdwk8smy9qshr9sn,BSH,2000,
xch1x26wyvcx48ef79um9fwyw7r3fxl062d7srfglgt7zavqxflzh5mslc37wg,BSH,2000,
xch1hxx47fq9g8j55nxh59pr97ffn3hzrwaj7wz3qqfnsgpyfyjhv0xqs2m52j,BSH,2000,
xch1lt5eys27zmwlz6rv2nadw6v3vqvrykjs4w6u5xrwjpkj2husujusfqx5e5,BSH,2000,
xch1u8l6qp7y4jh0nld2xj7e8rkat5ug7h7my33x0u5rtvnstmm2a3ksuzfwzs,BSH,2000,
xch1l4757dy9jp0agy92alu7l2gtpxhyj4u5dy2jphswt7x9kegcezpqdzd97a,BSH,2000,
xch1ksj5l4fvthpqn9mc3z8t46uqnh2rp7q5w045n2jg7caaclapsfpsxhcyxj,BSH,2000,
xch1amw2vplttztzvxeyws928yawm54kvnqg6ckuck3kn3xrvwpq7dnq2v9uad,BSH,2000,
xch1v3kjr45hk6yntfw5pqx02tyrgrkxk20n0jdwy5s2vejnnc3cdnxsndgh3c,BSH,2000,
xch1hxsfhukpgkxaqxrq7lg43kx7vh26nay5ppu9zth0wz5xcnut4ugslymh2q,BSH,2000,
xch1ca5hyguw6rjkn0j3ktpyl00eltxxp7vp2dh6kjgajfatmx4jq2rquhgzyf,BSH,2000,
xch1lzsczdgfdrasy4m2lswfulc2gfq0xjfeele4hytyup2jj4g57pusdq5mzk,BSH,2000,
xch1k62xkka0tqrdepeuelswm6j555da7yqy5f332nhj5xdl6vqwmpuqza830r,BSH,2000,
xch109vnyv49c4gxc2pcxzq0wjuz3xuc3vh7rfkpe3c969lak0q2k5sq8mqrev,BSH,2000,
xch14auxycwz30nfspeuqda7y9zq9xeny2lspq2ahl8j3yzmg7pdqj7qu95wv8,BSH,2000,
xch1ngp79fq0djn9ux57v3jq704l2vekn23g4639cqw4uuldrh4ltw3ses34yj,BSH,2000,
xch1j4zv6qpaghefvhv3aw65vzqn7qlup6et2e35s20qstffcalqz64qj7sz0w,BSH,2000,
xch1lhmlclgzgal5ewzauxuzj0e5k3nfak846nyhgaahm0mp3q5rvw2sm0gt72,BSH,2000,
xch16nx5vurez6qw2ag9qqags8l77psuhgc0kxn6xkkz78qnyxm2pw4sggu37u,BSH,2000,
xch1hu7v466rhm9hflxfjq54ezex4qcgc0tegld0mh6uu4txfeg3zrrqz2awpp,BSH,2000,
xch1022n2v2xf578fakvr7k5dd4t86sv03j583x4t7u7dnkusurnt3xs5xlu2v,BSH,2000,
xch19zardxg220saux8senth0ng4lzg5vveahxy8vrhc3xe5azpue6qs6jtfld,BSH,2000,
xch1uav8fgrfv43rzam0hyfy03pg0p7jfr46dhx2ujffpm5nv2fqlk5q2ex7mg,BSH,2000,
xch1fck3yeqhswjjj54z5j2dk4aem783ktet0ysq93fvr0et350av9mqdtdv3f,BSH,2000,
xch10fc9sd2fapfq0luhffpvhckae64d25regpkwk750pyvyn38ndkhqkjkknw,BSH,2000,
xch1l4pva2dpukzsxv40knhhet6jkhwd4jk5g074ky62gtesc83mvs3s59svq3,BSH,2000,
xch1eyyk6tg7naajavvalqheqkdf0wm6xzy60f9em80dvwsuunzk9mwqnhrsr2,BSH,2000,
xch1dhd0gskrm7d68hr3pwm3dd6n0v3709z3j3p29a3ujumz29twtzfq0suvlu,BSH,2000,
xch1e8an4u32x7763ql2fd9far9gvwd7ajcxvmjls7m79fp79uyn9easshauhm,BSH,2000,
xch1yy6664alk5x6wc4lvzyem3w7557j5nnl2vaem9rvg9cqg97833zspxsdra,BSH,2000,
xch1fz4uufap6ktzuple8rl58ffw7ltk90c4fl4p4gue9zg0vyrmwr8sa5s57s,BSH,2000,
xch15my7l8dysf5tyr75v8w9x57h8lq99jsxlyw50jprzyg07hm49hjszcwhwj,BSH,2000,
xch12w9acj6jped5hjvcqfvutmvn6pawh8j0xxgq6hm9l52zwf9j70msazpvah,BSH,2000,
xch1sgykenasfj7lq5zv38gtq3548fn2u42tsymswpmvnhd3rl3aq22s3xuyc6,BSH,2000,
xch1yqxmmnupuu66zujsyzex5zfra5ss9prl6gy04sf9a9fthf92g3cspvaqu2,BSH,2000,
xch16h08xrn5hsr2a4f5eef026qfkfer8rw9x5da5aml62uw5nn2uc2s8g4a3s,BSH,2000,
xch1xf9neez7furn2hha4kfhk6vp7ard5ks5qem8jay6h9nz2vj6qp0s8ep2e6,BSH,2000,
xch1esjtwa3ha098yn95jx0gn3gqta5e0anvucachhtl8054dg90hh9syrysc5,BSH,2000,
xch1jsj4pkqrkgsf2glys4j528yz94sycpey96y9mgjzr67a2u06h98q8w3fvk,BSH,2000,
xch102hxcqnz0z37lp80jcxraeuc40m0n3zutqskf8ha20wkwfzcytgs5m7ajr,BSH,2000,
xch17gwxxqv75wx0c8tpcv4z8dfwvpy2k4hx4k6ksvap460009gcp54ss9elva,BSH,2000,
xch1gjeagnktwjv066cy5qcq2nz5ewdcse85qv2q7ngp6a75gy59w5uqe2ja9s,BSH,2000,
xch10gwz5s839fckxukc5a2v8eu6ptl6shqrcul646l2rznrz0hgtejs7alm2a,BSH,2000,
xch1h448gsvvsn6nwqe24qun5v28t9zfttf5kd635md6580peygpzy2q75nuve,BSH,2000,
xch1nryk83ahzmdupyastpufrpu2c0yamme8s9p3psk83rg38fxpc0zqwu9maj,BSH,2000,
xch1chx73t5ncp9sdf7677t8vg7lsup8a9zwpgft4q45x8xr24hdwelq7qjp8e,BSH,2000,
xch1r9c3ae9mny4kwwn8nh0ayx57s0fq9w0xmw0zgjgduwmxdq9y8fxq79wjex,BSH,2000,
xch15xnezs3sedcaxx0ddy487uylem009289ed0zq0zt7xlxekk2y6zst8an6a,BSH,2000,
xch1t9ynkqrara8l66wn43k508f34v8g7zpszjrgkas38jchnyeevv6qkjd90e,BSH,2000,
xch1s5smgjdjzr7n2w3zs8kr5nca94l6m9gamtxk6u80aj8h3aehdr7qqq5hl2,BSH,2000,
xch1akkpdh4gx0pfd5qf0uxckmmcge44gdvvf45rctsuqyt80z63n3xq9s8gjw,BSH,2000,
xch1uphsculrqdkaz5adg8pkxdawqs3c80afuzymfukx90hnf8nsfe3sufqk3h,BSH,2000,
xch1cr3x9ssu2tpvk4aus0yt6xa6a9thtm8sjfwzlunfs96uhd82q6ts42jdlz,BSH,2000,
xch1e56ruscecq0pmmjg797tjvchuxr2ss9l6mhhcxek7zctt7qdnr6stel5dc,BSH,2000,
xch1lldl2z8h9msnrhfwladg5xxx4p0mwpgqfeghutyaxcq28rwn665qwnx6vq,BSH,2000,
xch1jg9lkx25t8z08fal6ma7a40dna7dyke5vaextqjzmw6dnsywg8gsg0hzxy,BSH,2000,
xch1tll25gh3xvezxejvyrklqhtp0y9rag09j8qy7l8uusetf5n9s6kq4yt4c3,BSH,2000,
xch1fcr8m5f5xh3ch353agqmdjtdtk9na9uwfe2uawq2vmayj5wsxrdq7sfgxs,BSH,2000,
xch145dsujzhm8kp4qmv8hatzhaskqgnt38vc8cfukp2jakd556vve9qnq7wga,BSH,2000,
xch1yt5ph3stlutz7n6qst67ut6pqhmhhcr8calngkj8dus0f7x9pn3sdd7zca,BSH,2000,
xch12qspnvnw8vcgsr4h05nqnexedz7gh69mf7q4lr2aq4423n847ucq62u2sg,BSH,2000,
xch1m5wadpqzp0he9lq29srwr0eexvtyzjjekxwvrtc7a2c45saf6rhsp2k0m8,BSH,2000,
xch1yn65f3en6kdut62yzwd7jwyl798eklqa4mrtr876racydgmja6usmssd67,BSH,2000,
xch1x5xf5s0fg2s0jnw5q62x9h0k67s4r7sp5h0m38mtqxn68lzrycrsua605q,BSH,2000,
xch1ym3aarq5nawk7wfqmzv322kzx78pa947lnmue9zz0jhpu7738hfswkmavv,BSH,2000,
xch1tu5l6454ytctgr8x3c67jtkzfkh9685z9dj5e4emepsycfa4evmshkzjwv,BSH,2000,
xch1s5cwwvg82urlgtdpk8a5zhc35n8q0hduxy0770gp5kurq6dkgj4see6qlf,BSH,2000,
xch1wum4nfdsf755wgyfg3fdc8ae4px5mr6tpzmjss3v2waee5fr4hgq8lgtst,BSH,2000,
xch1w044aarjelujr2jkawkjaxg7q8gkk4ww7gf3vr3f2ju5dgfzf3uscz9jdd,BSH,2000,
xch13zscw6c99rfkw2vt3qc07rqxccx3nzkgtz8twrry3g02wrgxwags0q502h,BSH,2000,
xch1mnj4cpdr8zskj0lzveat2w0ymld98dwgzhw884lkmg3fx9lzy0hqgxgpsh,BSH,2000,
xch1xjakhsenftedmxgfy3vjz0nuuff7ehsyxm2f2mee2mz2pxqzqeys56u70q,BSH,2000,
xch1e74cpm0atd6ucvqcdlq6zc7vjw5hk7mp9jf0jguaf76v8ugccx4qf768ss,BSH,2000,
xch170ka7kqzzyxf69gtxylw027229r8kvjc9d7c8nmy00j533nzqtvsx9yuzz,BSH,2000,
xch1kwjlcywzkpvg594ha4wqkyleuksd5fzmyfdfmf4echrx3c2kl2eqng0v8d,BSH,2000,
xch1ffen5muffmseq4a5lwvmjpx24k2zeeywfm4alvkz6yz3v746rgrsfynuad,BSH,2000,
xch10u59sxpefxcd2gmqp74scmkm97wlpd9klc0xzcez5ssz4xzuxr6qa6cujd,BSH,2000,
xch1x8zcxeh08nqdre9jyxu5lg5lk4nhje6caumuts687t652y92kewq8cjpgh,BSH,2000,
xch1enjczqykwdrzsqk4hzm5nun6j5wfcnjk656zsrch73kuma5wezfsc8q8nj,BSH,2000,
xch1vaths85hzjaflyrfsepgyv4u0gvk3jw9m57cplu8s3865mywr25s9ja3t6,BSH,2000,
xch15sknxznp0nqsgeh3hhvs2enguwmky0jn6gtk34wv2m2ra9ss8qzskzpgv2,BSH,2000,
xch1tjt58vl9y90jdsgvr5fuf5y9cfrgphvdwz4znhshlta546qttk4qz54pxc,BSH,2000,
xch104sx5asq0gvclpkwpwt6y3p3n6pgxymmljud2jawgwjh8uwnmreqde5ltu,BSH,2000,
xch16lg0e82gdhcahk0cfcu5pyxym3fkwmvus74cyls034pdun7l4m7q8emu3d,BSH,2000,
xch1espp0s72acy2lh6nk7xtw4ma9krwr3hn3cfhhc92y0d5grp9m7ds9gdmpg,BSH,2000,
xch1kquv65pw5zd0hdr98pxauzvv350c2e5heqctgmhnffx674f4cexskfrfmx,BSH,2000,
xch16h43s50c7nd59v2cy3m9wkwtzp4gcksgwe4v8kysj2afgjdxqfvs84djjw,BSH,2000,
xch1ghvr4krzm8349cqp2ufqyhp30tlh9jfgxlud9k2a0mwzw7tjxujqgxev4h,BSH,2000,
xch1n82lz9xljz2nv8rdma9e49rd3upv0h3jhdm6a6gf8wtn2dupr2hstm6k6c,BSH,2000,
xch1r24uw8gms3dp4t8ca0vrzq8w8g2erk5zkufm6g9a3gc4540234mqhlqqx5,BSH,2000,
xch1y4kdte0dl0rsc0czmz8xnas4feg0c3lx4hd5w07nnr47kyzn33hsdjxhq2,BSH,2000,
xch1fhz2z5a4aevfljsmty438cwurcgnydsqanpq7djnc4uqgy993u6szhxlg3,BSH,2000,
