addr,name,amount,ss
xch1k65pye28q0v3v96u9zx72fwhw8amrkh8hn6dcrk35nysuh8yxqzqlm48jr,BSH,38000,
xch1ugzsdc8z9wevncfyzkn58r20w88tv5kzynm2pqzt0x5du0v5umkqhg2y7p,BSH,38060,
xch1hs860zf3agyf8jm54uggnkcd9pau629sxyc6p7uecac9ltcp52nqeefjym,BSH,50000,
xch1lpd7sqftlpnfcdp3atus0k3lwaf8z5eed02cyxmyfz0yp722mnyqxgsnfe,BSH,78087,
xch1kj5gvmtl8xc874lkxdnvf9js4c262pk5jdnt42mqcv4nkqqt3m5s2gee6z,BSH,110000,
xch1xjk5un8kagenz9lrrc93akcr69f96eq9qg0zczedyhxvr5cata9sf4nwvv,BSH,136416,
xch1jvnjhn53arkup0v5gguwpzs84dm6fjmldy7g0wx8zvx39ggqhh7sf4j9d4,BSH,201000,
xch1506k2fyej3apmmvatfx0hmw7rn4cpzqe7tdelat6mt6r2ks93exs2stvdp,BSH,250000,
xch1f3su4ljevkgnmcm9tnr22q27cxt2rnu0u9jju223y305mty7q8rqc9yqy9,BSH,308085,
xch1rftnq20ykjc2vgj4s2axykjsfdkpdd6fjjucz0p4fw5teu26n9cstl8hf6,BSH,311890,
xch1jv2enl5chq44dd3x0nedy02ymhkze2y223y99x40nulczgllyjmqdksq6w,BSH,400000,
xch1v46uphwwvhtw27as9l0awt50tanuzqh8tw5nl8gw4qrg2c2rmcsqwyfcdh,BSH,401000,
xch1jt7zasf76paav8k9zzkltglllvumsrf7wp6ehnpqlkqww2qx0n8s23hv2n,BSH,480000,
xch1tp0hf5t8htd6k8sqre7re66ay2hrpegtezv9y3xzsw47z7mcn5uspdfm2e,BSH,546868,
xch1qc2p9pnkrhr6fnvks3s5cett00ykv64482ud7qge9ftqj6jmgqgqyap4hg,BSH,875000,
xch1v9cl9u2yp9lhjk7u3sswhsa54jequmjw9k5y3fdayk4s84as9ecq880jz3,BSH,880000,
xch16xa6ykywhzpw9532tp4j8kze5qh8578yzar6xc9augvquq7qsukqlynn5s,BSH,888000,
xch1s2hrm3ekp3nn0c36m0wv2u2w5kf3tel4jppfm33pxwcc9cv2kstq7y4lv3,BSH,888000,
xch1cz680fneut56m8f9prq7dfj64ej0zwjwx99urj6vdt8exm35esjq38fjsm,BSH,888000,
xch1g5pwwck5cnm2ljq4ctzteg9vx7645vkj8xyjnj49zedf9vgdt6gsysgkut,BSH,888000,
xch1e97ym5560w9tgqhrsmm759e8pqdg6d4jeg6369kw6keqnykqeguqupnm2z,BSH,888000,
xch1u0ccu0ad5qn2usmf4sw6v67n90try7azlzc5d36fyec4sqchdrsqm3k7yk,BSH,888000,
xch1rk45mahehskyhsej0nh3dkyesfuh4sca8ycytappm8ngq7tgr92qwjk8mj,BSH,888000,
xch15hpu7a5p9hn362dv333dmu74x9t5tuf8d3utrgus52mx0t8xfywqtrhzlr,BSH,888000,
xch1pmkcl820dt48frcwe4vl7an6vs2ugjudx7du9jf73pyh02kwsf6qkc5f5j,BSH,888000,
xch1dlnf6h44phqtnc92yaq35gs6apv9t802c32ttp62z795tvq9a67q3unp2m,BSH,888000,
xch1sr5t4u3g45km9s3kr4y2k2fyzf975e007t35awxuz9v7khhsndgqrg5jwg,BSH,888000,
xch1sqqy7yfvdqslj3kqy4wjaqkttqf4gepusshqp3d4zjdqkjuwl4dqxpkp3t,BSH,888000,
xch10d44p6uz9dd6nnmdwfth7pak3xjjc8qxekk97w77mamjnnvvcx5s8lyqq2,BSH,888000,
xch1hde7v33cd5c5pelzhnll4aarwcj63p5z4454ua0hc4nf82mta2fsqdd586,BSH,888000,
xch1qnfcm96lck7sl50ghlphs0hwyfau7ax944dyy9936nkfcrf8s47q23muap,BSH,1000000,
xch14ywhlzn0hdpxe37vgdjhcmxpr4zcer56l8g9g4txwqr0gcdfyskq9m7ltc,BSH,1000000,
xch15y9rlyw5g5a5vqtcycu5p6ve86kfd352z7rarc9n4sxzflylccfs2knadn,BSH,1000000,
xch1vaex60yqfwa2dkmq4ppy9fsaph97wuhrswddw49d0kwv8sj8hnrqhvt7c6,BSH,1000000,
xch1x3plv27hah26xfp27w4nsmcz5p3tc4pgcyumwrncfffmsz0pq88q7l8ehv,BSH,1000000,
xch1g2e8mksa46y48yjeav3vudxrryn9a570fdnr8gwzjefggazzv3hsl78z5e,BSH,1000000,
xch1h7xt2r3p86zw5wshsd9dueu0uus6mjxxy7fvlp7nyqpermkknsgqjy33w3,BSH,1000000,
xch1p8w9lmlt5md3c3mn2u5q2lsw8r08tha8g0ug6v0ymzfrfrnpy6zqdm6ypz,BSH,1000000,
xch1gxxutxvl9u53ahwu34kvuxrucp52wv65azpkmwxd95dj443sw5wq8ntg74,BSH,1000000,
xch1xl5wqrw7q2mz23qmxj0gpx3xrlxahrgas55ngsg2cx6gpmarcd9q88uzl3,BSH,1000000,
xch1mcn04gh4zn9akvtkmunj277zalmm58e55lxfg3jr4mm43c5rp0qsvy826n,BSH,1000000,
xch175sas8aqc8hyz0ac90y3rwp8qnlq6nkcqgyc2vkyp7rta0h9xgaqmff2zc,BSH,1000000,
xch1v9fp46xaxtlm5r6fjkdj5zfa6787jw94l9kzhhyeyvaqn8kflv7q4jx54e,BSH,1000000,
xch1m3crtukq0tf8hd4tsm50g2py037xvhtv44yskl4w6lt0rvx0yz5q2tmmej,BSH,1000000,
xch13r94y2w8m8r73gneamszln3x494vk3v6fqdflwnmfqznew48k7uq2wynml,BSH,1024000,
xch1a852cesmul66v5rt86j64tcl99jlxmxh22wnwammvtjyrk4qeyms7rvjuw,BSH,1092532,
xch17w65wymjynpdf2kcvxzs4a8u2y6k7q08zlrt2k6drq2vpcudy0dqhacnau,BSH,1126000,
xch19nhvhm8nmn8c96dm0jpf7yh3496pxgd39y864dkl9q3z8zqzjlpqux3ma2,BSH,1240236,
xch1rqrphegxhasdu0np7vuv974q6lsp5kw2a0sqdykpp45lmlds0s8qjf4rcn,BSH,1244968,
xch1e3uvnn3xvct3llfukpzzmyahv33q0pcnlfshqy8up9uvrjl6wr4q3z462h,BSH,1835869,
xch1vxd6ydvgm0atjvyfsmlen0e39w54f7qrvhnsu28uyh44l3q823qqa65lxa,BSH,3435065,
xch1c3s9gpmue2pqfktjz62rd2wk3dephdymztm34lxrj2hsat8t5g4ssre4jj,BSH,3552000,
xch1nk0r6u5tpa9kkg7zq9nw42hmacstu8lck208enrcek6qdtses4rqtnxxw4,BSH,3908000,
xch1ffk39xm5aqve636q23qatr0jx5qjup5elw37z5x54wcps2vmh4wqzltgts,BSH,4886000,
xch1yun7nhaq82lj4chnfncwq3xzazysxx5zxjzx5hhn68a5r642gkmq5jm2l9,BSH,4999000,
xch1ps4p9e4308c9a6hjn7s29vq7en74zex0chsc0g55lf4qnw3cqn2s7wl8dz,BSH,5000000,
xch1rfu37m3qkmp7vxa08u69c3u8ukehmvv54tjywg3ysg0nmmca6mvsrr78jz,BSH,5000000,
xch1gpv3eya3kgdru8ytfwkhdsnwcyd7pcyrlj2tnqd750w59xh6j8zs9nczd3,BSH,5000000,
xch120khll6qmuzlredv5549agylnd4n5tm75g34stnvnhsk24v38skqqjwxzr,BSH,5000000,
xch1g4673nungxu944smkqjak5hf3w0lgmtah2vfckdf23purgytp7mq795rde,BSH,5000000,
xch1jzp58yj53ecenvm6w72nh2522jdzfjtgtrzxph3mj4taud08vp4ssvkpm9,BSH,5400000,
xch154g5p6mvjcm2cjqxctrxnaafkq7puvh9ahj5973mwsyaqqqcmtjqyplszx,BSH,5400000,
xch1g8u26fq0tznm0ypywkxchdqw6ypw6d4d29nuuvypp5dqfjjlkmzspf7z0n,BSH,5400000,
xch1m3d767e2nrdsxjjj7dpprw96fjm396sfq38r77tul97ks66ky8qsp4tm0c,BSH,5400000,
xch1lmnu8gpgdc8uruyfvj9wrdphxncqlhe9eds02c9w0yel5sahqy5q3r25mc,BSH,5400000,
xch1u0vme7ewhdk84lra9y7yh9gy5g88k9ctn0gppquufy9lj44fkehs8y6tjj,BSH,5400000,
xch1m475m9jfvpedq72hhvnmjstv4u7avagan2xxq6zfhmnfjp43v2gqclnm3a,BSH,5400000,
xch1794x258w5r797luuxk3rxsmqrfwp9ew0g8fwac0jcrlmxuvs94csmj4uq2,BSH,5400000,
xch12608ndpuvtmgav09fz70wegq7vwffcc2ggmshajtvps5a36vtaxqgt79rp,BSH,5400000,
xch1y0uq330vcyftjfcx6y0pfykq2g0vq2pmh8rsu7ad47rt2c5mjzgqcuau9k,BSH,5400000,
xch15tnzhrayfu56dke7f673h58getvhc3e6fuvpr3v7ja64aen7mhkqeks0t6,BSH,5400000,
xch1454qfkmltvah9xxa47yyhdr4d5tjychfpultyslze5n80nqczlksp8kh3q,BSH,5400000,
xch1xsqlmuxxdgwqc8ah7gfjwqeg73r5cx3wp69rtmawhduez8rrwwlqvqrvym,BSH,5400000,
xch1uhmc3dfukqzd28dekwx9w03d59jny6hd4tsadpczcl5xvd44sv3satt77l,BSH,5400000,
xch12xgvuhv0n4nd3fpnaj38s0wgwvuts02lj6cnvynprue3524gwafse4tm04,BSH,5400000,
xch13c2d77507w2qgqazvsf6qjrz5v3u0j595ecupmrcrzsj806xsqgscfazlz,BSH,5760000,
xch1qrlhh53xn28a3gh4z9etmyvnxfty98dwpkepq2jd2702l402vfxqc3rg2k,BSH,6000000,
xch12vvxgeentz5lawg30mtw29su5pda9egjzmtwpaejp623je3chnks97us29,BSH,6288000,
xch1a9hg8n62xcv6hlknpjfvju8p95ld0gpkwrpdvln7amvdxm6tf08qk9yxce,BSH,7259000,
xch1zh6hdn2udl8p5qs0p8dg77x2s4s2wjfsmskx64pjtsrt03apywkqn3sudj,BSH,8000000,
xch169ex4ama25528kxvr6v8lfleumz3dxxkreq86kntfj57wm7mkdaq09dmvn,BSH,9079000,
xch1gs6a48ldz478xwnnn2grwqlk8en0kcampnxwcxgt84mptcgcyd9qa02f7d,BSH,9870000,
xch1t7rygxzd60wk6hklhdtnvhfl3v822zgegk99dhhsfsemaw28capq332nye,BSH,9993000,
xch17jm7y65r54zny47afckrexhn4j80sedhwe6n3fsvlx2hhaduyy9sk76spz,BSH,10000000,
xch1u9ntnvnjphpc0nql0x5gasjg4akv2lrgkw87ehp6m4qaqq98hwxqc3wghp,BSH,10000000,
xch1e4gm2g53x9my7y9wg6nzv9xu5976tuyycpw4c2xhhv9f7723mj7qk72a88,BSH,10000000,
xch15aew8asfexn7ngtqrwsamj6wsy2w9mtp8msxrttm6vfx8r6vznsshaf2kx,BSH,10000000,
xch18xef2qzlsu2gg9qw9aaryjlherwnj5jlv4w4ffjrdldpfddlj8xscg55vp,BSH,10000000,
xch1pqk4wtz8uhjf2yfqur6fqzls28q9xpjrlqrm8r2fw9jme83uzqyqpvq7pl,BSH,10000000,
xch194y2m7h7zygxkcaqlwwn5rfy650tpl3pg2u26fdfcr3ywj527jkszyhse4,BSH,10000000,
xch1m93vuqf0g9fzvn69vcd4ml4xwrvst6u62whw4pa3a7qmt6775rkqpn5pjl,BSH,10000000,
xch188uqa4757f6ynksvxs57nltcs6rn5azj9d4etcnql0dq5grnmsyqr874f9,BSH,10000000,
xch1s674tsvahd6slsnc6xlyre7wqga3jgmvpahcevdsgzsldwny8t9qtunn3g,BSH,10000000,
xch1rdlvm367wm4f87scquk6ejflxkp22etv8a8278946qu58s7vedkqwwkuwq,BSH,10000000,
xch1n74uhxn2nantyy8fpnmxt3g28u0hefvyqea2tuj58t48p7tdkq9qc3tfr0,BSH,10000000,
xch1j3fte4n6y0mrr8rd4e2gwnga8mt77xn8s9fl5ugrw5mfwuvgxfnsg94sxh,BSH,10000000,
xch13ng3drn3xhn4f38z66j9z50wmrmy7vcyg8hrvgfdzfgay624w0qqle6rz6,BSH,10000000,
xch17gdtypenrpjexk0nsjt8t3w5fe562j9df8v0ax30vzmp8mctqllqmmwpmj,BSH,10000000,
xch1ygcvlu6s5x862euvnjgzge2zsnu5wewnfuxewm0uvfx763llqwesfmclps,BSH,10000000,
xch1ddusxn9yzyutdpxqmlhqp6cpn8avm6hhwz3rf6m36s2j3ylzq9cszwm2lm,BSH,10000000,
xch12c53m88hrmxz7c2zyhwyqgh6a737ydly65argp3gaymv7dx5msnqep75t9,BSH,10000000,
xch1ezve8kl63s930kjw0r5hfa6syrk4ljpa5g24uvyfnz9s8r3w9feq5u7q4g,BSH,10000000,
xch13sej9j92u3zqnraqjp8nmwfhs6l4ga09ayq00gu2aq5935qcwjjqndedh9,BSH,10000000,
xch1gk7080f9n675w6jfh90rjdqlryrh8jyuztytxf7ydr79txu6nwqqdn43gd,BSH,10000000,
xch1y2rfqhddx6ht2xgfmh50lgndanzj946ftklmdgdxjwm0rcxcgs9sjkge8a,BSH,10000000,
xch1xm8c3uudlevs5dsw6qmzp97sunceuzq5rxc6xpgqy52xc34dm4gqlfxw6t,BSH,10000000,
xch10mtdlhc77sjhmdzcwrlxnu3fsn7uu5mejum3e4hac4rg8msqcjtqs7g6y4,BSH,10000000,
xch1mctwe7rk254lxjydq5sqmx24dyv56sjchpv3wrfm2jnrnycen8gsl5gjar,BSH,10000000,
xch1lwkgltfxryrlndnxt6wwhwh9usg8usvgp9yc6h2sxm6avv2a9szsfstnak,BSH,10000000,
xch1tjjvhza0wqshhd2hwc7pwpvs0vtrs49fvanrzjttu8r0aym3rn4qnyv7x0,BSH,10000000,
xch1t2tf2f8094yyx9mrqkfgmux3d0paw3ynd6aa3ewz9zetc85nm65qhwcggf,BSH,10000000,
xch1z4fd3888ryaqlpnkp88ku79gzguuhlhyn3gm49jexyrd3drn7whq26xak0,BSH,10000000,
xch1hn2vf7y25wr70ds90wzgz6ud8lx73he7g70ue5ay7cj7d7p5tzssp3fn55,BSH,10000000,
xch1rrrzwup30hjay0f8tk07wykaau6jxapv3a4t0v8c8scgt2du3fssdxrjct,BSH,10000000,
xch1x2c4ny8lzcslmhcutksyp2skmqme46ap0c0v5z5pa2g4flpn06asgv3f5w,BSH,10000000,
xch1dsu9mgjyxq43e9eqxqk0af8ukjkm3umsr2hdp70yxgkwurw7wdvssugwtz,BSH,10000000,
xch1r6awvaewu4473e3y5azqnky2ee7tl69pscm03a3cwhc4cqw3c0nqygpnha,BSH,10000000,
xch1l8h2xjprsu66a5ynq39e8jyyy966cq6m2nfk6vte8mqyfvck5jeswjprg5,BSH,10000000,
xch1fey742e7t60w203jr9wr7wr7d8fxp9wt6yv3m2sqs47ye3zq75ssy6e39r,BSH,10000000,
xch18w0eseppyku963utewnvax5ykp6pe05efddxh2nakntxu94g2dnshehvhd,BSH,10000000,
xch1vg7ukw3l5zz9kltj7e6pg3xm2n33m3vuwrda85cznxk0amkt580qu7xkwv,BSH,10000000,
xch1jwpxc8d2dc364z9e9pq4luafum336l6pvyu0nezx2xy5x96mpykquynp08,BSH,10000000,
xch1yzu4nushjly6nr2lxv46gkt08v52cld5lfr8e2j006acq78qqn4s4stl7e,BSH,10000000,
xch1fzca7ndcgn36p76qur6tx60j0s06hr6qz4qnc2g3wmvjvknx2lqs5ywz39,BSH,10000000,
xch14upn4x6agwzekjcxysx6zw0g295ngv8mr8x9kr0tp3atjsgxymhq859322,BSH,10000000,
xch1q3kyrdl69yxahc0z4re3c5527zfxhgvw9u8cced5rt0m5eahp22sd68e6y,BSH,10000000,
xch1ff2xtv8ka0d03jte3qdlmqs84w9sn5usntm3dd49nlr0t9gpylgqd5a5as,BSH,10000000,
xch1n5zpw4ax9f9mjx88qfp9rg3lcznzt9s7ex2y84w50r9dhnn4uhss45ws9u,BSH,10000000,
xch1sdrqk5rfmvsw8r9zldptfds0yh077j9x2hghsuncgfugux383rjq8ztldl,BSH,10000000,
xch1w0jls7ha5h22pr2ru6rh6kuzuvja6zn5lanwu6q7fk5qhk4n92gqu9t2p7,BSH,10000000,
xch1v9vvpwqyslvwx69ety62wlxkvrkt7hp65ttp758ml0f3ykymcdpsezfpkn,BSH,10000000,
xch1nc4x8xr74hjsl37jg5camjc6rcr9r0hrnkfpu0y8hn43l6s5n4asuf87un,BSH,10000000,
xch1cee0myf6mpcgm97tp52x6enqhkcqqxx53d0qestnar7nfqq8jmdqmr4d8d,BSH,10000000,
xch1hxflrfnafyvuy9w3fw8q2ewpnn33sp02a0wgp3sg5606jnseacasgw8pgx,BSH,10000000,
xch1myy8xpuqvz45v4pvu4c9dp0zyvdkxeuah6ehdy7h4eysujjlym8qrj30j3,BSH,10000000,
xch1p728x26rfvm5y92pg7wedz4d6t90e8hwky2nfqmctvdwzvlmfq5qss7jjq,BSH,10000000,
xch1mk2vynzq7zuyana00304twfdrmvzypztxcfaksj7qnhy4vlznacqsu8qya,BSH,10000000,
xch1cf5z39yz4wn70k2zvapagc072495h5m752jg2fa2wxxks9999s6sejurjr,BSH,10000000,
xch1qmzuratk67rxh0r3jxjgphg0ndu9qy4ndj4m55wtkht6emrty9vs9hvt5w,BSH,10000000,
xch162e5t80ru3kn6k28a9jpkagduh693t6f0wnq5wts8gqju2fsd7wqe0gxec,BSH,10000000,
xch1glv7mtkpfkrye7002cpyy97720nqkdpzssduu95p3yhc7wdjd6xqvfm5du,BSH,10000000,
xch1azwu5l368cuv428y2rg66fr37tvh8hlshx72ptmg4e5wgxflqvuqd60pqp,BSH,10001000,
xch1m9vkelgvsxfs3k4wusmuxncfx45slgqd5fxr8tjvrep8uajxmf0sd2w4mq,BSH,10001000,
xch1577mtc748u08tcqhz4wr0v3fugngw4tvzhlllfrs08wxcdd5luzspwk2qy,BSH,10001000,
xch1fasat5qxfhgvexukkmf9gznwmwsr37awjghnrkjjasq49vye2wrqf792rk,BSH,10001000,
xch17wjjuhqvd600n86yurnrxed039r8025zj0jqgc3r2ddshf89nn5s3e9dgg,BSH,10001000,
xch1nxk94pqazuneq5qc4f2s7ghgn7e5t85d39whdy20r3zf3g7jnmjsu8sav2,BSH,10001000,
xch1vgkxlm9qv28ddwmcpdgcxn3rwr0qepr52p4jxrfqpe5srs4wsahs9juerh,BSH,10001000,
xch1eqwpv38m8243t3k8aprcgcun3c3fmp8ttsur4qz37l0txvwqjjnq7fwgau,BSH,10001000,
xch14n2vdvh5yx6th9rfjk6dheazt49mkqjc5esd2d4dt0jcs0cq7fpsc9c5ej,BSH,10001000,
xch13hxwxg84asu2spmn6xqhh929q5kvgggw9sv9hdnhs2djxpcn8mssgd338y,BSH,10002000,
xch13p2fuxpfxw6pt5nmjsnr9ux2tetulk7afafrdt36ts77lcf7gh0serd0fm,BSH,10002000,
xch1u6dmdmzzu8aapmmax03et0u7secnwlgywcvzg05xdqkwqamlqkxstnhvcp,BSH,10022000,
xch1kjllpsx4mz9gh36clzmzr69kze965almufz7vrch5xq3jymlsjjsysq7uh,BSH,10764010,
xch14u23us0gr5eavwtt2pwr2kueh9zmjl68em0fxmhwv8my42sm8hwqtqd7c9,BSH,10888000,
xch18uckc2sl02eq62tf2mw3we4lk9vzx2a2aaq6mvtrss9kqg0lz3ps3hqfyw,BSH,13999850,
xch1rjgtx7cje66l2vywzhj2fwlfcs3dx85yhhls6fdlx265z9d02zwsrhkpll,BSH,14000000,
xch15hn6s0wew5kejaryl5vtaqcahyp542pkpresnw8nrayjs8wn9ywqwql7jm,BSH,15000000,
xch1pjyt3chp7waafrqqz7n6wudwvvdv93ds0fgwztmxdygxq6smtgnsdw0ywh,BSH,15001000,
xch1nas3g6uca4vqyq5dfykuxn9seuvtvtnqn3e6w7fccvluz7pal6nqua3802,BSH,16576000,
xch1j42mxp0kymyrrr0r9fslxvm9yac4wrzukhvdr9vmqh58nqr2hfaqlmwuxx,BSH,17000000,
xch12l6sf5p9yrj43t9w79npm5gtyke8qh23n09aue4275suv6qump3syhamqt,BSH,17268000,
xch1hns25yfvf8rjlh7ga4mqmd6vcymt9jnmyjwl2xurfae4g23z9gwql8e8g3,BSH,18940000,
xch1rna2dscf8xp9tjza4ja0lsjxq5s4gqkcmtw7y4nvy22v3f0su7kses2xj0,BSH,20000000,
xch177nrvethglwamcvputwmvvad3d2yjpqac03hq858ad8h694v3pfq2g9c3p,BSH,20000000,
xch1xcx4qwveu7vu7hvgv70ht0jgffp5t369ueyxr8glsf84j2g6fllqwg6hhu,BSH,20000000,
xch1rdlyzdurcnvzwpzefspclslw8lqu6rg4946r60ft5s0ud29k520syeph6q,BSH,20000000,
xch18rdwcysxgkdk0wkhuh9cpvmgsx4dez53h4ru8kyt36qxvskvl40qgmq76n,BSH,20000000,
xch15gep0m32q0sl8fh5rfgv4f0ufhdz5ct29af2e8nsat9pu94en7dsxrzzk5,BSH,20000000,
xch10jgek8zpstfcmd9094sqxvyltnfcpk2w2temp3a84hkathlyy9wqz0stme,BSH,20000000,
xch18mut4pu3wa892za4he97xymsjx7d9kurjh7pmlwehvaspj7fvrpsv46rej,BSH,20000000,
xch105qh2355s8kwrdhwkpv2ly0eytt6ezq6x5umzy32cpe574n4cyss9cfly8,BSH,20001000,
xch1dtvqgqkhrjckn0japkf27w40wh6xkususktt9dxyqq2wrr4phmzsytxcut,BSH,20002000,
xch1tds65recrnj6uup6l56p7t7mp2jmazs7vmuqxpcgqdx8znm3ajrsawvmfx,BSH,20002000,
xch1r49qt5p6rj0cwvma45nd2ddwq6yw2lhfg6m67qdk4djgvap76usqjheunq,BSH,20888000,
xch1uqahg9fnuczma7dgyqr5rkcmxrt506n4g865mulek93ysr7ruy9qrf0m7q,BSH,21287000,
xch1j3nf7pd3cl7cg5wduc8juy7eqq8ascaucwsatcs6rhvuu5eekdkq5l3tya,BSH,25000000,
xch1y4l9u5k2qe79rhg00wmtp5kcdhtpymzxfpmun69cyz857ceenwkqsklz3q,BSH,25000000,
xch1juvnh665rgy3vukx3360hz4ut4lgya8v7zt6vg6sszphu23zl0ps6zq3jk,BSH,30000000,
xch1rtxdm5pk8nwz80tzd05llxvcu3vwag0r7ly46xxfcx2x86v6snpszseycl,BSH,30000000,
xch1mwqspkz86z59d4k20y3h6z8z32a3qehqs54mdt54sthcqw99ze2sx8svyg,BSH,30400000,
xch1lux0frjytkm8x5vjk80szus6tv7knn9evsgzvhuneqjqxw63d8pqe480tx,BSH,40000000,
xch1qscf6nsckxfhwcmyh40clal6thmc7324tegluez5u6aau032qxksd95xxu,BSH,40000000,
xch1wv2x00xfzgqj94dyqt97yjl0wzjxhyf9xyqjlkqxrrphhzz3pyqqpw0mhc,BSH,40000000,
xch19nh5k9dt2zlctg33uasspn4e3g7nfgwzrkgauqngf8venv478gqqx2afw7,BSH,40000000,
xch1caflyf8vv2v8p86s2m5gaf7cd0usew6wcc9lq3nq4yxya3m093fq8w9z58,BSH,42000000,
xch154vvpg8hsa06smjge4ek6tjape3m4dszqu2gvmusdp8r42pqdqvsvl6dv5,BSH,44440000,
xch1wdlyw0ge7fyqvjr9fxtgm5y2fl9pfkzwh8twkd6avt2ev993yawq0fc5xv,BSH,45000000,
xch1xmp9whhndm544yc86cu34w20ggwluz40hnmy0eugqvrsdc6sddvskrkfmm,BSH,49800000,
xch1t7nvdjentum6dsqm672u9n9vwu9mv5xpl8zluyd4j96nktvnvjpsrud53m,BSH,50000000,
xch1jlxfhkgqhx930yrlftwme2t0qq2099ljejxymjvwt3z4e6zh53us64ajrx,BSH,50000000,
xch1jeccdjqntrqladqphq398x99s2fl6svne0q2wjadenkrq254dnss4lfx3d,BSH,50000000,
xch1arwm0tw7z562enm4s604anqjepqynrmq4kcrsn2l9ry0qecvyp0s804j37,BSH,50000000,
xch1ey6cqar3zwrd0yunpezfcaef24m2tf2ymgwx0q566h8j24ka0qnsw0ra8x,BSH,50000000,
xch1ra0mz6rxp4k2xhdyvgx4flr54dj8e9y5henc0h9rj4w9fuhvhm8qcmlktg,BSH,50000000,
xch1c7sckzv5wzye5mmga72h3l9q8jncfvflk998mu3xyu75lncgwr5scspcsk,BSH,50000000,
xch1uusy09njqnpuezytssrlgm73jqynlz8kzh3nfkg4f2jrsp0h8ulq5dshe5,BSH,50000000,
xch1wkyzwlcklapfx6featwcwarsxpp8svdahvlr6xeac52scdnl7k8stxk0f4,BSH,50000000,
xch1hca24l8kn34uac68ng55d63jh3xf6pwesu5pyfgd6wagk602fpjqwlraap,BSH,50000000,
xch1z68ckgr7eaqp0c8xpm4nh483naculz22ya82njxepm48pjnk0v5sqvp5wc,BSH,50000000,
xch1uds20g570xf2ej2vt6a5njrutz5s7mag7jfynyv3pt9x070ruy8sttcl8f,BSH,50000000,
xch1zdy5nudu9pexn4wp264dp4p2auh8g3ad8rxnrn46txmmk458akzs9789dw,BSH,50000000,
xch19rxhu9xqku53nkt7rjl99m6zqsqag7dce67ncnavafe9e0a9lu8q3k5ha8,BSH,50000000,
xch1e3ueskhvjqdl42wv2ux5zdaqe9ed6delustup5jzh7sukgtw0vjs09ty52,BSH,50000000,
xch176dmzuvazzaa4v0kz8esdrllza2nj5a6f075qddltsgpfffrqy4swgpj99,BSH,50000000,
xch1jsh8mpm6emzlgzh989gnsm8kd9pd8te0f6dymmyhtudu353kw6dqfzykad,BSH,50000000,
xch1pragq809k0xdukaz5qlh6vahreqqerv7xkv7s8z9mnw22fpzfrws77t5hf,BSH,50000000,
xch1jkwnjanvqplwvucg6f6rcehydpqn67ngg2maj3ft70vytx0cuakq02rna9,BSH,50000000,
xch1f9phm6vvj9yy0c4pjhnueu7lnzgt3577wtna5h0pm9g297u0eycqc0ltnx,BSH,50000000,
xch1sel834w62ggd2pzfl3smapxg8ruzr3qlfvwcmsh8y7y4snt3ldrquxm2a0,BSH,50000000,
xch1vtwvvugzzax5hc8a2dp3nk9jpgqjxhpuwhg26tnu3xhqflk00atquhp6nt,BSH,50000000,
xch1apqp39czw7x8rwt5qm6xnjn6q0faduu28euay573gaq6r7uygzfqfqafsx,BSH,50000000,
xch1pudr02wc0jmt8dw8wkraskfrhlpzfnwhwpm75gam9d68rflrgrksmhedn4,BSH,50000000,
xch1ejart32xxh8en9sh8vh2cxjlsyff04jrcqujs3zw9nkrpxqkuvrslvpr29,BSH,50000000,
xch1054zkrmhf7qp0w4j382zedahc72c6ueu4w4td5a0vgqy7mge4mlqhfy4cl,BSH,50000000,
xch1acsx679886lpnfcp8t9g85gmpnk6ds8r23sfp5nw8wewvlntgz9qvuuudu,BSH,50000000,
xch1fv02myj2c2yfv0tsh0zk2he6839lm893nvpcayys57jvy9flffaqnfjqxk,BSH,50000000,
xch1zujchkgn5qhyxdx3djgywqjzjv9njqzpulc7vn6px7kk5dfapkwqmxu54h,BSH,50000000,
xch1ueskfjvlf5sxmaekhzwcf6q9r9ywut69qy7lr2l8zgel5ny2jx8q2fkhte,BSH,50000000,
xch1ud6w6ftyhdd5cn4v6852pswasg0f2rpstecrl3yhec7qhxsx97dqj9wcw7,BSH,50000000,
xch10a6vau0lkw4zqa2e7rrsg9cnsxzduj7c9fc6tnpq05d2ppntvn0s2ut4kw,BSH,50000000,
xch1742ftgg052waf247750eq97akz0ln2wlssy6ls7aft60qg9y86fs7negaq,BSH,50000000,
xch1awl9ynp6k79lk6ls5aq9cns5fwwdwu39qn4s7yde8r5vulpff6ssm4lnjq,BSH,50000000,
xch1gkvrghw8m065v6h3yldakavt0j7ukf7geqr95ywhqdga0undjjfq4pejzt,BSH,50000000,
xch1dts326s0efzq6h2znwlhhkp0qw0gt4ndy6pdwegyjwtee3d7d3ysmfq56u,BSH,50000000,
xch1p60wy98ytrns0c6ez5kslf67ymyagrcjt37hdas05xz4cptmwckq5azmkv,BSH,50000000,
xch1jp5t9k5xq4x0uyfy7e2w7hnc3uhg2xkjayhv8uh5aklvu93t2cpslgn4nz,BSH,50000000,
xch1u3tanhtek8y5vqymkxf4265umf4wu4dk4sf07px0vrds4zkacklqzttg6v,BSH,50000000,
xch1x8x3f3ac7mrh36s93hqwtgmuw03rpmxd2j7alxd7dg4dayq74j4qtpa6wl,BSH,50000000,
xch14pmudx23xmcq6evlhg6e0436ygrmhhcsd834jhavwgss4v3nr3dsaepmph,BSH,50000000,
xch1spe8m9qqf72h8n2j7nrs3egwxrrp7jdneujw8macdsyc6kcr26zqzgugay,BSH,50000000,
xch13ahkv49n77wm45h6zwq0fx3ngahxuyy6f6cyrxl68h7cl82zqyyqqelfx2,BSH,50000000,
xch1kstt8kanren2m8nhvh0qedglrguqvuyf3svk5clkggue5namfgjs9s49uq,BSH,50000000,
xch13tyeaj9c9aet0td33l9udd2gsyqgja9wmxplhgz7lc8gxnjsjxrqxxhfft,BSH,50000000,
xch15qe2g6jfm7uev4w4zv20acs9jt4xh6u6zpgcvqcmlyj59t8u4xnqpxthr2,BSH,50000000,
xch1y47ee8wdyjulylngreq0ycyk56urs95483z9kexdtnyd56vne05ssyepft,BSH,50000000,
xch14y96c56kq3f9x3tkxr2calkptnrpfl9q72x8zkhjsf9txfdskyxsyd2zjz,BSH,50000000,
xch17ja8vkgj6j46pcvlac5uwq600gxu07rftln643kdh8pz9pw9p8zq35mjwe,BSH,50000000,
xch1hswn9tal5ftas7st3lzd7v4mh2kr69ssu5qhuyn73qyqelug5cnsx7klr2,BSH,50000000,
xch1fww9sp70sq7zhrckfsn7w6rezsmrp8hl46a0naygaymrv3tpy8ws87fgkz,BSH,50000000,
xch1vvprncvhr67h7ad9dgh5e6hpq3u4ecypde395k9fugv6sehscpdqakedc9,BSH,50000000,
xch1hz3gvax5qs277063tppc9p0cgxm7lllwtlwxqunuz6xml6dm8wgq43zp8c,BSH,50000000,
xch1yhlqqpn3yt7zynau29pj8a9ta73ssxpa4texzqekmluhnxnk343s5ygclk,BSH,50000000,
xch1wmcxqmcvyn9pknck70k5sccamuyadrw56ka9gd4ug6wfrgjd7cuqg29pla,BSH,50000000,
xch1g8zs7m6pesgqfn78rtmngkaxraltareczyga9tee55fjlmeedgmsuxf5fp,BSH,50000000,
xch1q2t5w2nrvkc7aew9ztkpfthpkprhque9nk9da8d93z55zs8ly5eq30m8jm,BSH,50000000,
xch1ju27waarz9n2xt0dyqcwjrf54z43whcnqasljm87x7h465xx6w4ssd9ak0,BSH,50000000,
xch1m5tay2p8syssy9hdyx6uxgf6gyn5ujs6sxxyyd65k0f4mlskqltsuwxcjj,BSH,50000000,
xch1agl4xkzxm2zxk9pqhztguvkpl7588s8svk3lkyj67u09g3awq0uq3d08eh,BSH,50000000,
xch1v2zzh5r2v64fc6pjjjwt46levh90y05aul4ajlt8gcmgqcvxvc9qcpv424,BSH,50000000,
xch1dmcrjetc4wdf7w2awfg9l6ptwclu2fqcrmmpz0qy8pjxetwhydhqlueak7,BSH,50000000,
xch1w8tyhfnph0r9psu6qu59mgj60v22tpyu4yh3rt52909ygu9m5efshk45kk,BSH,50000000,
xch1pnkneucxtaym54n5nye45xqng5m3ault87qkkt20rd88vgzuyn6sc2kvg9,BSH,50000000,
xch13nce8shpgqyut7tlszdcfzffspjs0aalx6f2yycgejjemf7847ssty6psj,BSH,50000000,
xch1z4fcnj4lekjr8w7cs7hrv8fcjw2z7wvz6f6e6k96z4t5szgyg8aqdhu2hs,BSH,50000000,
xch1nujmgp3c5z8fyvdc4mgn4pvgqzrgshexjh56vm5grhvspgz4guhsjymshg,BSH,50000000,
xch1d32k9q5xt487wqgh9nh6j0m0m9tk0t6fxvfu3ppye6ackmhjmljq4nrhrx,BSH,50000000,
xch1gfeekey2djh4pwvj27flwdc5zyv7kg7sgfpptu6uhal60vjua42sh6m40m,BSH,50000000,
xch1pa9lpxnq8amwzfsxm3fmaszfurfjrg3fecf5hw9zpz8c7p0am9hqrakmf4,BSH,50000000,
xch1zfhyv32afy5lzcd7ju3zp5wky3ezakmpa234f2qna3j4p485zytsd03gku,BSH,50001000,
xch15nthykvaduzhzyvy6lwjjf5qyqmqu4u2vl0pg28gajdv75ktjh4qqguecc,BSH,50001000,
xch108nudgpejfvr0lrx2wvehc602z5fjkcucwrf2h2y7cumcs00qw5sels557,BSH,50002000,
xch1z52sm6z7yaxvckr5kh7gwuq7th6f2k5z82968dn03qp2h352mf2s3gmhuy,BSH,50003000,
xch1036xzcy35nlm0skfypav52g634u95hyv6k04xj4vypx7xg2sg3wq0r5f4c,BSH,60000000,
xch10jfe5es36hwfwzu7mms9fcydxsjn0xeuxsrc04hq9t7q3xng89qs93ppet,BSH,60000000,
xch1nueggcpf9dyp3rxmuwdueeg7jsdy6d5ygfyh0j6fscznmp83zyhq96dn3l,BSH,60000000,
xch16pu6r0w4ynkca0a7vtmnzn4q3cxhfquqe3re5dxsex0hkcj4al9s8a74yc,BSH,60888000,
xch1rvkpd32zcqg3fpwmer7nm7apdfquf920lxslyxr6spa3q6l2w8jqk28n5d,BSH,75000000,
xch1wg0xkjhgg65cvg9l2w7hx72sncutq9fxcgga4r05hps5t903cqts640kr7,BSH,80000000,
xch1vtewwxwqyjdaj2ajenmw6zl26c7p0qth288lu076m68jjrxjcxrsmwt8pl,BSH,90000000,
xch1w4k7h066scm8lkderrtezd654jjjmqzfp9nkex2jklnpktgytt0sk2dndv,BSH,90003000,
xch1am4897t78ej3hczvveknekrugcq2l4cpsnk7uyj9p9kqxfy0a8psljf7m3,BSH,94000000,
xch1nltywdmrlfutse4hsltg0v3yzvyau89y6cmt6a8qh6u6zyuhrjxs0a8ycg,BSH,95003000,
xch19wddavnazhyy6y9uqrvwnfl70582w8dywufnekxvdx4mfgwljllsenxch3,BSH,97000000,
xch186erjxgvukd54u0yvy53hyv9e6nz6crjl5m3spg62v8a32pp30qq2zkmtm,BSH,98231616,
xch1r09pxlsw4p3y5xx8jrx4l4nxxjnume5qfywnhs3yj2vuv78tp7rqx8xuyj,BSH,99000000,
xch189070uccxhsglek034q6jvxajyhzhdjv7m4zds3t85877yz7pywqnf02f5,BSH,100000000,
xch1lt53csr20ed03473rfn2kxypr35y444ve63fjf9fnykqy3ccyvhszx2jdp,BSH,100000000,
xch1h0rx32szn7xppytny0jclgekkp907h7se4jc3lfl0w3sty2r9rwq3tu3ne,BSH,100000000,
xch1ux56rnkwng6v99n0z2lrfm8tyqyjd375nmgrq70pe8aav4ywtluqdl2hkd,BSH,100000000,
xch1pw0nhtluskzrsnwure8k52cj8jfecca554qselst9tc8kcqw8vnsusy2ag,BSH,100000000,
xch1tcqzf8fp69uh0xdrk4ty6hswulejknkejdnwwlf2mr9fqxtjpx4s3p8xkl,BSH,100000000,
xch16h7v6l9mvu68qs5d6fyjeg9ektm27h8cpl2tp6y0lmvtvkeaghxqrj37xx,BSH,100000000,
xch1ps4j893zq940nhuw0yqa9hgqq4r9txaxupyp2cnec7n92xmzpd8s943pj5,BSH,100000000,
xch1xl4653xeh3afegfh8yktpf0k0vrx3ves2v5jgp7ze3y32v6pvjdsw8gpwc,BSH,100000000,
xch1sa9y7s50uxvz7xelmpc7vac0slmze7u758w0s2vdlf7gta60c24sdn2a9q,BSH,100000000,
xch12prz04ezkfrgr0aprjq626v4whcy9xkh5zwvx59ydyetwr7feqzqgqa7u8,BSH,100000000,
xch18mvvclsp5nzzp8unzy8vzlumn6jr50seqsr4tjj8epuvd7uw8e4qehgs59,BSH,100000000,
xch1qjhkf699yvmpxvrfe7el6qfy7dgz8qd7wf35sgpjxwy0z2tukgmq6c0mwe,BSH,100000000,
xch1maexpfjuwwvf5889tjuv9wxua03jek3smmrkdq3a0apatftmjzxsg5znhd,BSH,100000000,
xch10fgjxu2qury2jftwh7w5h2yl5xxgaq80lyy00ly840krl6mtd26s46dqec,BSH,100000000,
xch1j0du50xhxy038a5kjgnzqz0f0k5gvem4aswcapcyxp88j4s9knfqjeza7u,BSH,100000000,
xch1e0g5wzluzkq9s6m0mwehaadv8jz9hgcrdl5t6xv6cd6kh99jgccqqpu54p,BSH,100000000,
xch1vkg5exxd5ycqycv55xrn9hldyczdruj2cu2q5xe0hg67ke8cse3qqwjgw9,BSH,100000000,
xch1crelnp85yqmxs9xs86x65gmu9ylazrn9mueyhfujhvurvjk36mhq2xmgwt,BSH,100000000,
xch1kvdpmyzjurnyradng7sftq7dpc9wq07y82yjps4j646vlj7v256s8pwr5j,BSH,100000000,
xch1fskz8t9t6vphvues97jdpp3ayhfx08sd3d77a8x23qccz6wh53psx0fupt,BSH,100000000,
xch1n7afwq5lsc89m7lsdhghxs3wa6xucfgahkwu8tr75gqykr5h6k5q5f7a4j,BSH,100000000,
xch14c9k5dfnw55pfywnf430e7r9yjr5v9hvh4qxxmf9q3aqz0xvl60scy8ghc,BSH,100000000,
xch1xvhm6mu2gcfsphxz7f55k7jzd9dxxjhrae29a64f5lsah5enuxdq6m2xcl,BSH,100000000,
xch1k6m6eq8vsqu8tnw9yrkuru33805dc6cqzthrdwvjsk8kwn2dfppsu5nqd8,BSH,100000000,
xch1nxgc6c80fvtfm2g9l82ajljykm6224f0x86ctx5vh2qr93ur2yvq9g0ghk,BSH,100000000,
xch1r8jfkuulvt05t3qq6qxckmgntqmrhrj7t3nsfmu0dm3fdrx634ns9zs2rd,BSH,100000000,
xch1q9msxwhjfe28tl4hvzxe96zj3mjxc3rp8gjhjtqd4u0kkqee8sxs3vzzp4,BSH,100000000,
xch1qxc7hlgdstm8c8h0g4xvxfykncz0f39dfz06x5wputwafh20tnjsnqrxgz,BSH,100000000,
xch1kxazt78t0myek7pty09ghmn9m3gsxt492dmasyarzfvj69ngq06s6fgpcj,BSH,100000000,
xch1dk4d9cjlqf6hj729z2t9xhxk7gqzpujs9h4lz64jycfx3963vzgq5d0mxx,BSH,100000000,
xch1ytgy3k02axm60j7kac4g0a7qcyrkrjgaqx8le7ymp7ezrgm6eprq9amn48,BSH,100000000,
xch165r8rspezx63xm3erjjvlfuhjrta9q03py8ejme2gn2lt6kt823su5kd3c,BSH,100000000,
xch17pdu0vt9zyfnqs52yjct4a79vudmvyxvu209lhlrgelrmq8w5s6s8t2w3h,BSH,100000000,
xch1wncjcmchx6fruuhtr3skzz4cstedvxjrp0k34vhupur694cvusksrkcvgq,BSH,100000000,
xch103vadeq5eqwe3mh37qpv0dmw4rf7qg8uq9az5ref5uvd8f45kn9shyxqyl,BSH,100000000,
xch19quzuu33zuhrvknc7cq5ezmlp0zz573g0uwrua6gc2j2lgaundssjzz2y9,BSH,100000000,
xch1jdt0j2utp9ynh7hwlafaauweez343s00kt8lrjf4394x3p2jyemqmyga6r,BSH,100000000,
xch13d9mqutran0hqae2hr8lr4tdzvttmwyywakn8awkw32fsrh8wzvqzj4cd6,BSH,100000000,
xch1mp0vw9hmckhxykk3v0y6tskrl3h70uzynddca7nzp6s6amwv7geq7u3xrn,BSH,100000000,
xch1n0yjefw8zq777lnklgap3kmy99gnxaqrs30uymkx668ce4g5xgqqu9qqg8,BSH,100000000,
xch15yty7as3w2qkvccz579htr4wzy09jzusx2w0yh0ayk3qtvrtdkgs9c32jt,BSH,100000000,
xch1azfw5djkvukz4p0tnfvsq28yn0nm6s2209fuuhv0npynswhay4hq7drhc2,BSH,100000000,
xch194fr7aa9z6hdhmulufngsl3h2fuevujy9lqyp074hzh8004pggaql3cv6k,BSH,100000000,
xch1ht3yzch0h4tglzdu0g6q0x9xzxxlqxy7h83ls6tme63847vl3ausarq3ma,BSH,100000000,
xch1uq5esd7r6txldjqwd5cfm35h2n6t3kmmtrc6j8skplt3r23n62dq2r4hz9,BSH,100000000,
xch1x9mdtd9h24p0nhuhh5xmz4dledyvyf6vv2t547f970fkhlqvxwgq50r8ps,BSH,100000000,
xch1a3lg8heazhsgjf6mksflkmtxtx380sv3wcs36sx426w4jhhvlkrswhg4f4,BSH,100000000,
xch1zp2hufcc2lcz4d38jwqv7fl2srjcgwjsuts4xswvl4hrqen3g8ksmgyc6e,BSH,100000000,
xch1r5hr7v24k372d36zut65sx9r4ve8q2ecfwgfqu4jzw9zt0ljjnlsxpy398,BSH,100000000,
xch1sdyckes8uvepjpvxfusfm9zue85szs6aywv6xtc6k8qn3xhje6rscwnmqn,BSH,100000000,
xch12tmavv2m8w7tucj5h5xm09c3zff2jppjcrpkrmlmv5ep2n5tcm7qhcm9su,BSH,100000000,
xch1vek9acyug4cf48wak0597ttxr9stx6x3ge9vnvz9e4xhku52v6fs8jxjch,BSH,100000000,
xch19vm2pvungz9vpfd9szw5qas4lg0xhw4tukrjpwhutjjwr3jlfuzsrmrklp,BSH,100000000,
xch1hq0nm56m7hwn2mcykap8xtejsfrxz7v0ugjsvu6d9uvkv7nzzsysm43saw,BSH,100000000,
xch1gk07v06ryaxhgvuyrjxd2kfmzxjhj7lmag0357jc0jpklq8pkwmqlqrh9q,BSH,100000000,
xch1he08selqmgu4u5s0agr2v9x7tvx24kx06rmcqgxw4um257p2crpsffvs6g,BSH,100000000,
xch1986fyas0a9vgxe6yf25rkxegm2kuz7fxh3c2y0ftcx9p3r38sw2qpvyejl,BSH,100001000,
xch1slrcaj96dn9v6m0nvnvw2cq4fjge0lu8d893j3yy0f5tdq8f99esau5drw,BSH,100001000,
xch1v8lsa2zrwsq6k6rhpjtmu6d06z60f5e5mhjn5avl65g42faummcs05f36w,BSH,100001000,
xch168frmmfp9y804gmfpzt0w6y47kt5ws2wanh9r4jg2ylea66smkhsxlvp30,BSH,100001000,
xch19x0g2r9dakuluk6tqlhs29745jlfrt8f59yxhw2cylkawyz6wtgsxeum0s,BSH,100001000,
xch1ndfxfg93hrtvm2tedj7veeprydpqrc962clf7u9f29r9lvzlamrqvvfvn6,BSH,100001000,
xch1v9upy8fhwyr0r83lhszgs24axtq0ek833q7zm97wkv98mhy7vqvsrxcay7,BSH,100001000,
xch143f2xzgyql4f9f42snrhd8ydvmv7qwge5d7nz4w2r04pcwuc8rhsg9w7qy,BSH,100001000,
xch1p2r9cxqckvy3q69zdxf60xzp70hpv3se4sv6ps780hw3ymht9yjsk9nva7,BSH,100001000,
xch1h8x72kmflgw8lzfnr7dgncnmdt492fumzeszncuneg6kz9qsvtcqw57mxn,BSH,100001000,
xch1lunrwp6dn762u3y4fz3qnafk3dvshzqc6qa4cx2jaue75mfxf7us8qsnvz,BSH,100001000,
xch1gp7eqqeff6gcflscljxv06f6pd5sefhuhde0g63sndxf8zvde0wqvx5m5h,BSH,100001000,
xch19hxtka8vr83ztgk9t0r85kwrrmt9cjphnsfcxkm8x5w3l3wudfeqe8q9yq,BSH,100001000,
xch1m4c3d6td7ptzfu2xu32mws6s66q7l4rcmvp4v80qh2rk9ck3z3lq5qu45u,BSH,100001000,
xch1dpa4pgy6yq09uyarh8jyazgp9p8mly5zhu7mus7czdmc4lu3qkasn9zjps,BSH,100001000,
xch1nvuhdjme928cml3e76nt0rzezwrrg6qsph8chg5f0gnvx8x3ngpqv7u4jk,BSH,100001000,
xch18vg5l5s9ls3r5z24kh6vtn5epp43tkvkdqgzemedy8h22uep3zms98er8g,BSH,100001000,
xch15hzcjtyqy2w99tyg06h2xd7flrfutgcg4arwh7ppe2tvf829756qylasss,BSH,100001000,
xch1p6ajry4f7vnyzjqt897ns4wxj93jfv3x8h4wy09jelfjrj229fksw94z9l,BSH,100001000,
xch152u3rsjr0f46f4mp8wy4yxq63njckykjyga8r9458g8htnprjjhsfgy3e6,BSH,100001000,
xch1jdcdydpxddsvchx8zrpxakyetl2q0wuq47xdlafwcdkvawv7g70skxewzq,BSH,100001000,
xch1ldw76m6mx7nzvjtj6j732qt8k37295vxjm69krz24fupvf7vrtjsnqppzy,BSH,100001000,
xch1dppmw9hfgp7zfc5phrlvjdkdt4x2wz2d0pr88zn8vz799jn7zr2qn8evjr,BSH,100001000,
xch1pwu3pejrzmvdc6wvc3u5fwe0scnuka6mkw94r2ufkyyza7v36lmseu503y,BSH,100001000,
xch1cp457frl329w03hxzup0rey27q38srpgk3grcnswzqkh8ymf4f2scsnu3h,BSH,100001000,
xch182k09ge7f7tccmqn3llfv86umx2tuv2vae7a8vfvv35zq374g4jqwse5y7,BSH,100001000,
xch1c58j0q9g2hrmc5uk4rph7h25h94msru3g92panuztt5f0lr293wstk86x4,BSH,100001000,
xch1hqjgv03qghsawejee8urrzhpjd04ewxn3zumw4zdmgg82zl0l5tqeve8jd,BSH,100001000,
xch1wn5tcglaaddg22hz5qc7fvtxp99wzcyn3dxcjwa8jlkt96tla7hqgld76l,BSH,100001000,
xch13vyskga0j2matqmk2446kze2rdy2fjtajpacpt7aztr2qvg3e37qkelcn9,BSH,100001000,
xch13ravy5zh4q6j3j6txgxjw5qjax8gzz407ae6dwjlr4mrqm20jq4qyw9jjl,BSH,100001000,
xch1g26sfmzrqazdsxe0q5v2t7gh7yx9kkvntne2jaf5nxmhg7tt84vsmngh82,BSH,100001000,
xch1wjrekvnhu9t6n0628uz2lrllamr2wgdcsfp7ujxd9f0h4n4ljp8sw8qgaj,BSH,100001000,
xch1g4jrw4j4ynqlg8pl2h7v048psvz940cga38cn224ymjcuur9xzmq6mntrp,BSH,100001000,
xch1j4hr4d3cjfkgksh0gdr5yq24ugl2p8hvgx507vzel62k3kxy2knqlejnhp,BSH,100001000,
xch1cy8gxnyah023phuz7wjyntlu2372p959jnzggxwrdqf8eaalrr5s6wx3lk,BSH,100001000,
xch1slkxf8zdjxq6hjvvn9cc65dm3wqmthdda7j34f48xdwyfc6xd4zq60qkd4,BSH,100001000,
xch1ytzyjxjefcxpwajknlg6yzrx34dz2x35hsgu3fvu3g7najddyf8s77zlwm,BSH,100001150,
xch1tsh4u9fx73hvx2cx9v5fcj32pwl3j2w53nzvkvxs23t7xlnqc3wqekmykx,BSH,100002000,
xch17rdvkdf0093w0h7sll8j6y4v5ft8jg9wyrlc7f3de8xukxa2p3fshh7c70,BSH,100002000,
xch1pxph5x7ak8nhkrp7mm8hdv0m50eay23c36cu44dd2a54dh9sszwqw2wtyn,BSH,100002000,
xch1gk9xdat0vq9tjyymd7rfhm6pgvumhrv5pw64zxfqwmysdwyynk3sht8wmu,BSH,110000000,
xch1tt0kurdgg63jjyu9dpy783qm0lp36e8pew5dw2k5zllps0ggqjzqhmz0rt,BSH,110000000,
xch1awtryvehvkcszwj8ay53wv77x9wkadhtn5a5kszfujpk9j4cnxssl3pxvk,BSH,110001000,
xch1lvk78mn4ezakuwcre8qrlhw4khmjxww6fktxgl5329z6jr3xt92scy4aln,BSH,110001000,
xch15skhem8x93swelu40mlx9hfydlww94g86r0cuqtn68vu56c4j4ps97ksfq,BSH,110001000,
xch1jcjsx594n2tnnp8emaaaltkxnhuagr38r5xuwn3zezfljqmt5ahqxvxkk8,BSH,110001000,
xch1p0tuzk4yklahndg0nttfg5ufax329v4ph5t6dz0zpqqyt907aclssr3svc,BSH,110001000,
xch1js02ukju5q99cc4kvkugyeqwhue4pk9wv229ktlycz06kkagc94slgqhq4,BSH,110001000,
xch1ac74hll6w0ldmrpx3eldhxdck6e4hfyhdw5z8dt8seanfldyj0sqfna064,BSH,110001000,
xch1099dps9ufmdemgj7hrtqfufeyp7t6gzqlrsfptrdgklph8uw3tjsla8nxp,BSH,110002000,
xch19279gz8e3e49krd0mazpmasygmd0md7p53h3c0nsr226d2l0fmnqkantq7,BSH,119447000,
xch1e8uwvwtnzlld53vaa40s09vzju896e8hmk5xh2gcjyzxzg8hsdrsmsj2q2,BSH,120000000,
xch1ae5pfazz4sghgkc2e6xdws934wxv8ajxv447297rzgtjnjr7wgkshura5k,BSH,120000000,
xch1s986cjkylphmc3d83e3kastmkd2f505j2uputqth7pjsyjft3gtsw6mz5y,BSH,120002000,
xch1mmvdqaf0udlpf90gs9cna6cgtchgrvmc3su5x253z288q7qmgd7s3s3ufh,BSH,125000000,
xch137pgrapdzcrqlhmtqx0y5qtfys3cakn90f69p54p2yn5g3wf40dscq5400,BSH,125561000,
xch1w7d7wee3az4r9rajsqrpnz0rtmqrk6lqfk0kumxjur8kt2mcyhkq6x9qzf,BSH,130000000,
xch1crkxymy3kzaarnd0k7rvdzmyt8nhs45qplagrq9dtt69q7t6333q5vp3jk,BSH,150000000,
xch1fqjes5tqmjsgujym7qfnrtfnxgucr2qtgyslf57ym3d3jxfydcusw0fnxj,BSH,150000000,
xch1c6ru820gga0vhvsutgn6ps4rvassuzt5ty7tdtg6z8nlsmlu5u3swcqr2s,BSH,150001000,
xch1t08tp2euyqayu0swuxha3w4v3fcpc2wfcgpsgaw2ag5077tju8gqddem79,BSH,150001000,
xch1jjxu9jc4mmdczpprty052ukvugcnklzkf58r3s9kvgghnllnsfcqrrz76m,BSH,150001000,
xch1yss4felzfadr8an73v5jzgvra7hezsrue5xlk2wvv0qn6kldsxcsp2gq04,BSH,180000000,
xch14jyx2rhpc9v4us3auzutgsdtggalpn4ljnjk3t892j6fzns6saqqmus7e7,BSH,185000000,
xch19z8uveav2kundms74mmecqjhylza7v6p8xm3n70cxwp485spke3sfcx54f,BSH,195600000,
xch14554xjalm4m9p7vjvyp5l2h2932yuuctmknnu9yy0q86wh6l6xts7dud8h,BSH,197000000,
xch1pykylhj7fzq26ve0z3jnfytnhcfy0zeg8lep0lmeg0qwevy63f6qk2rxdc,BSH,199990000,
xch1xuadngezj0ppza3ydmy20f33rglvm8gnj2jtn4u7hp8q4479m8fqc9k2lp,BSH,200000000,
xch18rx5kh78657sjfqsnkfkvwhpkl8wgumnl69cxgjt53cd2fenglxqj9xa48,BSH,200000000,
xch10hkpznrx5d29sh6j8c95ahg0ztznhvjs6qcaa4xtj625sahkksnsagqd7c,BSH,200000000,
xch1fyum2uksa89wus2qx6rggapc8zvpenn9vlc6qmgapkznsckrwluqdsq73d,BSH,200000000,
xch1e7lfvl8wsm8nqnkkm7z72tn4x8rk500j4tj2p9zx605mfv7juu8sudphnh,BSH,200000000,
xch12549fx7n7z4n674p4ja5xuyujmt8a8008cx3llay8jhrv65eqppsex647t,BSH,200000000,
xch1hftgy32f2jjxzytnn7yxynk59zw9nrxh4hxrdfqsl6wh99pe526spdtwea,BSH,200000000,
xch1zpxw43j0ma477trwtlgyrp9nzllsu90c5mceupeqmau2qknavcqq98l4mt,BSH,200000000,
xch1yuvx7a7yd8p5t3034y48sn5cv7mf4er4shtxuzl6yevr820veeyslsgskh,BSH,200000000,
xch18tq4lgpyaqypk0vdcxmqe67jha5dlqvuv4kqctsnsm7ckdtcnjhql68ere,BSH,200000000,
xch18q978g4f33y7dt5ed7vxdlue2z74y3taqscljpyk8nzkza9v90aqkhvnrf,BSH,200000000,
xch18tt9fzy6w6v3k6yspcapve4srwuxprn65hn9l9wwlshjfj55vq0qhmene0,BSH,200000000,
xch1thyyghj4fkyvwvx9ksrmsnnxnuq6c567utwvphd44979d6xca02q9sd7h2,BSH,200000000,
xch1prem3jmu2alfkc2dqmfq8vd6npup7ht63ftk5hyxfkd2uxe7md4qjws4lm,BSH,200000000,
xch1wtlss5dsew67dve7n32dkf6dt5wgeqwkv56y2kn25vwsq2j9g9hq99y9vq,BSH,200000000,
xch10zr0rz0n7wgr7zrp2pku2m6a06en4kl7f2e6elrsu9gcplge9lfsw52rpv,BSH,200000000,
xch1ka6n53cr9sqhr76lprq97w4yphv2kw52g2h7223ym7jn3j4xg4fs7ze0yv,BSH,200000000,
xch1nls42s3k7u5fd5t67k67jnzzdqpaj3lrvz8872n0fjkz5qqsh8vqr98ma6,BSH,200000000,
xch1wy6dzewaw23azzg2kqe5lz8drsnhuyh2n940zn3h74v4jl9d6u8sf0vssq,BSH,200000000,
xch1v5p0mkh0vmhulhc77cq2vlvtn9af98fn6xwlsgh996vgra0k8s8selj7z8,BSH,200000000,
xch1c636xdt33k7ehdwy7kg49mz4dmkum0m9tpm8j3a37u2f5fja3pxqy34jdv,BSH,200000000,
xch1f0acqwz55czyqs9k6graywacg5v7yl7yp83cxcuhve6q88kvagvsyx37hf,BSH,200000000,
xch1km06uhfwg2gttx8u5laz9gsdys3vvpzzv77023c67d2afjry20vq6gpv29,BSH,200000000,
xch1dj6evn0gv8p7hc9zuvcpeqt7q96cue777j4g697g0hfgayg0mccq9tnl3d,BSH,200000000,
xch10cvx8tp83v6ctv6lzjytf2vwcquad05urt2tkx3pv2s4fpcktuwsxnr84c,BSH,200000000,
xch124djlnhq0unlhte7dhmapx897pkxg7mmwjd9suwscekupphxec2srkg74c,BSH,200000000,
xch16ffcguk9k7fh4yupugdmgmrq3y6u9h8lx6fsqtend24ss56cey6qpv4rct,BSH,200000000,
xch1wc3vpz0yqppa2kpz9ca36lnha9kk03hhecv2405tas3wjlfhznss22mm0z,BSH,200000000,
xch1xcnp37mskgeg8t4kuu8pkqmh6zqaect9fh867p9cx90yv8pnr4dqdzlwlz,BSH,200000000,
xch1rcpuwef324nnn72h2ecg6xer5p23jjcf44ekgsjnpc77qhk5r7xsvtzkqk,BSH,200000000,
xch1x7h2laxlxhureljcc76e8ldmvsrxhj7f9srauwux6mfhv3hwy4jq3uvuyu,BSH,200000000,
xch17peml09h65nue0c2zaxjkplg2s34gv6q77ke40j9hr50zh234zrsptxec5,BSH,200000000,
xch1xgckhcc2k43emusdkauttnms6aepq4dh36ugd96c9hceexertuaqvsw08n,BSH,200000000,
xch1c62g5tq66868lzfd9apkkhs4mvxdt28kk30cvsr2fm2hvyhsu27s9rhfay,BSH,200000000,
xch1fp5cnnvmz5plhq7hg0vc6knaddjatg7resel4scytak8wh8dfnpsu6vflh,BSH,200000000,
xch1jsk7kvvyrqune8d50pgf0ae42eu62q7td0ty2dv9j0k5gzx2z8tsldn956,BSH,200000000,
xch15eg9ckgjrgnlujafcfv5p237p9j65hc93ff4pwkcfswgge0kvnmsgzwjmn,BSH,200000000,
xch1ty8eltvuwx4u7hxq2nzarlwqpwu5fl09m6wmm7hc80sr366t2uvq8d9wf6,BSH,200000000,
xch1c8cq3t97hn8qmjyvxjzm8vzy9kg8e68yjg7ak5zen253na2ygfgsndfy32,BSH,200000000,
xch1rdw2gt42pqrxsy5c3fu2gp98008443ka2hmw0w3vezh0tqn9mkgsrq5qlu,BSH,200000000,
xch1ecftaw0rhtn6qet5u97g053wfdzmya4rm6na6amwl7c8dkhhtcgqxpvpmy,BSH,200000000,
xch15lgsmhjjs0u7jlct507z8yx5d0u7dy00mgljatru5kj759mth2nq8gv7kr,BSH,200000000,
xch1egv7h3390x3eqh6w93nat777hcqw9a5ksa3kkchtp72k6fjf4shq5d56s9,BSH,200000000,
xch1unkpqhmg5zvcrmegk64dzfarwewpnqypeh9r7y6dnn7627m3ns8sngndyf,BSH,200000000,
xch19reqkmslf9gl35reh9dm7fu833nhc555td8hgqq69wl9lnsgvhnqryhtra,BSH,200000000,
xch1p4euuw2ts5q8x8cee0dw777alvm6tz95kmkhp3etw02xk0ssk6dsfg837z,BSH,200000000,
xch1luae52xhxjccmgph23cn6ulll762m79ax5qpf8vracpgpdvyedrshdy0wr,BSH,200000000,
xch196a9nve2zq8qxc6u9l06q55stwx6fg5thmaflvhdmy25p7lgyrnsklrwdm,BSH,200000000,
xch1x9x53va87psz3dcce4qfx6h0pffguh7v4kghu7halfrkflsep63sqcvf4h,BSH,200000000,
xch1pjyjjf6gp42t5lv20f2gvpyag95mckq59kn3kycxqfnn8e0y04eshyl5qt,BSH,200000000,
xch162p04ky96deuqnnufdfxtkldmvh2ynycuutv2yar27kkkg5jf38sx5ycnk,BSH,200000000,
xch1uvcuuq7e5qzzpheqxjnrf4yj59huddcz3u4e0glwn0dda7e2pldqcxh24x,BSH,200000000,
xch1wvq8hdhgr6kgp935psaechqjc9h6dujaa3vpy5gg2lc6cxssltsqccysn5,BSH,200000000,
xch1jtlynthqxlqgy2grctsstd7q2tqmen85e8zn9uwsmxuxkq7znekq38tgut,BSH,200000000,
xch16f5ym9uhrr8rdh8zhnfaq6yvjnlcy3kkhrhjr67usfgx750nh4usf46ulq,BSH,200000000,
xch1dr2e24sq55g8kk99sc5jv0m0trlpm43j0jjyr49lt8mdxjahzh3s7kdc6y,BSH,200000000,
xch1vsjmf6k8yfny2wzhyml38u2etsadtyf869at977y6asv0h7xd5fsa7mv5x,BSH,200000000,
xch134ys5njz6s8sqzl75ftrhlfx3jjftkd5h6uf4484fn0vxagt24jqd0gvqp,BSH,200000000,
xch1mzmfewe5hr9pcdsyxu0tvmpzkj2pgr65wskjcf74w4d849ex9t6scrlu7g,BSH,200000000,
xch1l2g5mhqjwu2u2h4hwtcjvrpyprq7fnpm9w9x2kaxm8hepxw9l68s973fke,BSH,200000000,
xch1slm48lvv0vt0p3c3dkvx63n37yx68eze3pwy3fda6amtfqrycy2qkqdxxh,BSH,200000000,
xch1tyszvpgmun6ypw763e0rnwrjn7l6endx0zy76pv64qzug45l8v8qdn7qjp,BSH,200000000,
xch1hug5m40hfptvfwqa5zy06tkedcf87yumc5an2zfcy5pfar35snasu9kljn,BSH,200000000,
xch1y0waflrq5ue0244fey9t4hmxmmdgwxeecyh5yktkveunx6exa8xszk6hls,BSH,200000000,
xch1m7azr728zde05y22wclgmr6gm4757xnftylrt36zdq86q53e27sqe7g3kp,BSH,200000000,
xch14sa9uqtwv5flwhaad54xd9hngz0tvah6ucxsvfhz7pnmk3l0wthqvm9chk,BSH,200000000,
xch1ax2uak5u4qmgy9zwt7rr2w7k4x977j65ppaqchk3ngvrrn39xsqskxr2sl,BSH,200000000,
xch12znz98h68u586hwnyyt86zmrw7u0ruuzea5e5hd99cynppfaps0s7ryllg,BSH,200000000,
xch14vuyzpk44tft7qcjaschuhl8w552t4jwvq6js2lvfyv0fg6qhtkqzafc7l,BSH,200000000,
xch1due3w7t74k8m9jvf8x3lenj0qsuwzduj45jzqkd068nzu3ham4wskp8rvj,BSH,200000000,
xch1mvgp4xpg9rfwz2htpm38230jev038t9544n0wpe73se68vrm4fgs796sp6,BSH,200000000,
xch1xsmeheqq2jd6q6tuhwtm3ck9tfv6gnwmwn2yj49e87t7hswku6kqr8ylcv,BSH,200000000,
xch1hufqmu85th0dc3nam8vlqacgkjkagmp5rj9h24wexve0f5y4j3cs0pj5yg,BSH,200000000,
xch187ak7qlfslkenfuh08l2nyx2py880l9gkw8f3h2da4tqc6yp3cqq2uzc3m,BSH,200000000,
xch1g3vpanzv76c60gslnyzf5nx072z2qyjznzrwe9wvs5d30cx596tqw7xwd4,BSH,200000000,
xch1kvrd7hskae53nn4m4cnc8kntx0l0qmxlslvd4y5sq5syza54s4fslmkt2r,BSH,200001000,
xch1scj3epqswnf5kqrwgx90preuvqkwa28e30t9zwy8gmc38k3mzyvsxyujmp,BSH,200001000,
xch1mahs5yc3nttjk2tcnkt7zskjsjmx7fr0jc2qa5e3rva58kqn9qusqkf9ny,BSH,200001000,
xch1m7zy9szrlw3zdl9vssd0wmvjwm3tajj0vtvanle099w8kepd0rzqdpk3lt,BSH,200002000,
xch1rtwfx8fy8d42zenj80cq7ky0dzs75egvulc58en72680rms94dkqjt79nn,BSH,200003000,
xch10qqu2ed36jnj00tkqg5apwjd83x2eagvljy9s45sfrlzt7cfgh9qt2knuh,BSH,210000000,
xch153aqf93pdjplgwv7qms7jlzsyekplzg6hdgtz6uaadrvtuah4ukq7vcdjp,BSH,210000000,
xch1zgxkn4r0gy9f65e2auhja2cxjm6qzctaek2qlg9u38mrdpq33syqxmj4m5,BSH,210000000,
xch1xznch5yzdjpkmtmgjs6tkvan4rvrwu2nh3pg97mdln9hcs3qnkuquvs8kv,BSH,210000000,
xch1jwjqw90l03ccw8gf43z23kwunmql8fr6m3ywk2cq7682rml2uehs6julvg,BSH,210000000,
xch1x06ksht0xjuky8jlteqcg3hycjxqm2hzk5288qrdq7fc0eggsdusl266pq,BSH,210000000,
xch1ng50j03j0aa27rtexyfh72y53zsq6k08ze5rph9r0m855sjryetsg5al6r,BSH,210000000,
xch19w36ypqp5y5cruc06dc7sa4rlmtdpd6vjphws5d6lmmmuj9feesqldh9gy,BSH,210000000,
xch1495hmfqxgy3vcn5l9uc2lt25x92dcpszu9tnqhzrr6ax6uaryu3sqmkz3e,BSH,210000000,
xch1nxuspv4zaa5krlmkq4szq5yl5ajxpmng24gupplj84l4eaqp4fuqsyv44c,BSH,210000000,
xch1rnfjy5affh5t3eu4zvyzhf7annj8tq3jda007ygwmtxxnhctrgpsek6ku4,BSH,210001000,
xch1fj8zymuyt2s0a3gd8kkklfcnntg7k07aalxnmtnz5plzc3drfk7sdhggxy,BSH,210001000,
xch1hv0daeq7vsvl6jr8scrrztjq9wwg32vdkjw4l5g6uc4k5udsez9s5p0jpu,BSH,210001000,
xch14eppx44h4dhhyzmv48sx8qrn5rpa0pm3m6qfhgzzwwgex4ek7keq2fhhaa,BSH,220000000,
xch18kzhydmrv2pqm77ae9nyxqk3wcx508pjdmaxwgv6q6svvqpjpklqkhrjne,BSH,220000000,
xch1drskdg9ytd34wttua9g45wduaezs2fx5xudvgsc823y7dmwcty7qsgafsh,BSH,230000000,
xch1lzmn7r77gs75530jeu8kz47e47ueemyjxxxrgem7xl6wq9nm0tvqp2fa6f,BSH,230000000,
xch1k9kdhz0mu673gwq4xl63u4r4n538ercfkmuercde2nlme6tdu8wstr3rfv,BSH,250001000,
xch1tf6ku06gf8npxw0sr5d5h8njft30t2dwu0ppexcda9jp6ygf88wsyjc5jv,BSH,260000000,
xch154vxd5ycup8cfguuw7ps5xjzjdg2k4nmmf5jntl34znljy23zk9sy8r7ed,BSH,260000000,
xch12tr6fsj9sjwlepseu2l8hd6atlr9mkht804dx5vnnp3wndq860pq2xdfwp,BSH,275400000,
xch1vffwg5e3f3ypfv64f9fr0vgwwf0fxyy28g48kqknltmutqvfs5usghdvdz,BSH,300000000,
xch1hzqn3sj9pq9jgwyc802dwmja3auq8lnv6tmnhnf4dhrk39knxzkscmrf22,BSH,300000000,
xch1a9d0lmqj808l2x687fzul7d3lluxf5djvr2r0u38e2c6rkveme4sk0gsj9,BSH,300000000,
xch1udrg4d7r730svlagjemjfvka7wcja3fwxwvap7588ats88dc4qjsx5pwzs,BSH,400000000,
xch19mwvmss6x6qd79cqarg6xmfyuqxhlf9rmjc56e6atkrzz6ak357sc479w5,BSH,400000000,
xch1y2nnn4rxulsjya42qcnzngxy3ahhvr8zs3x6h4kvasul0d7s50qsqrv5sr,BSH,400000000,
xch1kee9quqzf2gdhpcv0k68e054ka6kt8yznxjznssn8gphz6a75pzqlketz3,BSH,400001000,
xch1tlel3s0hcd24gg5qvgq6chhcnpz3ehrprm6sd7kkes5zyrxs3qxqwzq4s4,BSH,400014000,
xch17p26k6v57zpsnn2xex7guu7eg3tw6ucat89e7qgtqx0t3yvzjzxs2n3pdd,BSH,401000000,
xch1wmtx4hkegw0u24fsmamtg23ezt4y02gdv5v0x9kt5z88ds0djg6sam0034,BSH,440000000,
xch1fn4eh8wgtnyupdpksgvy5v0uy86dv5cgqhtln9ur0uxs0qlmvevqsa2sy8,BSH,460000000,
xch1hlegdq4yyt6j370rtkynxkuzk56lcyvk3xd987989sqkjq5y76qsdfhzm8,BSH,460001000,
xch16572n7jhcq349u7ugfcuhncu3sx547wc8cjlm3ud22wqeu9s4muslyd30f,BSH,470000000,
xch1jf6m0exnq7u3e02unanchkcs5h0559eg6ljlgc3uc886sqzjsh6skh2l5l,BSH,500000000,
xch15u0rcjqfhy72mz882gnhlnhx30rcylpplmqjzh5vkd97eu7cp4yqk600q4,BSH,500000000,
xch1nq282c8rkdug8c2g94av045em53cr5ryygdmfduypwu2v4e2gczq06uhh9,BSH,500000000,
xch155z09lmyykwat5lwlk0xtwafu5ntytyd5kuney06l50y2p5pacyscyttsz,BSH,500000000,
xch1l0tanwv3vlffppkp4mh86fqpmk0c5767fs5mff9s987tye4x5mzq7zvhww,BSH,580000000,
xch16t0uw37fee627waws6a7xae6fp8gm3z0g4m0mu9f7xszgzhhmq7qpa4ewy,BSH,591608000,
xch1w5lpxsuqzlxahrrsgtl6enkyww0clml8t3pl7dll27cfxujveewqamzsk3,BSH,600000000,
xch1eyw5l3y0tzlzms0mawsccwajzfw562pmsuypmjsqqcxcylxan66szuxd0w,BSH,645000000,
xch17jc2j6459sr79cegpp0cl32lvchn335xyts4zwyppql2u9z0uw2sal95kl,BSH,700000000,
xch1kqataedw853l9h5kxvjc2zpnnsk4qc8ngz8zkvkvh6ueaz408g7qcy5utz,BSH,795297800,
xch1kgc85l5x4nkc0nzwv29ua6wn4ck0jz58n88vvafkep3qwmgmpltskr3jmj,BSH,800000000,
xch1x8u8tx25jekatp55nx6cr2vhemt22l0q9vrry9gmxs7tcr60u9cq3wx3tr,BSH,809000000,
xch1dxfpuqkp3ergcx55um0eww78l9asd7xd435h0est5f5u7umy3kwsu0qqvm,BSH,960000000,
xch19jjt94z9smkm2sal995jt8afujm47x7tfep75a2au3h9v7x4maeqmlrt4k,BSH,1000000000,
xch1v8l7dfzmqen7kzwzadunznsydw49f8z4n7c84wruep4a74n59naqg9epxc,BSH,1000000000,
xch18kmcdxg48jg0v6mxzukwat7rmqlnj7s8hc9r7ayduwxkmgrukczqhhc0x5,BSH,1000000000,
xch1a8dkma8hsxzwhnk5hawevlr25yr9neyw5mreq5wtvwmcw7st0qls9xc7ls,BSH,1000000000,
xch1zn0r97ldjqeqkhrm6u4c29764er3p6p93rdl6qnhc0k6un73af2snv949s,BSH,1000000000,
xch1mk355x7ks4est9acklvkxj56dtmzkr38e3d4edl0676cl4jjn9msr3zuw3,BSH,1000000000,
xch1e2s4jray39g4sdmntu20xnz6wqmvueezux4urj5qvv80ljhq4d5qjzwdng,BSH,1000000000,
xch1xyye8mtpskpe2flg2k04vddswgut9ttpd8fevdfp503hxukzvk5s5079tp,BSH,1000000000,
xch1a6cd558gqsz2hch5pt0l8mx7zhavf32q5lyde09zjtqcmkelr9ns59k0j8,BSH,1000000000,
xch1qy78asxpfmydjzsf6q326hygkvrsl2hrgydns2k4dnunjlsc3u3q330mm4,BSH,1000000000,
xch1q5y3p9ujt734peqrpccv6ydsg8pk7v4l5el572astew3y0y2cjysjg9ndr,BSH,1000000000,
xch1d8nc83zj42tj0y4jfjtqnadarvr7lcz38vn50lz86l42eqcpxfkqwucrtf,BSH,1000010000,
xch1nvh5zjd4hke86amncagwycgp6d4ug9zyphxztx09vs5s8hamzkdszml66x,BSH,1040002000,
xch15curv9fptu62s8efmt45rv9akdswgrsukaeyctrfxef60lqmxn9q0x0a26,BSH,1049990000,
xch12tfk753f6trxspxrkmql3e88dd2geewmz3x5s36cmjn0mfklg7dszxdq8u,BSH,1100000000,
xch19jwquvte5pyjjrxsaqaufqshu0099gjckv6xc76v0fq494k7nylsvqhkpk,BSH,1210002000,
xch18haerxjvm468lahppnhsmc7du5r320df69x5l80k7ysazfq7ls0stvtu7d,BSH,1233546023,
xch1rafwk7rpegtlgq8l67uajnqhf28qvc9d40cx4sedy6hjk2yp34yqw5zqvp,BSH,1300001000,
xch10fan6w7papqpvvmm44ngg37627anjp2tle5nwk4uhrqaxmd2g5ashw5skm,BSH,1500000000,
xch1nw3z0v84amf73jrc0fnzpw3vh6jfy8txxnyxd79qp2xhmauaj48sp6ucqs,BSH,1500000000,
xch1vv39fv59p84jgaym6m3tt2tn8xktnzcr20tew2yz797k0us6jnssf7xlyg,BSH,1500000000,
