addr,name,mount,11
xch1s66k54z2zhlzkja05zzlqa07l670w7ryrw37shks67etcjt7w9tsh0dlm2,BSH,2000,
xch1etdgs26eknrsakqep3ujzslkntlfshztdxgskgcsthknem98w27su54nfg,BSH,2000,
xch1n860x7449je53he2wdk5yctu66n6swfwdk6vvrdgyagr9ddn9deqfcpsdp,BSH,2000,
xch1wkzee22uqgstr43sggf0mwxj2yzykaz60ulllj4nvytalcwqe0msk5axnx,BSH,2000,
xch129z5cegu0gjflp75434yzlzlxgstcssrmvmfv8eqj4xvm8t005tsc7nuuk,BSH,2000,
xch1dv3f7k4345lrjy5mjk6ww0dr73lmkvf0uh0mrkh9kuvgp6ge3j4szv2q2u,BSH,2000,
xch1wndu0u5qx849d3e90zkk6ysspavq9a6v0nks9uyqffpq6d0v3w2sm8k3uq,BSH,2000,
xch1swj3yp5knw484dkn9n37esnlhywcagypvsaq6u7m7dgamq238duquxpcyw,BSH,2000,
xch18ulds9fmx2ademp9nptu0amllraumjt6h68f0n3jj77sy83st8gs65hp07,BSH,2000,
xch18d59vwhghx7eepwxef7y38pz2dplwuu7289lvfa49h4vnameqk9swdhcag,BSH,2000,
xch10uhqeq7ylx6sqmxxsa60qh3etw4z8uaj9xsu577nztdm6hpkxm8q8lwr0h,BSH,2000,
xch1srgz2j7ujk6jde2zvcuhyu56fkp9c00gqsluz8hnzqxgenl2ed2spr7hdy,BSH,2000,
xch167924wycqd8yh87vtu4v3u09jkkux35jv8xm62xdh6j3jgteurlqtcuc6c,BSH,2000,
xch1gvx7zxzysyr2gslphgdnmx4gtqcp65n3n08usuklww09srjluzjqakecx8,BSH,2000,
xch1j0mw0z4nny05nnantqmxxwuc5qpg2wyysf32hzt2tur9spfclf3qpg3tqm,BSH,2000,
xch1m87snwwu597xuya28nr80qpy90l6cd33av5lkh4rjj5ctf2ds3ms87vpqw,BSH,2000,
xch159pghnaxsqyvcggskq6rea40vzz3l202kn98l9ump84vhe8tzxmqea4nuy,BSH,2000,
xch1gx8jpudy5rpjqnawlwr82kuw04e0a0ngddr7yeadpk3hu0r70fwqj8aw44,BSH,2000,
xch17wrl9r6tf6my525gu4he7ecf306jczqqtd5v8hy566a5p48gpkpq56umhz,BSH,2000,
xch1vfup37s3cckcewkq7k77lxw7caxxzatq54g35akhhwj82xsusxxq635auv,BSH,2000,
xch14w7t8vny4vg7gk2skhklnpsw8080vtdtjsdv3mj2thfkdxu9xm2qc4l4zt,BSH,2000,
xch1yskfxj26g003w748j3zd62eszv5d723jwt2z8aaycuexeehn6whqq9g9hq,BSH,2000,
xch16kz00evzefgje49k3lutsm0nht7magggflc26sxtc05u99fl4chqh0u62f,BSH,2000,
xch1c0rp2dmxyzzrv89lu2faeh7qfz5mq5xsjlhjwjrwstd46es2vscs84epdr,BSH,2000,
xch1m9dc9fq07yvm5w8ys0r0yl4s99f5ta9gc3n2pf6wm6aa7efkuefssna244,BSH,2000,
xch1ueytmgj0gy8c7zevpru4ael5x6774sqpsykvzczyh88uc0cml39qhg6zax,BSH,2000,
xch1yhs8s9xvlek34cjy7tsg5tjt04dxzkeu50ukws3keezpl0d363rq5pspcd,BSH,2000,
xch17t5s9vcnc86d8l90ja6nufshk3ahv8ateyta7epz3rqz22gsfgyqtrevu7,BSH,2000,
xch1vluawvq9zr8suw4qd2zv9q6vxsaspezl38cp6v85x2ghz99aqcgq9zjtud,BSH,2000,
xch1rsanu2809fgr6d9hk7nfw2pz6pneegejewy0kacf0y40f45rjutsjawgfw,BSH,2000,
xch1f3znr7x58ggw9kzk4mtfu2xwrhn3jhr84tw33zsq2g8appxahussecjdrd,BSH,2000,
xch1026a3r4jyzf87mnuh9l08jnredyp4jfl0qvjvmhzz8xc654l3fdsgj3xyn,BSH,2000,
xch1ay2rv7twg64unkl27ldfgr2l458gaq3ewzjssfra2vde3d4v79rqfrk2wk,BSH,2000,
xch10pwmtak605gclm7xej2pqckjp0m6utz9w5c2mzzk8e0kwy42duns0wvm7l,BSH,2000,
xch1n5a6ys75p60cl0pd9kejv9de4ltn90xps3jefypux0j649z3tnwsucptwm,BSH,2000,
xch1crxk77p9trgeyxnltth5fy8pmnmnrvcc8j6hju5c84zuzy34nqxq73clgf,BSH,2000,
xch186dqh7zwy2fhfurjqqthw433xeayx77jnentq5s05gnf329m6aksfvaxfn,BSH,2000,
xch1ep53krvs50wq7q6hd73v7p9phc0t32eusjyfvyu00xl6vdqv9xvqz6cfl5,BSH,2000,
xch1krxsywvlz29cygutn8usfr6x6qz035rmufqm72p79s7d28kcxpaqr6jv73,BSH,2000,
xch1t7khewm2k4m04sv6h4m9d7tkzzm3fs53t245urpjqaek7qs479hqufmy2k,BSH,2000,
xch1llxzws4lp89lute3tzm88ttuk4cgf2uq3y025xxcvmqhm8k64evsfq6677,BSH,2000,
xch1w5m25wlqkna9cdf79k6udrwt802v78q6ufc27yaz92u5nq9hyc7q8uxt9v,BSH,2000,
xch1dgn9zhdt775vlzt6u9n8gte7dqlvxasctv7appx84sergyxc3nqq9zf7sc,BSH,2000,
xch1um660zfax32yygdrt7y4z9pnsg33n89jt2lt5s388advue66crts3js0ku,BSH,2000,
xch1exzqdxygqnkr5fy2y0vdluwer5rmrl4w2jgh7hhl4n39q65yka7qjd9z8u,BSH,2000,
xch1elup2qs55jlkz9jea8tpretgeqqe5m9yrz8gxy7zafhjzymws8dqn6p4ca,BSH,2000,
xch1tzdje2wwgm9qme734ttuhu0rnv9dwc43eupp3duck7suj9d6g3dsuprk2n,BSH,2000,
xch178arzzchpd9sp93gewp8hr2ty3tnegf3dfq2lh3jeeaw0pxqqzrqnfzvxh,BSH,2000,
xch14paltse90ahca35pmd7gszzdue5aylrtfk8vpdq2l9jlw22xr4qslaqs0v,BSH,2000,
xch1zecsavhfamqkvq3yd0u3qk9zzd9qrzvhyp0wla9ku5ddtr32n64qxe5fxu,BSH,2000,
xch1zm6xhjjudqvdr95eulz26yywvtme2lmthzqkg0lwcsxje32u5x7s6u6rst,BSH,2000,
xch177p58mtqtugsdkhge7whulxndzlqpzhjcxqf580r8xu79n8hurqsf6c9vw,BSH,2000,
xch17e9sfpn4uu7d0gyxz8yfn0tj3r2m45grut57kvgje3p46ndqt6hqmxf5x9,BSH,2000,
xch1zpywh9n35xyvewg9wqx300yjpsjghe258xypuumx9yqrg047wdtqv5fh4t,BSH,2000,
xch16h4ktqvfqd7ag94ej4hzl4hkj9k62d2vdaejg9xnx7mpcsgvcu3qjlcrh7,BSH,2000,
xch13a0u5u8lrnh8t69zfysha39577angunm08z692j9ptt56meexy5s42k3f5,BSH,2000,
xch12ht6tce9lckzf655yvslyfg7uska09krfkgw28cxfw4yelu4e4jqm2ha05,BSH,2000,
xch18ddtdhdrrvegpcld07y9wu7ezy5tmh23qt8r07qqqapc0v86uu2qn8c9yt,BSH,2000,
xch1e0h930ful673zazmwh34gd4p6nurs4ee3jlvxvmmpxcjpft0m93sthqhks,BSH,2000,
xch1huqrvxwt9efz6l8vayzpladpluadhl9c2z7pcxnflp7vr2s36n8s0m6shh,BSH,2000,
xch174zs4mcpj69v3j2knrzv0xvuqf4nxuv0fjyuq9h7hywfe3pv54hscw7mpy,BSH,2000,
xch1x48qh4j9hp7xca67e939e9zmuxpr77yu2ylkfdn9trgg5j38c72qm87pge,BSH,2000,
xch19lpkmvh4c8wz0fz4gzw7nhpyga53kc9s8fj5wdxhqegryazg65ssf9857m,BSH,2000,
xch1wfsaqhk22ejrhkt6x55clpweat0h85zkjxqv7jslk3f97nv0020qr44tah,BSH,2000,
xch1kvuvgnvelpzn08gu362yg8x5553xmaex42dx5vprncrfknjj0erqdk72uh,BSH,2000,
xch1svgaszzwde3pwp5gxg98xuc4hxwtxaedhgpav3gxljtdfl87ettq56k6ec,BSH,2000,
xch18nhhumasm0p67q53luf4xzvvn2n3nd3fwruesksj0sr8hntdf5xslt6p6t,BSH,2000,
xch17097p6k3ma5de7yzs6kv63m4mayqharzzcd8e9j0xfay0m27gj7qjralxy,BSH,2000,
xch1ru2yjdkgfrc9fna8ngqtfqe8wdqmar6utc0m7t0y6zmswqfxdlxs7q6qy5,BSH,2000,
xch1t88v87wwzfw0mu478gx4lgwntgglzqpyff9enw9szax0ec0px8qskdxfuv,BSH,2000,
xch1l8kwl6ajugf60t5pqnx0vk5q9cm7nzamjv6r47qjhxd82xaswaysdp7pxm,BSH,2000,
xch1eheevk08xstxk64y9qchm7j4rgwarazfcjzrrqpynharhphuyr9q2exscy,BSH,2000,
xch15deacfle5prna5dslrumzlkpkaahg2mhggu3y63zla88kvzg8njsf6j4g4,BSH,2000,
xch1sunpff68unvtkf5fn8tktjc6qxvmutlplx5e280x37f7uxce8das26a2g8,BSH,2000,
xch19m6prlaeqka3kzh5wldc5e64ce6r772ffpyan0pt3ac2eleq7jgsqq4pl9,BSH,2000,
xch16zd7f27yke3a28tsfg6knyhzuxg9gaft4nf8gc429aql05c07vqqw2u79s,BSH,2000,
xch140gh2rtlm9jmferamlk89a7pqtveqtq34xktyjd8qvy397vduumsguqygn,BSH,2000,
xch15x77ezkfah0wuxyhxdm3k572knc6ytf5hnml7v888jn6067gaqxq3c3xya,BSH,2000,
xch19x3vl7jh544kv6rrqxaqzg4qd572qxrx95fm8vae95y4gdxhmw3qljjjla,BSH,2000,
xch15ymepcyf9u3lzwm4avpzjgv25msclk3jqh3juvvaqp52qfa5f8fsgky8mv,BSH,2000,
xch13z9njdjwfgwvax5ue3x2jfw9y5vz2ergdrrt27rqhgptrwqmuh4s2kmh8e,BSH,2000,
xch1fgcl4a5l65wtjlds5kp9v45gc8eqm0f94jpywzpkxzsp5ram6fgqnest50,BSH,2000,
xch17j0efk4svq473kjqxxgcth8w369ck0zyek8d06zjdwlzc3qj049sc67akz,BSH,2000,
xch140ggxlk877lsa9f477hqgqhgm722gjm7j2e5ldrs34yvyh8rx7yslagpka,BSH,2000,
xch1kc8ln77syvjtww8m86574p6pmghjt0xeuunj0szlxcrk8tsk7f9s8rprsj,BSH,2000,
xch1mnteyxad760sg9hpnslrp2ndjhsd4svftqzn0dqqcygr5k0ka5lqhn574d,BSH,2000,
xch1t7lwczkpue5wlsxwx053220zqgwjrqr55u6p2mdk7t6d09c8vu9szrnze7,BSH,2000,
xch19strqx93x0md96ya6ddtdnsza73mnwle2y9w4ldzfwwxaeyyue3qpe5y9a,BSH,2000,
xch1hh7xpu45ju6tf3d7w0dj33ezhrnen6ndsaa9kxxwu2wtzcdxhskqc43lzr,BSH,2000,
xch1f003pxdtuef3hhwvcj0w0cy3xklg20jh20g9fzq0a55ftmt9v9qqnn6teh,BSH,2000,
xch14acju3psrr7ep3yjq7z8t5qcghzeysktv7m6jvj4tx2dftecg8zq0rh646,BSH,2000,
xch18233m5rxdn09d2z9sx2hat9nwjk6mknlahpfq8qq6dgasczx5k4q0gzfac,BSH,2000,
xch13s030xhen83dxn0h396v48qyjmtmut7zwe8wp6p6a50ae0e5mtvqpyeyqt,BSH,2000,
xch1w5ldl3weaaupzzrf2yes7v7k08kvdazc8a9k5m9ujqdjwxsyuvrqlaz7pc,BSH,2000,
xch1fsq2487052zstm84umckc97whzsy4gs6v22ue5yh3veek8y3zq7shve694,BSH,2000,
xch1t0n365wzzrf0tvp902zk02ww86paj99tkhxj8unnq2rdfw9e7daqxhqdrk,BSH,2000,
xch1my44lfvn994p00gffyn5jw86r66skw6jng9rsh7jne0ez2h648uqmqcywv,BSH,2000,
xch162ypa0f50eu04qvrmddnjh6m2hnmvw4rstyu7t27ej0lm8xq03fqldpq2c,BSH,2000,
xch10cssxdj8wwqp0cdhkw3lqj2faghwt2kund40d30n9mhtggvav03srwtf58,BSH,2000,
xch1ganhusxqs67094qwv5gzw3pttv7lpc28jznf8csht6p9palkhwdssr436y,BSH,2000,
xch1eysnwxykl30a8ayszp72xpzw6t3daz2pq7x6qxkzsjk9wlln0tpq98tasm,BSH,2000,
xch162kpjwrwsu4q509ffylj6zdynu2e89zlneyyvcq3jqr7zpws0gdq5qvqtx,BSH,2000,
xch1k44939ky2kk72yjzmmf9y37nakw8yzsqp3sasj3zhc4k0x3p8dfqrnmjep,BSH,2000,
xch1c2ndx2p7qej3p5zgq349szl30gw42eeuge7uflmjvn7zjqa66pjqunwned,BSH,2000,
xch1tr7thqae2lmy74lz4rd0xkzmt5pxckgw3q2luzryu26cxurvtz2sfz4y9w,BSH,2000,
xch1wn4grzvl2xddqfh4k48v4vv6w8y6zpxg65nj7ymdtl739ycemj8qj8wpuy,BSH,2000,
xch19vuehd245xlsguugc285dw94v4ckrjdstltkxay0twnqseydakrqq5nm2d,BSH,2000,
xch1d42dztmdd4c2qzmh3g6ht270v9wzzkjlv75hp4p58qk7chsxq8yqzczlzm,BSH,2000,
xch1h4ynvzpc80z76c0x84fhppxvqsxas7kckx2ar5k0svntu47slwksg0ut0r,BSH,2000,
xch1az92vzwdwveuhryqeddnwp0cegsnxlgxand27hxhvvntwxu0tzdqwtq73e,BSH,2000,
xch1whd7yvk47n8479ls99d2xdytt2af0fw0awcuek25e9dzt4fqcuwqe5cpyf,BSH,2000,
xch1sask8v5ryq44slvth0g8nxdt9wrp0j9kznln4wuj7hc285zdh8wsu0wran,BSH,2000,
xch1g97734ecczplwus2vqww8n0lq4as8da9v3u3zwcdwpncaq8v970qh4upjw,BSH,2000,
xch1ajulgyyj80r0dzhyuld4asxnyq767qfms5qctl0ewxzshfrkmgvqtv7aqk,BSH,2000,
xch1zjtv8cyz7h94luj86q75l7mr0m2f6s46xezarmclz8qc0x6kc98s29zk4s,BSH,2000,
xch183h4neeparjrhge9lvfcf80au2mpzzrj6vt7wrhvju8ks80ughtquavjkp,BSH,2000,
xch1yjrjr6vejvhzv0lpfaq86h8p6y0pg9keglg3uzq72528guk5wsusxz82jl,BSH,2000,
xch10cp3zpasxrxzpfevxhsghz8q9jy50my6edjgkn09hycuzddsslpqy03x5r,BSH,2000,
xch1nhprac3rtddc6ckj9udv7vlh5jl0s0z2xctl0q9256l6svsn7vpsytpemd,BSH,2000,
xch1nyajg3dnjw3562th20z8qlv3llletyywkl508zkmu0xxmmqcjflq6pt33v,BSH,2000,
xch1tsuuczpa9sgg8tlgph44nmz33w0v9nc9vpjtv0neajm3prfwuxts9vm4sg,BSH,2000,
xch1fjgmmzgw5mzdr4fz0wd4urd88q3qzfaljp5tj7um4v9p8w3uphqsdzduy4,BSH,2000,
xch1m3w24py8vasv4qe36j6r2kesaz2536njc42qqxtr33mt2dawfers86x2yt,BSH,2000,
xch13tkmxwnfx3964sdw7g5pg0860es7llzg7scrqv6ezk92jkmr7xtqu67qjc,BSH,2000,
xch1umq0hjcyg52udvrng6lfv9ljyyrw5j4acmr9gmg6kzr3sgar5fxqng0n97,BSH,2000,
xch1vd4za2hk625y37mv6fxn2ntgpnqutshg20c85rlgk5atqe0sc22qn7ufxj,BSH,2000,
xch1k8492yk6q8ruwmpn7zvs583jlsecycl9wlqlur63f5yfk8uzk2gqmy4ma6,BSH,2000,
xch12sznjmpz5nx6wxszrvzsc52nf73sajdq04ugqvudpsqwy37nf8wsm68vgk,BSH,2000,
xch1jnw5w4ptcdf2hvwnftzm8ysy4wsdduzskvgfjmdd0n2wlkdjqvvq776pfp,BSH,2000,
xch1ssfhsynnttn3q8cly5tru56eedwsdk3c33hhv8k0s3ec2y82rdnsrcgcgk,BSH,2000,
xch1wxfyupw0kx62dnj45az34s2rskv7gqrk7qxeg4jkrw5gncp0fpxsh00t5p,BSH,2000,
xch1nkcc7dw4me72w285mmtvgv8cc7xf2gejwvxvdad560cwe6g0l6xsf06uzz,BSH,2000,
xch1sdlc8nsg6k26uw49a6tx5aet5fqgq5dl9zygyugq0d9qhal6kqusggf4gz,BSH,2000,
xch1u5q30csramza4eqkdysehw4pr2p47tfugq290s9yjwhr5xnlxw4s93w76p,BSH,2000,
xch1tgermws5dph4d5d3eu0n4wj7mmc2kv56v6veln8570d3wdjrlalshvsemp,BSH,2000,
xch12emlccxrj0rlqdu2y05l6xc9c9kwh7wa536n5gsq7p5jm49va32sdmwe8x,BSH,2000,
xch16tesc7zwk9pjjlqff85ja27clu008zjsn8t4sv7gcmmyy0u4pw0qlxlac6,BSH,2000,
xch1wcj2dpztjdwljnuz9uzz3fgdgpv8ywprr4nqw3ec2w6welfzttjqpnm8sj,BSH,2000,
xch1mjpg86kp9jp5pr6c37u09a9ngnqyltjvvcp08l9fkl66cn8wgc5shtdp4k,BSH,2000,
xch1wud5dxqr24tuutn2gfgnnezkt6l567efp0lkcttz4stwkvyst9gq3hf58d,BSH,2000,
xch1k7enprff8wsunagzhesfc5n3mgn5z6x8j8ce7ajrzsw66shk7kkqvyawxv,BSH,2000,
xch1jcn8vyqy32k6ugkjjy7a3nflflp0fyg2kgs486qj7snusv2mcmtsh66rse,BSH,2000,
xch12junhref63f5h90kv0vdhk5aw35rt28qf0f480sjlmqgp6v2mq6qeaa8l3,BSH,2000,
xch1ugt3p44nngcgnuax7608fwusplh89q6pn5zsg28aelfg2lyffrfs7x0tjd,BSH,2000,
xch1fgjvy4lcz3pa22jtn9tuh8cjy3cyxs2z98l7kdrt3j2ptug9ldyscss0z4,BSH,2000,
xch1da4z5mvhcepzuq29h2325rzw2r5naldxpa7trg3a67xeyg0jxzfs833ndp,BSH,2000,
xch1uqq4cws37pj3vtlv3560ycjdtxetknq2m37m2mjprdddmx4my76s2elqxx,BSH,2000,
xch14pv630ngpscntm5pygu9llh9c37wy8crscxuwy3kc4lsrl5fvt5ssfskm4,BSH,2000,
xch1mxxnk6kdp33ekzrprfqmgw9aagr0nk7vjr2mnrlh9nnxddfypw4sa64nsd,BSH,2000,
xch1fcq4s6a8tk9lqsz5yu98pkxnypd208x0pcggw0r9zhjcard0j8mq5zdtlc,BSH,2000,
xch1w4z3ncjyac3jr90mppccf62cmqpmhrzjr3ltspkhqlhk66qhfdnqhxv86l,BSH,2000,
xch138ktw206vux86xa7gk5m6cxp2lecsv3r9335t9yjeeljasnjxw0sk6pghs,BSH,2000,
xch1wn8gwhf06zepht7d4jvn4f92a29ddxwuvn2e56l4upad7k9pl8cqz498q4,BSH,2000,
xch17wjdceyv7g0080ctasmtw378ky3895atal9wnj3ankpqdl8sxkhstynv96,BSH,2000,
xch1r5c85f8hwue2fvfejfp75tagz0qt6029rj3s8h28xfgucp9wfzusjcxhwu,BSH,2000,
xch1zapr06pv6uup7fyy88happfrptcy50uqnnuxhuzdycljpl7w3fvqh3g93u,BSH,2000,
xch1fqmluktjwq57dku0jru6zxa4pcnuldv3le2zl4yrcynxde0l8lgsktdsln,BSH,2000,
xch1vutpu68rwe8u0ramj6xlqx0uaahu4l6e8emccmm6ghxz3g4vk04s56xyj7,BSH,2000,
xch1gxswmlxh53g9p92mkhq79z7wzalxcup9kxcnmyenxqeu0vwh3smq8xnl92,BSH,2000,
xch1dcanprkf0evzcawwwd4nyat3w3nh7504rcqrxs5rtg7la69fekusawlvkg,BSH,2000,
xch1svg29m6n4zh3cshg6dq7rtytwqc7ag4ztg76va5qy5zgpttcj6mqglh7y0,BSH,2000,
xch1xxgllat2hesap72qn675uq2klltdd9dtqzv4tz8qcupxhgzhr39saj8zg2,BSH,2000,
xch1ghdgeah8g6avsjmfelhn2rcq3kyrvwfgtq6ld2qx2ewzcks4jh3qf4pjxp,BSH,2000,
xch1sqcwhnq0jr9ryjlywc00z9whrdt02xy0raw7mku7kznh4nf69mtseranjn,BSH,2000,
xch19hugdn8z922cnltdcefmk4a6uqh298vyd7ezjdutgq6k4m3rvcvslazvrd,BSH,2000,
xch1dtp6arpuav9rcus9c6hark7v6qqwdxadk3uvytnk2et05q954jqsrjx8vh,BSH,2000,
xch19gy5txf7nkl7kve90ws3tgyyw7v00rc8jpg45ezjelvq98y6sa4qj9dtv8,BSH,2000,
xch130lqaxqqkxvgk6jh9m28zds4xzv6dl8p9gc0ndgc3d0fcanrjnmspnnvll,BSH,2000,
xch1c5l4p2yca6qvpq6dj79pqt7ylh9cmesakqgy5gjuws6datalhy9szm5tvr,BSH,2000,
xch1en3htjhmymw54fnvy8kn8dz3a0vqq5am4dm8e5whj8k8gkqzrq6q8uf0dv,BSH,2000,
xch1g0yrhe409ggtu3r0gswds8x657ezm6ttav0mkdtzdlzv7rupefxsjnnl6r,BSH,2000,
xch15fs3lpurrtw0n2wt44tlupy9fxnjsrmn8pvp37ygy6shqp6d6ndq3v3k2n,BSH,2000,
xch1yepqpq3xnv4hpdpxy8ulplkjs97gy2ggv808dm0fmzfmkh9260fqs0xcme,BSH,2000,
xch1sf53jyc3c7nuyh7j82gq6pqned3kexlqtvgc3nszr7a75x8urgwq9zr0gv,BSH,2000,
xch1dddqvcc2svdlud4dqf88rm5hg38n3vx0sn4rfxganun9nsxlzdsqve2992,BSH,2000,
xch1c95lcakpw865w3vatm44wap0z4s7424xgfxcedzurdd5gc72lwcql5n5gc,BSH,2000,
xch1w8ukywh2xvzlsjfp4869k257f0tpddyu8hc3sw29t5n3tyl3xlwsdnqes3,BSH,2000,
xch1drk0j2e3xkm5dtdyzz9yaxm0df9jgtx49z0ld9tc76ydc55auheqzfuj33,BSH,2000,
xch1rlh0nchqwrxg59f0kjqkr338x02ff2am8vln79y52jgw5nut244sspn55l,BSH,2000,
xch1s7wngerfzwq3shxqgz7vccx5gy5r5vcekc4tq7t8z65w3exar0tq6k3hqv,BSH,2000,
xch1xuqn23kkc8ulhtgj7f86hdkdtw6zc5fl02jyw46nlzfsvvfl9s6s5xq5ay,BSH,2000,
xch1h92w3d37j6gsftl0y50wgnhe6cxq7weapeh44nf89jsg5khudr3qtul59n,BSH,2000,
xch1ywhyecuqmdt943fvmny0ndr4qr32dslpp42t7gs67y4a79lksqhqlzdyre,BSH,2000,
xch1zm8fyv29wuyryuf77yhk0sguja7nr8uf4y60e34k67p3cljlzw6sd6nf0j,BSH,2000,
xch1as6dcv3nunjqzhnedzvx907ucz2kpyqx2srtx2qjwrmttgq0x40swc0h2a,BSH,2000,
xch1hyj3wczzwlh3crp6xln29e0l9mzjltw7aqhd8vd5cqzjc9kn2npqjt3ezm,BSH,2000,
xch1a40a0ga5cfx4g8xzsf684dy72xaxl6dnjp2hzr7fx8zmp24gzuds0vxnwu,BSH,2000,
xch1e8y6nnffwryt4y3k6fhqkefa37tpcvty02kclnelve72atu50zjsap5x8m,BSH,2000,
xch17eqmssqe06l9erg33sd3w320693zg0kd4qkw6awtddaknsg64z8q5rnhg4,BSH,2000,
xch1z9q9xttdas5datffrqt4eashlh6fdr8vxfum0kfkj9s7xdsyvdyqaekxu7,BSH,2000,
xch18hxry3ttfpq93yl2h5wwszw397l3jds5lw80hfexzwadh5t2eeusq5r2z6,BSH,2000,
xch1r3f2c9f7xe76q4uzz3vtwrtjlwk6gmkhk549ertaxxspfakd5vps8465ea,BSH,2000,
xch1hsyvgfd95h50et63qj2judrpjzccs5uk83elc8r8h72gnyshrp4sskjwru,BSH,2000,
xch19drrc8uepaw90jsxak6j4h2fg7kvglrpxm659arc84jv3w4klmds90mswa,BSH,2000,
xch1705z9eucn5uhavmk7favnax2hts2dv96uwu8yjpshxp5wcr7v0fq2my0fv,BSH,2000,
xch1urv9qwskmyr7clv274x3rkjqw0kcm6lre2dvz5qryzyd8dg6py9qvqs42p,BSH,2000,
xch1r7zesalkfwpxkts4au297dk3s5k8tmj8t0uc32havadsjx9yhtcsu3yswp,BSH,2000,
xch1z85pzkcyamr007rmlp6xsask2ep3ch3egfrtm3f8jst9alewl4qqsj39s6,BSH,2000,
xch1yxpa5573wravjchxytzye7dphwdd049fpzp5j2eze7kjahqjxmpqvvjw2a,BSH,2000,
xch1jg7hm0cyd6t954g0fx5khhy4x5es0xs78gwm4f84wexlt7dktw0srt4nl4,BSH,2000,
xch1h49sjuavg69deh9t07h3a64ryk0j5cmx8q65uczactlyzrp5mysse4ytpn,BSH,2000,
xch1frj62chet39sl5gglr6n5m4gc97vax2ve2vp7x0z7smklmkfdd9s303nk9,BSH,2000,
xch176h5jgyd7jn8z29gtputvrmgcrca6c9l52ty8hhmxk36k37x3tsshh9z4e,BSH,2000,
xch1m4kxy4wqfqe7vrzkfar0v0pmxuv0a6eh6lxz4yuxgpkzekasez0qyyl2xj,BSH,2000,
xch1479s7plzw2rw7v04f3q9fe0y7sz6dgzp6ceuu8mpswp07zj6rkmst86gtd,BSH,2000,
xch1h0ewp4unncnrzd73czsju048zzjw2g0andwr3a5rz5rhqac8c5ssxge7a2,BSH,2000,
xch1was8mrxcyh0kcnvf2u938ytthacyep80sj6zt8zk74znxey4y2pqugjeja,BSH,2000,
xch1wljgfrj4mund9ux78r588ghf86tyyqlctcy0xl7247cqjmcppzxsawe2l6,BSH,2000,
xch1yhmqhx2k5an2zsqpfk2qryy4tc6a82hw0m7l8ppahc7kcg7f74jq86p2pr,BSH,2000,
xch1x94ps8jerv8qdsknmnm8a5qcpjtc34ml2rhc5pu35kq7p9yng3zsrjz3r0,BSH,2000,
xch13erh68a0swcdzy5nh4dafxn27sl4q07qetf98rgwh7z53p6fye0s07dgaj,BSH,2000,
xch17mkvte7gf46zgk89vmzjuj3fjpfm709t3t2yh0yysd5nway2q9ds7ccr3t,BSH,2000,
xch1kaspj7f0v2muw9df5e0pgnm9cx69rmad52tsz7ryzneqkxrfglgsxtydu7,BSH,2000,
xch1zr0udcmajn9psssr5jyazd3jvt4px40uakuqr5k7j9ul4he23g8qvlmks4,BSH,2000,
xch15lnjh37vg5upy2g2nyj3u59lv8d86dzfwcywg8vp8tjaf29ctrdsrmy652,BSH,2000,
xch1ya5r634jvjaxaqxupdfag3sddh8gslgdk4462trj5q54psxtdq9qpsfeks,BSH,2000,
xch15px84v4trjty8hpfdxlr4ea6dt059wae9392ffe6a8hfd4xmxmrqh6u5dq,BSH,2000,
xch1h63ucw3qyx6la6tj3fqjj2zamest7l72cnr947nzlgxynydlex2q6pk8pg,BSH,2000,
xch1zty2ldqdjglpn8s4k0cch2rwv9rcdvfwd86ecqg8she3yq2v5hns7tc5e8,BSH,2000,
xch12fyrr8yn5hz3h7xwy7gv27v7wrfegs0txfvtfjnc0m8xtmac3e2qm83lur,BSH,2000,
xch1nqyfcazns9daxrp99v4nvnexkhg3u3xkyr7kwfl4u3e7e9a2h3cq97l5wx,BSH,2000,
xch19qylhny7lgsvkvxjg87x277e8reguthyrux4sw5zfahdct2vrmts65fmlz,BSH,2000,
xch14wfh4l9q7wmas9e957s2zus254yzwku7dj6vuvprqtscnuav65lqce9c4f,BSH,2000,
xch1aj858v373uwkyapwn0l2a4cpclq7rjpp32m06rsxjnp6kga20a7sk2qlgs,BSH,2000,
xch1yzfe6v5gtwpkxek2k5x499mz6n3wm6mpn4fazgq7qwxt8meqtylsazjy3h,BSH,2000,
xch1e59ft0w5gx9guwrl77ee7zggw0ua374cw2d76ey7vkl8tjv7e8zqsjgl6p,BSH,2000,
xch1j9n9c9z8k08vr5t0u627hhc50zakt43f0dah7e0s3xtwt6g0cejs9v3wfv,BSH,2000,
xch168r2uswsnt6k2nvtyzlueyt5yyslrv7mzzw63sh74vuhqsvr652q58zal3,BSH,2000,
xch172a332dr0jesykf2xtvrgtps572efs78cdkhqnzwsumrk9kza4xs5xvq0c,BSH,2000,
xch122z9tyljyrgauk996xdwrmd8qejdnd8xqj4kp9h7nsrh3py7q74s7unjlp,BSH,2000,
xch1a0ezz80qa7mnq745ldf8azapnhch4kz56rnd09r6kyawpyt29mes0vk42y,BSH,2000,
xch16lwe3dy6dwwl3dpt27wezgyafqx6vd7eupwt3e9hmk7gafdxpxgqssyddg,BSH,2000,
xch1r5aay6me5dus39avt63cumw4c2xxf9tf5lzwm09q7jj6xuxqjz4qncflau,BSH,2000,
xch1gl9njwmemqnlcaujymfy9fz3d4tls89unw8nf6xdgvzj5c8lgxdszdhqve,BSH,2000,
xch1l6erxvrhztja56lmkrp85jqhpgu5u8s57h5gchuwh6mfz83htucqy58wy5,BSH,2000,
xch18dhty63q9473fj97lqjvhk8ethcs9e2jnn6ectspuepmfcn9dvksuwrnxe,BSH,2000,
xch14cd3vr2qdufwkzuvhy0lvaz4kf7hp82lf6q0zgcx2znz2jjqwlxq9sds8a,BSH,2000,
xch1xy8yqr4rahx9jc0yeprkd89g77cy5tk3t0sk0ej63dnqr4kfdxes7y9hqt,BSH,2000,
xch15m222mann32mlk948vq7g9t7vuy0rxnuwgg2znc6a2gvmnpqsqqq5e8ucs,BSH,2000,
xch1rz7q8mlcrjehuxn3y7azqfp52ga2ekzeh6kx9htlwhyx2mx88wcs2t7zut,BSH,2000,
xch1d6u6yyvzqdl564rj4fle4a8aw42q994us533zuey85e5g6qzhrlsmf6dkd,BSH,2000,
xch1tha926fvkcpal95hre7z06gxqpegjwn8h5vzl7dzqrq5l6tnqyjqzxzrfr,BSH,2000,
xch15wxquswwzhyjjqmufgy2nsx8629cd534ke9s9j7x2ky3qx0k09gq29nnd9,BSH,2000,
xch19885qnesqaz77ryddsyzt0jldpk0pgqjhg4jz2dc8ez2evq3kq8scprfn6,BSH,2000,
xch1usw4d9xxu88amyychx3x84e57sm2za6vvkgypvy5rwm40xs9x8ns9hzlpf,BSH,2000,
xch1dnxe4yzvn8gr4q8v3ye3fem4gxjx8ypky4c8645kdzv25f6dlvxq9sylnc,BSH,2000,
xch1fpxv6sawtejqc45shlxqya6rm06p2yf74zznsmnmhf9vn9lr0jqq62ge7k,BSH,2000,
xch1649h8xv5eq6hw65kt2y0kja0qaenjn59eslus542ep9qy77qjzeqvfrpek,BSH,2000,
xch1ts3rvr2hc7da8yx27f5sl26d7keuc9aaevu8m06tyshqm93s8fkshssyyw,BSH,2000,
xch19ygesye2rtftn7fnzdy5pg6t88z7q4vctuhunad36gl68nnguy4qmsf90k,BSH,2000,
xch1mgyyy6usqfv3gy0sd98jzu5wtzf6aacz82lxt377uf6prky0kmcsc6wclu,BSH,2000,
xch1h9xpxspjhn303npt86mf6vl245wuq7w7lymc8yqlc4rah2449adq6lsnk2,BSH,2000,
xch1axg4nchvzjnpukt789k7yppapq73am66vp3kvqrm73jnudyq0htsq0p4qc,BSH,2000,
xch1gxa3vdwr9ggqr5rr39j026hwkcgfd2rc462lvdtp8xsh3apdfzpstxsxjc,BSH,2000,
xch1rutq8mnwyf4084xl477hzr03elekfsstehzlss7hwc8quuundlaqlavsx3,BSH,2000,
xch1j5myta2xmhgq57gymy4h9qv895l962cq7kx0e2sxf7s9g7p94tlsdlp9hr,BSH,2000,
xch10h8zuck9lhz5ygxn0x787ytpud6q3rt7h3u8legl9dfnqq674qxqlmwm52,BSH,2000,
xch1kphqnux0jaw6pvn4xa6h2ss8fk4z4r8mtznvxe0eafw2mrhgt68sksdr6a,BSH,2000,
xch1vuzkdl8dzutzsmywc27cvps47jvtry5urm7967gvcc8dq5qq2v4sk8tyer,BSH,2000,
xch1gk6e2uc3men47gmltc0vxzx0292vle0fwc4ec2347zyvxcr3msls6a6p24,BSH,2000,
xch1kgvv5t5wusk4sa8ztafcaprpmvsg3zug879m8wwfvekuc6ewyudqt2rqn2,BSH,2000,
xch1c52gp72cqyx44e8me0egsudqhwgkuav23v9xa8r4m46d62fla0vswzdxxz,BSH,2000,
xch12uguzyukl0t5nyy9lsd27k4kc7mxcpzmyaf9d33qs84dl03r5pcsw8ktpg,BSH,2000,
xch139y0qmurq9wdkd9c0amlrlzyyaj8znm0ep2r04uf5qg2mws9pnysvmmfmz,BSH,2000,
xch12eu532zt23ehl4nmlcvxvz4kqvyxwfc2n8zny0uhk5rket6eahlsudhad3,BSH,2000,
xch1fwxnjzz5w9h0hfcqsj76ez8udqeq0nquhe2v8dq5jfecctc9cpeqkdjary,BSH,2000,
xch1j8eutm266nlfhp9qjly02nr6eyxss42w9gpcn4l0qut2w05qax4qpkdxp7,BSH,2000,
xch1j2v3azl2c6t3mnqt4jsgujtfg0d8d2tu9txascz62sw76v4r9e7qqju6vf,BSH,2000,
xch15m7g4qv2sflfdqsvms5r238cy4pspvel503n4akyhj7wf0792ras0877s5,BSH,2000,
xch18jjx43dtjj3anfjg7l849dryxp4xg695yur5ufcwf403a5vptdmsuzs2u8,BSH,2000,
xch18nsj6a46e4as747warjjzvkw9pl585p74n66zgvc8zj09zre60fq92pexg,BSH,2000,
xch1wg299dln8s7s07gz443lgzxpvzfk393qfdrk8gjmlzmr5zhzm6aqtepjhe,BSH,2000,
xch1z22r7p5ccngngt4apawghr3t5hlnqphcaq4zjljfe07fpzfknuqq940j0u,BSH,2000,
xch1rtw8vweh9uv9a0lkvlsdnhzkxgpt6hem7vn4mgumlqu8p2ujumgsaln746,BSH,2000,
xch1fejahvssw3203g0a8mv6nj8dfvjt4pavrxaapu2gax6f9xten0fqxda9jv,BSH,2000,
xch1d6t29jttx4kyjxzqcge0xtcxxn82ulv7paj0u3s4regcmkgpck8s096nlu,BSH,2000,
xch1wyswr9aps8kv75lfudsu8lcd8xfkcnuucdwxaksaxfqtltx929qqep0yx3,BSH,2000,
xch16fqeyf2jw2wc65udss50jq39ga49sax9nw5uzfv64wtpyuym92vsd0nvst,BSH,2000,
xch19m9v3nsz55rhs03auhvtnqaxlkqu5zuzs5ldfr87l5rtg0r5dkqqs97st8,BSH,2000,
xch1z0nkxg2jd8pclwzkqdkmhhfsc7e99nmt0hv9mk7gmmu09wur76vsp77jtg,BSH,2000,
xch1f3hlxe3kxt0ys9qqdf36827wtq57ctyxyr87l0tdzd5vx4dc8yrq9tefup,BSH,2000,
xch19weyvs5xvdfkxunsxkfvr6haj66gvhha62277pqs9dycu8zxghxsumq4qf,BSH,2000,
xch1ep9tjdea4y2pmh6f4v2rpgvxp09rkal0uw9jplffv8x7nvpvr2mqjxlk7f,BSH,2000,
xch13lm2ykp4udymhndprquu8aet9jvtpet77ntdtcc6t0ygvypvgwsqu7458a,BSH,2000,
xch19s2xd9qgadcjta8cj3nz0sczk0qn2r6yjx003cmn54t9pr62sq6sufj3w8,BSH,2000,
xch1npn7cuneh9vqk58hwc2ark8el7aa3zpya68n7tsgah6evheflv8q4vwmmz,BSH,2000,
xch1y4cd4f3tv749vx8m2k60dd4s85yyd9a0ph6v4c73drvt8ar42u7q4nwxlx,BSH,2000,
xch165qv34ecme4y2jaxu7d77y9zagxq49ptq8lxc4mqdjyq43q8uppqqa38x9,BSH,2000,
xch14xrfzkkl0t68gc9gsgm96srxe9usa0tksgesg52pn6sceeh9akgqp9746h,BSH,2000,
xch163lkdethfupej74wm3evne8j5e6yg5nks38d4r56kddt64jse92suzge6e,BSH,2000,
xch1j0r5vupvdte0z9fc9xw422panjr926nvxpa5cygxv987kjyy8s9qvlanuk,BSH,2000,
xch1x5rzaw3erpgc92th3uhtlnamt5thkcf557yhlw6xvty6eht072ys64w93n,BSH,2000,
xch1nd8hg3aglk8quu8t0nyqhthkqtdkuj56y03jxdjacd42rmym4s8q5khqpy,BSH,2000,
xch1awsm7kayf4y56286r3efwqm35v5ku6tsc5uyxnjzfgjwl5je4x5skyz9a6,BSH,2000,
xch13kxyj7udrl33d9e7t5567wlcampvrtsfpyf3e7v2ne5cmrxge4eqsu8ye6,BSH,2000,
xch1rnr96cyt3ft7vvpewf0yu8k8uz8pypuhyd5lk6q3guxaxavvx80qp40kls,BSH,2000,
xch1knpe0efcf98h9v34fu6k30dfqycxtpdh3levf7wfnkahufyh5d8sqwlgc2,BSH,2000,
xch1yfzhfft03x7d9y6zn4tk8gf48utyravw968hhwv2n3qd7vhgedcq4dsysw,BSH,2000,
xch1660q8wxnpgd069u08kt9luuny5ghy83xk6hhxcdjfa583wahn75qxtmj0y,BSH,2000,
xch135qself0842nasrf20fktgulcf4fl37cr9u2p9rhla508w3mtumsrapnkd,BSH,2000,
xch1nsnaxj4nxdags0gl0qlvty6e90h0v0hk5jpznns7g7jcrhqksjlqalhlww,BSH,2000,
xch18cersulmfknsmpct0nn08mvn7443ggle09u3aept2sz05g5jrhuqg3ws5h,BSH,2000,
xch143823kzz4fjjctwe2f6errzct8ehzqpwxnu454jupv7zn2lmh3asu0d9z7,BSH,2000,
xch129uxx6d5yd2p3melh6tfhdgdheku6mgfrd8jdl9hrphx8m4eskfq7jhwkv,BSH,2000,
xch10qnhcqmdf2avwft5lantakve3qpyau32jj9jfwaq2pfanm4penlqgpgxdn,BSH,2000,
xch1tf8jsdcecdttq4w6llua8zrr2mdc6guafkn7aw4x8xpwfer6c6us5cja7n,BSH,2000,
xch1sh37sxjme3arg6ymd7c8hg7sldsdrwuz3yn7mm4x80aj5wywzmrs3sgkk9,BSH,2000,
xch1854wncvp0j4r8c2e84k6gujkgep2nutf86t5ztyks46cnh7dsu5qqxp77x,BSH,2000,
xch1yw230ftp5af2v9jrx8wjqv4rf5hyk04qeeumwl6k7wjes9ku788shap572,BSH,2000,
xch1rkg7ssv6te4qjutj83xydtn89a5g8ytvyqu28y5th6mcnqw8puwqckttpf,BSH,2000,
xch1wfumq24y6ecr9vcsenmzwuz9c789tx3mt5v3cdqatyecgs8f2fnqtu7rqg,BSH,2000,
xch19ckjhgvj3klf8zk6a2mqszyuxkukh2vwh6lk4wk5ct86dncuyvps67l690,BSH,2000,
xch1yy3zg96wvam2f807t28kf7upn2u6ykhxhjd3etfrfu2fgrtz5gcs4k8hp8,BSH,2000,
xch15rtne4wfvahhyz954plp9wzwjym2tastf5wxedlaqmjue6k9ayusqtejrp,BSH,2000,
xch1nmknqunfxnh5s3903er3gslq09vlztseu0jypn7kv2g9cgmay2vsgqcnrs,BSH,2000,
xch13vzvektnuua679sherwx0ypkgffdhx2a7wda5jjncl7n88lnna3q8qndgd,BSH,2000,
xch1443077z4q5tnufuqzwaepxrw7hqank7hfwutdr2l3mfyumz5tznsvm5qy6,BSH,2000,
xch1cvs5n9lzya3xf6kq2pseqxtdgyf6uxy9rlxl2lexcx3yc7d2sf7s53znsm,BSH,2000,
xch1xrvwe4s6dalpdzn8w8k2rn2yu3u2jj8e5wcsf8rhd6xzpjmlkpwqwfq9dz,BSH,2000,
xch1awal22h5h3mtfhlfqwwldk5yg4ga0rz39xxsrutqnjex09e2e28sc3yevf,BSH,2000,
xch1kgh2qurj6932v00zj0ty4l9txfz84t5ray2t9muslcv0e62sdv0q7r9f8j,BSH,2000,
xch1fxmjhsgn2x8zsl535lzekrtz05v36vlzgeyk5k5mdvts9qjhjl3q2plgkn,BSH,2000,
xch1rhvwpghnlsgkg0dxqd6slqfe7c65aqk0ljy72hwa942ja50xzqssz3q800,BSH,2000,
xch1rm022nm90wqeqazxyhg26qaq7v5zxfyjg5efvmml0gz27smyrh3qdjxzcd,BSH,2000,
xch15hhj5km38a75866pegyszktpsshwh7emfyvuzllj4tvan3xkrc8qf8nhl7,BSH,2000,
xch1yxdpyxk4fkm8dsuldxqa75zczzt4d5r983zn7arjnqwqxztrkf4qzmg5vd,BSH,2000,
xch17cx8kjurnennu9w59cgpv522a6ldzrd9lmnfjmwk5qu748x6w7cs5l6xnp,BSH,2000,
xch15ggwljh9zjjm699qe8wtxra8t9lvspryrqawwdfvpw7q0uvh9uysrn83gx,BSH,2000,
xch1yvxwhxufmle6z2pmyfp54cdujnhua76ecaq0w3kp2ew90a9jhllsz2p97h,BSH,2000,
xch1sp6wy8f0u3fejdv9evhpkce3all7jpgr06zhm9z0wvfqg8ft5urq0jlkh7,BSH,2000,
xch1y0e5dgrvdatqlv9qt7emzawplwmadnwu8d67g40fcuz3f3834usq7fujlt,BSH,2000,
xch1hr0ypzm042gg24sy4xp8n9yaa4gq5kd4au0qyxqg4ee79qv99fcq98rrg2,BSH,2000,
xch14sj49g2a2ev9x5t4h89fml8rn0jd49q2mkyvvm4gehm2y7rya27q9skkdh,BSH,2000,
xch1095ltuwr6dfnupy35wvtk7cvvzdzf0qhs8rpzx5g305qxtrecngsf08yhw,BSH,2000,
xch1r026zpaeyavejvmjmy4xchs5ed3mmfdxadtxj5mz5t3xrcew0vaqtqwd2t,BSH,2000,
xch1ewl4eqyry82cyay9n04a7kjwrk3fxwu9xu5zvygy9pxcer4ktpwskxaw7u,BSH,2000,
xch1634h6ccg8uzml49yfqu498gv69z787n4sqxr3xy79nvvzcm3s7cs8ksvzf,BSH,2000,
xch1wzh8ndht5kell8jg8yvnr0gdcrpnyg3gg4trkctvn0f3w2g0802su33vcg,BSH,2000,
xch1tnmyaf8u9yw7kw525v09yxpn24vfhdc8lvd9entr05q6e3uljwpqxynf4e,BSH,2000,
xch1l02eam4paphv5lvp2d55pwj6daq3c46sncj5mz9td8jpf3avsp3s5nt560,BSH,2000,
xch1kcxw85r05g8k7kqq9jthtq4upu9qw3jm203dzghpg44j8mxazcsqkr6kx5,BSH,2000,
xch19z0h34uaq62f88rhjdf3eun6a6khyqpw775d3sjhlg38hkpkjmrqa4m02n,BSH,2000,
xch1e7dc2cx2zn62euzqs7ms6kfhnljywvdkwmt9esgyrn3xz0jwkc8qytg4qr,BSH,2000,
xch1ggap5njk0g4t7vwnkrkyh2etg9t7gt947u96umesg0sx0gzqvz3q0xsfrm,BSH,2000,
xch1sdfd2ddrc2hwww0axhgldha27h8alvsxmkaxfner28e504wfrw8qy79flh,BSH,2000,
xch1xwulnlf6fz50t3ctwe8kfgnfd5eswyc6u2r28fryfapqu02xp75qa4yp9x,BSH,2000,
xch1lysgd7ljyyz9cg6vcvufmexjz2l3y5u00fedx86pq60ydvu0qmaqs05e6r,BSH,2000,
xch1e4jpntxgjr6zj9r89um44rmwj900wj374vg3j2jgjghfv343qhnslsq0c9,BSH,2000,
xch15dpx608yhm8ypkh8f944pxkzsu39cyugcycusylxkjs0rcdnps6sh3lkgh,BSH,2000,
xch16y25wn0d659yl67le0wdfkamemcc0znxz4ww2jrnl7mu0tmhhuas8wyc9h,BSH,2000,
xch14yk4l7mt4mp3takj9763syvc5wr02kjsgaldm20fs9s3xjerzksqkvn2mj,BSH,2000,
xch1w420a4q9898c2ceanzzl4yarzqvs0v9m8x96y949ryzgwvqwxpnqhyegg9,BSH,2000,
xch1geyltqn38q059ktp2uwwa5q5zft5qmmcwtaz8nmsfv5gj5y2q0uq0mt2w5,BSH,2000,
xch1fglrnx9emg9hcjz7g3xeke644fuf6pcn6dmssf566854083xzzustcuazh,BSH,2000,
xch10vs56r9tmr0vt8mcqjj0y002l6xfd0gsne4nszn4vuj9ecj4z5msk4r4r3,BSH,2000,
xch1ujykjtd36qsy6w45ksmf6apqccx9py4c76au8tqhe44j4ddjwrgqku9uqj,BSH,2000,
xch1xeqdcaztfj6v2uhk8p6607k02mht5fdmf8hj4x6g6csmu7cx6hqq9prgfd,BSH,2000,
xch1t24yl5kg3xdszrme98vrne7r4az908ufy96pwfcqxqqkzh83ahuq7av9vh,BSH,2000,
xch1zsfv3gx6gnhcnxe9tv6dlx024rux00c8gtddwj3urm6dezwekfxqkqkgyh,BSH,2000,
xch16gw08kpc8d683thuulysun356t8r5h9w8z5swhtxragfvf307q0se7lq7k,BSH,2000,
xch1lwz6x352wsqvr4nwg7fucs53ahs7ua84mv8cqj2y86lhp5w2v70s8vh3c0,BSH,2000,
xch1lyk0z74cjq20w0f8ent7ayfzta5uxc07uwhae3c7r9zxm3nnnxssxd04zq,BSH,2000,
xch1yp8gcn3nc5tce7qd3mxkrtzra9zv2xauyt7ltuk3krm97yjvtmtq4c8w7w,BSH,2000,
xch1ns24cp4crxavczxcdaad35uj99fd3uhxq0t5sq0cwkfvlc56y4dq7yatve,BSH,2000,
xch1twdjuemn9ff4a059yfcqjx00ncdq3xagc92n55txapkn3yrtm3nquqs593,BSH,2000,
xch1sy5q2gy6ykasx409waq77eh0q3xp2kahsx7cquj7jh5yf3xn65xq5e8ajj,BSH,2000,
xch12cl7rrwvq0cat6sx5s3u5wkenul5nqedwf9thatpy4u4k7ntqa6q9n4fae,BSH,2000,
xch1jdnu57ukqvvgx4qsapl6vzkw2rhxjee0dcxq7vxqjl9xw5zqkt9q72qdc0,BSH,2000,
xch1nh3d7rk8r3a7htc67kuw2jz24mggu9sx9gttj5mssrmmzd52s4uq9ameqy,BSH,2000,
xch18e5lueatkaz6tgwsrxt3t3zwklnrzm8dvjc7a6xhmstns83mqhcs7ew8kq,BSH,2000,
xch16ecvqnetvs4x3nkg2zzsdsmmgjf47lwzdfm3s05sk2caznw0avtsklv24c,BSH,2000,
xch1dx0gpe487uxuadyzal2fqg25fdznq0xe7kxa64u35yx9xqxkrwgqjt7m49,BSH,2000,
xch1sxz8r8szpgk7a5w37czry72n0f44l7u74uel5yu2rze7pkpu3a6q5m6y9q,BSH,2000,
xch1aqrqz88fvznhfkg6f4kfej2mz40nk2puau6wgel8wsftg27v0nmstt2005,BSH,2000,
xch1f9gxmzx7qx66uwdy8swhmqdjvdff8jqdpa2q8zwfyxt7zgp9dsgsskjsv0,BSH,2000,
xch1llf4w65xgt7fpv76ww53l04phlalsk8wk5fevdjulylf90d6kgwsf5hxnt,BSH,2000,
xch1rd0cjejyw6vm6vlz2z44ew3gjfrr5eegg5hr5dmqq0jfxajh2k5q9zv3tm,BSH,2000,
xch19nk8wly70yul4z8qwu2w8kllfml6xlxuy4kc9astkltz67tjma9sdnvhap,BSH,2000,
xch1d74l4gr5m3ednyd0z38m68p7422edr2zkpmrv5t07cc567f3vflsuqty55,BSH,2000,
xch1s7lqlqujk0ar2gysf0w73megnc0g6erfcryz2d82fq9dpukev8cq3v2z4w,BSH,2000,
xch1asxsqvcd00ll7mnm7jjj5t5h0ezqma32kjkkd2526vx0t9yylt7quv8a7e,BSH,2000,
xch1mm9ywlys4sm24jkzmnyvxde4ng0547ngnqe0slsx7d4qqzegty4scdqva5,BSH,2000,
xch17zhgm2reaxy02uryn8l046y67qtsv0rzxaysp0tmcnaq8xqgmhqqsenwvr,BSH,2000,
xch15gg3stw683sl9h8dtgts4c0nnknscufpkjllu5p8m6rwrns0z2pqzsea57,BSH,2000,
xch1gxmezzpefr3h2tepcqvhz8d292cjrc0ddp7cu9y0ma8znt3ce90qtlpr0l,BSH,2000,
xch1vtck99n6rzp9qjklpeg9v4vcras5djzdrqkgkqsgupj4ppxxz76s36dzu8,BSH,2000,
xch12rvmupl50ysvadc5aj9udent37sn5p8rs0l4ektdratz5m443ldq7tu0lt,BSH,2000,
xch1n8ty5ex0snmcg80qkdy5e6yy276nmcgxpnf5kmmj4h967fntects93dk6l,BSH,2000,
xch1l2t3dqzshf4jxjnpn6egw3a7d7zc0znlvmkehdk8zuku4fstthxs8nxefj,BSH,2000,
xch16pfyer0phzyn0m2h446y8cq8uggjks6jt20nvae663mp6jhvcn4spqyep2,BSH,2000,
xch14ce4h83hhh6y49j8tyrqzfyy976uj5433ey83rgpxujfjmrrj8xswq77yy,BSH,2000,
xch1gk3rymnmd2mmq2dhdfqy3vnesay2lt9q0wfy62lg4mqyp44umz6saus577,BSH,2000,
xch1xzc0q2gwz6ttpqxxdrrh6pum2j2aan7fvfere287ewxjc450p8pq237yqq,BSH,2000,
xch1uwxlxxsuu85df43agp3c8wqx9p2sflu8l9mvys5putg6p4cvnr7q8j9vg7,BSH,2000,
xch13nhzcqwpre4a5kvzta6akjwd4uduuzcdvduuhg0aaq9vgqmyxeksg5t2pe,BSH,2000,
xch1kvkaj0gvn943jfzy6nfvny3rmec6nvy6fjguj73de7qdsljtzyvqmhqfru,BSH,2000,
xch13jkf8rwcyl92dn3vctvqc73p8vnmfl8gagdy0gm4yzgkcp9e6m8sca9rnw,BSH,2000,
xch16uml8svtfkq2a7v47x3rmc06uflfc0g7cxmt3ztwrs5djlts5nhs5sqqca,BSH,2000,
xch1zfdc77gdzy0vc5y8wmmq8qgfjppntkc3n84v6dq5ukdrrz6tugzsm9w8lh,BSH,2000,
xch19jlxe3tl65vjw6jx0p363hs3q25zequx8fz0fk5944du3n5dxzmqx4xapp,BSH,2000,
xch15039uwne3zx9f8tc8nqyqwywzcd7q36a06j7zttqrunqxzut5gus0akfhl,BSH,2000,
xch1dlfga8s8yylcyjf9f5djsqc7w84kdvnfm2g0pun69ec6ql8pj93scczy9f,BSH,2000,
xch1usmwl3xznwq5uvdxc0cwspjkasccjsskmcvudrm5ksm3jr67l5zsegx7u7,BSH,2000,
xch1wsuatzlfzatw4ez4haj0tyuzxlmf6ue5ph750kfv7sqn9732dfaqe6lgud,BSH,2000,
xch1fgh8fklgutz02zgvpr57t302ynpeyf63zf0z09hy3vyensqt75mqtyg0p5,BSH,2000,
xch1utft697vaj8twaynemv6483j68qzmeuq5r6jlgv4hwuglyz2vy6q4zw8pz,BSH,2000,
xch1c5acnrvqpah8j3qep5pfxncusav5ugjjvv4rekl45qjw6lnltrrqalep0w,BSH,2000,
xch1lzz427t3ctjlutrekuvk0ra2tfegmkgc9m859l33036c7kgdvtgshkyq4r,BSH,2000,
xch16dg23vv2eenfdyeuhzjf30f0sxnzm0pzckvl72jl0dtxcy6pxtksc7yfyv,BSH,2000,
xch143nl09448z2uk0uqcdxx6k6hnzx9jwyprnd7920jf2thwxnr5vsq5mr5n9,BSH,2000,
xch1duyw36pmuwkhj3nn46ztl2x3980f0c6649a6mkd2mjvkxjmu7nsqx0xe33,BSH,2000,
xch1sncq7sauzat9vjyp6qm9mc2fju49xw6yzcusgclfn6yrfunws8sqtgatnf,BSH,2000,
xch1rtqcjwp00vlq27ludapga6dkf0f007lte8kf97d5hh6eaqnck2hq3k62d0,BSH,2000,
xch1kdf8m20wp2s9nmh7263h4cg8wleu0twpxvgudn4ezmdh98hrm2lqy830sw,BSH,2000,
xch1sl0lef0y30w2dswcqsztpl8yqf5sxasnfmh22sf0eua8fk886uuq0scm0t,BSH,2000,
xch1v00upathnqjd6dnj30al2x6gstqmh9fu49802nzz8ugf6mqy427s76tt8t,BSH,2000,
xch1n6fy7zecxajlzulmpv2wvuaetmf543g5pwa7sqkrvafh8uggnu2qk3urkj,BSH,2000,
xch16g6x282hgn2ql0zjr9p09egt7g4ap9mcnan8f346q23mdu5zvnmq5w7eth,BSH,2000,
xch1uw4x87y9vzp6pxc6seawspgamza3v585urmc6tl97d7439dfdrgst0ynqu,BSH,2000,
xch16l8q5dr7jyej56ltss8jp88mzupx2zsehgn57xpc3m2nj2dkxcqsfrlgzm,BSH,2000,
xch1sdtxvswktuvyx9wcg926xpd9pc7gv36swrwu9p3nrmeysdfg6vdq0ftrhn,BSH,2000,
xch1vqmdnksuu8elhag8lyr4vx6ucq8098yj0u4fled2y0zxagsjkf6qtz2a6e,BSH,2000,
xch1vjkleu7c4adk7esm2e5530vwafr64awwd9dj9fq9ulkcu55dnmtqmk84kw,BSH,2000,
xch1s5yj24z8e3hk5gjc93jcfg8fq5q5vungjtpe66kcjvw5lu2ycrjsd7m29a,BSH,2000,
xch15kdc6kna3c5klzu9c7vv0yg98pfnnl5gtgl6va7j024a86ty9ecsd832c3,BSH,2000,
xch1mdad6nnnmv252y770djk4sn57pjewe90vsvn7dn5rmxeql7tm7hscz54x9,BSH,2000,
xch1ngzpzh7tpsuk8wdc8jnch6gulr4v0fu84emuqve8ctf0qsm07zpqyx68ml,BSH,2000,
xch1v7k97nrhessa7ewxhr53n3zxu5pjnghdspu2klg8pl6895su2cnqs5j9rm,BSH,2000,
xch1v4p376r3gwyfvma64c97eddfauvh6wgku8gq58afj7qez5zs27qs9lukv4,BSH,2000,
xch1dycfmk4j7j4xwh72c6gltqluhrq4sdmtvmnpudzrmya2xyqdckyqmlzw5q,BSH,2000,
xch1daunspva932jwyqga0me8hu58jllrcst6gqa20kvmwskhkz3dvysn6gsw8,BSH,2000,
xch1xrz9xlrka07ahxv738ry5x0vz5xg5ja8zn4vgmrh2jq9k9yah5yqrzzp3l,BSH,2000,
xch1envvj30yc2ztfwvpvdnfe9t6cunk62vljzznydfgata2c5a3hj8q3s5q4z,BSH,2000,
xch19wh3vgg0dm0v5yprmhqmnpn9vc44q5gcg76lezuxgac09dl2wwdqcnj6rj,BSH,2000,
xch1tfjzsf02jd347kau7s60qfa8kwgw2w0auga8ve5s48e47kwdypcsr6jfwv,BSH,2000,
xch15c6ns2funvhr0y5hqarmr44xulzeuz42rcfdjnfzqv48y7c27gdsyypzgq,BSH,2000,
xch1tgk9mpx9rkka2gc7nc3gmda5m9cvyu5sgf834f9u2wxx238lpgys9dfy4e,BSH,2000,
xch13f55pf2jlnmfn2ptmgsq4nrtfq2jkde9rcufdyrnd60nr7svxrvqavm7ae,BSH,2000,
xch1lqukyap9sksrl37fgu5tyvnsnuaznqws9y06ysn9eyts58ncl5js2kh9y6,BSH,2000,
xch1r8ln7ukfpgns83xmw339r3zq6xamj3k40mq0nfr7tzr23xuanxlq4t02ym,BSH,2000,
xch1n93nwj05t4hdncdfqpkph6vd4n2adysf5yt8qv69mj7cp99tugqs5cnamy,BSH,2000,
xch13zus93ajsqysu9kvvj9j25tchjuag9syhup0xee89h84l8ld8cascyjn0u,BSH,2000,
xch1kvlyhp29kcljtcwan943kkwrdznvq5l452mfws34aleph37ufv2sswnre9,BSH,2000,
xch1z8f5agqgwlhfzkgr68ld88ru34rz5twdwdprv6a0j234hh4pvugsz3zkz7,BSH,2000,
xch1f5ax08lq68kj33c9m99yfnmpjrpurhxdkrntr97ecxyrezmcnw7srdewjk,BSH,2000,
xch1keuzxnha233e0fv9elghxdme437l0lknylafvgzax0tzg9vdsk0qf5sccl,BSH,2000,
xch1j8f29ytezudqcw4w96vpk57yta3e4hhe09qls2mhhp7yr42zj0qsdgl24h,BSH,2000,
xch14xu4a7tmp4gka86myhl9xh86rap2g4cnf32nl0xpe53lew3yd9us5v48kw,BSH,2000,
xch13jyrt0uuawclcugmh4qkf5lpl048n97ps9r0am03h0awjl7qcu5qntwvu5,BSH,2000,
xch1gh3262snl7lwwew8x5k3q6uh8tnnduszqprl7xaw0d2jarcp03xspns0zu,BSH,2000,
xch1sayw0u5fdtlhrjamennnlgm9fsp8jmfe9kj8hy49wan5cyer4cvqmcrcqa,BSH,2000,
xch1ezkgdvte5k82fw9fpwxx0vldmej0qdr0awhucj9pwg4z8g2t83uql553xr,BSH,2000,
xch1wvjg50k2tq32lkx5gcly6yw06f7pcrgavsv53fefc4mqagclrjwqjscw6q,BSH,2000,
xch14k4mu9z7r65ymnlka2aecgj4q63mnesvaqae8ux0fs5tjqysvtxqx3sw9g,BSH,2000,
xch1a2amecxtufrnp6zchf305z7vwvuwpwcm8vl066lkv2qkwgjltzwstnxmup,BSH,2000,
xch1edeckwraqejjjwyvu6krfkj25s8yamssnmt89hk3d09zp3u2ctas6vmc3k,BSH,2000,
xch1kuqjfeg4ys9qnr24rv7t2e85y9mdgjxl27nzexmexlknkpp625nq9x7u8a,BSH,2000,
xch1refxuj5g7urfk8czmuh7rnl0g7ef0ars6q7qlhdl654qa4rf4jdq53sdke,BSH,2000,
xch1hmsx5crkytl6ytcqfjl5af40tnue5rmacp7w2dh9ydj54wulwn4sjp4hr4,BSH,2000,
xch1c9y8jcsuylqthn39m8c9680ylvfk57g9t6uemjxvku0du95acf0q9gsu0q,BSH,2000,
xch1x9z0aq9lmnd7fqshrr89favxcp0feefh5g79frjwyzr2d3qz24js40hn8q,BSH,2000,
xch158wgwfg5sqdgaeun9cug4fl0lde7sxk0ucvlxxs8s9f7pjpe3m3sfqxy6m,BSH,2000,
xch1rurnkpda79m86q77se5j23t4j6rl4l8mzamtdv692kgfcm0jw9gsyffl8y,BSH,2000,
xch13tgy6vumtncqcjkyh4s9w3vptffwhups5l87rc0cj4lgcj2rst7qafh4f9,BSH,2000,
xch1270rfaqk9sx96anx8r2twv8u99qcenwrxpvdj06ck806202agaks2t8j9d,BSH,2000,
xch1g9w0wstre42uhdvezgqmwgaxhzhj6tgag49vmv0lrrdxhynfhnmq6w3z75,BSH,2000,
xch1vdz568u893fafcus3ttr552u4z3mz6qjgwwfm4cz5hjrgl3s65zsuah48e,BSH,2000,
xch145fk2757kvzchp3nekk427pe54jlln37xc497vjdf8wh7yyz59tsvky4tu,BSH,2000,
xch1hv5lqj7dd04mrm3z7zg585psw6g9uz3g6ldrn2x5sgud7qlxd70qep8nwd,BSH,2000,
xch1kjmddzp3v323cqc24aj5xhstu43hhghpmys8dlq03qfepp3cn7vs7nr6x4,BSH,2000,
xch159qjk8pszldzpuugnm4kfxkn844z29ccz74w3tsf34rvw92gjc3qkm2wy9,BSH,2000,
xch1d45hk60psu24fkc78fk5fds27xh0veaqqmp0fla35jvzc7znhd0sj6zu6a,BSH,2000,
xch160hwpqg4cz79erdhp202yumvvmdexsn0xhr776tpqy7sn3zz4y0sc4lzdf,BSH,2000,
xch1gkq3tr3tl9era8eghjqj64j7nfkejauag5tz6smv96ffkpqh2fnquev2gr,BSH,2000,
xch1aepy730hpd8agpwtur0q2w5h0ugsq963cuup07l8slgxq52ks7pqhza9c6,BSH,2000,
xch1gt9elthluj22l2wwwjycjg45s8nqvxvhqjrkr707ssu2jqh4qygsws6k9k,BSH,2000,
xch1n9ktvc72wvdxwzmyftkcflutrgxdys9x6v0uup63z64tw0mhv57s05jjnu,BSH,2000,
xch13e5fpjsaftcmj735gh9drz2vyxpuajj7jdhksu5zshxtcqg3rjzsmw8cx5,BSH,2000,
xch1963dgghq0ydpuz5yddx5g5m8lmfdsyrwt466z0a7fm423m6dmcuq76378f,BSH,2000,
xch1n95cggmeucvuw28xfy635yxcexep90vcqlqnwu4zdgeatny4m6lspndcqz,BSH,2000,
xch17z5p4wct8hjsh03qv7tvugym3qfhgg7vmvctcxyas7njj7s3vqpq24df9g,BSH,2000,
xch1flg32vkdy4fj8vqgm9mcpdntnpsg4rvce3h96ly5ghnqhree5v3sj2f2f3,BSH,2000,
xch14j277n9zael64z2r9jc5qpzenky4t2sprj3m49nzpkywx4jj6hjsjwns90,BSH,2000,
xch17gvk3hpfeghvph6jxatunmx7kgk5j9zzx0cd4fsaf4lcuy7gjv5qc99xcq,BSH,2000,
xch18ycua3kq0m77tx47749stxzeg2lwlfzmj5z9ztywgm9nzf7fd7pqcsnxda,BSH,2000,
xch1uysxyzhd9zl03ydef59jpg0ddektrwh0w47s2rrsy3e38nrkreqshggrdt,BSH,2000,
xch1cl7v72fs6dgetamruavhlpfwh23ysfghqujnvkanpzgech5j8lpq9mjvtw,BSH,2000,
xch1scasuj955zzglapv72lswmddgep28l7svm2gmvyvf8np8ekp029qq3zt47,BSH,2000,
xch15aznd4qvav4ecr3nryqsjqv6cg2q5mhtm3ym3rp82mya74ewuacscz9vj5,BSH,2000,
xch1fheyqefczlr4wt8q3d79g9r25zjmqf45yy87ns6wjlymde24h8zsugkp3e,BSH,2000,
xch138nt6xg474pa9pfkqw36dn2xzt22gs5mp6u70xdpwfrt9a7xa6qqpjxtjh,BSH,2000,
xch126ddl57m0xvnlxu3v2v6jwak69u6wdp3nyj2hlcueygmtf73fhps00llx7,BSH,2000,
xch1hn9r6r4lvwvx3tgpltc78rl0j490k954fp5rc5d0ddkjeknq96vsyqtrz2,BSH,2000,
xch1x2ytdyh7wtzpfx737j3mj8mxqs7r7n2ywdr6y7g7ndwpsqh2t8usandva4,BSH,2000,
xch1v5wd85ple75c30yr4v0uc2vzlp8qp767rqva84jz6rm65s86sgcspqaek7,BSH,2000,
xch1gfg9qqyk4nh049rdh9js4zv3j2n8ykx47pkpr5f0vrcy5px8xcns40xuh5,BSH,2000,
xch1r67tskvqzfh5hqxkxze0af03a5sxygjdce6mgp08xzsjkfh9eqyq08ju74,BSH,2000,
xch1djrspn2ghl0h3725zajnttwuxkxv6jrzqmu0mqtlsnvcfsf6ms2s92s8kf,BSH,2000,
xch1d9dh2w57m9rdczn0dt5np5t2wnvg2zvlngfqvt60twpyz77s085skap5pw,BSH,2000,
xch1mdl4hasgczl7geg5t3d4d92rjfu5v3tyarf34yek4huajdadlkysq0q95c,BSH,2000,
xch19qhthurc66m7zsaqug2vvcd54w0g320ek8a4z277n027pd0nd9tsr4gplh,BSH,2000,
xch1vrawd330vxgfne25yh45fnyy9sja5j6srx77kzkgsngmltvrz7ws8hgsdf,BSH,2000,
xch1xlxuupe328eklthszw0f2dmv2np3ssnrtsjhqrkw2yh39hwdr73stwq65z,BSH,2000,
xch10zjnwwghzk5txd53qjz0wrq02nsf6l9y82pspjkp46t5sp5rrs4sdfwt6l,BSH,2000,
xch1jgxq3gcrp2qnhtdxng2p5sff0gjz99g9u8la0856nr8hm7f2ud5sfw0gl0,BSH,2000,
xch1d3emmfs06cpqrcthqnrj96k89lu25c6uvcv459cw4hhca8djxn4q0kdul2,BSH,2000,
xch1rca24rl7cxrrjrrzwclxukucwchr2vws5c7p07rpj0v5qe6993xsykvaan,BSH,2000,
xch1cluphlmjmhel86akjxph5s2rnsqj9dmurvkqxk90vvtrpeg6ugmscpejrp,BSH,2000,
xch1am8aa305x6qzjy4f6lzpypcmufuafyq4av82209nmrjw75yedh8sy3xg5p,BSH,2000,
xch16d7r7sa45hx7clpjnv6jr9q48wwfz7ltfxz9qrd306hf9p4ths2sztxsp8,BSH,2000,
xch1tvtslx90huhsl84atfd5j86f2e0xxm3rvvv8hc2se9xt0mw6n62snekjt3,BSH,2000,
xch10yuszfxth5gsqf92e233fm5qg6pc44vhu9s5gjg35ltf926wkfjs6j8v6u,BSH,2000,
xch17kt0p3uxckqz6zgcj6t40l5p9wkgu3e7gzmlc3gdslnmttn0pj3qnag2yg,BSH,2000,
xch1zpaag6p6shjcskugfctep9rck0ehczzu7hahv7hmsajaqtlq00xs79mxzy,BSH,2000,
xch104lkfg6jjgvqxrz8dz8hnyq8f7p4dyyhr5xxjer48r6k6fg500uq0277y4,BSH,2000,
xch1l082rn66y0wkk7ynenclcucysl27tcqnc3uvhrum08de4lsmjqasdztyfx,BSH,2000,
xch1ee750ywjtwq37jgf0ahwu5ctxvz7jwynd3wn0x49c40adgmwztxsz0xmff,BSH,2000,
xch16j6sn0j5rqxxwwusmha2em7hs0x6y6qaa69es3wmyr7jjgk5a40qc0dl7n,BSH,2000,
xch1cq4ghgfhlmjff52d3g5gj0z3hcmvxz3jdugmk3zknzaq8wp899psdyksfj,BSH,2000,
xch1kyn7jgmhhtmujxpxkkua4clqarle7mqdqzhcxjw9v7c9qchvfz8q8tqqcf,BSH,2000,
xch1w3k0eemc2m5rvxsd4wshrjy3nm3e0u5knkgaxyj8v9yxyxumkd5s9dj725,BSH,2000,
xch1kwjygrc9tqjawu4hxuzh4u6zechg6q7unj3ytzhdqlnv7gaavlfsjave90,BSH,2000,
xch1zsyl0jrzw95lxnq9lkkxxc44dqf6ru2p5sfen4z64y58paull4kscpzat9,BSH,2000,
xch1ln8hrs4vnj0dmwwxjq2h9lywre98mzu7tqpdqgetehq5y8gh6xls5j6k3v,BSH,2000,
xch1calgwcse0xd8hgf9n2c64fx9sn0npa225402vfwtjctt8w42gm7qtve366,BSH,2000,
xch1l396u2qhxwuc57nsycsx4hsg3l9rewzp93usp7an43x4prlxwwrsj230mr,BSH,2000,
xch1nkjctvm4lr995lulddkh3nugp9yz0v3yd5rtgafa5yzl4ssc4lvqwezp7n,BSH,2000,
xch1ka7rx2x9t7a8j8s056gn22l79ffjeapceyf3f6mvh6ecut33cs6qxkp3dl,BSH,2000,
xch1g7qld8503e09rqkxlkjxlwd2dfpl78puy52dyyaxrpuwpe0zr5qs03x5zf,BSH,2000,
xch1lgp87chzj5d2p055henqnpfv2kqjn366n2sjddxwhpc7jl2unh8qwrfwd5,BSH,2000,
xch1tjzu2c3n5xeyu0w43zluy5rw3p7773e98z5us888tkvy8xwlll4qh97mne,BSH,2000,
xch1wh0hsezy5ejvpp354l2d9qs4fd3pz46gnfx2tdk6749l9d243c0s37z0ey,BSH,2000,
xch1t9sttrlemcavw3gad8mwjwtkazplys2j69mztp936shvg89kz0jsm2l09g,BSH,2000,
xch1y65vehl9sqfvswcxnjrzej8vws4qgguacfhwguf680x2yxlwn63sazwnhq,BSH,2000,
xch1zkzta59vwzpvyxxk0gzhyucsktsyhp37qr87uzym6k0zu5ndxc6q6v5srr,BSH,2000,
xch1y2c0luql2yqv66wc5dhhwkqyf3esekuzk3p2e5rn80hxws0jk9rs2uyhp4,BSH,2000,
xch16gzx4qwf4z3jh9lges0kxm4wyfp7nrzv200hh9mlpcey3g8m732qpu2y5r,BSH,2000,
xch1mkxzu769uxwmz7ptmp0yyvutqu846qhsp4783drmv3zpktesnumstq2sla,BSH,2000,
xch1s7y6yl7xa9ejj6msph70yzzm9azm27p8rcj9tv2zlyj9qegz9wssdmqja5,BSH,2000,
xch1ww0tn8rckxgkurj34y4dfx8a2f2lf4kx3xyjtdgsc8yzj3ygrjhq4wr729,BSH,2000,
xch1dnsaqs8px4dg5f22dzgecct9wmp4srmceecw8tq4xlrx0z5ele2sg0lkm8,BSH,2000,
xch1xhe2jpyxx9d2x8msgcmaramjvljyuvkwv8pl73wx5muum4nwsnfq2c4cx6,BSH,2000,
xch1u0cp5kn4vu757pswvgds6fuv8r82kgeluprjqqt8z3dxsah4csnqnh6snu,BSH,2000,
xch1ux0fxhgkgn9uvjnvxkzzssjcva8erv2zyhmjjmysh9lv37m6g0ssuhz75y,BSH,2000,
xch1ea89l5vqf372vntvn09cte68xptx0nd5zd43salf3kktrahefn4qun97ps,BSH,2000,
xch1upv54nwsls590q03y997s9qk7uy7rtr0x7ur9jtmcm62t0mpzqrq92ajyc,BSH,2000,
xch16wla9ug4pacanerx32vj8n0mggz6fzalpkt3zz5842u9a8synpgqzgpx7g,BSH,2000,
xch1k7ygyf2xt8phyf3rajmzgzvk2qy4wgdaesshrjuhvy4yd7pnf2fsd5upy0,BSH,2000,
xch1cpndthyynf8ghug7ld0puejlxpax3cqh5mvzjrlfazq4krzd5dqsa0yaqp,BSH,2000,
xch1eaxsq7pnjwgq04lymexsqk9chc5uusyvg8eznevxz0ec60eahgysgedatn,BSH,2000,
xch1c26y2cg8qcpnl6sm9q7pvuryfzje3jvtm32qwprzu05tpze0dllqxht34m,BSH,2000,
xch1f28de8pps4ea7p2qzzatl3ak3rjwdr7cx4k2usray6ug96953y5s07dz9v,BSH,2000,
xch1veudp0jzjac5ca27k9j4l53qufmsn29t0ytgrw844y5s5y93qd9sq3yk32,BSH,2000,
xch1a6nzxwguj8pqu4208tsm86dc0mc5j07a9xal2lyfrvw7t90r757s882lqy,BSH,2000,
xch18uagnjcuwgg82hhsvt4l394m27p9sxnr8x9dgf7me7c508t3rd0s9hzwuk,BSH,2000,
xch106k8elf0aw99vlde37dvnrqzwz282tplv0deuvpc9yr4jh3q5xuql77mwq,BSH,2000,
xch1mlm93vq5v20cnnh9hphqteykj92cpgcw3x6jvjf2vpl27k56n4vqe4l86r,BSH,2000,
xch16wawpuesnpq7lfg6uz6svw9xu2glxuk205a5hhz9zvw9j68nmyes9y73gn,BSH,2000,
xch1zwx33kmal80djwjnkj6dlwk5pkg4lwpsh2mye6lsx4yk6m3xj5hscld2nv,BSH,2000,
xch1d0l0dx4zn6zn8a9y2aeswt5m6y26a4tgwlt8e9j4qpdm6jvck9wqk77pr9,BSH,2000,
xch1da0rd6vhxwdv5ds62l6lutxq4x3ezf8seymrcywnfy6xzrrev5aq0at06d,BSH,2000,
xch1yxwvrdnkvjc39vu3z2pfvzantw842qlukc2vlp97y0jmjs5tk3kqsyfe43,BSH,2000,
xch1tnm47aqakqsg2qjz76c6rqdww29ncqn36nwm2hjjnu46f3y46scsr77khd,BSH,2000,
xch18gwh67rmxfa5c5s5euw70ynnw6jlce3yj85q95ay3dm7fkvqrh7q7rj8eg,BSH,2000,
xch1h5gwlsejzksvfpdmrpaz9plh2wtxzg77gpmvt77qgdaew4sv0zuqhrnz5n,BSH,2000,
xch10vfunjm3m6zaun3zqncg7wurrp4ezzaweeyejt8unr2e59x9cqeqnvaqcx,BSH,2000,
xch1uhfc6ql7c24m682g7qmnej5vz5d96xwucup3yl7vr2ptq05tprzsxg0w6f,BSH,2000,
xch1ym826hlvkwp9ph5e38rfcy50py3ff9heg5m0g4ez48pxf760a3kqjyhwfg,BSH,2000,
xch1g7xyx3d3hgyzd6kr29kmrrq0z7vg0w3afe66zg8pwwq020hdt8xsv4a03u,BSH,2000,
xch1cdzygp7m3wmjxm9fsmjsunlvs4xv4ehwzvqzt84frmn4kzzw9else22unk,BSH,2000,
xch1c0smjtj6522trsdazs8hun6trv60rs0f0fwjsh2k6faqjesymz7qk3903a,BSH,2000,
xch13tahqq8mxkcx7lpy35lljsf2hwvf4srh0ad3m7q597vct5l8lnaqcldvxw,BSH,2000,
xch1r37arz9t4ts4lh8vz0ddpv9wqjfkzvkzh5tdy50m294lmtlhu77seuz5zr,BSH,2000,
xch1heaclgd6us7efrdpapl57achra8855h54x3q62f6lg7576aehpwqgtf60t,BSH,2000,
xch1gwh0eynpyjncs07x00fepktgpwjy8jdphfeuqr3a2z3rjkw4603qcntepl,BSH,2000,
xch13z9j5gpqtnuqgzl7mmn3khknjsutjt8wkfpv99vd0ketyrgajjcsgj7fxt,BSH,2000,
xch1vw9y2f7yv8x4vlx2tq7vhflx5yp55csuzlnwgd0r9mhgeq0fnjeqvs02gz,BSH,2000,
xch1mjwph8q9kdfa5cke675a4a8ekjwxv475ul8cyexw0uu72ms09ncs8mq4ns,BSH,2000,
xch1kj83cwjkyxf3zd2vae7s90jes7kpq5g65fkrz5kefru8m9z7r40sg0gxpn,BSH,2000,
xch1vmsl60a93qe6s3tls5q3shs99f8g73elsp4tz542rg4c884l4khsyr7e4n,BSH,2000,
xch1genux0k8ke4nw3k0pr3k0kgk96cse663es6xgsfuj3n87rw7awlsa65rlz,BSH,2000,
xch1nqjy50aknj2nvl62e9443kxvduzw5mar2wn89chare6mmwmkd95qw7zx0m,BSH,2000,
xch1eqvuhm2h3kehuc9k95wld4dwjd68avmcq0y04dthtjfyl4f3jpms0f9rsv,BSH,2000,
xch19xd7qu8w78224w899umpnzzmwkz6dztz8ge3kplr3d3u8zqzx8vs7uge3q,BSH,2000,
xch173e40jt8nrnx5c62kfyhdtc0mktrke053tullnaqajrs4hwacg9sguezn9,BSH,2000,
xch1hee3nmaedq70lfmfvpp666hj3clvqm3tyk8cyuggfsuvpp05muesyjdgfc,BSH,2000,
xch1ypn358d3n5m57ghvv3yuldrjdecq7tkdehlgw4kdu3aznh7jpx9qfcgqa8,BSH,2000,
xch18nvpyqftjqfs07hg7ujc5htnjd47y8w64y8wmcvx39cdvhnag5xqqc4umy,BSH,2000,
xch1vltusn0u77gumd63jr74p03h9jr2mdeh68tklmsd3fjs5kssqyqqgdrqju,BSH,2000,
xch1eh6ns2lm2mtztll3cwda0k0f2e3h40v2xeq48he0sjaum3e5w4nqrjxdsd,BSH,2000,
xch1630wa0sj99ukf5w9mgxrdudsd9t3kx0cavphlrk4rsdadtvt0yxsjp3qac,BSH,2000,
xch1kun9dxj7854mzyxvj5cdhsz4uk69ujkd9atk2u6qslmgtryhxdkq7pp46g,BSH,2000,
xch10dsj24xldu5y2namacc3xrlafz9p9jjtx2y9dp4mzrg9ts5lpf0s6slamn,BSH,2000,
xch1utee8yf5wfrsqv7d7m0nrq47ta2crhulyfa3jn344g0fhcssagmq8uar8l,BSH,2000,
xch15grwuqeakf8k4we7gg0vl0wxjztf9cq3pcqgxujuk4uvcz6hglrqzxhgwy,BSH,2000,
xch1m05xxawkdrnljsz9y89qush657vn9vl9lln3c28l0mvyt9ww0epq769t5f,BSH,2000,
xch1kpznffvvnmqqphwvalwht97tpcgta9p20629yjcsat2tedzs7mwsw436v3,BSH,2000,
xch1sln9cwv702n9xuk754kjqt6hykw2wphvne6ctw8rup7r54r3apyqpzajsg,BSH,2000,
xch1zgftahxfse7y6wewwc256nm98gudhcpe2qduqdwyjh45nwns9q9qvtzy9m,BSH,2000,
xch14xt28snfjkjxchpzuu5zpeq2mkls6h55tyhpgplu4cvlaex9qy7s7tsapm,BSH,2000,
xch1jlv8v9pndgaaz3np8pr4yqu56lhhjp9rt5u72vzc4hykta0aclusy29zvk,BSH,2000,
xch1necxlhhpwlt03ycq7dmdvnrqjh02zwhnqxe6pkfe2wt7eqzsf95q87c59e,BSH,2000,
xch13w3vxlw5maku8jqndhaukvsun7swl5nz6pjk4y58jr4xf73ed8tsmgusz0,BSH,2000,
xch1j9ue5rf3uw2yqqylf2s4za6vc8kvg4uyrs94dyhcpkufzwrlduvqldeec9,BSH,2000,
xch1uuc5g274h708fkwu6d84z5ncjmf50445sgh285dt5klkqr4j8pnsexr7f5,BSH,2000,
xch14d0g4772ud76lyyyawvg45g2hvpxt68zvwunv5u0dga0l7mnhgrsmdyauy,BSH,2000,
xch1ef75w7g9v3j66q4052pfgzrc5sp9hyqvtqqfgj3m62lfd8mc7y6snpj0v0,BSH,2000,
xch19s5tvz4ttwauakkn8zda37z3z0lujzzjf5y4tl89fzymaauekvlqjlfnyh,BSH,2000,
xch16wjhc07e25jud7xykr3nfk9sxzs7dqp4evkgveg0e3u3wqp8rdts7ctwjp,BSH,2000,
xch15xr3mpfqgwauxf0v7hd3kft042z9al5e094phze2xyctp5ydjqese8dl96,BSH,2000,
xch1c3saeq8yxst7qpc7v5ypklrmrsa48r5z9uvqzkdppj2ez29dlv3q6gunwx,BSH,2000,
xch1h7gszm4ggchxt6lq44zs3vqtklaqqvg4yk20g36a6l5mwjpt890s6es4su,BSH,2000,
xch1wwwwqdxszmf7szhznaw34kuqepmt942z8j6yyjuvpxgm6sdkjegq2ap593,BSH,2000,
xch1x4mhrzcn6m7qnxlmzm020s8u594ytdxp0xcm0x6d8vwvphldzc7s9qsy38,BSH,2000,
xch1yj7rt3er04q30tnxetzhtxmvsyqwyfmgh5rw35pnfumkyd6sg4ws5xd6d6,BSH,2000,
xch1sec99ungzlxslkdhztvqnqv3pdspzrhyvjc47hcedewx9f2d4e4s2mcuef,BSH,2000,
xch1ulhzs6g49mhlm4quk6zr35ddrdmeek945dmuvlnpjxt9z80aqujskp9s30,BSH,2000,
xch12fwtzjys59rr7yd568hmuh7qllx3mq373mfvd2st9ds35jz74pnslm020j,BSH,2000,
xch13hdj3r02zhenk430favtl3axghnae7fp5xxdjcmtev0ehj65zkjqpdcste,BSH,2000,
xch1kkvg33phmzh6gmm3emtp2ds4ut3vp08ksyg5d837xl3mlkt2cq2s2t6zga,BSH,2000,
xch1jjfg30wlfea27lzzyskf8yq3flfex3m3zqw9kl9wjply9j4lj2zsmn40p3,BSH,2000,
xch1n2nz9elvgccd58yjcca3gdd2sg8ve69j89sj0v3anfgd69u7thps8aecq6,BSH,2000,
xch1lxakukv57gdaayggsqd4jtva8aztvdqt5ea8pu667ckc46f46zlqhemeyl,BSH,2000,
xch1d2m00yhg8wujefz9wygmg00u68h2nrrpal5rtpysv4rka2zcjrtswkr0t5,BSH,2000,
xch12sja30hmctughz0xzegydw398fttmukzqdf025gyk2kux9afq73sd6s60t,BSH,2000,
xch1e7ynsvuwkl8hcnwxrcygaufv3lyvyrawmrl45lux7a2emccxntvqt6mrf7,BSH,2000,
xch1h2569kdwu342d0wg95t5vgve4z5v6644w4pj6tk6tnryahy3gmvqltwhn0,BSH,2000,
xch1me0q5t42n5vf06qrk0gfmtds2lchjy6x5wml5pm9y2j5hrvt33zs2z0j7s,BSH,2000,
xch13hpzwmj30mdquvk4m9dx5qa5736are3d0yxsw2tayql7el2wgrhsfv20mf,BSH,2000,
xch1240dshsz8cntz8dgq370gw009jetts3xm95ltg3g3ssv33k7y0as2cqd8d,BSH,2000,
xch1m5uwe9r9fd5rawl2xe4puq2auejd7nkyy3pmct3x49lluj0s09fszp5c3c,BSH,2000,
xch19hnaj0saxuvedggystqlkfnxswa77c7wf0wz9v52mafexngyvdxqypx5mh,BSH,2000,
xch14z0rjmf6wh4xrtq2ectc5jazq6uxx3c89d4sag9gsdxhku8n3w3qrp3x6d,BSH,2000,
xch1vektlpx6jd0m803crqc3repnympt8t4k02zgk8dyajuj2e6u2skq9quwdt,BSH,2000,
xch15hvz2n6zmhltdpfgetlhj2hjs47le32dzzfy3fn6k0d9j4z74e6spernce,BSH,2000,
xch107lrrwl0xqa9ddnktugqfhwqk9s2sgne49m9jq7tggvp5dxjl5ysqcjp08,BSH,2000,
xch150wcdwq4jpfrfj0hgexp0s43qzjelycr0nh7fakgpral76y4gldqlw2eml,BSH,2000,
xch1wh33ngt0hdknckv0j75267y6jgx28mcjx2hcy6lsy024870xq7sqvdqnj6,BSH,2000,
xch1vhxyu2g7kh63zhra9n6n69t4z0xglc632v9jcnezk70nkm8rzvmsg6qxjs,BSH,2000,
xch1u44meeq7z7ddtnkmgy3udqqg3vuau0f2t4x5urcftd2zhpv25qlqsf348v,BSH,2000,
xch1aystmz59rf9uhu7j4qxrzzucjczcaetlk9nu5z5hq0xpym2y6hyspv6ecj,BSH,2000,
xch1gfd8fqcu0385pnllhgtdr760pclu5dgqzwxdv233pa45sd44umpsgvz4pq,BSH,2000,
xch1nvcr8s7ed0smkj3qkyf26uvyw6j23gjr0ntkqcj5tt269wx0hywq987t4a,BSH,2000,
xch1shxtmw8kjgzhryeefsd3xc9vzcdzsfww0p9wjczsfq0jxtlgnv3qaut70f,BSH,2000,
xch1fu7tpntxptqjkp0al9xthlyrter76xn3qh9943u9eplgvtpzlnaq2eskez,BSH,2000,
xch1tclj05lhjjm5dpdhun0wvypfsqj9mn2xm88m8d7zwgjs7geyqnysjhlwa8,BSH,2000,
xch19zvt94pd9sn4jqgd2ctwwnjj2quhyxtessgr2m7zwma7st3nv0gsce0uy3,BSH,2000,
xch148zn8hk92uelrw59tkvz9khm2g9yumm95gw4m6ad628thjq5vaysaze627,BSH,2000,
xch1d0nm04pwucjw765letazxm587tsc6tcxxax0ashc3tlank4xpx0qxqm6zq,BSH,2000,
xch1w80yg42rdtjwfuf0yvu8nczrmskhe32crrmj0ks22k7zm3lladqsv62mrq,BSH,2000,
xch16pcmthev58487ufqm0dj8tdylymr0yeyeangcfr4ae3vusw56m4qtds5xj,BSH,2000,
xch18rahxdfqqchzdesqltu8907yee2c0x43zdc7rz3gfw0p6904zetsgj7vvc,BSH,2000,
xch1f4jvvnyxhs322a54jvv88jrvn6jagv7xpfj9nlf6q46gr9wv0p5sam0w5t,BSH,2000,
xch1n2an3zl5jr30ccednh4kpvj64ru2wxc6mwpstv34q50fpjnalfnssskzef,BSH,2000,
xch1xhe4jewcrkty0flttdfctkmugyg9xkf0mt3a5n4jzk2wanrjtgdqwgw4eq,BSH,2000,
xch1ccvku9n47avsnf3zfjf8gye7n3vg72vjvvprev63xmnm9mg4mddsaz72a4,BSH,2000,
xch1fjgyl0ajznmg6vewkxgryx85zzzf9cdr7q5538n4guuwn7cn28hs4ca2r8,BSH,2000,
xch1hwufwlp7gd37wav334hk69zarwd2yv3e7ph06eevkf4yzmr3gzdq33zf46,BSH,2000,
xch1epzdzpa48swdjz3lww7pm7h2h7m3dfxq574hl0hald53vzuld8cqxprps2,BSH,2000,
xch16jgn8s2c83fvmq86pleurxpvphrekzgetjtdeumr3njr2q4mq50qx6jwtf,BSH,2000,
xch19zznq54ymd6vlzuqp952de3tnz82540pfc359f7tkhxlgtr9clcqvf34tm,BSH,2000,
xch1hfvwk38pd6mwe3qh345cp8ugnh3vsxerdy6axzysf7jvg8259mnqqd04aa,BSH,2000,
xch1fhvt69cprv2sd4g7tyztc64wlcs80ptuwrqartv7azvzvv7wuuxskx85m2,BSH,2000,
xch1jje47nq4z27f7y4kewldt0ndrpgpfuqp4zvq3508d3j8c7k2f4fsnp9wnd,BSH,2000,
xch1vpwesvaakal604dlx6xapcvjyswv30h3cs0srq386y927smek6nqqj0z9a,BSH,2000,
xch15n4lfh9qp2cfggrugszhzt9ashs2tw926lj0zjlltvndrtq920jsptpdu2,BSH,2000,
xch1rmf5u5s8xlysw3qd7rmlslm8e6ahhuu4fv9c8xj7v54v0z34qx0q5ydc9n,BSH,2000,
xch1wxpnrpeenaq5ph97td0prr23takaffgl0t29j2788chext7zu9eqamr6yf,BSH,2000,
xch1cnz6v2kxrrp2wgzsae6rqsnaxxjv93v4etprasej632883vm49lqum53a8,BSH,2000,
xch1kyu9amaqju9cscsee585xk5r9tqg0qrjvym7hysk906kx5a3qxeqgc5rd8,BSH,2000,
xch1w00awctlucx78hf600l5p6hsmr8k7vr9tqay096ryfkulr7msxnstthhe9,BSH,2000,
xch1mw22h5ddul7u5lpfyqcx2q2fm2gk3rv4lr3kgk7gkrwu3dlshylseszv0e,BSH,2000,
xch1tk2ug5wm5mge080f39zum5w0jgxvstancennh38vvsxsjgjsdpgqjly3qn,BSH,2000,
xch1u577muf3lee9f4024v5w65fkm3n9ptye8wwe6kdyxrwg4hxve9hqh7pk5c,BSH,2000,
xch1z7ndx0gqneldakn4yycr5u5utqzhjxkypa3q60s7tujdjt6vgjsqu5ry78,BSH,2000,
xch19mrpl8q2dc5vv6r5txvsmpfz33dfu65xl94drpuwah09k0p0uk3qtwc8xe,BSH,2000,
xch1hcftafgmms53d3jlmxpdwz5qs5r6g80k8e0kkmr5qcqfcf4q577s2h06du,BSH,2000,
xch10rj8agjzg7s37n0nenv4ygvy4ku9vvlqx768wu7xhdyyded4jvzqf36d6e,BSH,2000,
xch16rarqff9jm9n5je758a9e4wn6zjy06crgdmzdzss6damfweazp3smrqrsf,BSH,2000,
xch1njhu8fdn9ps3dghk36v569muqerja57dqe8ut4vzm8c5xt4k2f2qg98thk,BSH,2000,
xch1lxgz78yzdntvygr9l8t6ws7jqhpje6rrefsp0exsn5fjeer2mthqulwur9,BSH,2000,
xch1825pfpym44x0vhwv2082h0459g4u84ng7v9qxft9vz0kz504f6tq0yhfgt,BSH,2000,
xch162u2g7l944xapz7wv40wavhsrrffjfppns222yauzp2ct4jp7tls6ydwx2,BSH,2000,
xch1sd82qsss2xkqkzsy3ckj7asw2aa6ed6emkrkrsaaaxjqck070h4skuh0yu,BSH,2000,
xch1934p6t232kyy40n83zyfmwfgzsk2ypejd0a2tkzzxzguapt8z09sjtkgnv,BSH,2000,
xch1nkq5gxpnxduvv4psz897x46pj9xs0v8mdflqmq4kh5tlf78ecx6qyplf5n,BSH,2000,
xch1kj2d7evg958c4xwtj6cr56459r675qrs2zqgjljgyygtr4r05yjsvglvpj,BSH,2000,
xch1j0zma245ravxcu2cghcwelct6qz30wnadwfmmjuurz47rpxne58seewg2k,BSH,2000,
xch1jrl6547308uky2q80x3krdhs009tmy80ptc98u3vmxjd30mkzres7e3s06,BSH,2000,
xch17xe50v48t9596sx9yzlfe4rzrm0p5nfmz4xdta9qj027kv0psqcqn450re,BSH,2000,
xch18zd05kwhw94wcysxm0gvar5c2y4pqd66yljy4y6lsugzsykfkdhsu2e5dh,BSH,2000,
xch17tj30m8he3e0xnqr8vvq7gqmasxax3j8ny6u8ryjjsp7jdqvj59scp72d3,BSH,2000,
xch1wx3ggste9jnnzx56geajuag5mcn2qvpav7rtwlfaxfqqwu4yefxsk0wqg4,BSH,2000,
xch15lfv7ylt6wx8j63z8ftudhnwresf53phzfx38qx98thgs452jfvsl68s9p,BSH,2000,
xch1nd6d60uz8nu9mwtm7n9l07fr3035kjcuhp7es86nrkw4cruxkmaq6x592x,BSH,2000,
xch1ugql23yrqep3cet9fjvqndhcam0y0lj0ayv3rmjv84us3wz6j44qrr75gr,BSH,2000,
xch1svteaje8d0cr820slwwm2wlccp7fadckputuf66wdvkqa8z4uhysha76ty,BSH,2000,
xch1ss580z50ref4ghr8rjmvuc6ehaxaav9lujnjzt8l4c8ju8h8wxuqk32wps,BSH,2000,
xch1wqfc3caa6kjg06d4xcdk5puulxtec6xcqtsgc7grzvcdzr6sp2eqfggf6j,BSH,2000,
xch1tpd90dtjlam6j42pyp2n58ak9w40fxre58zq3e2s25q5qz5fwxssx0qxx0,BSH,2000,
xch1kxde79j4l9777vh7lcf09zxhlxy5ds9gpn6lupx8nka3fc74lquswa3lpj,BSH,2000,
xch1yw2vqs64yh0lr9y5uclmqv35que0ajng0af8en0mqckz7mu8tswsx5kafy,BSH,2000,
xch1scrxa446drh554enuxwuj3cv5j62r2g2jhqnkgj8ypes56mdqs0suecjef,BSH,2000,
xch1wwzgawxe9pk9gw5897wyqemv85vkrrfp0y7a5cxp88x3xmms39vswky3y0,BSH,2000,
xch1vg6jcqxd6nu84kqvvjsk0mav8xk4a4qfzm782ayhuk59r4tfyzcsmfazdd,BSH,2000,
xch14r2q3g638wgwkz73rnqw5zjle76x3357nd9l29x6qyhnhve5kh9q0j3v6f,BSH,2000,
xch1v23384udp393k7tkrgzggfv9geypzrgh6fz4ugnn86tsrlgeqe3qx8pk2u,BSH,2000,
xch1xwx2al0f0pwj2wzmpl93ssqt2gfe3zzarvchhcf87xqp4m334gmqghvz4g,BSH,2000,
xch1w5cac5x6jqq3arehnnrhgae3hzsf5twc693rpyph3dkrkx8qhrlqjy87t5,BSH,2000,
xch17a9a3jsk5ytdg5wrq3rcp4re7h0m9d8cyjq50aq7h0wdae4fv5eqh8tndu,BSH,2000,
xch19qxwk8u5dvsxfk6tljhjav32ja566hzp28n4kzdw07wy5esr6p4qx6rmd0,BSH,2000,
xch177fjz7mx5rvfjn3jxrjzmlq9zfdswpmqhdhcc7wd5rer0l976tkszq7pnh,BSH,2000,
xch1jefslyv83j3nq2q2tru2fv2c6cd42055rkfwyx070pumxv4p549qgd0g6g,BSH,2000,
xch1t9rxl2al0tlqflf6r2swx3r9x72gvdm0psj8defk8fshqkq909fsj0m8eh,BSH,2000,
xch1xqvx7c3uhldyfek3snyvt4my3stgyrcsehwtqzyl705lc2kwd2vslshalz,BSH,2000,
xch1k38643uae8apfw5pmeehqgkx529y82jsgpupplc5l58ad9h8feyq4s5h3y,BSH,2000,
xch1nn0w3eew0e5476s2kd40njape45car00mx94pdlethfryqah5ztqf6rznr,BSH,2000,
xch1ydn2s6a6zxg0mvl8cwzccnkjwpqad672qz879yazml6ke9xl97as728yqh,BSH,2000,
xch13daw0xevq2dq5vdfl6tjdujc5j9qzca598knadcsa9dx0jtjn2mqg2pwgf,BSH,2000,
xch1umax99zylfee33w0x42wxgmmt4rltpx0mjxytnhhpyzm0tsjk8vs3pcnwd,BSH,2000,
xch19ar0tquhksua0q09zk4fhmesrv2cdd705rwl8e770qhxajnvlytqpgurvj,BSH,2000,
xch1uzysjr4lf4zcjg9z8dslqz497yt2e22fjzw65yye648cr3h78c2sp7jwdh,BSH,2000,
xch1fnhlm8rljrgd8tazmkddkc0vrcsgcxt8unahwxz6m5xnnp3cm24qeh6ka9,BSH,2000,
xch1vcjx3wnd85fqkd46j28padpa5e8hup78awgfge5nnmn6vgh7q3qqsg6wwe,BSH,2000,
xch13r5szjvym0k380pfzfh9x9qza2rx7wsznam26p90tmlz0sw3cg4skkehx0,BSH,2000,
xch1ru0hkxqer7ku9d478wgtuftl7nu9dnahvz2d5jyhqjc7fgatn2uqrw8egp,BSH,2000,
xch1jlxrq66qs7ejna7nk7grsr9tzmz5cqz82a3dsjle3zptj9mhkwvs39ngj3,BSH,2000,
xch133m3mufwhxcyj2ucx5s68q9u7qe2ss73hl6368gg2mnqtyh7kxvq49mxuh,BSH,2000,
xch1eykv50nt9dsvlgpgdkh3f2n8mjtv7f089vqpf4yfv3y8j3p8jvgqmenj76,BSH,2000,
xch1e9ws2slr283f3d5r8wem5lvxgqt4449cp5kx6p7jht80u03d8chqplnqkh,BSH,2000,
xch1fyt9mshktpekegrv53muprxvkadxe22fqqn69klnzltht0l93xgqccm4gj,BSH,2000,
xch1vta63kzm608t8r7wyg5lq5sggvftxlftuthwlyxaekdj6fd40k0qpxw35u,BSH,2000,
xch1mj7dds9tcc4pqquaq8fx4ymspmmxvd3xw7mh7u9d5jpxqaha0ypqlslx4s,BSH,2000,
xch1mc2hmfq7xmcwwhmdtfmzmjxpjuthtzxserqtz5dq3npmyxt9aq4qcs2xus,BSH,2000,
xch1e7xwtwul3u5w3lsvpl2vval4ms9pfmef5tfdrv7zwc9yn2nlgpdqcgsgtd,BSH,2000,
xch1c8d3dg4yvgj6xfk9myluc2jz6qegjpjzywzkwjgpehlzst9rvw3s2yk7vz,BSH,2000,
xch1jrne8p7xgwjeykztx44femjg2g95jqcdzadh6awru3lk0sap3a3s9rvjlj,BSH,2000,
xch1sspc5axk5tc2ssksaujsmdmlfe7l4ml5xc9lenfymy7j6jpgsysq6ecrgc,BSH,2000,
xch1knp5vlw749ulcjwdqfpt7v33hgzn53jstpn9s8p7ykhtn2rdrwqsywypfk,BSH,2000,
xch1kyvgt3p5rgddfll480mr7u780tu6arssrs5ap4v58scrua97fqxsp8eulv,BSH,2000,
xch1580v3v943hkzepnr0f6m95vwdhx3k66h2q8gugxl2zqd9u6792tsypfc68,BSH,2000,
xch1tm8fx5n6t0723slrg6lh9knysafg6wn9qwfhfd9rl46xp34wj4cqyhmm8n,BSH,2000,
xch14q4vj35y5ngazd0gzmnm4g4yu2thrf7aephp6w38z7dtwavusn7sceswlq,BSH,2000,
xch1fewzkpa3ayxf490zvtvpg0j8j40cxcpy8fup7cc8ymntnpj9g98qkhj9xu,BSH,2000,
xch1vzvx3wsq3d37sr73zct4f6avryw934p4eukemv35uuyfnz9zae0q67h473,BSH,2000,
xch1l36g22uts63zmasq2jmenaaxf9y5ea8aqu279dunwc938ksf0nws87wjyr,BSH,2000,
xch1wehhpqnrpwdll823ls4mvt80gkexa2qnaxyd5krjygjy5px9gseq6vcxd6,BSH,2000,
xch1gq57da39e6k0de0aarum3w83pcf5ekhhf6wj983egsynzx3wlgxs3ykl4l,BSH,2000,
xch1vfhlaaasmfmldfqtq4wt33f6e24xlnrykz42e9cw88qmdv7kzjwshvhmy8,BSH,2000,
xch1avcuvxxkpgrwzenzmg9utpteu2lpzxr4lj4pda4p8whka08kaktq4h43nm,BSH,2000,
xch13e466x4ag2rq5qgxyl9mfapg2uqruy70la425pxzsukrx7na6c9q4euwnv,BSH,2000,
xch10rlazkz7qg464az357xf3f2gqq7krw3uschzgs9g734qt2r8yh7qjnf48g,BSH,2000,
xch143ealf3k0z900q8wgaefccyzy3gh0pj3dmd3l7ghqlywfz4gtklqz59j8l,BSH,2000,
xch1adh73ag0sa4s33cgmf9yuteltpgtux57v3ut875dl6ntqnpkylcq04uxvd,BSH,2000,
xch1zrwsjhduxqhkyf49zu857udmemhnzk3yak45gwnqz5a5jtswz93qgdegu9,BSH,2000,
xch1a9kd8tymf7p886hc9uxddc7xylag4dryus3na8t859eknha8d64shdqcnu,BSH,2000,
xch1re7qnrd2nw0shevckdamnmwaa3yv2f653u6xterfsyqpufyp53lqematmc,BSH,2000,
xch1vraypsuthqpmtqw4j98skfjc7q3hzuece75eyxm6frv7hm0mcv4s62urfz,BSH,2000,
xch1mng43czjyfk7xf00s4u2ytryazqx5gtdeqt0230e5hqyjlj8ts2s7h9yw8,BSH,2000,
xch1jckhkpcehwjh3kv7fufta3dxfa5z9j9fhjjhdtz60e2065nxzchq4ahxg2,BSH,2000,
xch1feyn9yc7nckjyy8uugyd7fmc0kkfyufctaeypqp4sdzkjscqwx2smmt2c6,BSH,2000,
xch10u0et6uv5zrfe24w0m0juxmz9g5mslwehea9pvgt69l44a7k6ptqpyaht0,BSH,2000,
xch1rkeetemulgm06stymxep9zcq27qrv67kh8tk9mst97xhmjjjya4s9yp2dd,BSH,2000,
xch1el4mggesm045ug58gl0cdsuentf3nrlf4j6lpdylu46lnnpwvg7q44n683,BSH,2000,
xch1f6285utp6lqzn2wnp8puvym5jamvt9wl6jfhfen8dfsh3l0y7anqseespg,BSH,2000,
xch1alv2flv5005kkuzvxfvt9j82ne25t90l9y5a6w6vneprxqyvnflq2n6a5v,BSH,2000,
xch1a25mkj5cxzpdqpq3g3jc0e3uxuzvncthjzu3qssdc8gzjrk4z4fqesqttz,BSH,2000,
xch1aw89gexn5f9v2ty64yrfu49er89v4kpkj7l8jyr62yh6hnhtfqmsm0qa42,BSH,2000,
xch15h5cpn7dcaseh40jqhf2uflmpa836hp4dxryfx20pnfamfjka9xsmjwf4t,BSH,2000,
xch12d2c6zl6n7wg9p667q896dmv9qwgl0lgzweg6rnh9jekdvk8hcxsgyv3tl,BSH,2000,
xch1jgcv5xpw2r4a55rpc2cp04jl9mwc3ung0ttfed35x9e7xrjdtwpspgjwkq,BSH,2000,
xch1stxmcjz36afpxavjvh7duzc7rg6ky8732su9gte707wdrz4lsj3stgfegr,BSH,2000,
xch1577p3qa6hvcngf336pfznflstta4ke8wl4cw05rsm8094zlpfjtsuhdve6,BSH,2000,
xch1a9r66sxt3r2e8fpx2h2j8mq8m549zpxp4s37gwg904mp8jc6gugqgtqgkk,BSH,2000,
xch19zc90dv5s680fc26cgsj9qdpw9sfe6nmpmw0zmzssvg6pdl0dkmqfjqxhm,BSH,2000,
xch13mrzsa6cxz7s6vnxjagmu2m2qpdz0juj9gu444p7f0nypnmj28ksn5tgn8,BSH,2000,
xch1ytsl99uyadxy0xwyujln8k2ac3z4k0x03v2uu8awjq0uu464av9qua5lkp,BSH,2000,
xch1hragszdd7hhczv9mawtv5gpnk7rj8k4ctahqg4wkshllakults5s8m5g7y,BSH,2000,
xch157z5fh3s3snz4832kqh623ffe6p4u46hzlj8dk8xqvm277l0yp5sn6py3v,BSH,2000,
xch1wyy2f7yqwzcwhwjrwex0tv8gh7e9wgnup3s59ftnqxg8as4g4t6shv2h87,BSH,2000,
xch1lu0axc6sv8nvdsjxdsts2wtxkrukryaqcpk28hy8lepmwrt7wfwswrp9e4,BSH,2000,
xch1zkd5j4sp95zszm9aw3pl9w4eds5nt4qlcm7dx5dlg259pyvek92qm23hxd,BSH,2000,
xch1g4aulnzxct8xdslj4t5gpd3t5gxwc4lg8chwzpk35cmllscqafws4u5rnz,BSH,2000,
xch1c5ev9qqlcnfa76jm407h8wdm9g3e6ullt6hm79txa9tfue0g35esgpnyap,BSH,2000,
xch1e6fmxkahvgesqzsg8xswpaherk8d4px8nvgj7hcxtylcyx5qcw3sk7wjf9,BSH,2000,
xch13meulmjhsp6c7r3falev2l4g44lan9tgf928qvaaesggxygxnh0sy9m38a,BSH,2000,
xch10d7860ap0rfvj5x20dr2nygelkfy42qnksqhfw4d088flqvkfzxsxhxllw,BSH,2000,
xch170sx50nrz279hzfqtmjn93mc59zjg43g35rpc96nt92drwkzvptqpqmm0s,BSH,2000,
xch16njfwhns3ys34fqs5z9c7trn9f49gvk0un3smxewxg75u8pd4y0syptc66,BSH,2000,
xch1fqxuy42vsx0nklrfk9592utd0khkhmwhhq2fme4z4ryn4uyk53asnzymjv,BSH,2000,
xch1uejxazcyct2cm7un5ntsq9mxx5pv4xnt6a2pwpc979pr6uda8tdq8a9qag,BSH,2000,
xch1t7nwjjknwuxgjplxsk5ths84d7yvwvhwt65jfrz5v7u4g6g942rq22wjz5,BSH,2000,
xch10tvr0qxq6j8fh0cm5j2jjyj6ztgl6p8n66fev32el9jr9sum69psn359vv,BSH,2000,
xch1d6rnj49fdrfw2tlap5hsvut4mdhtyw83vh6507h2s7rwqwkp74vqlaaskr,BSH,2000,
xch1ge2l9a60qj4l426rfg0q8pthqm6ttqcleljejgagg38cj4jlhk4sxl6fa6,BSH,2000,
xch1nwqk6q8j5w28ksw72kn0tp5s4svnzs8h7ndq4prtefd9em4xcgsq42kg4s,BSH,2000,
xch1s97d9llksxwqz6p4z7wp5wcxgekqg9hdpqtz7wxf5veju8hcc3nqaxdpuc,BSH,2000,
xch1ujt9vtw7af2gvk609zuw944t44ejwczky2tvkq3cqf6q2jq06aeqzqmg5m,BSH,2000,
xch10tg6vjl84nm48ppf8cdjkdynzeqcn0unq3um2hn2vpl9c3gwm5ks7fu9yy,BSH,2000,
xch14tzapke5d7chx3y0fjev4q03e4ezzjvnwgh2r6zvv3jzgdcwjanszafqqu,BSH,2000,
xch1fyqxcu4t5qa2l6npsxtynwyujsu748u3fwp3s5s843f5sc2pcw7qrdmt6r,BSH,2000,
xch1726r0jqa3euu5uexk4w3aekmrl5e5ljglc2spxaxqjjt5gxmgu0sf6nx9c,BSH,2000,
xch1up848sq45ycwzmff2yjnrcp4a3z64khu9tdav7vquv08r9f3fllqt0uez0,BSH,2000,
xch1cv09uwvw0s0vewryjazzms9x5csac24l0tawaqjzjc05uum2xuxqe80jgc,BSH,2000,
xch167wm3lvu6m047hdl6r6efzqgcjwwemt6g9qynnqp48ue5kscc2cqpp4pnp,BSH,2000,
xch16vtng8m2ex7nz2e6el9qsacshjmap4xn5mnweqek4vxdg4krfadsj24ne8,BSH,2000,
xch170hlrqzuzqez7dmcnjles9whzztmev82gtnrl0rz7sy20eg2wj0qyljxt4,BSH,2000,
xch1n7u2zxktrney2dapn4lmc0xj9xxctp9ukgr8pyg0um5z7s0uhpzqw58356,BSH,2000,
xch1d87m2suzwn7k20sgzpw0nynr2nheapv8d40myw258wv076d7jf9qcumfjk,BSH,2000,
xch1mdj8q7qcwl8dghx7au3l2q758p54ct304v29hjtwsvget75fs6zqyl42lz,BSH,2000,
xch1lzp2cmjjmus8awlyu9cvmkcyhu7esp4nfd9ntevxedxcp5je85es593gv9,BSH,2000,
xch1xsmejgzrhjvp4spn2z7fy5g96ps2avk2sjl5rajenj3rscq2cs5s00z349,BSH,2000,
xch16rgaufq5zgyudmf2lnys3jed3r4jwkxuavtrm7qc3hmap9t78rpqkpv32t,BSH,2000,
xch1hag98pfvy2km9ny4783kr3t9kuzryyjydnfmppdylgh570uc7xgsfujugf,BSH,2000,
xch1xny2m8dhs7cp42x77lmzvj2tzmlkhsdewneg0na5y28j7wrwevks93ne3t,BSH,2000,
xch124rulmrp58acegsnxzpee7qnuf8v3hqjlr4audmautskuk7dqvvs5vekna,BSH,2000,
xch1avp7d48erua6yfd25tsn7clgpsfm0frkdzt04k6jc6lh9hw3x4rqrujntf,BSH,2000,
xch1rca5a7z5jz4me7kurh5t9p0er0a7qmd0xkdmgrdavjnwh7mnwemqumwe3c,BSH,2000,
xch1khadsaw3tequed5weaz57x9ew9f3c64k20fq4m0vpdphlkfmeglqqu6rrq,BSH,2000,
xch17mps7aravv6mhp7hge0v4m878a049tn9e2a70sjyd8k9cram864qadntt8,BSH,2000,
xch15vyqttrg344de2qg84ahp5ze0frl53acgfdmcmjg26kwj9jmq5rsk2rjw0,BSH,2000,
xch1vqhakrd43tqqchq66fut854vs9dkxw9lk82prt9vqcftld9x9mwswr4fjg,BSH,2000,
xch1flp2rne4ykq8g0y3jkl4nlghsmt2lcm6e36a2zml7lsnc330tmzsxpfr6h,BSH,2000,
xch17cexuxk6szuz2t9z3smew4j20h86n8f2hgkqqa0kjhl8zn6n2hsq5tn5p5,BSH,2000,
xch1wmav0wjt0fx3n70antwrdgffvmry29zkx0h03py9md4qfmj4ausswq0pu7,BSH,2000,
xch1ugun0eu6dkvt6nvxmzpgtnlj7an7kk9wrgcc8vm7r257aye0z97qdf4yqf,BSH,2000,
xch1l2q99q7mfahezzgmw5wktf6a9fx6vtdlhj0ev87z43h28g2rzfasm6fmqv,BSH,2000,
xch1a4p2tjslyvhqklfreeaua5amaax9znakesmv5d2lf9mx4fhft0ysjpfxx9,BSH,2000,
xch1szvhfkx8v4x7s4kxzg8vwgjgmrjv66yh0ntlwtjquch3syc0zlds4mqdzl,BSH,2000,
xch1y4vy0qdptmzkwattzzwpn5cf2nyz4padcu2s9qf3np4uzeycs62qg7y78h,BSH,2000,
xch125m3jzl5ndsfz0mfq23va6rxcmcpyz5ftm908ycudahvwlgzyvjsdy79n8,BSH,2000,
xch1m28dvprsuyh5eya8pm298p5jm8yzk87m6ts7qu0eh7u6mr7lsn6qcukxmk,BSH,2000,
xch1v85lz0zcfnmn28xfswhfdxeug64jt8r0e7nurcln0lfnydzzqn6sw6rw9a,BSH,2000,
xch1kjcxrujzhy7rfqmma4mxel6jjr48w7njs0c9t9anflw2le5g7wuqpuwtpk,BSH,2000,
xch1fk3vshwhlls77apuuys2knqegzke649dan8y7c8ptxsyllqw649qga0n4c,BSH,2000,
xch1jjwvkhm0de8pev3smkuf9e05enyrhxxseq05s4sxhfa0mhk3nwfsn42xzd,BSH,2000,
xch13yncgvccwqkvlde2vwyyuynpgea7x23kuda9as29zz2ud74lzp8q8lkd4j,BSH,2000,
xch1hys9au3gugxkjwsxrxa5d060jnm6nc479zh2598dyv7um45kpfeqld9hk7,BSH,2000,
xch1xnsufwucvfvfxp9skx5zt58qa2np305fvgd03xqqkjf45z0f9gfq4tkmvf,BSH,2000,
xch1se2f3pyr7wnaud7q3ha9a2xqlf5xmg5wuejq90gfclzk7uhzt0qqszphtv,BSH,2000,
xch1fyaf8cgp4gapdcxcux0q6jyjuf2cacx52xxlv34lmj4dfrx70kns6jv5e6,BSH,2000,
xch18h8zf8szqutz08e85acmu9rycksu70fpf93zdd64sq4x28f34vfsqsq0t5,BSH,2000,
xch1g83sc5zyk5v6ap2qvz3kdjvcwl6xkhjl9s4h3m6ejnp6c50hqxcstd6tms,BSH,2000,
xch1gkumwcata2wtazk0sz3y59e4tdl3ufl2vxpn99re0f3r88tvnk8q9sre9z,BSH,2000,
xch1kuqh8cggaww6699fnnhf6u0sqwz3yzaq4heuh8wpmx2uc2ke4wvq2pg34c,BSH,2000,
xch1mq65w856qcn26t0xwushjf60cjlzrn4u4wueq5krj4ejhhpwls4sjd00me,BSH,2000,
xch1rl4ws5ulmj29ehcnftsa2xx0k74ed6y3rnt0vg69r5u8swt5gs8qhqs0zn,BSH,2000,
xch1hyd6c3glrreju64klfgu0au5zg8nwnlxju5dycwrplx2rgv4rpqqrytq3e,BSH,2000,
xch1wgu24r4sg8u7ugnlhw0nr4h7je0l9y85wutuagl34e83p834l6ssczc2ea,BSH,2000,
xch12g0neu3c4dprr7dyc5dugq5sgwndzm7pxzsx77udmga996wyp6sszcz0r5,BSH,2000,
xch1xzmv290eq6gq8jkehnj88r8sedcl5yvzv68p3vqtgdtjunreprasrjxv6f,BSH,2000,
xch13c4ayy3hs243avw5pg5dkycw7ud4wzswth88r338yvu6252r4j8qyeuz0r,BSH,2000,
xch184pma8vp50ztvua425wga2luufw22h473rs5sfv9ndc3k6nx4l7s0ys42g,BSH,2000,
xch14e35kn2hql4grm5dplg6w92afqc5afsw9tfhukv3vs7yahrywpss6ytn5g,BSH,2000,
xch1gvzqxquc95ncuk9l6w842dpyrye04arvah9x3glmrruykhsncfwsj6dkrh,BSH,2000,
xch1m4uqhrxsckwmtllg9qdl3z58qzjtfcyfa0etv9tmdf4m7er4w8pqhyelsf,BSH,2000,
xch1anj6vhyn2v33aqw24et2aagtqygp09nwwktw7745uyrqp4qu8zxs8g5ycx,BSH,2000,
xch1musxsp5ekhy5asz68heryz94ny4c8933vsletspgzu5t9a2v3czsffw7c9,BSH,2000,
xch1kzzn2rx2rhfua3tjzcpk25gyfatrnujzhcs8zsw6fup7m6k0pdzsn6yhq0,BSH,2000,
xch14pftcx82d706z6s6p8ja2u4rdac2642wka92nrxu036090qqh9ssmzplu2,BSH,2000,
xch1m3jtz3394pntkn49yjyct0ddy955q7557wxcchgm3gm7604u3k3s5mjp8q,BSH,2000,
xch10y3acdlgmj92prcwlf43ucaa86tslfhzq4m3uwpm8ptdp5fj2hqs7frpyl,BSH,2000,
xch1l4yjyhtf45utcs70kwydnu59rdvzztkuutxlufsd62gxpq45qwhssfftcx,BSH,2000,
xch1k2hq4qwlhajtd720qka59w5seegcc2cjnplx8t7h2sq923fns8wqlqudkg,BSH,2000,
xch1cfne9t5t6lflatnjf6rlfpg8kufvmrhcl44cuuz4l6g7lpp5ltmsdfzqyx,BSH,2000,
xch1d2zuk7md3ufqxm0kxlvs69yjqyq0uen4znvglp83h0nam3dvzn9qpku0ml,BSH,2000,
xch1g5t5khqk3kt6arfu9xlwcalr5sctdu78dej007lex28evrgdsess4g50gp,BSH,2000,
xch1ssc7u4wwgq67aeglmaedhpld64h95rz0zlnnh2x7cx4tn57celnqyhjd85,BSH,2000,
xch156vumu687zkhspt57pwkqfr5fzt2ukr3dnfu97mnjpkmuac60m7qw82pcl,BSH,2000,
xch1gt43nj804mlr8g5gmrxvr0fhw6t5xqacxv4kyu9jvf0y6rnmexesj7ss4g,BSH,2000,
xch1lpxhxc3q925k2ccyjeaqes70fta6v7yxtgtmazz9x6rmju5lpv6sy3qjed,BSH,2000,
xch18syfchqja04cl57mslhlj58av63f8k8hgza00dh40d290g86jhasdpnmx3,BSH,2000,
xch1axu46a6fh82lgqcafgc96y2zz9umuewfg2nwjnjh9rc8jm3ulk0sfaprq4,BSH,2000,
xch1hpzqv0j3z3qqpwkkplzz7wmx2fz2yk0ecgyvfquhngts8f3scrpsjyqd58,BSH,2000,
xch1ssxdpkryt5laaedfgz4ggn2qjgygqm2l7qx2lzlvz7kyqq9nflzst5a6ns,BSH,2000,
xch1ys5ru0j4py6fqjj8ukq8d45wlvp2xzmf33efcx7yp49v3yyft5vs53rrpy,BSH,2000,
xch1fjl9v67mwjxhgxrv9pwhfurnrhsgalpyxvdpsmgnqtdcq4gpzdrq043xjc,BSH,2000,
xch1wrdm4k2k6yr3p20c0y7luxg7yaf4nswzqv3uvkm037lwzaa5stcs2x8r9w,BSH,2000,
xch13lcudrxffghvhty9s26us243qj3d57qgrdt2jjmnah9q8t0g98usgp8te8,BSH,2000,
xch1r23ew9pcnxjluk03lh4hthq5937kp6292zgps9z76d0uexrf7g7sv08tms,BSH,2000,
xch1xd9j2zuh0v7pz76x8u0pvw4n7xf29kkkhkxgsc5x0yyt73865s3q20vuyq,BSH,2000,
xch17r4qynwz5lqtegwv3h7c739sk8wxjky22wgnq07574x0nx9cczkqgspyk5,BSH,2000,
xch1fczgjqzqhlam6rgyv2spars3lqqccu33pwr84r776d6244kg5n7qaz49us,BSH,2000,
xch1mjdyy0rd5924vmp9lvt395m5fjzl506t3xh6ryqkltenla0wz5fqllgwtj,BSH,2000,
xch158qy8297ada282z8eqv0wpz9xtu5elk7jn338nv6zweec6pq585qn2levq,BSH,2000,
xch1ya23wspmgr6npfktjv7qkdln5jd2x70y4gzhxuwg233w3n4wtlsshh3x40,BSH,2000,
xch1v0a7eqguenanghkp03t0ua2hrj0xfgyv02ug38amspx689edeqzqmgyy8p,BSH,2000,
xch1jd8m49p02hwuf2fymt8kykwck92wqnqhewf2clvl47u9f6jdg03qxvfy3x,BSH,2000,
xch1m2atmp2vyek5vzahglkq32fee3zfl8t6gvmvnwn82r7vq4sm7a7sklfkwg,BSH,2000,
xch1ct37zwf333rvesgk9452qdakg4j0vj96lq504aad3ncsak2mh72qflrxrt,BSH,2000,
xch1hjhfm8uxtul69juwu8za8ccxlpthn3vggyms240dwfq0fddqyu6qccy0yv,BSH,2000,
xch1r2sulhavp8rgcl8hf7yj94uaew0ct8mlnu8p8htk43scq2eqzs0qt08gke,BSH,2000,
xch1j263evfzjugqjdl2wj3t929gmw72uw8njfc6fltdh0c57gqhl6gsulysg4,BSH,2000,
xch1zpzwlesqs6vyjz9swapky58pl7xktrvgtdgms26q45hstqcavfhqd055j2,BSH,2000,
xch1hmwppslae0u4qrvkz9dgtgxfd4fh9a796w7rtm399ss3qyxwctssu60wue,BSH,2000,
xch1dfwswzwtvu9je5h2slgg0hvd7pccjcplqxu9ympaghq2gre525msult9kk,BSH,2000,
xch1v42raknpalkwzxrpqgjfm56q44jmkspl4mjnanhpnhychlnqzmvqd7ledu,BSH,2000,
xch1t5ftm2c09ndu9afep9jesjxh3lgrfwnzhzhtr8lhnugecjjmujcq803ar9,BSH,2000,
xch1d7392s3fnpxjhk8cee4qj22uqlsmhy6h48c0ehucn4vlh2g8d3zsjggv68,BSH,2000,
xch10a2cy59cwkaq83l8m74rwh2mncwzsgre66uhutw6rc5sjps27push46wy5,BSH,2000,
xch174xml9sgkwzpmpltvg0pwpvke6c2gq5azfant3lwk2syq74twj8qza20em,BSH,2000,
xch1fyz4p6qpn89jy3xs59tkkjlj8az0j6thtgdr9w0vdzd7he5nvccq4wmsku,BSH,2000,
xch1gsc05g6tshrjar8m5sl53fh8vmkkzxg8fzj6w8lgk8nnz4z4kuesm9fhjz,BSH,2000,
xch1uup2jv5ypepl9zqwhej885w6lleve3kadjr93ewwvu43xyxaa2qskde3q8,BSH,2000,
xch158l406ac7dq3d6dtlyk95hw60pam4ph3vvlfcm49zsw9ua8gxj3shk87v6,BSH,2000,
xch1jqy2dhd5dfhzn8zvnykym7vj388svk2l8uwctv7z4ej65vktzl6s3jc5vs,BSH,2000,
xch1gh3u5vduayc8z0ph4dr39g3z92psxhd80223sn32cst758akc7hqsr4mpr,BSH,2000,
xch1xs4a8ksvra0pk7s0wrpacnen4g5yczvrakxagm85tar5f7rr3n5srta02j,BSH,2000,
xch12ssec89yhchgzwqss80ea5fefs32wumhc2h0ssmk7lprd2cawhystr0qyc,BSH,2000,
xch156rf4rxkj49gw3z9wxmn7qtw5vtevg5kf0z2t3qqa5n0ngfpslpqyy8h2q,BSH,2000,
xch16qhzcpq2nk94qhm2nzcjxf2wgwajysq3v4rlrzhglxlzuyk37l6s97k7pf,BSH,2000,
xch1v347qh44mdumnsywd3huswsh2tatf47yfs7xuls47wuuh26h7hyqqjcejg,BSH,2000,
xch19lyvp73zk49hq08rhcsq9fymmhpu52qwe8v62afmsrmw75g4hu8q0vaxs6,BSH,2000,
xch12t9680hqknkc564awm6ngpymqkd5u7l4u79vqdq9hmh790mqt9gqff2exn,BSH,2000,
xch1h94yumfh2xhjj33l4da7l5l362x8lhncuvprrd7pufdxmqx3nkusjvvdfu,BSH,2000,
xch1mzwl3xlp3yq232dnc54tq0vcxmwlg3yt9c8myytmgpcyuejjpt5sm7c3pd,BSH,2000,
xch10536p7kgs5snace6rev8pstl7a0ark8acv2ng46wt50w56ftu95qt2y858,BSH,2000,
xch1j40j928qrf07egqzw5a9kh434algcnnzlqqz23zes46mpmpwpmmsnhm6t0,BSH,2000,
xch1dgsgj0ucea4zkskndyftv3mn3p2u920qyl7p0zwv3p6vry4nrz6s2ttrhj,BSH,2000,
xch1h87alrmk5l02nv3nu42uev7804x4438zyc08k8tz3z4xp788rn5qmcwc8n,BSH,2000,
xch1hlag0r545jsr3mhg0z4g6qwjz6v88dc3sy9akey0hh6xkj3affgqanygax,BSH,2000,
xch1tajrha9524gcf0cajqgjlgcdvqxk39ya3mmjnqs3uxzhtpcvqgqs3zpvnh,BSH,2000,
xch1d7gcya3fyrcy52kg34vnsse6vnfzwap3j9mjevfhjhyx62v3hyfqcyhcuz,BSH,2000,
xch12c8dpr59yhfekz449dj52uqu5982k0njkpmzcrh6vyps8ssuwkuqe7u826,BSH,2000,
xch1jge9j4zhpmzm53ycmckm7ffkkk0ecttq3v8kjkgx3qfrkncgfwxsnzt245,BSH,2000,
xch16t39dz4cxf4ylsdmx2u0gp90f5w5v58yh8ha77dhq7xtrvrdy63s3drx4a,BSH,2000,
xch19a2zj0vfa9eavcalkk6n8u70yql9m4t6l9pqmnrezsqkf4yppuqq8l9tce,BSH,2000,
xch1lfwu8nkhev6aa2qmsye3efu70h8eh3nel8rzlq6y5zp9x5u6450qzutxpt,BSH,2000,
xch14vfvjs9sdt3vx2chws20pjrmnl33es29cfqpcs9tcwc2dsuhamlsdlq404,BSH,2000,
xch14h5xkyq4ajyrd4a8997aeur9r2g0fyzdg2y2lnncm9mgtld86cvqaj9h74,BSH,2000,
xch13r6pn8vv3c3pvx750y7jqt0a8k253m0jw86hc8ct30mtccq0v23q95ngzx,BSH,2000,
xch14h7ad0patl4x9559pfa9e02uydt9trjckdnv3ceh362yv4a8m4cs46023u,BSH,2000,
xch1avlmd8ec9k6uzlljjv87avq8ndynh4jpkwgul80gdyzx9z5j7xps3hr8l2,BSH,2000,
xch1tkzczzcs058gdrjfheysnjfsmzny509hnnrv3mxvpzh4yc98805spyeehd,BSH,2000,
xch1ytflj2clfkvq3a24rvgaey0y50q0pe3ke3hpcdwtjv28pxyzjaaq5jdn5q,BSH,2000,
xch195dec6vcjcjwkwmc8al6ad6sfpntmyyx9lcth397xvhy7myphufs8jgy9k,BSH,2000,
xch19u264zztpzkg7ar763phxhk52dr0kkm87mjtexl6zzrfymujnxyqtz3z6a,BSH,2000,
xch1s3hrl40daxjxtv9rt5wmcd9p8e88ssk0d96zlt2mkkxvq5ct7vzq7m43jg,BSH,2000,
xch1309ajh3g4xd27fyge2ff85l7zf2n35yuu97tm2mprpysd47ptz7suvcg6g,BSH,2000,
xch1tcgznx4fmcs7azttzfa22ngfd9t6r8l4d7whnrzdtjfxqq0eyaeqy64ggs,BSH,2000,
xch1znetxyc9hvar9kpu5tfdhljmyxlpvu0rrppx3qjedyzw758ruerqsmq0ju,BSH,2000,
xch195p5avpxm24qr6faa9xvtc37q390tfeuv6n7fqcztqrpgv65ryksxt42uf,BSH,2000,
xch147hp6euca35r0ay5e2j8d7v6pze8qs3fpcq6p97fqptza32en6psn98j8p,BSH,2000,
xch1ylwjfzgw02wx633zhxcdvq5sse5wgez5n29zpdc7u9m8ksr2erus8x3h6p,BSH,2000,
xch1lxtmgwsdsjly2xvqgme8azkpg2vyx0qjgkdzqdh2kfj6fvhm64nqdxyjus,BSH,2000,
xch1hs03ntxavyncevcx28mfr6ud5wctj2uu4ah2j0gwtqkwqmgv46zsce9cvc,BSH,2000,
xch1g8llqyed4q0wf3yj7qnf3qnttnuqxj87cjd6de6wur6n67nnw23swumm7v,BSH,2000,
xch10e3tr35kh8puxjqn3a8wkm3ud52laphhaq9hlgwm32ft04qp6hyq0m0gq8,BSH,2000,
xch1mua8cl40hl7w7rk45es4qhjtg88shjyywdz0wjmqdrrmmwhgvkfsj0wjxm,BSH,2000,
xch1cw4xdd4fntupq22fd9jg699efu09md2t0g6r6n5rclmhcf4lee3ql2q9q3,BSH,2000,
xch1nru8g88cx0952y50s5ze85seclpwzat9q76cj2uqxdkgy7rd2r0q8w7ere,BSH,2000,
xch19den33peqkmht24rd63xwvg93w4k5gk5l8st0wau96tmv7uynrdqhz7ns6,BSH,2000,
xch1eqzlmyrwal2s5uln3zv7ar4gazpztulv4pacajqqatuc0453544scvwv7p,BSH,2000,
xch1v8j3tkjx5mxpy3g4xda6jn3garlv4fdj2k6gzmck76zu4h3nf0uqr4r805,BSH,2000,
xch1405ll7lyp9zpr9q0t0uy34a06h4ncr77rgrrf4d8385phlj4pqms40jys2,BSH,2000,
xch12jt2hwfc9l5f5fv4fnsc04e053uywe3pj0jjhq4njt3a9k8flkwqee4rnq,BSH,2000,
xch1e3mpvs7dcwflx4am2w9kc0m3cf238jryml6gff57de0f20254m0qv8z8zq,BSH,2000,
xch1l6t42z8w5tjgpjp03zf5ezv3ytllq6hk8z6ty4ptmn7tyctsergsqzr3yr,BSH,2000,
xch145e2qhs0zw9zsjk6r0egn04qjw367at35r80axc7l0k3yal4g9eskqfr5t,BSH,2000,
xch1u5545aq7p0xeseed96pg7ama5cg6tysq2hjn9m73rfymmsg3zcvsqxqn2g,BSH,2000,
xch13g06rpp56l4xa579j7apa2k8qdadqrm9wq4nngv8knarcpqkxpnqc3ugln,BSH,2000,
xch1mpde73pv7ftjxvt30fc9d8p5wgw3a0683meqxu04vynl07886m3sc07rvz,BSH,2000,
xch12zfxd67gdl7lassjnw9vxn6t582cn2qqmtvhg30ppzu3qgrgnmzsg6ajkm,BSH,2000,
xch17lg452aj0uzv7a8xvfwqf58uu79rpeladakh0eprlyylx9e9x24sqpjmvg,BSH,2000,
xch1w50y2l663vkpkqg2tlrsgerzdcwy2lg3lfgx7cdxdgyt8gvpt2eqefe9xl,BSH,2000,
xch1n49npth2vnpnsxfdtxlrv6x6x2dw8swu7nnwmc4qr34kfasw5nsqfxl2xc,BSH,2000,
xch1v2es06flh5fkep0ls8r24h8zjvscv780gm9zglhqhd56j2cwzwaqdp5na7,BSH,2000,
xch1gwj4ajzggd0chhluzdchedgrfjlhztqfcl9p7dtn7ysjgrgmh7qqmjtvs4,BSH,2000,
xch1ngy6chrdmlmr8pj92zr53zc697teh7nusf40uher0l2h5f8nddnszh4y75,BSH,2000,
xch1radpszj7an0zxscwsg4d7w05mypx4fug2a6xr9xxlyey37u6xptqshxcga,BSH,2000,
xch15vlwqsenc7r9xzrftt7awsk5lupyzsd03fsn4cdl0t80lsr036rsvwx986,BSH,2000,
xch1h5d7gswgh6dc4cs6kujxzgkvvzckkgp5u5km0twq243ul7v3npxqfvvxl7,BSH,2000,
xch1trnuytyvv8t7kvyz84uf4w3tn0v50ukc75p0dulrvz0cyrz6erespr6jlh,BSH,2000,
xch1x9uv3ttc5mhp7zlpl29u7jttk8q0wrxtu8psfuxnw4nq385qdmmqhfe8z6,BSH,2000,
xch1n94hjzwgwejr3umnjdqh3he3ummxummpad42t9qrm92ndrngml8qpmkue5,BSH,2000,
xch1thxvdyqhy0xefumfr434z9nd37gwxu33ljwwzsgx8ashpl9jc0xs62spea,BSH,2000,
xch1utxshwgsp5jsk9ks77kqz4h8xyxe8lg0u64xg0ep8jdhmqefruzs0usfk2,BSH,2000,
xch1rwwpvmpzapk26meaewkkpdyuslttmpgz3ngqdp2qeh3rqfvlhh4qyhjv4z,BSH,2000,
xch1umgvelyg0kj9c7gzy0c7h3ruym6xt8zvey7mx0x0asj6dwk6npjs64x3a7,BSH,2000,
xch1wqr5aadtz4v0l6chpuze7mngx0j7mz09cmncgf3t59fgfwrclz3s3cq0k9,BSH,2000,
xch1dtw0n0fy9rknvfv09ykdqyslcw2ugc9nrk4tda3a5cf4emkvnscqx6qaql,BSH,2000,
xch1au3hhtkelaerup6nrl5ga30kmgjrcq7jdu39y5mwpzedrs3n06wqel69d7,BSH,2000,
xch1ug0mgv9zku9ev0a70tvgfk0gnjmxwg4m4e6n76e5ygngeru320esqgfexd,BSH,2000,
xch1ypnq3hsckmx8jzll40syjw4j76ttypwjsmwsznyj35lwv38n0z5smrd7j3,BSH,2000,
xch14ysetytt4xhm9la5t9gc6tn4u6zh0ywv049p34g9tuelz7xrpawqj8sygr,BSH,2000,
xch1fnscpewzzkzg7r5g038vygp5czdn28mlc9vhww8m8e8p3925zslsanvsxj,BSH,2000,
xch1z68p2z2qjyl459mdvj7rufss9m4qpwa6qq6rrezyqyr7z529j2cq8y8nkx,BSH,2000,
xch1gdvyaalzlhaaknhsx6t3sjgv68gclmdprs3yl7uxg39547my2sesf2r4qx,BSH,2000,
xch1aph5ldkqn9pnl5vrg68hz4up06q5sdwfddln73jumkt9mfsf802s2gf0lg,BSH,2000,
xch1w07gs3zrevw54hz6vl8740w5qhuevpvm4p955cu48rgxpefzqj8sypn6d4,BSH,2000,
xch143q5u8ltg7np0pmg5sltpm687q0wj7mr98vzmsjm96j272mp4elqt2md7l,BSH,2000,
xch1zcvrn5q5re2j9t77p89evs0w7any0y96uvmrstf2nu4al6fl96hsvpf9da,BSH,2000,
xch1vp9xsljt602zewvjmle7rj2c7mvgpeyekxvhmptvnuum7suy2cesy67wfh,BSH,2000,
xch15s7rsf8vkysyz9jycfymz80pdgd8crrzs48sp5k0wyc8e9jkm0kqnfrx5k,BSH,2000,
xch1242w6v5jk0r6ssglf58436ks7pxkgdswjxca8f49xgpxqderpvlqj4skee,BSH,2000,
xch1jrz6awffyw2ydkm0ljv4m856swq887ewegxwx4pj8lu4g5lellaqs9h83n,BSH,2000,
xch1ww7434we74z9s7w7z37dhdldwuvk0sfrzahzwag6qhctu7q3v2vq867nl8,BSH,2000,
xch1nlkvv587awfpa5zp3mqgh8c32h8668dlwwgvhly7hdnn70443m3sllxf7h,BSH,2000,
xch1jra56knjc6q0pts5dpu7v0vy77evk5mzs5r6zzrsl6cgaxak9cdqpt869y,BSH,2000,
xch1e577c5uvq92nqtsvjquyfy68dc7yq26dny0hskyxqku8uxlzg9gqhpyc6h,BSH,2000,
