addr,name,amount,444
xch1u47rgwd5zevsa6vpj6mwq4v3e9m775zdy222x7hqfmdszfdfy46sa36u9q,BSH,2000,
xch1fr0aml3cks684760h2qvrgck3rrvl0egn5fglj08k44tsargnf8qd0mxnu,BSH,2000,
xch1ykz3k6z8ddz4xyl34y8mhr5gh99ds58ze2mz7trvpnva74k4ln0q7f8j6t,BSH,2000,
xch16xhzz533jryaaq2tr7fuw0thugf3vc52g2x3lec3uy8dkwqut7lqg7c9j7,BSH,2000,
xch10hq9s7frdpm4z2st0wq8vjj2wwc3wpkvjakvx8txny5jlyutf0qqgzj567,BSH,2000,
xch1hh6w2umj7aja2q32ud7jvnvw2zfujhjexa0qwrvrr5jzjjm2uecqdelkts,BSH,2000,
xch1mhcxlfwxnn9l2wuuycuvl8me3j7l2n422r3f9w8rvvm8xmcdmtfqkfyt3v,BSH,2000,
xch1xjgaeze7k8vfquwget3m42e62sumu80jkuulycxul2w09asc2desmtmngd,BSH,2000,
xch1tfysjfmlzl2qe5frfadga9l8aaqu0dau0nas8vldudve8tmesaxqchdyxl,BSH,2000,
xch1fhd2hk5sfccv3kt0yjlvn9c8m0jp08sxvkd2em6j2jcpansfq30q4srr0x,BSH,2000,
xch1m9902nrff8mfl0dw0phgmxd2muq3ya65lw56ccn0vx0e5jy90utsc3x05n,BSH,2000,
xch1rn8plaukmdueav8f60eg6hdlh5d5vn9hhgp0uyc43td944ndqjysqqgxpl,BSH,2000,
xch1820rkul3jfj4ykxyrurtejlr4vr2kunzhk7mq0yzl76vs4kre3hswqsnrg,BSH,2000,
xch1yz2usw56mp8qs5qy54pcp2menhv8v2g8l5nrg6k0znleeju30qrqxv5x8t,BSH,2000,
xch1g8hum28vfp6x7satwsc06nxxdl5v8epxfwpp6qguvc5acgatcn7swp947e,BSH,2000,
xch192qcur274vjv4763uvxrr8gsrw4nlkldfqhrdr2sk60g3sppcyss3ge6ya,BSH,2000,
xch1l0qzk0nq0zn9u9863kgjsmu509us8aytc2vnh2tc37046jx7ce7q4rjqam,BSH,2000,
xch13engk0ey9g25nuakjtyc7zvr2ny72xnjphgr8zdn4gda2ajt5ess97a5cf,BSH,2000,
xch1s6rkz6jgtuwf3rqeddv96ljupj4jw2fayh8wjdt0xx9h3lps2pasd00yst,BSH,2000,
xch17x879gg7w4qc8as36254xsjpyhfgwcqdh53d69349axaagmgdmcqfhrafs,BSH,2000,
xch1mkwugvpku70d60d9ypedey6wvfjuj36pnc70rxtmknrj75524dzse0k8pc,BSH,2000,
xch12g9thewphwwtv8vctxgdkydxwf0y7js7v49p9y5qzxk064jam7nqu8qaks,BSH,2000,
xch1kjpgf0m7a4w5kyps0f57um0qjluh4gezpzj70qj48kpn2fna9lys00l532,BSH,2000,
xch1gpzl20wc9am8ltpl2vdjc8ryxtmuk0hk7ezuqw7w8p8vfucntmyqjp89lv,BSH,2000,
xch14teuvw0m4vwz7w599vfelfes7rar9sp8m4trctexzu8q0lqvwyasd4y0cu,BSH,2000,
xch1w4aqgvf6pa6e2xlzukgfvzx4p6j56avgzt804pdvq37dcnk9t9fqvh75f6,BSH,2000,
xch1mtrgwr2pfwuzz8vluzl6swrtfwz3uzf8j7tr8vwxz9ahzvq9mysq3vv6kx,BSH,2000,
xch14asgvpcmkrk53zkgyg29jtpwswkc3y3mmjuj6ahty74hgjayc5csyx25qr,BSH,2000,
xch1r6uvyjdvdenhzp0jdfz7lsgk47da9qwql2qyywpn9f25jg5upcqsflju7x,BSH,2000,
xch1ytvu3uakrdqzmgw5w4aualgl4rckgt3gdetl3r9dt9sg2n8ef0hqs3ls42,BSH,2000,
xch1kt730pywnq5x8yy9uq6eqv6yu5s4eqqer7knxxesyheyal66ykkqfu4vq8,BSH,2000,
xch145kxct2uhqm72aqs58vpr2ryk4uyejxlg35t8awyu53gjgff99vquc3h4d,BSH,2000,
xch170459t5lrx467jqp5jusc63uweja4ng33r9dlcjdw7dchdd4nguqa22dcv,BSH,2000,
xch1alx4wr0lmase785r6uur37409xrecp6k35qr0p3d33gey5rw9m6qept6az,BSH,2000,
xch1rlu3cpan679t57dxmm8rcx9kxxz84cla3efu58nccdadev8cv4vsptn37m,BSH,2000,
xch1yse53fkm3kqehge3nd88jyrd5e3glpj3qdc8g0laakf9w2k2nh0q4ddcus,BSH,2000,
xch1yl5f5ehq2rspk8l5czrm8sx070az3dg6zpwqf0hngsv2jsgpp3yqrf5pyz,BSH,2000,
xch16aselkgrz28msrqkdwh70aqwxwxt7zmvknqp7gml6rs62uc6xums4u7upt,BSH,2000,
xch1cpfrrrsafl48ytd5u7n6xr92e7age0wv2a75v0cg8ntgz8npmc6stwlm7a,BSH,2000,
xch1ulanjguaaaf34d7n9nn25cwdv2uj9eefu6lradxh0fuex98stn2q6x9zry,BSH,2000,
xch1vsaeygdhqnu36uxadprym2sqzu2zg8pzpd4r6k3mdlx5g6c85mus2pghr8,BSH,2000,
xch1m83a0n2tygvu0n57nsrtgh72kgw4s5xu9skfhahcdeadcskhd9uq4x4nzr,BSH,2000,
xch1s3krc8udzyjdtpfjt48aw7e7czyq2jjgm66pc2mhhw8d7d9p0dzs55thad,BSH,2000,
xch1ukldnf46e8g60avavxr0ltyf98twg58yv82ta70tc24czvc0cqsq06u7ks,BSH,2000,
xch1vzjznpphqsdsrtk2t475k6p56xfsgmv7twgyera5dr43eu4ydx3qc5pyxj,BSH,2000,
xch12j0wuvdzt8gdjqacwglfqtq9gqzp7nl6pne0mj4sggcdvajz80rsazz98e,BSH,2000,
xch17ef66lh5ny8ycmfpgylmd209v06s3mym8t5hgcafgsnqhr2zrzlsxgqaln,BSH,2000,
xch16ej7cszqs4wpd6sqhmxm7hx5xxsns8u57vt3n5379uwxkequap2sgfmamf,BSH,2000,
xch1npa00kc9fzc82a0j2n49z3cq6vwanyf7548dmlp54gw5hct2kz7sxsz3u5,BSH,2000,
xch1cqn9yrdmxch6fjhn3ytpwe9f69reeerwef7j75za39d3nz4vtqdsd9qtqc,BSH,2000,
xch19crnmfpndpnc7mpk2t37gfdtsv7ss20faem02cv8cxzru8mhtvcquuuaw3,BSH,2000,
xch16tzmyxvss5ncjvz99cgfzz2u54nh4kvl7za360clpx9lq248sscq475xvu,BSH,2000,
xch1jvkmng890dmc25wvsq3njwqaq2xvtgt7uknya0g0dlddrfpu2tfsp78pcp,BSH,2000,
xch1kme5d6ld6yuxkc8zl6vk8lge625jge2t64g9kjxszl98fkm5rksqlezldv,BSH,2000,
xch1krl6wl3z7jv6yw9dzq4v88pt4l6s62zgvjmr3ylrr2xs2uuv4gvq0ws2u2,BSH,2000,
xch1n20dfut6qhv2j5jzvmnc0ccmca685c05fyc3c4nezs69k72c272sjlxakz,BSH,2000,
xch1dhyaat2ktaevap6uqkc56mth99t77rtumprmzfn9wmuqv4ukl6tsswh0cc,BSH,2000,
xch1f0lxdkely6vuc93j9xl7s72072fmmttqnhahe4wlwp5hwm90683qyvzuj9,BSH,2000,
xch1eshm6ptrxmujm7s5kmvjhupp2q6sjed4sd5y6cg0a4ekv0jjyumqy8mw0f,BSH,2000,
xch1705ntuzzy0w47ttzmy9tfw8f6a5v0lelpppquulzq97g2g0xxfxseg5plp,BSH,2000,
xch1lhf5gkmm5msr7ang800ugem3d3t39nrmw6kyaqg7zeue04z707eqzadnza,BSH,2000,
xch1cvrfn9wgvz2lznwqd5a95y9h4n3fvhv3mt68tu2ktldxp4dmak6sm5ne2x,BSH,2000,
xch149p5vf0us8m9ykqjgpytggpxevt4764p73kg9v443engld6cfgzs6rxyp8,BSH,2000,
xch1nawmyfdfdv7jper9ycxqnkfa3gd730u9k8fatuk48sran2g9xqnsm7n48g,BSH,2000,
xch1xffkg4c0wj3vtt0w6wdr0wd5xrv0lwrqz65ep4a8wk526edf7llsjsvul9,BSH,2000,
xch18mvz9mcf65ffv2x5pephv74nen9uuyunpfr2cfa08x44hkqappgsdpn0ce,BSH,2000,
xch13nhm9r27js6nq6nqs65ecz760uzj0u22wdpsjxlf520c3mz98flq6hkxzs,BSH,2000,
xch1su8vkwdr68gh32n6ucj3j8s4r8d89cqy5fj0fujsxxpvtzxyrm2s6v5g5h,BSH,2000,
xch15n2dmk7dpr5h8vsll249g7f6d2ccrwgp9s4nv6aeldm9azjfqs5qm5dxph,BSH,2000,
xch1n380hx8aa876dt0kz04ma4yw6mekp6jv33qn73mqt5zjrnxnmk5sf6lg92,BSH,2000,
xch1urn5qc0m7ppgwyn9hnjhl5kezl7e06gw5y9zqv5kg6wrpuhjym2sutxn68,BSH,2000,
xch1ye8r63g4cj8enn8xn4ym2cgzevd0qjge8q4juw6dpn74kzmu2y6qs8v6xm,BSH,2000,
xch1d2j0mkama52tlf8ks2u2gk3z6a2jq2j2jh3hqd5xe7x839g362nq3je6nq,BSH,2000,
xch1lw36p2cuaw6cv74m8eepuauw67e8h52k3rchzgvqc0ahd3z72l6sjhn5fp,BSH,2000,
xch1a3z3rhxc54yh6njlesm6a25hp7j2vlplt8wyy5vlanuhcv47ux5qj435er,BSH,2000,
xch1cjmr6vpmh55xeyvc43vaz3gj3z7js6udgrwrpy0swu2jf9p39c4sguf5mk,BSH,2000,
xch1h8xv8p7ymc536f7yssu28nq4pujmlm7k3rj5hplyy6lvwwd8sp7q9q6ekz,BSH,2000,
xch159vx3rg02egfhywptfqyk78sfel8hx0cue4wuadz233shpddj94q2826ym,BSH,2000,
xch15qxwqv4n7th5gjelq76kztjv8umk6tj7clsg0l5fehxk4lestxjsyuureq,BSH,2000,
xch1xwfuu632747sqwa42txp2aldhcyrftry9eap0c4wsvz0uzmqda7snqr533,BSH,2000,
xch1cmj7r592zxkjj8zwmhetzjvr5m0ek9yjhyrm0vanme7j4e0wcfcq0c65zp,BSH,2000,
xch14hurs8nxk85f2uqmjv30wzjzfltsenyy08wh5t62pgl6muyzej2s7gplwa,BSH,2000,
xch1teujw99wa2tp2rakq75w0hclws9j4vwj3d8kfgm03f26a8p2xt8suex8c9,BSH,2000,
xch1f8svtdtajlpwvryma8cpe8rvg6zl3232mkrrjp2mvfe365elepes6328sk,BSH,2000,
xch1swjcgkkkr87g0la00yw73ej76kh920me80mygfqq4uljypf4evgs94ylwy,BSH,2000,
xch148ku70trx6348qrzaw2nsq94xn0s29jh9rqkkz7j54su5w7r900s5e9w43,BSH,2000,
xch1jp7u3xqjznj6zyx0r4ulxxh03wrjltwfwrm6gtzdkpgup7mc4uvqlavp3g,BSH,2000,
xch1r4v0z3q5fzgeq7qpm70x34j4gcjvu8rx2wlmpedm7ayprny6j7ys5la7xn,BSH,2000,
xch1jshn90y54dc50taev6zhhgylmkwx4vrrdlnhpw89ur52x8032yhsrqe2yy,BSH,2000,
xch1yrxml5tdcgpzx3xa4yjcwsv64glzq3a0vqlt4dlcxd0ar6ts9znqnjz5ue,BSH,2000,
xch16hjy28dl25gxvw6q8kvcvffvt2c4f5f8zcnl43ahk3akjty3jrvqxxw0rm,BSH,2000,
xch1ytrfh3w66cjz8e7plrf780d0m6mhl9sg9hf4cap8652vrnef7f9qcyvut5,BSH,2000,
xch1ssu45tlatrvk020aplvggyyfytkrxlac7na9yv8y7edjg9v283gs49xkut,BSH,2000,
xch1387gz9r79ddrtdc52sswp3fr9pgg4mslkaey3p7v9anpkx0sht9qa4nwwm,BSH,2000,
xch1xh8vahytz0qrtv9k6exglgngy44z6sau0rqnztjptragcmjdnwkqxjfzmh,BSH,2000,
xch1dxgder4yfdqzfe22lwjkdfpyrclwqeh0rc9s7l9z39pgxsa6cf2q0hf8c8,BSH,2000,
xch1g29wga69w5cmv5qtptt09cwdp7ym5asfezjzwzjeauu3lc9fwr2q32pj8a,BSH,2000,
xch1958hycvkrn49fxwx8etm4njx5uu0ktywazstv5wqmqruvkn6uwvq6awzkx,BSH,2000,
xch154qly3tnhyul68ufqhqcnzp58xayrkuljes357lvm0y9y267xpaq4kzgyp,BSH,2000,
xch1k2se9kuqh6vvarw63gs8kll93q4uc5anx7t99t2qdznuk5d3z9lq3h4ec9,BSH,2000,
xch1lgn88yr88lfvnafav34aytv7y2e3hl640wslypx8fz75yk3mq70qm9wzh2,BSH,2000,
xch1gn4kx0elv5p0k32mddyurrf2vttrdr2f29yefts4hss3nn8gwvtsegp29m,BSH,2000,
xch1yvsqlw7uak885dc7r0lh0x6un5ek6f97tmdrldxkln5xtwalnmasksserz,BSH,2000,
xch1dxam4rj4jg3nhf0f762dsvd4t26s20pghl3nznsy7tahnfrg6gdsul5nxy,BSH,2000,
xch14h3lfj57ka5fpj687dndxupl96sfc6ersa7kyl36jzs0hdlg967sn4nlpe,BSH,2000,
xch1jht39d90ay0p0qa8jt0fnt33guux2s2wljgk0e7cpszt2cgs3gcqmhrkc5,BSH,2000,
xch14m86ht4kl79vcn94sssnveccr3hvffyzgqs375hpm5gmxlfg4e3sm6u3ll,BSH,2000,
xch1m3ux9mze98qw66p2tgr892kx6u7jxahnd73grnrsy4k4k2d6rhlqhnrc4k,BSH,2000,
xch14wn9pp2lmw573yryea80ma5ak57w4pk8syq8d0r8dlfpa76t00fs7j5tfr,BSH,2000,
xch165ypn7pluryklyhmfwds8v72utjkkjuu95rkgyddrgkg77kzfmpqyxd0s6,BSH,2000,
xch1edxm3q3zajp7rlgnr6u9u6krnt73nk7h5hza4j74lj7xm8hvp2pqs32cgn,BSH,2000,
xch1jz9hyu3u3clqulxjc9jkh76wyeqtt4egwqldj5zlfs6gq9tlzkksp9lytg,BSH,2000,
xch19lhtw6spkzus3pcgea3svfggqypkx4f3vu7drv0nqc5dnxxf5z7segcjq6,BSH,2000,
xch1nt7w409pqgm4aed6tmc2x6nvnjjy3xwmwqgr9aq9mm945x5ulgpq67way8,BSH,2000,
xch18zn0t0tl7a92vml83aye0vkj9amq8gh56md9thkwngqxnl048eqqtt405j,BSH,2000,
xch139ckeq5988wxyw0jnp52yknxz4pw885tadzwewmdcg0yutt7kgfsrahhvr,BSH,2000,
xch1s8tdauyztyhux0xg6j5q7f97vxjedy0zy0879sq2sk6j449j5dpqp5vdvj,BSH,2000,
xch1w5llukkc2sjrdap347nv2kdd2740twwx9ufcrhelx3ldx95vshas6zp5g7,BSH,2000,
xch106u3s2zfa8w5mpg23gye6k2auxw68d20pf969p8vr43plth8vxnsyx2rcn,BSH,2000,
xch1emvjsntmswx0x0kxhea93pc7m6dgwr5vyrt7wwrx5lrrau0f2tfswghy8d,BSH,2000,
xch190ayaq5xee524pcn98524pfecxcwwjcsqk64a3q34qnremenhw6sek3ht5,BSH,2000,
xch10kdtjfr6665yn2mny54rszw7q6l95zc0ys2k2x943t0jfa7qye4qdy0dad,BSH,2000,
xch12pdqcwjvr8memrv00wmx780dewv5qdrxqwwz028m6lz5kyqve04qc40eud,BSH,2000,
xch1h0pd8v94fx9qlcp49kq25g7v8xwxked4fl8lgzp3huwftsavgecqsdcxvx,BSH,2000,
xch1xu2xq0deduym7e0jj9g6rjk37nakzx0ey8satkfjuzct6z4406rq99w59n,BSH,2000,
xch1dyg3w2sshakvgxpq8u3rnc23uchuy7fpeg3kmzu0yx94pd9lncxs3vy6mv,BSH,2000,
xch19vu8qq0hxraxhmmc7p8q6a0a0vm09xpfdfwemclgkezyhu9ynels3m5u4m,BSH,2000,
xch1k7fev6a2mq02kthtvwv8lls28a9fgxs2jk8j395ctk485gsn5ugq22r8cn,BSH,2000,
xch1wwtyht2y0mmx9nzj6zmfsn67xqrxtauehx6s0s86dr6cas9qwh4sdmf3kx,BSH,2000,
xch1hn8u32p6leu8x3jewhcxkcqw8ysfm7c3am4k3hha5zlew37zuk7qr5pqay,BSH,2000,
xch1d67m4y7dkqn9lz00h8ltqkjvw68j8a24g0x26egg4pt78v3ev3esh8f7cd,BSH,2000,
xch1akl77n9fm7vpzd5s8qqd4gexs9k76ppxkzf73gzxe9gdwxe3zhzs2535qh,BSH,2000,
xch1fj0gh3yxv7q9jshm0uyly2wz0p49rl0p96vtkpg3wf9aunntrzwsu4j5xg,BSH,2000,
xch1dxg7qmmtqqp7g95uu3u2wmnvwmemplcvuw25tm4ulzqpklmylarqhyz86p,BSH,2000,
xch16yw6q2vfkymepyud4svngfkunzxqqq479h3g87qp0n3rpcqlm05qulhph8,BSH,2000,
xch1k6zq7hjhqcd6lelu80yx25h480ssucfe9x477pfz03r7v2pzys6qelv0jz,BSH,2000,
xch1duu0hwm7s8nlud5wxxmp49hme0p00reh8jeus42csnvc6we0dnyqgdhz5k,BSH,2000,
xch1e0v8hhy0usttz7zhyu0n6grcn5r7466aneeymfndp2rn7xctmzms93f5df,BSH,2000,
xch1vle5r9g8m0rkm544f8t95cav6gkzs7n0flk5q90hqe5g4lpcd0dqq3f7eg,BSH,2000,
xch14y5tpzgp5prypcgu4gt8y22tg03kwqlt3x40ts0hf6sgwp0tf8qqng66m3,BSH,2000,
xch1f9nhn79uc7g9wnqx86cf8k2mwf2kdjjx02phyvvfq7vvshjyvlssrc24ne,BSH,2000,
xch15mylx0xnskah33hj00w5n6l4w27lwcv8jw87ezmxffmnw0x3whfscw67t0,BSH,2000,
xch1vsulcu2fc4jwjtyv5u5z0urahjf0g00n4glzaza7ml70fvuv0azqap0l8n,BSH,2000,
xch1z5wh9qaxzrqjeuxa8ezsvxv3hn4ckqqmzahm0n7q3ge9eywaekuqj422mw,BSH,2000,
xch1rve8cwyy5yxkj3yaamx36edmmjzzkzq4f38mxwtmcfw8p47l5cyqn5w497,BSH,2000,
xch1gynhpwdup0el6rutn0wealnk3zc7jsyu97c95r8wpxus2neal6gsw65e0r,BSH,2000,
xch19s6z40lttsv928d6l252xzmhcm34qdnne463spl4ezms0w6hz5mskdvute,BSH,2000,
xch1c3aqpt3y2sdh4azeja6qx0t8rgxlg3j0rjgus8jxdzy22zkwxc6svzgqp8,BSH,2000,
xch192xsl5vu82es4jwfsw7gm0er8y463ffcwuw3garar7q3atvr09uqgz3ptx,BSH,2000,
xch1vxdmnjw5d3zsqyazv7d4g0s73py3ffv07nhvx53lpzgpsj3tvjxs0pqmcg,BSH,2000,
xch1e8py2j7x564kf5llthmldqwv443847c38x0q43yta8y4g28ecg6q3ndkjn,BSH,2000,
xch1d4hwxgwvkk5meglc3xf64cnaerwamjx5w7agj6u29tyd7wtrx9xqaxsnda,BSH,2000,
xch1hwwwsgnjx99cunedpwvjhh0e8qtkrf9gwtgtaqtkjngjxll9nu9sy5ut6v,BSH,2000,
xch18v5jh4wqccz7c7a34gjnm74fu3fd8q063mrh5va24lgq0hgjmn7sf3d3ep,BSH,2000,
xch1ncu9c9zwww9xfmzm9x53rjy9rahr8fkcf20p3l38w5dg5dhuscvqcpeavw,BSH,2000,
xch147mxluexwqqggh0g0ypyytuxsj8fzldtrlwta4m6xqsgeaet3c5qs8wsy3,BSH,2000,
xch10u3a9r62m0zp65cgtzdk5v8rcpemz8jhjvtauqaevpmw8mr5swnq2s0uqc,BSH,2000,
xch186wlefyjq5dp4a6d7qc2vd0lum5rcr5tpp5nd5e3wh4d2s2ckhpsw6kkep,BSH,2000,
xch1gd3lrscuqqt5mdy5qeyvut2pyxyt77avnr873kq4e26umnqnm3uswyfyzr,BSH,2000,
xch1k8c0m7d5rsm6tnlkyjeylf7asrad206svj2070uqrr57jy6rnhysy5la2s,BSH,2000,
xch1al2tlsy5fc6krf42vgnxqlqvqap53vdr0zpclv7xnfr9dym2sewqh5ha3s,BSH,2000,
xch1cqgm6r2x4gxqgeclu0wmskcv436egce5w47n9xfl7967k7y3ll9spjk330,BSH,2000,
xch19y9jz8f0nqkhpzx5t0auz2xew3eczrkcrhfpc5zd4c40xgttcpzspsytgs,BSH,2000,
xch17hjqddr8q9ay9758gxpzzksqe6r8x5cs6zjnx6gq3kx69v8nklzsuy7fmj,BSH,2000,
xch1nfxs7udal395zyra98u7gt6gekl2r5s9jfj2juklfch9cyskydlslka7jt,BSH,2000,
xch1z7w4a35wsnvpe3xraveg0a3x5amgsa08ue8z7fyhq4ahtt5v4zmsmkf680,BSH,2000,
xch1eqqj6jyhnum0nup9u9kee85yxlx47v705s6qzy6qc75d3t8e6ddq7qlvxj,BSH,2000,
xch1sd86vlaps9qcez549atjq85n3jyysz92e9yezstavfcwtqnn6ppq83hvxr,BSH,2000,
xch19a8rzwucg3tlpupvn4lsc8jndd78dx879cjwcrytv9pss8t3t7psqm057r,BSH,2000,
xch14elmt0ltnwddxr7m2sp75psjjeu6a8lrvgmy0rcmpufz2cz26pksyd4cje,BSH,2000,
xch13slh05vhhu85lz9xn8nv5tyyhju0gdd37qtlcxn2653r0j52ap8q7u79m0,BSH,2000,
xch1dju6pwy49vyhta4l7z7tmtthwgu0950mr0j5uqlhxdsvey5a4fjsets68z,BSH,2000,
xch13k2vytuh0pld7asy2sf70snfv339vg73pk4jsrms2jst2je2268qy7pyyk,BSH,2000,
xch1k466cracdfznylqp96pt4yzxnmn03tx93fezh9cjxdecqwdk7nwq9ssxnn,BSH,2000,
xch13l6ketxu35vvl4hhunn7wxanldwc3yn3fl43jvx7uqx58qktgssqa8hrle,BSH,2000,
xch158akc5e848wjutcnu34hp4w9q9t0kwnhzlwkyccgypndnka2vjjq3ux6vk,BSH,2000,
xch1uxfhuzhdalaqf5tv3kjgtlak2l992npnkjsl2mtykcqduplvcvsqx59jsr,BSH,2000,
xch1suc8ypx0th84w8d35lpx05wv4m4x8vh8afykn5wls5ypnqva2lzqw5xtjs,BSH,2000,
xch1heufpcngfrwtw0xm0yvh9r7lpwayel8pgcdczjsk0cyncu8pd0lsw0d7c0,BSH,2000,
xch1ah0sge828vyn9a6dlpdx0dvmuefugcwf52c2vhjmk3nfy5qkdxqqkc6l9t,BSH,2000,
xch1c9y4xg8rcmx5z5rrvlp4mc4yxnxlay0854vltar2xth9gdnuag9qhctz50,BSH,2000,
xch1dedd8j2nyn0vd9qz2qqvegq6jjzd9sfzspfl784r7ucfn078etzq267fm0,BSH,2000,
xch12d8lfx457x2kt95qtyu9drw7fvhfwy2g9cmgaehrm7ve3dzhpnus78hh92,BSH,2000,
xch1kcehyddrw9mkng9praz5jzl2qxpdq258unqgc5dqs0ux4kc7ft6s4qner5,BSH,2000,
xch1jjta3d72js7nrv6tvrq83gjpfs2ga3aqefq0slrcngnvfr6r896q4zwwyp,BSH,2000,
xch1wzce3n0dqe0akfm7804rekmrrfvm7zwsh3r2uvgfsh9ga2syndmsmz20ce,BSH,2000,
xch1tpnr7j42pqxcp0gp4pmd2ajzyvy8jp5x3fd2cknw70kgdp72nr3qn7m65a,BSH,2000,
xch1n9a58qtuf6s0qsafrtw8apa30ctaztkcanc368t6ywapnafeqzzq0qhc62,BSH,2000,
xch1g7rrc5lghrlc4q7h2dcesp3jqd0yxvtu90e0qmmwgn0qpskncflqqn48pj,BSH,2000,
xch1n9v4ndv7et329gvu9rykdy45rgskds2cfms2cmv9mgk9z7yasnxqtcje82,BSH,2000,
xch1v50cr7eym6sqek035f87d8gmvy3uytjz8sehptk8p9kx7kfm9fcs99kuwk,BSH,2000,
xch10snv8gn36mma5ypgmf6fh9m98rsl6r04mjfuyv20k32jja4vw3rqca6gk9,BSH,2000,
xch1ra93qydu2a5l066msjsv3mv044k0eh0qjw3qw290anu5dvklqxrq3k3028,BSH,2000,
xch1wphfgxrep3aq9awlrqe6jqfcrxrq320tw989cq42x8dtvuvlfpfqxs8qez,BSH,2000,
xch1uj4jnq7mjfez4j6mkh7f5fpvgfxwtljtdnwnpj9uksfj474szn5sy97fsh,BSH,2000,
xch1w5qlvgdnhw87hskylsnjrwq9gz0afvlrl78x79sqwt809zzd85cqxth6n5,BSH,2000,
xch1r75jt8jrde5mjkq4n3dr646m4ffkhauwxw852y42pxp6m4pepspqw4rkec,BSH,2000,
xch1xkwl04ydy5jqam5av67z634y7408vpc0jr3w7gu7x9mwlqlk4m3qxajqhe,BSH,2000,
xch15mtvg97xsuzr964d4tras3vf5u0zfkwmslaqu3ruaflrtcvqgx3s89hztj,BSH,2000,
xch1lvv54f6gcw6qf2642m0per7fp7gxarzamdy9drnx3qcqv2mzf8psxt5rky,BSH,2000,
xch12ej8th87r3rcrx57edg3px5rjefa8wdkmn73n6ae0chqt67v40fq0yjdw3,BSH,2000,
xch1f6auaghedt9fsqfmw9q4jj5cty6p7s8gu268h0vavelka3asem2qgtfqdn,BSH,2000,
xch1kw32qjvkuxqhnqu46jzdfa2tyqunxvph47j3p3wfwaq5cgdtjr4qkkze5k,BSH,2000,
xch1063swmz66jn7tn25sr26punez49dtsqn6lf3tnuvyf3rru5ukayqmsd0gx,BSH,2000,
xch12dkrw2uru655ww6h3u940mnd524hxky5234heyvqj8zy9emg5yqst2erl4,BSH,2000,
xch10znh2l0ezjrklvrsnkjsdltct6j7axvy24hhwa9s0ar8pvmwjtqqd8cel4,BSH,2000,
xch19hm0urnfls6xn8mlc6vkv6vca4qx5wl9zrzdf0udfrvez0flc9kq0eg2a4,BSH,2000,
xch1ms639shuz6typjhv9syf5t4nurkcd9vztp6xkxtw7765kf523nrsjvecnd,BSH,2000,
xch1avx4t0k3rdfuc7g82drdy4ar7kep6xyzgrkcv5y94uphpchrv8xq6vev3d,BSH,2000,
xch1deqe5lc7atayvk6haj9vu76cechmjnndydjlm0vsmr8ej73jj5fq64zpeq,BSH,2000,
xch1v4wqv3yrfkwc8qdu2q5wwr94arn4qrnazqjckfc3h6qgtkh5hy6qgx3d6w,BSH,2000,
xch1ajr85mcupc8uwvvlhg66e5mrtk7m2a5qdxr3l7mmgc7vh4delzgq7mf92a,BSH,2000,
xch1k7qtnrqeefwwzdyd0cc9rlpuh8ume8dwpwxe08wn8x85y5p2h60qpwcjud,BSH,2000,
xch19wm84gfpqe9tj7k38n5fd40kek90l09k9ggk9wymtadercqjczyq0s7lax,BSH,2000,
xch18jpt4zwyk0dqexmg0v3tje3dsrz0e2rxhjc05gxpx43lq3pact5q22g9lv,BSH,2000,
xch15gm2jtsqnw6nmhwtfccwjllnm0ypkxyqve878kshtyfg4la945js2ednup,BSH,2000,
xch15lekkfkzhctx02x5ky2x5ztav3mp5ffxrzf6ykauhwxgk5f0mlus44me3m,BSH,2000,
xch1zttpwznlcl2xe2xstkcmk45m8kzznlahalcekw93g5aygqegmpdst7qa6u,BSH,2000,
xch1yw9nh8xuupnmvv3ncka7wphyruef4cqz0wd56xc2gwyfg0me9m6qr55gm5,BSH,2000,
xch19dhz5xmy35enfathzhudrnuaevreprdt36mfmy4vkymssuftyh4s30zegy,BSH,2000,
xch1jpxaslc8hr3ejywfecdvh4l829n2jfjse50fj4xph520kyzljjrs0vmm4h,BSH,2000,
xch1lgqf2jrjw95khyl4vc7jadh8kf4aynqa6jwfka0nl83yey5m894st5egvk,BSH,2000,
xch1lrjmr3ue88hwr2q0jgfm480mz7qlqvumxd0kdp2y3vkh7aq6vc0sp72lpc,BSH,2000,
xch18n8vdk54eykfyx9x4guxjgmqdjl4csvwe3m6ajsgkmecz55v4gpq2ddwdz,BSH,2000,
xch1gukqlmktu430easfens2yyzaq3z0w5jz3ynwrjdjvrgymgf09edqyf0zl5,BSH,2000,
xch1ve6flvjvgmj3l4du6sd037af4r2zq9saz2lgxge2jxnc2kr8rvzs8lehrh,BSH,2000,
xch1ydq3sj7d7jar4p8nl6zcfv47k5mtk4ya23nlulvaj3ez66nqczssvr99n2,BSH,2000,
xch17jgy2fdslf56luf7r8s8784m56ctpcpa3kzjx643qe4cxrz54yxsssamtx,BSH,2000,
xch1rgvxjzuftked2kdgmavqus24pcrt2dn2e9d60jf86w2u3s2jgxjq7nfatj,BSH,2000,
xch1la2djvrhr4f6y5x9km0zfsckxsrtpkktn2gmpn5tcj6uwp6m6p2q6fzt06,BSH,2000,
xch1chzdcvpvdkprze7ykx985ddl6ud2y5ume9rt3r3cshv5yumdqkysdjnvtl,BSH,2000,
xch1vvq52zqh2m8qxdtrp6kzedz0uzktxaq803ul9ptr62kf0dgj8kvs2hr6vv,BSH,2000,
xch1h0ctydcdx4tunte7r082se907kj86g2dzq0hhm4apld044y83jts99f2fd,BSH,2000,
xch1lml8uvaplssa9lvkykd8r2ffkqucsfzv9dyg6nag9muqx0a5j6ts45k090,BSH,2000,
xch1nk4dd5pkuel7rezg0nhqkw875vuuwpyqk2e8wjp4hf6r3kgvkz9sfxugtd,BSH,2000,
xch1uxn838e5swhewxks9gn8yx52epucpnure2n5939rnxg3sneaezdqrg2jxt,BSH,2000,
xch10ws8760j47tnfw6dr2ljnynukme0p0j6xvwddm522fv25pkfvvksf2qzkc,BSH,2000,
xch19dnje2rq7xtdunenh4j2awne9n2e5pyjzslskfctmluavm05dhpq2pu5dz,BSH,2000,
xch1ekzuezkyz90ss2cuj97gmhq3kkz649r3tsaznzg26cdj99x3dfksecspg8,BSH,2000,
xch17wxztm72mvg5qjq9uejktdzvh3y6axfx5w64jecj9mumqz22wm0qvej86l,BSH,2000,
xch1srdalw295s44ce957jyl4mqkcn9zm03lat5jt2jzyttdhg98llns85hslp,BSH,2000,
xch1z6thtl0ux9fqkl7g0x79d9qadkjyksvk5c9u9xx8yupprv8d4klsvs5dpf,BSH,2000,
xch1nx7zxffz9dzq8hh3qlmpz3sp42crkdswqqhmzmd2wvpfyjqptxps4ezve6,BSH,2000,
xch13kt20snqdtsra8425dra92860n8rheddnn7w27sxpjrdn9hc4hjsj3qpjk,BSH,2000,
xch1j03e2sgk97wqdztfwr9dl77ftedzmz0mu3rxl0nwq09a78883tqq2h78fz,BSH,2000,
xch1cj48s533c4hevjxcaf5z0az4j63lllvy58jem5vx4090zs7akydshfcvh7,BSH,2000,
xch1y2g2u9z56qxcadaaygak6ry5z8cvgrc98zkh7yjc9w0pwu9m5wesf3px06,BSH,2000,
xch14mv2ak5sxrhctu4pju2vv59hyqfku9jdla5h3rnnhv2dfrdel3gskrzm54,BSH,2000,
xch12mvsavt79qdzmy4uwe44teqspn6zzs4vfw936qye0p2dtmh4v5eqhsyk3z,BSH,2000,
xch1lcsusaljc4a0w2q664879ver6hsq69rpyvuyddkusnqdexjhprksanarp0,BSH,2000,
xch16sqd4gmn5jetaqctx9usjsa8ehl9v9xwxkgchww6kjddueypuj5qrjt6nr,BSH,2000,
xch1clzeasca058s954v3dshzh603jqerdh86hnw05qu2fnm6qh8p88q7u5xvc,BSH,2000,
xch1rm6fmav4emxvd0rg4nc76wnv2nka0r6eu7x532n2dy8x0rwmmggqjlusl9,BSH,2000,
xch1wq8v674wnvqdwteg22eyzgg3kwee2vk0renp2ce8n9fhpkw8jc8szf62p3,BSH,2000,
xch1c00r4z09ruus0s5lymvvk6stdzk7htg2hg4udhm2znnd8pk6xltqf9ngum,BSH,2000,
xch1820vkw78h6n3vwll9vpcguy89arflazxajm7jpkqrtmem8jve4nshvl9fg,BSH,2000,
xch1gaqks7yxsmxv2tjmern8q9qhsx96r07drm435js3wtfvwgk0xakqz69suf,BSH,2000,
xch1ftw4mtl69l373qa6z0swqagej0n0s2rfyc3kkm677u8d3cc8dcsqv2xfz8,BSH,2000,
xch1hwq7h60wq4tcthc98kgmkqx0dzgulc06hqthlmadtfuxrkdtlguqttns9u,BSH,2000,
xch1gcwtexfz7f2rthma4677xzghez22pgcc98fc3h5vg67eavdpg5qsz0ceu4,BSH,2000,
xch1hsch4fnxn8lzqz98h06tyw9pyknk7avk8q64rs3a0tuwks39tm5sn58x97,BSH,2000,
xch10cyadpgmhrdaf88wjhywge4apfaea26l789umwg0jzl6c4rrgfkqp9xmc4,BSH,2000,
xch17e9j40e3hu7exsrpg9hjuyq8v4nq50jlucd249uetaym53r67tsqyfwpn8,BSH,2000,
xch1c06p5m9hjs9atku0qw8xmrz5ez99l6073v8fnqc9acg60xs4wfeqhc2zlv,BSH,2000,
xch15hsa64ntd5cvycpdm3t8z2u4cnj4kn0mymggk7h754g7l0fxsdksjec078,BSH,2000,
xch1nrg6dw372jvywrfpmy2cnkmfks7g0emsq4kk8sjlzhfvavu9lnxq0l9tyg,BSH,2000,
xch1m0vh0qth5e4yx0xgtlp6cpezqmt7pdghyltxarxe807n803pamlqlvwv09,BSH,2000,
xch15pvxn38jh7vccdj473eku5r7r7rphqjgu44t7kqw4wygqrcuxj5qryhew3,BSH,2000,
xch16nxjp0486agvuj95w00mqgdkxk9jhnas0y6delufk29hmh8rsk0slzcmek,BSH,2000,
xch17lfjs0l97cfrsmchh9c4u92jx3uqgswpfm3e8z6aj0dqmhr8cxsslte4vx,BSH,2000,
xch1mq7av3cagmfqx629h5qu42wq85wqsgvxcd5yxe4t7fr0jlq44h6qnpsfgm,BSH,2000,
xch1sdtqzlf74c696afxfd3mug8axzef2794tukteuhz32sk7xpre75sgjhl5x,BSH,2000,
xch1lu5gm4zgz42azjju5u87lp2ar0zc9pcfy9h53k2yct0ucnf9ea2smlcl3r,BSH,2000,
xch1al4dqhxmhfd2zxwx4pujm2ufz09x46699jxyps8mrfss2yrwweask7zs9h,BSH,2000,
xch1ew9zl29qmc2d337xd6wt97mvhuucllrfmdq8t8knxzs2qek399jqjy9hx5,BSH,2000,
xch1h5qpg3jttf7hytjns4895qdm6cy7dla7l5p5xwa4822ls7m6esfsupjegj,BSH,2000,
xch1sgysg0vs0v22agg9quqttrffzme2hthhskj2jt4fz4xk26qq5tjq7q8ctc,BSH,2000,
xch13wfh6t0z6kw7e5dwz9e4szxdy50epmnfea3jg726zj7xsyur2yus5nl2qc,BSH,2000,
xch1nzgg85wkqj3kfcmrgltgckh75h6ckvl87n8d5ux9c706c3vp2y7s9ftxlz,BSH,2000,
xch10ajkp43r7cgewjvye66kmcv5tkpy38na36ewjd8srfg507z49j0qw4zds7,BSH,2000,
xch140x9cx2t29gf2837sszvs0c9u549hdqq79fp9pp9qrlzy027w2kqlps8n9,BSH,2000,
xch1w305lurv4y6uheeu3scxdagwtwav6akduzcxjg2kx5nxunwvhysszw6q0z,BSH,2000,
xch12x6nghj5zr85cgu7kjemv6frwff8hyy5evqfhfcj2sfa84wu6m6snh5yg6,BSH,2000,
xch1f6zk8pw4rf8r5wgv022a473f5d7js3473fh5qn8x8sqq3q6a68yqvpdesf,BSH,2000,
xch12svyl03m040lfuhrx5wg87ukwjmly8rxkaphx3m75efmlpf8uuyq8q3dy8,BSH,2000,
xch1czem0kv6hxfgfrdwq9nx9m5y5lxmw2l05yvd869aj8h8r8zjdkasxy60wp,BSH,2000,
xch1txamdt3jdvknqydvy00d554zstd3qf3snnge7l76l3nywc2afcpqm4sd0q,BSH,2000,
xch1gac8gq3h9hu0l60lt4cu2wa2jv4h07rrj2max8k2dpe26s4hqj7qpgsstl,BSH,2000,
xch1vl9sqehstj8xdarc48saym0jkpr0gf8fuqxrvxre0kwtg8lecauqtv0ktx,BSH,2000,
xch1cgk0m7cmmamtp5ezd8hhu3nm0kvwuwutxrz7kx0zqjunh7dj32eqtetg29,BSH,2000,
xch1raex0xvzplsfd9j5gu6rcdy3znjdq9wx4p7fu2t8uhpv5p3xahuscqz4nr,BSH,2000,
xch18n20a2e8w0dt0jktqntmezrpxwwn923y83vu84exj89mpm2ngd9sruk3xd,BSH,2000,
xch1aqmv94h3em8ry22msxhzgtapa28cl9qmqm0yg8qfc4kxp7xce3msxp0rdu,BSH,2000,
xch1yvqrgay9xy5n5lp5l59mwgjhl60rp4yrfu02nl7rx0t4tctazjpsh35z3m,BSH,2000,
xch150jcp0t8rmguf0tj7m4x6kvumvfw5chz2uan3a2r3pjcmevrfxkqr4vv8l,BSH,2000,
xch1nsmw2yyygpk9p43430vegw85h4evu7mhuc5ns7txsc2uryacxjeq5je6pz,BSH,2000,
xch177xvftujgk8eqd9m8fcuu8ayyyjp49c93cre98c9qlnxqkuyj2zqu3nf63,BSH,2000,
xch1vcvgxwd7cjkasjx2qpdv5ejz4yrm0p306zwvxgsedn6d30qsv83qey3x3f,BSH,2000,
xch1rsa5grflcv687nkr2zv56563uv2qa7z809m4pz2lx2cceapc56ws3enm0n,BSH,2000,
xch1seau8clc7hjl9dj2zx5rfv7s3jj744ju8v6zqdpn7eytz2r7cvnqpqvj27,BSH,2000,
xch1eyprn0yl9a63qzpfcpz377qlw2ux0kv4mn7fpkt2smpe0a02xxgqzphuva,BSH,2000,
xch136l7fm6f4svxcxz5w728d9r6vvrv6lp66y4669a48ejqg89akfdsy4kx2h,BSH,2000,
xch18qk8gj8pq5rryd9redx8mfx08wg59areyth3sgmf4d0g6tzzrheq4e8xde,BSH,2000,
xch1sqdepf4wcx7ev22jw5vmd76c8df62zmnnymq6qjee2n65nxez76q7ed5f6,BSH,2000,
xch1vc92tqvsawh83stmmr0n966ezfyh77wfy0lapxrnwekujcf0rzmqmsrgk6,BSH,2000,
xch1utlvd8udls0gtgsrhxsuj7evx8rjlg76cmmy96zydmsvvm2daeast7e8a8,BSH,2000,
xch1dfldp4ayfcl03zzn6sjsf7q6crcctkxldt3xpkfux5qt2lsuqn3qj6nnvp,BSH,2000,
xch1fg23uhc9xglhw2ye6m382h84xuq9hjfjeu2f9mfn209w88mq8wtqhu2cke,BSH,2000,
xch1h5t7fwxlmnwdfq0f8gq7mxuftf0fq8h883wxpe7gzp05hf97nwtqvz6ljg,BSH,2000,
xch1xxresuyqv8nm870jm8tgt3nfj6xqk0ylxt8ne3np0ehn52gun3yske885n,BSH,2000,
xch16mrzz2m4fcgq3plyuapwpw7zs68m26lk4772zaq2xku9hh0m53as0fpvze,BSH,2000,
xch17dhlv53d3tpq5vcemynfc2g6cgld5lsljz8cxfnlhm0sch6gvmcslpd7cw,BSH,2000,
xch15u5jtnhmpvpclv4dzsrjfw6fhp8m9wjl7gfgywy3qhmlekk4vkts7k3t89,BSH,2000,
xch1cmghfejzeua3g8z8tagzf0yre9ttnctq3eplyrjzlukra47cv8esquwg5k,BSH,2000,
xch1kdteu5tzjlnm8yjfkyhegr0n4e242hc6m3s0mqjsq2tsegz7k9sqvmuas2,BSH,2000,
xch1yhluxd7lfgwah07qnw49lx5aurh9txry5n9mdl9lphuvshxzcsashtmdrc,BSH,2000,
xch1ahseanxdxvja2u5c5vtd60cfml0w6fh6kds83yzcs9ad2px7402swvmpan,BSH,2000,
xch1kttzc4p9ax3884ver85y2cpquam8herqspk6e5cf08tgzz8hpkss72s5yv,BSH,2000,
xch1dyamah9naxtzvpel6jh08224xlks0m7j73c0ce3vd2wpemjhkpaqsyrpef,BSH,2000,
xch1jy7j3c73hgvfjhc09wsrmftcdzq7w6mlcfnzltmdxavz9yvf3whsyhvkvg,BSH,2000,
xch1dsjhfc04kt6023vxgdp0fa9yh9ftlfjz7dgjjuntzw9zlgx2n8asz9nzun,BSH,2000,
xch1u099w7q97zfarm0g0h378naaxc2h2kugsun8283q92xsr223jufqrkvj2f,BSH,2000,
xch1gr78dfle38e3sep6h4lwxdq2fwx34t565th5lsdf6nggmtseuc4sw6du29,BSH,2000,
xch17qjznl6ztk2nj544evg96gpn2nmrqlcfpk0zptkvpx3827zrnynq3wf2x4,BSH,2000,
xch1vp8l5w09ndtutt0qptrylfhqu0wppzlp5afnhk2c6xmxak5l65csu2ywd0,BSH,2000,
xch1dtdgpnfvghwv5ps3c2njaftlmkkey0dn6mygh7w5ax8k6mdkwajq659zz4,BSH,2000,
xch19j04rwxgefr67s6szyu7yh4n94pa35sdqre99almn6uj0ukk8acsru9yhj,BSH,2000,
xch120v86l5t4cc3p6lrq3dseerfeahksv9wqtf8zs3z7hxqm6w5qlhs6tvtj6,BSH,2000,
xch100jkvpvxnln88kut4shtp2pcl7tmmypnx3a4was5sysgz7v8yrsquk4z8v,BSH,2000,
xch18e5ux7993eh4wjwk4xa2xvpcq6fgusa8fxl3f4qs9nxga2jrkzrqudyjgy,BSH,2000,
xch1c7fh0njn33jt7akw29c7znlpqulhl7426py3k3q0weelxz49yryqgglh4v,BSH,2000,
xch107059ft3vrkgeprlun632qpssu4p7z4dxm6mk6r0mlyg87ceehasmhcpyu,BSH,2000,
xch1hukrm67qmhlwxtv8hvmthzl4vanxx7wn67wa9eaaucer534ecfts77wxe5,BSH,2000,
xch13fz654u6wgkf35p3rpgppkmyzm6k9hw394eemtpfrtzzdckllaxs8ryz0t,BSH,2000,
xch10f20k9jnqga7z0urg5anl2qcm6lxydkdke6suqx3necm2kzc7acs6xwa2a,BSH,2000,
xch13g84tk9cek780v2hf2arpeq0dp23y8sz6q466cfl9hnwfry6fg0qcazjng,BSH,2000,
xch13xxtws8pup3d7c7th2jvpx0hz0a2nw7muer622q05yjz6z03h4fsd30tjc,BSH,2000,
xch1kgzxph0ype7lpugr9mpv49s5m2gq7k0x9ze770u0nkehlp4plg8ssv0hjz,BSH,2000,
xch1r9668qa37ax3772fhxacgepwdctrhace8x86r4xjxqru7wtq008s3v62l8,BSH,2000,
xch1e7uuqt0s22w47pqlawquflv6uhpcd8m4ncpa0equd939hvcnjmns7r4xh4,BSH,2000,
xch1fvhanzex3qk62na45kz2uz26rna5egdc38uzq9wt2dej345xyqrqd6zyc8,BSH,2000,
xch1wa0kpry39c0yuq687fxqddregpvq3gmnh8vc6wv8tmdynt66udyqwmr6ur,BSH,2000,
xch1zgj4q3x7y5jzq5ge84f0em7cx98z5prj40patxfxj8r8ra3m8n0q6hpgde,BSH,2000,
xch1ap9u8ged7uqhqdl8eg4xv07pw4s6pshk4vctnqrgtrf5awvqg8cqkg83f0,BSH,2000,
xch1v3ezwn5cvh3njgca6ewe0j5cmx2r8qeg4fwgpzkksd00ukzrjnfs2jr2fh,BSH,2000,
xch14d6dz7p7t68htll7hhklxn8n2y4pj2yn70z8guepkzk56jemhmlqeuht3v,BSH,2000,
xch1y65tvdgl2fq0dfw3c4mkgky3q067yunulnsgwpektq6y0q33939swean2u,BSH,2000,
xch189rh97ew8gudz6uht68sr5p4vmseugdrxflqe4aanjgty44gryuswle7pe,BSH,2000,
xch18ja525qnt44dhpvw4dfp4clqeh47s228geq7repe75e3uwfc2y8snw356f,BSH,2000,
xch1swkfv05pqfm8c628lstz38vlxpmsnszttyge97q58v3w2968zpeqldg3a7,BSH,2000,
xch1vsgsaqsesemzc2j47tc5xsmusdvyt22e3edvfxy4nq4mj2nsrjtqz44rpz,BSH,2000,
xch134fzr9lwxwjpmug4r3sevp2uw35zd64gv5stsrhtgslm5zqt84lqw60q2t,BSH,2000,
xch1g0pj5ycdjtx5epute3ujr66yghmh7srmm80pshu5g8xuucfwdr9s27ap0s,BSH,2000,
xch1ug2ekjtz6va34yqjudqvxyurrv0h0jktkevmaj068zfqfd2k2j3qwqc7ey,BSH,2000,
xch1ejk5uptuswql25nmqxnxhmrsrcf84j2uxuwunekdn2uvjfjv6a7qykwdqw,BSH,2000,
xch1u9rxcjkjs6fvzf6jvdtzlceqdwckv83seawhlwsawykhfwdgrlwqmda8n7,BSH,2000,
xch1uc66r2mprhxut7fda2z503dhjhmu73m4mt0cmtjea0j2dxfu32psqmx6rp,BSH,2000,
xch1uxxtrr29uhtzz5xt4nazyc6z07yzd79dxau43rl86y4gwnyw8q9sxu4ysq,BSH,2000,
xch1hz4dqa7zt0r8z5prrlgwp74vraleuluhxpf77acxgwlrym4esexsu9xg33,BSH,2000,
xch1eqx9amjp5sulq3pkvayrunu2phnyh5w6rvz4q2p9rc39nfr24y4sdk3uay,BSH,2000,
xch1rqnv89qtjxfucl6zds7wlg5xxz6hk60tppxjjeeg872wkakrxasskf3zrw,BSH,2000,
xch16pfw2jtetl3st3g2q4f3xldc4axxfnp56zk4uuxgdkqxwkccdjxs42uruh,BSH,2000,
xch18m2scen900s9z0jr48yj2327c90rhkd4pyc7sxwvlxlydhdnaqysj8m4aq,BSH,2000,
xch1k2fjrjre0z2kw9zs3qrcxvu6xl7j64s39v4ang509vhhcnhl6qdsg0xm9p,BSH,2000,
xch16fw865syrx4kqzuldjerm673z9jclpluqmnzhk8z0uzgwxx8tnvqss2f8p,BSH,2000,
xch1nvm3cdy45cvsngkvnr8sh53cxdqaxnfx2nvw3tuchdx00qvp8w0qzlr28r,BSH,2000,
xch17fuw8zsjnantw8tgay3m7xapkvsqrtd2k3j4uqpyl8k30dgtx4yqrttdt3,BSH,2000,
xch10rs7thf7yr9slzz6p5wgg0u3z73a9u00l2tal40xufwyn44hwkaszelkfq,BSH,2000,
xch1t5uz0604d80vs28pv4ze2hatv499z2xl56sarcdnsyc4x40s99eqx5ezd6,BSH,2000,
xch1veyqf08cfxjsfx3lalvz86wutsy34eq5ene3mxp8673jqskdqw2srg0rzw,BSH,2000,
xch10mcxu9lajle0tnzp0gfku7mahw72shwwp8nxj6dxqnclnmq7jygsk08dud,BSH,2000,
xch1us2arxwvyxva2q8m8uzy8x90y287x3ljelz9c5sz3w8nadyxm46qh33wqy,BSH,2000,
xch1mwd02lzpt43pcqkn86kf253uc3ne2gd7khskucqjlwr8uxqapumq9h33cj,BSH,2000,
xch1g62np8ndl5yerngcwac5zxxr86tpvwt70lqy2s5n7469eqgmraps3x7plg,BSH,2000,
xch12ysn2466x36zwtytnz3sy9rfc2ufmftmq4c9xzyxlf4dtvkmtz2s8zsu29,BSH,2000,
xch1vq8xyvh7lt2msgf6cztslk0utq7pkhugmxjwmywunucptr6wshds0z2fdw,BSH,2000,
xch1wcg8mk9z7ahhmnyjlc8aglaa0nfph6mnw5gy90rthkjtxfytjz4q32wf3d,BSH,2000,
xch1x26slswgd0hrrwl24h6yt9ehcxqj26vcf8erccwgtt6wp5dkdqgs272zm0,BSH,2000,
xch19ge8str9qmu5m7gmjep5layvpk9dkl8xm56fve33ecjwfqcd04dqaxutyp,BSH,2000,
xch15agf36ft420j70kteynl5v5jtf6uj67jqqzatu3wecs5yagdhakqgcqkvg,BSH,2000,
xch1ycqaz0epcsxxlzz6y5a47q7tfwp6fwhvwm25vpf7vrf6n66nglhqdsc7aj,BSH,2000,
xch1ythl3t2d637rp6d90eudklqw7lpfuuyz8p4jlu4t27f3fcqsyfzs4zc5e5,BSH,2000,
xch1de7kdaks65v2t8swj905dewkyumcvt98xrp0e4s6d44h03kuq92qefrr9x,BSH,2000,
xch1rkn4j00vgy7m5cmz6sta7sq8xk3jguu82chk6lh7jww7pdzwat9qyle2at,BSH,2000,
xch1tpdahlkjaruftmy99ltvfqsxz3n0fj82a856w5pmfkfkmklpksdsy6crul,BSH,2000,
xch15ph2dhtdl9v62wc6csamvetwy79cjah4cvqkn5reufxhzqzcgncsvrwvqt,BSH,2000,
xch14gmx2awpu28rvglryf9gqxhu5dx66sfea7quyfqgq4juwkglkdtq4r8zgg,BSH,2000,
xch176a3tcx2zt5vq5ykzvv6s7qq4e6x64j7t5zqqhe67tdl8t7lpfks8cdus9,BSH,2000,
xch1yqyhc4p2gehpzmf8y3e8d89khxcs67ne2637fflv6a5mzlpx6djswcvhcl,BSH,2000,
xch1c4shpr4uze0utsnk7y5p6fjtgtl40fq99mn46zv0tpcry40s4xuqvv406u,BSH,2000,
xch1mf9wuhw8yjg8xq2ktswlyeyrrpg8ujrjvggrselnes608n0z8u7srddvsz,BSH,2000,
xch1vm02dkj8upvzpvgck73e0apnq99j040srvf8jf46ktaaw367j30q8fwhzh,BSH,2000,
xch1wnwu8jcmgngcpajs33k7wmz2hyt3hnchnejtua802rkema63weqs3uussm,BSH,2000,
xch1n3yf7trg4x7zw6m766rnj7hntg72hz8w277c2c6j2gfmkrdajc4s2mtd3s,BSH,2000,
xch1jk5flntv8k8n3jgjnrwvms8xr7hyn4szlv72t67jmt7r7u2pxj4qsc7y0u,BSH,2000,
xch16pejm9ufp0squpy26ley3tqshjctgflpp645g5zkuf4lyvyxpv4s5q6krq,BSH,2000,
xch15dg8z2ap8w68kwtew7s463ll0u9quf6nevmwyp2r60hxldgvpy4sw7uhn8,BSH,2000,
xch1rkpylkcq7ckj0dv5f8vmd8wa67vvu2g7p8ldq8krpy992j8u6nyqrgx4l9,BSH,2000,
xch123weu8vnuzkajdmc3kfznrngz4hdks6c78rzj27z8sd27m762v4qgq74xw,BSH,2000,
xch199hekxr4nt7hjln43nu654s7u4rt4asxjnzheyzwd9g9cxhxv2zqwxf20y,BSH,2000,
xch1j3rpz86wvw8vu25xhwa8yasxq54lzs8hfyg5endcrm042qyydckswtwq7g,BSH,2000,
xch1af65vhmkya3kf5ev6pwkhes97kqrv5zk8n769a9e4zejjzap2sjsnehek9,BSH,2000,
xch15prnuttzad64fwm3dq7grkspyyuvalg43a9y9dxx5uunnh82kt4snjfckm,BSH,2000,
xch14aegstj8ulmf8dkj9rf3hxxt8c2lgrl6xvk3mtc55wwpzyzaa08qnec3lm,BSH,2000,
xch1tqwmtwz3lcktn3ps5s3ptkuflqp424t9jc0j9h9dqdq53x6k6j7qmtd3t3,BSH,2000,
xch15mztevnhm373mjx4rak5nhr2ugputmg2pdzcgnucwqqxckz8d2wsmk4hmy,BSH,2000,
xch1y9z54e34gkq6fgeq9ws9xucr9fxftagxzy8rtyguzusau4hyy6ls6q2974,BSH,2000,
xch146d9nwpm6hr7r0rpvee3nn04ht3yzw3ejtg3cts6kzq9ljk8t03sl0vd23,BSH,2000,
xch14htz5ctn2k72ucltvqy7xs5x4sdwcapkwt6aep9u4msjnxyz3j6qjc5ugf,BSH,2000,
xch1ar0qs0ght7hdq4kw0dpl7mr5v0k8dw4hmz8m0k3r2v4zalz4rjdqtfhtny,BSH,2000,
xch148p2pelfj0szrcz68t04fkknlk3s5a5fq5fmgavwmwd6u03p337qq0qj7d,BSH,2000,
xch1k0ytzkcxvscazmau3yfagpvhlupqrcsl7ptwtckgzecwumh8rdzqu9u9ff,BSH,2000,
xch1at7kfueczd0ve8du5hkd6mfypat9dfk6xqk73h3nsgnczjfrauesq20fdd,BSH,2000,
xch1faem9g7vx04pjyuzvqqch4r90ya5h2t8g49s30kcehakqgv5343sqs2qej,BSH,2000,
xch146wl2sq883z824udhyn0p8k0gjxhjxvhfqfh923hxrjrtn4rasnqzga27y,BSH,2000,
xch15h8xckemvxn8rq940ajppmh4yvyku0vchtja2syyyst7trd43upqfuc42d,BSH,2000,
xch1sy4hmp57defzzqudwr8st5lttrsg0rm4u0j8pgtm4fprjduxpzfs8nzgcj,BSH,2000,
xch12dey33xnk29pfew8gcsv2anavm0k059ykj5myrte4uygkzghxa4qaf078e,BSH,2000,
xch1d04j6vge3zkgvf3jfm5tvv3a99getjmsw9au64q39fcyqp3de38q2njw2g,BSH,2000,
xch178ujl3k8zxff37hql224hu9djkl500q2jpz29tk5apxq96hm60dq8249ml,BSH,2000,
xch18menrzl2cl2edezqes6spa0ntf8dkkfd0ytnreal45vps5730t0qsf229c,BSH,2000,
xch1mtqp9ljpq7uxwsv46h72wu76uk2m3j73paw4yhjgxrnghjyw4s4qa3s64k,BSH,2000,
xch14y4tg3rfdwz7l478wj33luxpjudjmgvakrrxsnd5gtg6axx69f3qvlgkt8,BSH,2000,
xch133haaj58w0sn2fz3z0c3lxd9g79lc6nx0apu037jpzx3tq8g6szqsquwvc,BSH,2000,
xch1tf9wdf82j7xewvrj9hagj0ksnexy575vmw6warw54r5cjp4h78wsz4merr,BSH,2000,
xch1sx3q9cwjq56e9fvmcjhp4f5ulyy3qjckkaqs696ywmsfhwudtfusyytlft,BSH,2000,
xch1v0289elatwvl2h79w6cl5u8xz7dw02hnhmxz7y7dvswu66x2yxkqlp0e84,BSH,2000,
xch1sxhyzwz6ru5x3mzsuu02vyea62acawpnt27hm35uhq6v3kwdmejs50jlgg,BSH,2000,
xch1y5sdpfqx65eul4ntaak9dqlk6gadevul0df7pt32x8fx6fuucy4qvmd93r,BSH,2000,
xch19gwrpkg8qn9v93ftxurqqzp2k7qa9jjdrjylhvqhgqchwzt6zknq6w582l,BSH,2000,
xch1wwe2gx9e3k4pyaj8qx2r05qehzht5c5v62pvuj7mq6dy4qzpcucsuzue93,BSH,2000,
xch1s5t9jlufsuz8l6g630dckayrd72ccrs8xcwhdlyrt2n4whfwf85q642v2j,BSH,2000,
xch1slymf6mz587lpaae3lmpy0pnjsrdhfehr5rlkxljf5kngdayf24qugccw6,BSH,2000,
xch1dvfdd08p8d6rcuwml7qgxp2lc56f98chpqu4t5zupysmuyqh869q0ls8dq,BSH,2000,
xch1zd28lhqr7whhg3p9mg3c6fnlwhssgsj2csphaq3cpys8rmnhv4wqe2ylw2,BSH,2000,
xch13qrka7yq3rjrz77gcseuxf0fthggl49zd54de3j3lvee0etd7hcsy9uj6a,BSH,2000,
xch1lvk4z2fmwpxvkq09d9aclsyj33hcm7cdnt2n5radcpnh800x07aqclr3m4,BSH,2000,
xch1679xs39j8227vnp8fn64lxqe5n7yn8glxu5dqw0rftd0egkdj4hsph9wzz,BSH,2000,
xch1a6uw6d45xdkrs8fwncag3d7j7k30868mcesuahkjpdzg0yfh84dsrlpqcj,BSH,2000,
xch1mpc7p7glwk2d5ruwzmcmuz2z746jus6mqd7fwwsls6unqw07fkrqak6c8k,BSH,2000,
xch1sg8kqc6cyrjukmp25tmc0rldhljamaz2rpukawdum03vknwc0egqzpftu7,BSH,2000,
xch1jshf3kppm6ey67gvsxz5hd7xgjantvgrze7ecq9p5ahh36s3tynsh5nsnv,BSH,2000,
xch1gy9srg7z2kxjd0k4cek039fe8rcz4k66t398kv3jvyj6lkyhrtcq4uwvv4,BSH,2000,
xch1yk5j5k5768wffpkr66zg2s4m53l0xajs3pu5kus6dagcjva8q7xqmux0ua,BSH,2000,
xch1y9z5e7nycrhzq0fyuutavf5sjp2v5awml4tz7q8u6vl2thn7n5cqkgh2ak,BSH,2000,
xch1af40gyf52xv9zt4fcdw3e8fvkfju229kjvd8xktx5vlwr39z7w0q7jfs43,BSH,2000,
xch1rpajfsl3vexscqu9j5ktve94pn0yyu0etrkxppqkee46qkrrcqhs80gkpk,BSH,2000,
xch1dqg08969j3n05hv76drh53yaj30q3dmmtf5khywmhx7ml7xklnwsfvkqph,BSH,2000,
xch1seh6z9daz4jmy07atumf0etemz05yjw2k5aghj5lme5uktgggceqjsx4tc,BSH,2000,
xch1eztq6zzjyhzdkhxj5v0zx0edjs6tkjtzmwlg7p2uv0matd5t5wjszgftck,BSH,2000,
xch19gfjq5mdfurngpa7hueglvmts72hd7cvt6vghy7vn4ymr6nfd0ns8tcyc2,BSH,2000,
xch1yucg5gs88fyrud5fgk5ymn3tqcn7qxmf7ef5eachpw6qzehsuqjsc0qrn4,BSH,2000,
xch1hvddpaf2pyv8cp6feldse70vlet76jhgtxz8w6er942gvr90xy9slwnz9e,BSH,2000,
xch140ecvcels9d6vhn6y4py27cs30t6ff7ajw7vs848fue78dkd62csmrujf5,BSH,2000,
xch1j8u4yx0uvrh4a95zpmwxkc5z8fzej9atpvuvmvct3hkj9j9gxeyq02wwe3,BSH,2000,
xch12jrekxehd0lk0849atn2zddfqd4uwdy5kqpeqkwy5kvu4hjrn2yqc3rnlx,BSH,2000,
xch1rjuy5cnk50z404g4dz3jlzza3x29qjwugqmuk9u6zfpdaru3jxvqfg9g8x,BSH,2000,
xch1dkmpf97gmh9547dc72zgvep4mkdh42qc6cmslm74xp6w9hguhxusdtejvj,BSH,2000,
xch1s57yy3lnjrvq9x3jn8qs5dv0rsxc70dyccc8rzkjt9e6n3htgd3quct5xx,BSH,2000,
xch19jyjlf0s09z9np93pycer5q93w7n79kcc4hc4fdvd4zfusmlql0s7hj5ls,BSH,2000,
xch1unuvc9vzks9avmzn5r0pqkkwr7w9y5yf732t9v7w95a6f69x0pts34xcya,BSH,2000,
xch1ytlnjw6j5zrqqemj8eyv2u43c8a3qv58urcmpx8yjqx5mffdfsrqslk94d,BSH,2000,
xch1j5dv80q3vdkk4cstrf9kr0c8hfdftqyg7qlwdry8jrg8vdstu7qsnhfsfk,BSH,2000,
xch1fwdkgwjpy6guc69letdp3ueuzz06k6ptvfslw5e6z9v4cnlr3fuqwtcn48,BSH,2000,
xch1gy0z23sce05pujp5tzawagh7myy7mejmgkn6pl0nh6gxwq7vjptq9rdnj7,BSH,2000,
xch14f0m0gz05chr54x0mxu6ddmczzamlk7hx4pagscwe3wdj5f9qjmqtvzy2n,BSH,2000,
xch1mtz6s38kj2thldfmddpxh3k4224qtd83tnp4zcf7nuevcul973zqvnd870,BSH,2000,
xch17wxmndrukxfl0gdqffhr3hjyqepspkwg4ms2w0mef9g9c8u90lmqmmxku0,BSH,2000,
xch197qsn8k8hw8u6tgr633m07rx7arz950j29252kvy23u5a2ug00yq7hzgtz,BSH,2000,
xch17fcz5hdlvsyn4u0xzp6cl2x7a78najl9zzp0wy87cws3nh93l4zqkd7ksf,BSH,2000,
xch1mxk2aqhnpc9p4s7rtdd9ycl7uy4g9qpcyuzefvwhy8m9407ag7zszj35ct,BSH,2000,
xch1wx6x2axc5l0zj42j652xl7kt5c9wq6am7xjnjvkqhagmesp8an2syfslhs,BSH,2000,
xch187m4umjf65qqzpy68da97987mhgxmh74ffnfcwng0l8y4qd7k85s9grm24,BSH,2000,
xch17xa0wn4rkhkmkgqhurrscqtcyx9fqad9p3x4pxjamflpnu7qgkdqn4y6g8,BSH,2000,
xch19jfhrsg9slcvukrvvl3nlvnhns9t3nng6e8pnrgavkswxge9g0qsaf44vq,BSH,2000,
xch1zs8yw2wc2hw20vp2d2gxxf4xzj0jhd07sfpruld03glnr424lg6su5205u,BSH,2000,
xch1khkp5yel3mycx5zr4ga9ge0z4pjs22mgvp9elxaryyperl4jw83qdgwaa5,BSH,2000,
xch1re5lkqrhng8p8jp7a3zzunkhlxmcrxda87mdxn35clnkpwsrrleq9wpdtx,BSH,2000,
xch1muczwku88ks4mqu3xyls0jcqqfkapt4kealtlf707xvg4xcpyxrqt02at4,BSH,2000,
xch1kjcaztl726gfh9nws6hx32qxsqfwr6upvmf8ua5vkajkc8rknjcs3np4f5,BSH,2000,
xch1409aasy4vmmranusdw70cwq6afuem56ny04xk36f572k4vzmxv3qqfsk8g,BSH,2000,
xch16hey66vq32g8unlpzdza744cqxg0a3ny054dr2f6g32wueayezdqyukxnn,BSH,2000,
xch1gya6vgyudczue69wxs8hu2xqzhq338d9gmmtm5cnjzfknw8tur0q20tupt,BSH,2000,
xch1whfk2fhz4vukay3ymk894pevslvtnjhtn8va5k92eakzlnw8a57sd5djfq,BSH,2000,
xch17339dk8s6c79apcm04m4p3xmhfra9fu0ww2ag4lvlv9pycdvgyqsygd0vt,BSH,2000,
xch1myushkl87a43ltx73ztc5nsndkakv9jsdyk7etl3pup8f7snxxxq2laje5,BSH,2000,
xch10uzsh6dcms5dfglj3xu8ujkw4zur0c7e6ttrtjdfa2a67n2r25cqxy7r8n,BSH,2000,
xch1h4uw3atcy0l3g2at4u2dtx3try6yxkhnpx3d34e927z7cmaw4x4s6v6gpz,BSH,2000,
xch1me64aap5acu0993f64u9smzh46cpxe4j4qx8r56fr40tme4f6dhq043zcm,BSH,2000,
xch1g6a7vqy48p9rhq538dv2w4u3r04l95hlz8n3eme5u2dpj9u6xs8s2v24fu,BSH,2000,
xch1e75eqwpmfpdehvu4hzmpakewrtga6ydr3rveld7eduz0pwlcqkwsqmrcya,BSH,2000,
xch104jgamu6yv5dhl6kfjqqlfa3wv2m3rhw3qdghmysa9ckymtla3zs5efn6k,BSH,2000,
xch1a063te7c5j00tu4gvupnsvja0fzkgz8e5kqgrpvhf2tjfgj9s7wq829ae5,BSH,2000,
xch1cz3vkg3w7m6l4skhdavgqdsjqy27fh8pf8zq3k8x6zejm95kkxxqn06zcw,BSH,2000,
xch10zgrdjkq4mj299fdefvcydmfz5xpt5mmq863zncgsp7lvts9x2pswcf5r7,BSH,2000,
xch1e5k7upqpwcz5pwkvgc3mmus36fvx0am7px44yn3f0e7yc3rjn5kss7z5gc,BSH,2000,
xch1xyjhxz30c5x4jft35x927d33cjcen3mx3r54qtz58fazxp57stpqtxlh6d,BSH,2000,
xch1x6srqkaahag0rnyuzeu3l286g857gymdyc3cs6dl5r3ke3hzlzps7xr9lp,BSH,2000,
xch1euepnhtuct0cz6h9p7dad2a05cfawvuxugzmw3hsyedfhtrcalfs7jj445,BSH,2000,
xch1e9l08axtmd5avxqu0kl2gntdmytw4c7c9s7rkv8cu7yzh5len3pqvwgdf7,BSH,2000,
xch1vjgwdp3hlzthh5twmw356fxj9t9kcwlxctslkmgw28lqg6fe394qxq2tkq,BSH,2000,
xch14j2dt6kulaxx59vl9y0dprqhxegf3hhjngzdp2em82epe6050u9q5wxpha,BSH,2000,
xch1d8v9rmwvw5pl62zaqp8qymutvq57jwwm709xnr9mpwq9ygrj65vqkc3eyr,BSH,2000,
xch177sme5jypckuanwgceuhgle8khaa932ag7u4kdlmm6shmhg74zkswhcn57,BSH,2000,
xch14jnshtat89h28rephlr7d6zt4rt8auxutx22zpd64zzduzqq8dtq4trncr,BSH,2000,
xch10vmylnwsf8lp7a5s8vs3jncemz8qy656enqrs3lc5wu6dav43j3qscxmkr,BSH,2000,
xch1wpx2c3pcj7j2lfxgjgadqr7gt9646x5ksg6jypcugdrflmmtd0mqrnpyzy,BSH,2000,
xch1vna8jgkcdnumqnyhpqpwlpzpf0dcspmqdcc0vd8j68tft5fm3e0s38q2d9,BSH,2000,
xch1xwxrgauvjf9rgyg3rsxcnnx87mx6t0r67jk5wepxauynpkcrrzns6uc54f,BSH,2000,
xch1kmy64j7mf9e6pxs35hruexfvxfzjzrcng6qj3ygncaxuxpxegw2qlu2f0u,BSH,2000,
xch1xra3fffkayayv7glmyshpwl7vwu8zt6f8xvr7nyevfqgf45d4l5sw6zgjj,BSH,2000,
xch1z8kkq4ycnkf0kpakh0gmdne0nag0u5uyahjcme863detar395tyqh8w93t,BSH,2000,
xch1kt960am2u2qv8kk9fxwud4t8ec75zwlcq06ldqadhsndpw2l8kqsuuwjyr,BSH,2000,
xch1nvcnjtzx5g3ed9ft0twtgjn4ehwt6sf2krkj9tr0mjpydj25ea3qr98tg4,BSH,2000,
xch13sgkhcmruym7hs2upkayd0vsd4lt4p0scpvj0642th8qdahpdzzqwna8jx,BSH,2000,
xch1zyj29ty5pv5pd5vc0djjnty8pvv0jlwwgsmmg03ssd2hfzqwhx6s8996pd,BSH,2000,
xch1szmh5zgkk5e2pqu25d3qyw95e29uxm0g6fz5lxh9xvl8gplup0fsk22alp,BSH,2000,
xch1nwh0mjunhxyzw3kfmj5lchgc2fe6mw94l9vtatcjljysvq8n722swplrmq,BSH,2000,
xch1fujkaezrlnswk6cm8ycyh9x83q0gk5hrgy0nujcrk99wgu9xsk8svs3qfq,BSH,2000,
xch1nlfn3wvapa95l4dcecpdpu6f7f8ekqtr5k3thm6eucau6r7uzn3s2nmx9h,BSH,2000,
xch1juqmhlw8ae2cp2ln53kcdhv34jawfd0g6e5ker947z5jkz6ce8cqzxlx9f,BSH,2000,
xch10eexkl5u298jlps4yjekxw4xgjjelcd4ud68uwrhhpjssadtwnpqtm3nn5,BSH,2000,
xch1xwmxqsxrf74xm706c0xtywqlsvaaqnc3vqaqaqhmc70r880c7zvs6eetde,BSH,2000,
xch137r92ny7vw3llexeshduvd4mn80wk5d4d4ch0n4hddur5trmmlvqtpzwh8,BSH,2000,
xch1trcxj07ezyngvs4847ew2y84rlwge97h6qhl9g0fpa08shxg30jsu6lcjl,BSH,2000,
xch1y62j9ulrka0ph9p7arwgvuq6kdv4n75uquc6q5zk437k2hy2m79saek9at,BSH,2000,
xch1rzvlgvlfe60tdtvwph8gn7t70vp2gdq8rt4vhatrwu6wax8unmvqkcutxz,BSH,2000,
xch15qyqhcmexl7rdzlltsjutdan8k34u2xg6236xavd9jvyrlp288wqwk5gqd,BSH,2000,
xch1serjxtvx25phls4es74t7p9dqpa0p5hk282dlga5862v3lzynrgs6gk7jn,BSH,2000,
xch13hvxqn45acn36v7wnzkuz8veev5vwwt096kkjuvwfy5080hyfq9ss50gxt,BSH,2000,
xch15cxqezav37w9fyr3ujj8s9c3qrqwqncgrgtvkvlmpsr9d4kre5xqevxwa0,BSH,2000,
xch1sq2zfxasesjhsudxunlexfhtawewz3dwhkaxsux3rhar7q2zgeeqva34hl,BSH,2000,
xch189hjsjtvnusj5ea7s7mjg9fcw8lvedj323m2zxqp4ly8xnvesm4qqc5q9e,BSH,2000,
xch1yn44za5xs28revck5qqmv0e86yzka7wu56rkyfqvd4ke5xcvmlxsg0plgc,BSH,2000,
xch1ffvthjczf0pyyjdmmerd0wszl6y2wh4wzpkxnmcvyf0q93ftnmuqfdwasy,BSH,2000,
xch104xue4r2ha2slumjn3lk6kcyjruy932436xfrzfhpfylcw0remjs2var4d,BSH,2000,
xch1c3jv0n6ysfn3m889nr23jl0t59ssnrph9mtsv9f4ugrxusufr05q8jfezy,BSH,2000,
xch1uagg3q9jfa2ctulhmw8z2z5nnzdc9teg42umgz6h8qm0494d9hxsyq978h,BSH,2000,
xch1w3f8dp8addj8m7cum2cj9r342l7ae4442cdpxxyvapd3kk2j050syl40q7,BSH,2000,
xch1690lfquft958mvu4uht9r0y3ccx530f57h9njg9mvms40k66mskq6tnj9y,BSH,2000,
xch182z43p0uaf4mercr98wm37hgchj9jltyuhm37j9j4lpnm6fmdz0qnhgzku,BSH,2000,
xch1emcdtl5cv72a7v8wafwfjrvm9gl3h0n0gvt6hc9t63vnc2l6n3kq687pvy,BSH,2000,
xch1ymgd8h65xqu239jqvyskwvam5luvty6zs9z4tg6v2vllvkxlvmcq2vf62x,BSH,2000,
xch1rtz5a56d0eqw45ccgl4kxzng0hkj3mjlk2qfkq9hq9s4fvljcvqsda8f42,BSH,2000,
xch1zxj9zxvvypj5e6xarqvuzv5l082gx7lfk0px3gmyplyv4kqqe8lqpvxaj8,BSH,2000,
xch1wyt3pn3jna7uy0ycg82k3cjlxea24q9zue9e6qtenrnqhs3dmxvsaa9sjr,BSH,2000,
xch1jfnw2j5nxvp2zrzzys4qfye9q7v490mgzedjv5rmmhfx6q3rd9yqn77nd2,BSH,2000,
xch19cue2tz3lng5y55fue49qx4xdpwe4rpmlacvh5cv3a0p80cynchqch5wdc,BSH,2000,
xch1maalrjspq7c35lahu3mpyw0whh3a3e0ldafnjpvk3cney2rvpu8qwjc8jy,BSH,2000,
xch1xd2fn76ff8sa4x7p0gxk5w84rqfm4p978amuwughrpyc3lyw5zkqjc9dkr,BSH,2000,
xch1mvgc26ghlx9twg5sz975d7l8ukxx2q6hpusqnyjjk9ka2jq7zzjskztveg,BSH,2000,
xch13zvv9sxt9da28cqz0rp2alnvkjskedz5w3p2360gu9m0cvs95nxqd26csu,BSH,2000,
xch1ahcjdzutca0s7a2fy4mlrq0ulnz892h5e077wqem8m2qzwl6wluqa0ahlm,BSH,2000,
xch17y83hwcf52yd8pvquuah5v3my44hyma4ceyunequuz5hltr4642q375r2y,BSH,2000,
xch166u8hsn4y9cv8j6wtjq9ha4f9nft9tfuu8nx9xcta4l8q7uuss8s292yvq,BSH,2000,
xch15u48ht3ldmw8pscp3d4vu23xaytzratcmfp4ct34ra0mr8nc9edsmmjhy6,BSH,2000,
xch1mjvysfl27npe4h0kn3ernd0yc5059qgczfyq8cljfcedf9qq6jeqc24yhy,BSH,2000,
xch1t87u6wpkx23q7ycn2u4heyhrr6xjhet0jhtrfcmtwu9ghtmznglqpp6m36,BSH,2000,
xch1sa8gmst65knzkm3zfmzjnpt0wcly7jssfev470az36jje02tayusn5w4vr,BSH,2000,
xch1npzmyx33ljh8aesypcgwm7lf57m6p2r245j8dh9ghc0teh6d6ussex4q5k,BSH,2000,
xch1terg0r30wfyessu06guhjz8fmmnr97yj0f4el0fs6566gte2864sc6lqhe,BSH,2000,
xch1jcezj28tz5u5t76yjyj6r59vde9xsh59zfst3dvwcrx2n6k3ypaq9ax77y,BSH,2000,
xch1uz7g3j0rsurznwwmaq69evmv3arpsdwqyct9kwlhay368qezyaxq0xev52,BSH,2000,
xch1zzaxw2p04hv3h0h4yqyg6y3dn4d8vvn2whw2w5z57jhg4qv52ccsuq4ugt,BSH,2000,
xch1yuqp52d6sf807yrrsqraz2m2elux4qdmmcftw53053kwp42v55msn33d6e,BSH,2000,
xch1v2sfv844sh3ffhua3e95rsfexmny5a24ngdehfg08869gu6q0jusyy5ens,BSH,2000,
xch1c88czpkey6gyl7c7uy5st98ku9fvfpf2rz4avnly76peushzw3wqnju3av,BSH,2000,
xch1h5n03qn6t8ucgvnx4zgq30mmaufgwx4tu9unu3glzk5x0jkmsvass404v4,BSH,2000,
xch1x6zgy6qqv7egveld66jfr9en4jy6rdz4wt37587yahja8pjne52suwtvld,BSH,2000,
xch1lunl32pdp4480z9l2rh9da0l8j86lsr97vlsukmhwlkpcqrp2tasgwkhkh,BSH,2000,
xch1w20gnnxu7f4pxdwss2xt3z9c5ljqgkwdp3qqqgynxtnyjsmh26mqeawpp2,BSH,2000,
xch1f44hntrx9k5wr3q6y3qqjdyp2z42nx8swwzn30fegs9sclk9xwvqnx7gqp,BSH,2000,
xch1upr3pnlkeragvnlfe7drmraytmpazp7wzcqx6y54q96ydr2da97qw5y0tl,BSH,2000,
xch1zkff3wjq59mgtyxnsa788kw00vj0u68nqesu7lyfe676f000464qxc4utn,BSH,2000,
xch12cahp8vjm4e0c4t64w8qm43vduxv3xwgp73sg50pr52lph5r7vqsz5k9uq,BSH,2000,
xch1f6kwj6wlvwcrx2lu02w6s6syntp9gm72xquqnnzfll7l347yeawq3a94dz,BSH,2000,
xch16c5yq0s7yhu42ne3e5ftkhlsq03esyvt0q2rj9y3j6ppvdqjpfqs7ylsz6,BSH,2000,
xch12ltkpp4dp3snzj6yec70eu7nyfshuursq2l9vv9s4tg40dvy4ess6qw09k,BSH,2000,
xch1vgcygk68rz2n392pqmq6edfkude3j66z9fcc5axpa052ryzxelqq0vxv4f,BSH,2000,
xch1c6cyskde7ufp4y7aat6paaljyxltskqfzsnqwcgy48rewemuhyjsxa3tk0,BSH,2000,
xch1w45y4vlmg0tqesg3ut3pmxpqs9u6g8eqzpv4es0579cffm5ary4s5u4lwu,BSH,2000,
xch1wc29fn7mwstuftcevp93vqdp06lpv9mfqq6c8q9z526zenctvzdq2jhk9j,BSH,2000,
xch1an89w403zxzrs0lrjmzcwt99jmerzwlxfwg4ts3qx6xa24fcc8rqqgh09q,BSH,2000,
xch109j5l0lk582dzv45x8ven5u428h29v3yjttvw9rn4k5q4z4vd9hslu5p3y,BSH,2000,
xch1w7ggfd5dqe5rhj3zhl07ndmnwazj4h8auvtjv2cccdfeyfm4u55qn20hjh,BSH,2000,
xch16xj875f80zr8f3csa52qcexdck2gywhejj963sy78k7suaxkndxq573xgm,BSH,2000,
xch1e7d7584r4pe4kfahvqwzc6rh9hm9n2sfmqgcut90ht68zxpfuxrqfp4s0c,BSH,2000,
xch1jc5qg706tu5qnyh28j38gxd0akskutypaqkr4yq6fgt5g5qfzxfqqk68yl,BSH,2000,
xch1a0e60xasx225hd0f8gdpnxs0p0pnk9czkfw2qps03480lvpc2lrqp8v8yr,BSH,2000,
xch1ww64shjvfkcu8kqeckg5nfq5d6t4cv2nyexnr7mewlw0vsl2068q82rf2j,BSH,2000,
xch1k94t3tnvvdks3fh95upn4rpr5nfwmh5nzjhz42usevut2uw06xtsew548p,BSH,2000,
xch1xv5gt9j36j2sfhc46kajp3f7zvmwq7zllnztsql7cx4xmlaasgzqzhy57w,BSH,2000,
xch1vfxj8udxckhpdvmlt529wt9xhgj722d0g99677047s49j73k4nuspcryrk,BSH,2000,
xch16kfckn4eq5e3jrnfeg66jry7cvkpztclg4n2z0hzl56440m526qq42hvdv,BSH,2000,
xch16g49jwzjuhc7ph3u4ytlu3fqhhck3nwck04tvjqlg47w2cnmnmgs4uwhff,BSH,2000,
xch1xx9lpgzjm4xngtnetl5q3m4v5ldha5jxkayph7s5nxgv2x9a4grq2rdkf4,BSH,2000,
xch16n72qsknfadysdf6wjmg2xm7drcfapwhhpqzl7t2z39g3kvxly3s6td2pg,BSH,2000,
xch1k9mfl0dzqjufq9u5ga0vpcyx0ymnlhlvupjylks04rx0h70g96fq4qcxqp,BSH,2000,
xch1eu5mpvymhyky0mgq27kft57tkvrhv640pzatulf40trf5ecd22hq2h75gl,BSH,2000,
xch1gw28apc2vfxkuzzalfsqgawylhd2vhwgh0cve2yzkwernr7c86wsd0qp4a,BSH,2000,
xch1st33yj56w0qczjex95qz63ftmvm7hdks08parqm4g5f6vc2hhlmsudx5qd,BSH,2000,
xch1vrh6wtu6sda6zx7qswh7jv42yqw0jk6rpwjurtf9k9nzyuh6ueuqdygr65,BSH,2000,
xch1zpfu93uztzkueh54wp5uddnye97jxzn3cpefaap65ru4l8nrhuxqmmfqs4,BSH,2000,
xch14d2cqxjs9lg5z3zg56f7mhrj7g86gu2v9d3kputatn0c935dnz8s06n6lt,BSH,2000,
xch1sdzngn85pe62a6n2t7e9ly4eg7hj82z5t7qs3ku0wnf5w6j355jq5gh98k,BSH,2000,
xch1mtdnjvf7p4flmk0q8rzxkx2t5uwsxwm5cfhf9efdwet8qnzfcupqegt70l,BSH,2000,
xch1ndnzkuduej5edxfwmp7tjlr90fjhe5t0mvveuzzpx94y9sjzwreslg2n9z,BSH,2000,
xch17cnp4wgptln87fjfqy9j2tcq98gkhejlsdzmzndqms9tmtraz6vs0hwjnn,BSH,2000,
xch17pl2t4hhj0uurp40u5shaej643a7m328yyml782hra2wudw2vvfsdjp9m3,BSH,2000,
xch1gddgzse2le4jynsuar338mxtctzw49x894fjhduf80kujjtw8tys4ku6zr,BSH,2000,
xch1htms56kgwy2znk29ezr6uq3m00mxpqxf6w6shfrcsauvsnh69kvs3z2r4v,BSH,2000,
xch12a3c26yqg485htdhd8fztajnfj5shlpgqn3nt5wen360s0r5s3ts4q46gz,BSH,2000,
xch1texnvn7mprmc3f0quth0qs38zqlqzpk0pskg7k7d5fgtuc744xtqfjytyk,BSH,2000,
xch1w98fydg3e7h5nvqylv3yhxfy420f8emnktjd8kvz6dhtexkftc5swzjw2m,BSH,2000,
xch1885qgs9hpn53kgm8sp47g4rmdysdy73w4d2gy047ptsng287zresyg77m3,BSH,2000,
xch1znt7hm73wekc7trx4w9kpgr4sq78whcsmwzye0jzdetkujfkwz3qg0s8ev,BSH,2000,
xch1kukdhf6ehfrja0pghf0yevfr047x92tmzlpzksy2gv2hth3qp55spushs3,BSH,2000,
xch1lvneympy7v922eefcqgq4da26tryqe2rlaa0y23y3tlku02punzszdgpqq,BSH,2000,
xch1m467xngsz85mdg7pdksh8hw8nyhq7ffc60g6gdzplc7mlfdmgmdqumk4tw,BSH,2000,
xch1r96kauyvledgyeehltnu7awxq3wdltwkg9nj79dtqg0fsgvena6qc3q87j,BSH,2000,
xch1glelkl4hn25kvp3f7fyhq9ms4dsgz5nuu9qgqhhech6zaccwlwvqjwcj0p,BSH,2000,
xch16w78tapkdcav8kzlyev64hgzg7974r74dmyfv38l7tmwm7uu2slsd5fnlp,BSH,2000,
xch166sns3kgucsvkwf2pn6jzqee6lncns4jw8ssns7777lyl3gh4qespaxjvl,BSH,2000,
xch1kyhtr4kddc6m9qjn585v5wnady43kz5mn4zrs7x7fxpstl7tq9yq8kdf5s,BSH,2000,
xch126nfhyhvfscmjp5dqtrdpdelfhvrrnuv9g4evq2mdyh8ffdrq3dsfzy4yn,BSH,2000,
xch1afakk7h5eww8jwlyvqyn2gvxwaepypuj2080mlkhp0tvgtsr6kusupx4hu,BSH,2000,
xch17plkgnsp2ln27332l7w9rwr6p8373y5uvd3gqafe500m8s0yl7nszcevsr,BSH,2000,
xch15trtw4rr2gs53sp53nga2yxuwzdy6mdqzlmuqgc6qnam75thv2gq0pp8sf,BSH,2000,
xch1yfhtxl6ztvrur8x2k2g5zy0hcxrhwlqgj72rp3vx86scyy2uxn2qvcx0ns,BSH,2000,
xch1rv9k5jw6nl0557jmn0vt5pq3plztluj02sepftmqhe2zu5fntq6sh6ahjt,BSH,2000,
xch19xhwkaleclucfnltseswcr3k2v88df6fsk5evk8uly9j0f6clvjss6fl0a,BSH,2000,
xch1twv5jc3h3qvenecz8usrumdgank8s7de3xtqd5tux55p7y9yqxjqxm5htr,BSH,2000,
xch1ek57cglxfw495qz4ztsgt6py8gq9kk9pkxjyskvyfvv7qc87eewq6qcnw0,BSH,2000,
xch1z6vftlwt8wnpf2jd5mk9xcpx708rsekh0hvzrxvd4g07nq0hcw9sg2mjm2,BSH,2000,
xch1z5gze20mkwatca0q5zyeqjmakx62cksqpw46zekqkqrlwwrgf6gslsgaue,BSH,2000,
xch1ajpae2gvmz3k0cdac66dgsgqpf5qcc30du4vvxrlek3f8cxr6cjq0yadma,BSH,2000,
xch1fuer4tc6gekjjlw0mtkp7tw5tuy56tuqlst2s9tudpx7drkzcyzstt40sy,BSH,2000,
xch18ukkqvfggy6202p8s89flzzsn24jknr3mr7cqygjf8etu23pkl4qurqmtz,BSH,2000,
xch1lrhw8q6mus55gq30mn695nt0l8m30hy5tv3rw0mt8czyh5xu64cqy2ax04,BSH,2000,
xch1t9825v6hkav6j337grceckw78d5epvyzqm2a9lm4kw77jqdunrtsnvp724,BSH,2000,
xch1llfax5crqfa84zlrfpz2jcpqenn98sfrye7pq2emn0rdfydga84ssklhx0,BSH,2000,
xch1r23n8xngwrsaqsjd4v3a4jksm0xsnr2klce92t2a4wrdjuvk2x7stkcgje,BSH,2000,
xch10r70gv0qklfa748rwlxfrnpnw8sfqp7t2wh7k9c3d0kswh56wl9qu0ugcm,BSH,2000,
xch1t6pc5mu3rc23x96qqzxh7hvh7hfdptkyc9yshnsmw8z88wjmzhgs9ynnwd,BSH,2000,
xch19ljmrqqzxzfqunyydjv0gv8fev2c5vez7fvr36s5eu5yjmem4e4qmygjdh,BSH,2000,
xch1uvgeptacajkk9ueldpsa8canxdsdvzx4ryd2aqyjh6la0kqef6dsg0zyqk,BSH,2000,
xch1rq9vy49fq88t4efal5tkqdhqlqs7ssxeu53d7qjrhye7vrjm6phs68l6ej,BSH,2000,
xch1ssnv4u3t4y4ecs2vs7xdrtm360vx22gt2e47snpnlv0z53sytm8setsu60,BSH,2000,
xch1tv50fwdat9lhe75cjrm3k2w3sy62a755lvpupytqkft8ee8c9uasudnc4p,BSH,2000,
xch13g9t9w7plc397w8cgme3raz39rqn796j9mg4zqqqf8fjvq0xghvs2ys9ae,BSH,2000,
xch1vljhrmzwf07yg0kdkxs9h3ele3m64ts7jy8c8gflvazpn43trphq54h02j,BSH,2000,
xch1stvgaelpzf6xapde8ehmd8z2n8crdat4a2ec0nue4d33dksg9dssd07rfh,BSH,2000,
xch1xtupl556l6aaqkh72c0npl787d5zcahm06dyc63u2hzn9ral9mxqhz289v,BSH,2000,
xch1nj32xt5dw4n4mpzlsa80t5ey7j0hk0j6u5gtfw74uajuc7vmnhlsv00up2,BSH,2000,
xch1u9e5gv2w4g9lepdp0cy6gmyqerql2ujrf8j8sfvg7tqpgmwkreqsr4uus0,BSH,2000,
xch1rzlhz0yruseh3l0fm2e2976twkx7360nnwtxhycgl3eulxe7afmqvu0rjv,BSH,2000,
xch1r83amdxl7fcpwd4p0mkw7eu0hcmyehxual6scvz8n2q5wxppd99q74valv,BSH,2000,
xch1ne5rvt4lw2ey2n2xg64pywlgj63a5yury8dvm6e7etkm0mntk8nqly437u,BSH,2000,
xch19r6lvmae5rer6aq04nn58ey8m7gm9uvldlhskpae7hd37vyskpks5dcnes,BSH,2000,
xch1x4z2nlp8848es67skunmwaqaz5fre277tpx8pjzcksf3ct934f6s4y8kuk,BSH,2000,
xch19hqaysdky8mxsmz283hxkgugesufgafq5hxvcmwd57ravz0rhj4s4kh6lp,BSH,2000,
xch1utekdpmdc4jct48p7wwtv5l8k7xgdqvl6jhn3f5avhnxss2xuruqm3v7s6,BSH,2000,
xch130jdvhyp0uymt4akw97mlxxacln0revfxm7z8sh6mf9u5lcwzecspxkctw,BSH,2000,
xch1ap00wy7x5kwtnssgemz8c8k3y2tyqd86e2r6zx7gcdtdkj3e3krsyrssxr,BSH,2000,
xch1thmvrv677c4fm7qd4thqeq79x9r9ffslpjw4zr3v2j43ppd2nlssglmuvp,BSH,2000,
xch1lpe35l3wd4s49aac3aed0vtux78vvhda8l0t7ktwyrn28nyas6ws86hq4m,BSH,2000,
xch1r7cpycrdmez4dee06zrzw0unvt2ga2hgwzgsfuzq2u7pksy702msqnjee8,BSH,2000,
xch1yjcmnfn55z5xujku94cjqdvf3fmcdf9t2a8crr482jhx8k7hmgfq895aky,BSH,2000,
xch1r55dnz86nmzt2ydjmpy48fmmg32h85ujk92qnckf53j5qjndpwyqweju8n,BSH,2000,
xch166f2lclwgc7njreydggf8p5yxcegxr7ec6gaeh9jyme0v9mk768qj4ynmp,BSH,2000,
xch1ww2ltpj580qtmvtqttttz4fmhvz2h562xmctvtm2mlnrvzwh978saqsxwx,BSH,2000,
xch1x5nra5jcac2cvq6qde593q5qrhx0l4jvsme9nn0ghxc8r7n600xq5p0tcd,BSH,2000,
xch1w2wuaqlm4m22ynj285leetfqevsjd8r8rpmqftwyk7c4yfpxh2gse94sy5,BSH,2000,
xch1efvu8v68c7ys74p5k822dg5m5atnmqzea8c09qfumtknavpyz9qs2ls9cu,BSH,2000,
xch1f8jrngfurc7vd9veay4rsmrkhfaaxsfjxmwkav6rlnzq5n7vqatsvq3usa,BSH,2000,
xch1fp22j3qpv9fwav32agz7nnm73vda9vz099f8sjj8ww0lrm3asuushymeud,BSH,2000,
xch1n4cpdeluyh4jxkry09ntz6f9mns0sh9mfyfygx9fcuzhe86m5trqvzvwsn,BSH,2000,
xch1n2tpaaqg9v563y6udsdxdpnh5ddsgtygqmtns9r9qmhzy59ksjfqpkd7cu,BSH,2000,
xch1f6wr29vljqn2960n3xg6sevy02dqr3xcnjcvuketpv6rzrx5crmqrehlcf,BSH,2000,
xch1nx52trn6h953a33av8xmv62vd4r28ycsdupzskq2kntm0h42ql6qltnhjm,BSH,2000,
xch1fkaejcxdkfwzku9f52md2c2sxv6fl85t4mpkq8n5z6x3q7psxrtq20qea4,BSH,2000,
xch1msdxs6zhw63eex8ywkgl8ah47s7yf0nfpafld2j2re8fgmurpxuqj94re8,BSH,2000,
xch12gdsj59mdms05dfq33zhwm2jd685kme9x23l8qs2zxmuzpx7tthqql49h9,BSH,2000,
xch1u0hgdcvpe6020wzvztj0d2h835zxnax270g2clyt46lrpulm6ghqpqskzu,BSH,2000,
xch1lm8ft8hsdwrlxz0aqxh5t9kats8tpg89zp50fvxntj4x5rpwgf9qc2qjqy,BSH,2000,
xch15z6dzma8k82yfhqyhkrxay5stah87kvn4jd0mceh3rczx9qkdxxqzdxjqp,BSH,2000,
xch14676yaqmf79wj9f42ahrwzu82ha3qde8dk30kff8ux6856kq8ueqyg20f4,BSH,2000,
xch1lksxaftcxqmp57c88cv6eqqsv2h6xc4fum3e60p9d7tg5f50dsushcj8gx,BSH,2000,
xch1yupr29nz49zmded4zjlcasnyezzguz3uypydusdt3vjnrgfexwaqzcgtl7,BSH,2000,
xch1v5qszjhh2gwmn6cpkkd5u94g7q64n8p4g0qec82v2qxruwglj6aqfz2zr9,BSH,2000,
xch14hhlxlrfevwc46zwm009tkws9y470ptypr87600t4mtht077sr7qmwzeen,BSH,2000,
xch1exda4jcav7smfdk86zzh6mcazpkxtkzwjd7fvyj2v33gkwfs9c8slpu2xz,BSH,2000,
xch1yyzcdxj0h3x68e3549qpf9fern2gv3del72lxhdf082d9jxumgnqn5vfl8,BSH,2000,
xch1y75hdxvswkgjugphw6wgh57fqrrkrdyf9d5aw5sfjunjlwhsd0cscyv8yl,BSH,2000,
xch17czczl8tf3292ctvy4x4zmxesc6aqa4e4ga4v7v3sdzpjgm768tq3ssuga,BSH,2000,
xch1u3up3wcmz89rhj006um3dpk3hpqp7f64xfcu6edvnunxsy9n45js97evh0,BSH,2000,
xch13mf68rqwau6t8cg4l3nyvehkr2sw7m8vzjy2sw9marxfqzjew3jslly8k6,BSH,2000,
xch1cj8cc7nkykvmd2g6ysrwmnkcja7a2vp7yc0gwlfmskwcahdcrwns4du2ef,BSH,2000,
xch1wgc0lkc2f46k20crm98sstv2wqhmzl2psxht603qhpfhvvmmq27qerqwk6,BSH,2000,
xch1630hfp2mpaxmk0qd9t02rady855tn0nuasazv4rzmvsa4qe8rf4smrh8yc,BSH,2000,
xch1zrm00aup378jjrr9w2m909je3g24nw89h3dsa092u36eclqgxc5qtzle7w,BSH,2000,
xch106p0c6mtfz9r4z9qqva0mzzs58wh2j6wm7d0mut2w38j4qdqlydqdsm34e,BSH,2000,
xch1dgh523lwdzt4gj303e9zv2f6354n9k2rvdgandlcyl460ee4prxqe8tun8,BSH,2000,
xch1tjaurnwt7apqd2k0vdh4dqe0cz89wvymntpj6yphx33k7nermwtqv2xz5w,BSH,2000,
xch1ku7cq2tgm0tnv89rqsmhu4mfw9gueqx2da4vml08c23hh3g59f0qj6shdu,BSH,2000,
xch1chhdrh4ed7rylr3eqgqt5tx47cddng9xwnc2dcqld3c623ykre3q7k56pu,BSH,2000,
xch1zf9j8wm5cjg0pt4q0wzn2gddnk54afaczjkkngr3k7rk5qkdrr2qukcnrs,BSH,2000,
xch15rtxgtmpm473r33pde2x26wswd4d3c79wlgynsj6dq68er4m9cxs7lcvg4,BSH,2000,
xch1khrv3ma42c6sr9gcnnsrln97thx4npcjwx893ydf77ryg2kdnz9sxw4yzt,BSH,2000,
xch122cvxdyveu8pn2v3r3ftqqkmeu7x7tkpl65jx6cpzy58q64mfxfs46rvnx,BSH,2000,
xch1fzmq82808lrve0jngaq2a53j8nn8uw23l3grnhewpd75xwhjq7zqrnnsh7,BSH,2000,
xch1aqchxvsh0hff89hkznpszjqqshel4rgqvke5vg6dhn4rr7ewwfcqznzjw4,BSH,2000,
xch146hpqqcs9f5qfgdxwnhk99wqtkstj4kgm5yqk5tzxpgte644thmq5tuqwa,BSH,2000,
xch1l5g75s8dd5jx62043njcqcfytp6gl8j9rfnll9xpkflauf2ghyasdtmev4,BSH,2000,
xch1r0hhkftnh07vvsvcq99m0x4e8td2v92jw338g5277cak970avh2q78x8qc,BSH,2000,
xch1spfy2c5pvlmjflxcmlejawrlrch8v8t8kfz0xztwn6wfrpyk9p4q9z6ka3,BSH,2000,
xch1mah9528jqg4eqkqp8pdj863yeywktuuzp9ms6ddnf07vthfqff5shah0wt,BSH,2000,
xch1l9aw3c57yhlt74wu5fegsuy395uuhusm209vjkvd3yzmlxdjvkjsp9tufx,BSH,2000,
xch1r03hgudnexq9ap67vvl9rd3v6rk9f24u6ampfp8dguamfgmccsls2wx3w3,BSH,2000,
xch1gxmqwuf428ug0m6cckghqmxkue74jl4w0ftvwh5mgvhmfku0asvqfhgg4d,BSH,2000,
xch12hqfr0eexqx79xc5hjkfev98wa65j32xay2uylh5jxkyv8m96d8qtl0fky,BSH,2000,
xch1cfyyuqg6j47qagfd5w745rml0v0n7zaku78mmfzy7t8hqnnm9cssmhvuel,BSH,2000,
xch1vcgd668y4x449qzcf9gz7qwq6fe2t3y7ta2hj6wpf7tc95csf4ksl497el,BSH,2000,
xch1vxph5upyghetlrd4yfq6k2nj3cvv7jhd0dt6we5f4gr5wrycxzzql9zc32,BSH,2000,
xch142n5dkz9e7630e5tazdvq6zx6yxqfx7y2y3fkx3n0e20kpetfkmspxyd5l,BSH,2000,
xch1e4ygw0rg03k4hedgzg78ansvv209vkdj0eqas0rgh25a230narwqtvyrs2,BSH,2000,
xch1sael8q3s6hm2fu4pmqcrv0azre7dukmw2eelz3f3ah4c4zjdpknspn5swr,BSH,2000,
xch18tqmpe42xgfg8ef05nzd74y3zx4md5mq0paat4vtcag52aqfkllsr2kfzn,BSH,2000,
xch1epag56xcayn9zfatdrzakw49mdxrwcdlgqut7hg7np9jzrpahtvq0452z0,BSH,2000,
xch1kzds88lpxeqrdgmw9eggjhk508ef9z2rpryuv7a3n02pe79ugspqapmhvd,BSH,2000,
xch189gytr6v6zggh5wf3m2g03vqynxrcmnc54hq676dg0v2mrpcnpyqgmnxm8,BSH,2000,
xch1gsaj664lnp7p8jp2tcqxsqa0f6whmqh99uh6j44g7pd2x78zuvus590gd2,BSH,2000,
xch1azhd2da7dgpqrt63k40d3jdduv36p5ljc8605u2v6cfr9ldjy8ns6g86xu,BSH,2000,
xch1auv24r5e7ejucvwk77ufkk6l77flmqurrkmgsqgaxzsmqyh43ats5d62tc,BSH,2000,
xch1ejezvfxkt6uwzvjdtehxq2v64dc4dv04c7w5u4e950r85hsud28qc57kmj,BSH,2000,
xch182n7ckf9nvunkfhl3s0qmt3u4sut64yhm6s6qr9c92xr9jlwd0us0c40jn,BSH,2000,
xch15kz6vheqn2322zv437sgm06ylwxrq7hpxwft39ypxu2zlzt69dnscfu64a,BSH,2000,
xch19ucwxqmxgstdr2gd00ap2juxys7m26d74lp5dm7n4vvsxthv6y0s4f7hde,BSH,2000,
xch1kvtjk749t6ux4w76egeqatxgsf35wkgwq0ku473g2wcfmrcnqeqqkuachs,BSH,2000,
xch1m4ejy3my9vfyx980rhhdaqa4krvljsaujmpeukhprghf57daq8hqg7t5x2,BSH,2000,
xch1mjqk55d4lmzs7yj4awremkyk9ne2d5ax5l4yhd2afgk74hzcrr4s0klvcv,BSH,2000,
xch1svxvn9qs305cssmgwhctp35vtm4ra7vtzmhn4rz6kwam2wzr0a5qxpcl3f,BSH,2000,
xch1eh4dkzwc07axwud92ams4m2f6lyv55zstyw6dec6dpyvdevkyv4qe6rdt0,BSH,2000,
xch133wertndlclt9k7tp2rck60mazsgpxjjx9ykk6mkfv6mmr9xwawqes2k3f,BSH,2000,
xch1k6ef7d77wxgeh3w8xe25m89dfne582mupmuyldzp43hr3z3mdkpsvd5ahl,BSH,2000,
xch1ak5zsh5tlf9hpr4kanx9apl4wd7flhqvapj0p2u8dhld692jzr5sx365fu,BSH,2000,
xch1vsdzjckdrw2jy08nqeecx8ptjl4zxg64vzdxw9n7ukgmgkprjpwqnxlvge,BSH,2000,
xch1kg706qc9xw5uvjr7vvd35p4sjzv5wejrjwfsamymsqec4v7pg0rsu2prj0,BSH,2000,
xch1mpy78ey6gqfuqxffp3u4lz3al64xar6ffmrtkau690lr9d9lw0tqa03983,BSH,2000,
xch1aymjyt2v4pfn8pk5lndkr9mcld0vhznhl8243d44hj6av2u6h75q9wptvh,BSH,2000,
xch1c6fkwrwnejcjusv2lr5lqwm5nvth03mzkkm6urmx4xzch53qtq5s8gjvg2,BSH,2000,
xch1m97tcwy2lghrjm8r3ud5pfrxd4s599r7p3rkxljzp7nnzwnkpu9slume3j,BSH,2000,
xch14x67fvclrdna3gadgc0pn6njc0fgvg8pu9zgfle6julrlf4kal2qzegtgf,BSH,2000,
xch1sg3926ah5z9ufyth0xwunne2a5we6ldhs7zvffa2r28wwfpw6rxqdln3dq,BSH,2000,
xch1t76hz2hsr73d20xxz6ua35f3w6q00m5wutjxhlszj65dgt3ml5lq74kaxa,BSH,2000,
xch1smnj0ut99mpffdrhv0geupll6uwz7gttz5pghcg34ejl4ph44rmq54t9mm,BSH,2000,
xch1wrqtc5pnnuhc53s7062v7zy6sgq2umcpxmcprmg9uda5qzgf02jsjgjj0e,BSH,2000,
xch12c5cwpl7qmgnpes796mag5zsj8jx9k2erxzhng9ylhq2pzuwmzhq8jjeea,BSH,2000,
xch1x2ly4sadwupq578v5sva2h4rxnj4schxvrcfhdkfa9nsm7r4mfuqjunj8z,BSH,2000,
xch1fz0623zwsd3fkgs0558qm7246963j77tkap3x3mrl779dgsa40vsthtvsc,BSH,2000,
xch1m0wzypssksn53q5va5f0rn8j8sxppehvylf93kvsyaq95lnw70gq3uz4gw,BSH,2000,
xch17v23rjjd8ycqjfdjsfhca5znwjenn0dlmfqdndlt3kestl6rvspqc28quz,BSH,2000,
xch1jgeu5lja53nr6fj9cln72uuw2zunyzyzhva2pfexkesjqetzds9s9mx58s,BSH,2000,
xch145wutqnkykkjfjfr2rngh7ac4qmz2u9g4gjq60alrq9qq6ujcn5sr9wlzp,BSH,2000,
xch1s8dd358m7wkgcxfw4h7az968acxml0flu97fzdzudss37pasp08s68rhp8,BSH,2000,
xch1rvfjesvcp4wkgulkwl99c3qevzxtgudq7n22wmqp7m7827yge9cqjtyjjf,BSH,2000,
xch1g55e57rsgm9snym9da89j888lwcmcerdm5wsq8zk9nmesyhn7ytqe95zjr,BSH,2000,
xch19gkd345m230yatpfumtnu9wh3regcxa7m3r4xlq668myxytezpwqzkffv6,BSH,2000,
xch1nkzsd2hapezv94ltyxgcm26sv640hhnuzcw6sjxghclamzptqvus0ze7v2,BSH,2000,
xch1c593cmz8rnpqqzzpgselxt643cqtnwh32fugrzvsqwsq69yx3n3qcaaetv,BSH,2000,
xch16qas7aw8mxfqdfget4wguqk07lk4x7jf0zaypcklkq5txkxz7jcqa7a7sz,BSH,2000,
xch1nqzvytwj23702y08jty4tvemadrwdr2ffspd8ezl56akvrurudvsfnv8e5,BSH,2000,
xch19quj2zt3tfl4ahq73mp2djsfa66vdjdpm6nze77dml395ecgt3csh4ylu4,BSH,2000,
xch1j264xz8lfzejcey5qfaq06d8qmm2gf9h802aqgw55tthvxwsd76qd9pxvr,BSH,2000,
xch178jcjgx55mnec7mz735mlx40d7n3qmfc2zcs0jaynw30jyet4s5qpfnl78,BSH,2000,
xch1cnx4wt8gqjlqratmzcwxwnqv4qk5tje4ty7fravzhg635u4a88gs93rmd8,BSH,2000,
xch1rrkdsyamrz0ug3rcukd3ezuwf38gh2apkstxggv23hxkxrqhjp5qr3yuad,BSH,2000,
xch18dgfsunfw0zl79z63kd6xy5t8qjhfg5cwmjxc63z6h2sfprnstmsenxyy7,BSH,2000,
xch14s98p2f8j386qkp6en64q3d37ty34k6s8lm35w69mpmf298u65tqkf2xf0,BSH,2000,
xch1raq84pknzte375kze2z3lapscwet5g3q9qqkse8cmnmp5yr40zcsntdcm9,BSH,2000,
xch12j7k6gyzw6ka0pq4gecxwka7e5vha5w9t6fs76zsqam2svtqw27svsy79g,BSH,2000,
xch14przmmmap88gw4uytalzg60r9c9gndcck44qqk0qepdsws53fycszffeek,BSH,2000,
xch1n5p9g9v0h57kq5cm6l6ze4hm07rmggdwwy57ccdhr7d7zcezc7hsxm28vf,BSH,2000,
xch126lnlgfvhs30zse4ru79jwjkhrqxf4ztv5esufnz5gfjlxfnk8pqfjfvqk,BSH,2000,
xch1dskm8ykwhcl2pt457zkv790lkgnwnq6vanrcalrwhzk4rgwj03jq28m7kj,BSH,2000,
xch1u0j6w2dfeaak8zy6fvduya0j5vq40geu0009vn70skn7zrl49zps9w63th,BSH,2000,
xch1c6sf4dvr7pvpd2h5l4tkwxcy859hr77txsmrhd0u4a3lzvw6sm8sfvzgmq,BSH,2000,
xch1yywk4dlmnkc0kad4dmn89rpqrehmdfpfdd4pvxgscl5st8wd9ssq48m0fk,BSH,2000,
xch12930lcgkzf5yle6t3uy32kud3469wz6u6rvngl33nht992evhpqqcxtp5d,BSH,2000,
xch198gclavu0h9jdg9ma3rzjmh6dngzh9rh8nqszm3sk2wrxhkg6a2sjsh0sg,BSH,2000,
xch1n6pmgexzd32yj3ydenj62a35gz66fr7293f0x3wp2vsur6px27vstxag87,BSH,2000,
xch1kkheqnlpul68axuk3s80t5dx9y33gfsh272nxc6utskcwksgh3dqfyxx9p,BSH,2000,
xch1n2ah8knxzph0w99q5mh9853js0dycvzcz6lu9uk8xxxnwy9tysmqy3ng4q,BSH,2000,
xch1x548tn0n83rrhy0xyacuva9susuwxxrrm44umfvf7gv3mfqpfgys967xrn,BSH,2000,
xch1fl2vs4m3xlplls548464zqntn6fzv92u2v2auvg7wst0lfhad7dqz9v4fn,BSH,2000,
xch1r68p6xgjwa4cxznnkfsjf0rlfr3qgupdjhgegnczq3jgrqucfq2qpv2nc2,BSH,2000,
xch1nnvq3ca3m6qxeret6dvqqw6uhwdqhkjxf44l8f6hsa3pajz9ng6qj0vq4z,BSH,2000,
xch17xkzaxl6s9gjksrfdr3krwkapw7y2ur8uv0sv3xfnj2f0dfs8jqs7ejuwf,BSH,2000,
xch13t09kw0jdak534kf67neneduuenszlhraeqakqdetpxdaw8v066smkmshu,BSH,2000,
xch12n53feu482vj8yqc6hfflpzl0h8x2hvuvv08n6n3sl3upy25j3es20u3hh,BSH,2000,
xch1k6gd8y7f5tv49v3206jg94p9qcpxg4ztm6frz3zsa754r7l9t03se57xzy,BSH,2000,
xch1jfl063nt4lqgxgrkmtrk7ae7et0t9jcyn2ge8mmkzyccgwc9a98sa0u9fc,BSH,2000,
xch1u7c6agqqywt08zyyjg5tg3ej3a09w3qrelxfkl3eu4yh7fkd7jrq2cmg0l,BSH,2000,
xch1ykcddeu3d3ky0p29vdh4gkvhc3nfd92lrd5se89d6e4v62q5fuys3pfc66,BSH,2000,
xch18uf7ae3sazjeprxehmslkdyfxwdsk6p3ruqdj8vn974g29p24wwqfva54l,BSH,2000,
xch1yza7g8yaph0h3fsz540lcefy6qs2f3kp8h02976wxj2gkzr66wqqggxr35,BSH,2000,
xch1lmuqhwfd08qv4r607kqq4frhee9zcctxwmetlue2y3jdefjxf6zqfwpgxm,BSH,2000,
xch1cxjz2f5wxt7qrz49mqnnxvgp3pzmy7pdm4u3ts63dt8jdvazc3vqsfqv0e,BSH,2000,
xch1jc9vjmh79zgxu929f459f5trw34tujah3zj05re4cegpxdyl6gzq37xd0w,BSH,2000,
xch1l0tx58efkc2exex56r699fyydlhs8zqewzec2z5c3njjsm5m7azscl56s3,BSH,2000,
xch1gkds4p78tq0ugv5lv4kwlp6x4rqh858qkrg6z7w703ywhz4qku4qsx524u,BSH,2000,
xch1c0qwwr4tctyzh9te43vzc4vmhlr2yn4d3qjhv3xx4ts8f4nuu4vsew47np,BSH,2000,
xch1rqdfhcnprvz0cu5wvtmhkj4d8a0js5hr7m87ce6lq8q9yuq3j6rs7sphcp,BSH,2000,
xch1j9rhl8lv68av6swf2gvgsv5ay6uckkz86j49s27pdl5cw9f6grgsl7lskw,BSH,2000,
xch1ca5k7sd5gfyj8khrlystpqh3tzfnupc39940mgl0edx9y8d947qsy8nstt,BSH,2000,
xch1nle88ax8389dffgmfswywa3k9n5f3yfyl922rh05cgzep624effqxn6jay,BSH,2000,
xch1eyrpr57g6x6ghcejasqrvx29uweyhcvx5r7jznggexxj8ggnv7esltq67k,BSH,2000,
xch1eyh2385xwxrau8mr9vlgdyyf07lqgqjar02rtz938u0rpz87lpfqy3gcmn,BSH,2000,
xch1xhp8kx28h6a5a7whk8ayajjcjvc7t3gdk27tguzxthn7ac2yr4wq3cjeal,BSH,2000,
xch19nqlffw58282kefpu2p6c8edf26d99yh54nphk4v4fttnkpy44vq9k55qe,BSH,2000,
xch1ju6n455hg6xpygfmc7kcyzlgkl9fcjwl7k80ynxxdwg9qmthvqdssp226e,BSH,2000,
xch1czcuwwywm5lfrt9frmgax3v4778tqwpfm6488txr438ajxhzrx9qn3sevx,BSH,2000,
xch1zu4exev9hs3wapq9yv92k6crg48r59x92khtgksq66gjawa75wuse2xelq,BSH,2000,
xch1485j5s5ae7vxhyay7g7e9vnly96llasefm5s9fqhtafavpje3vpq55m7c4,BSH,2000,
xch1dcxhk2mpjg0lnaxvcfzp3k0zukhrud6r5garnscxa3pnzdx50fpq2j4smg,BSH,2000,
xch1ypg0f3thtl0ef22xpe8fzjj4wgqansx3mvlr5psgvm9ha5phj8aqp3m42m,BSH,2000,
xch18k2yxhcz7468kx43dy8kx4jqmcg94r7luf5tmgsx8ju3sx9lma9qjxf4wm,BSH,2000,
xch1z85u6a77kn4zyun26xurvkxlefjz6rvhh2jqzjvv0zyz93cq3w7qzwtpq9,BSH,2000,
xch18h8hcvzyn2tnfaesqm8xafugcurgk6h3xvxcrq97ssf6gf8ehfesk7nt9k,BSH,2000,
xch1vn5ax79st87lhc6ya4sfaeu0w4sk8r8jaec2780antauh0g7ym2s0062d8,BSH,2000,
xch1yyqsczx3e65cjhvrahz9w4wdskrthhcelz2q0mc6v2clyw5zs9rs8vqsd4,BSH,2000,
xch1m7dus6ly38svfl57l4yz4xxrwjvw268e442aek2kwdqer5madpzsp2tf3x,BSH,2000,
xch1c4rfr7s8q9lzh4xtr7mrl4lpwedl9qg2j5f3xc5x9exl73a7086s75sgww,BSH,2000,
xch13vd64ptfv5g28l4x4pv27t9r445mucvdde7ya50y800gpytt6xfqq52lat,BSH,2000,
xch1d7ce5eukeh40g2rjd3zm8qqdz8yrnvdzhrrw4vl6aw3ffdh77s8sfuj7vw,BSH,2000,
xch192q7pj2xdlv0q76fajdjvu9vyvdhgtvja88ktlc8fnhnnjxya6uqdzz65k,BSH,2000,
xch1hzkw3etlzujhgdjhs6p9w39ehwqmwe9mnh0tvqanr78eu04mje3s0zv6px,BSH,2000,
xch1w0s66qqfy9tk5jwmagzgguhrsaw66z3vqm3ugxgw6vyfrp6c84ys36em7j,BSH,2000,
xch1mjgtrxl7zx8t8nxnrxvy2ajzmc29aech3ywhjlgrm4vr6hd22d8s49cnwz,BSH,2000,
xch1jry6655k0u0c3je6k66rl9tydju5weapw70klvy9fwh8wchp75zqhk5fdu,BSH,2000,
xch122wd6tmkxctxyprm4khsdxj8fwytvsmmre7aw2kxtha8gw3s4njqetl49n,BSH,2000,
xch192vrcq7lqfzqxy4un8xwjcnm0kh08349ysuukgu9w3x9xtuhjlmqkp56e2,BSH,2000,
xch1kr6p2ytype2lq65ztvn6jkcnjh9ghdlfadsklkn2nehahgwt2znsypzncf,BSH,2000,
xch1uz4n46va94tszz0m9mtld6skuth905gt90qlzxrlqucj4k3670tsnutrlu,BSH,2000,
xch13qa6thzrrn4h92l3yr4te2yphtgp2ajspmd2mrc96lswzzmknhgqpakva0,BSH,2000,
xch16602jkdhddk0skc6x9ww6v24c4s5wvz4a09renhyjhysduetfwnswfjnf5,BSH,2000,
xch17vn6egkrnva8cmtlvxceetdvr8waye2jvm323ravtdeenectdm9qmss439,BSH,2000,
xch1nwd6ar75qmdgyu8frntyvl24c59pzpx799s4qwf2luyek0m3u66sf747yp,BSH,2000,
xch1ns6rtjysjnqhuwcweu3an62ywwj9ttpyegmf3c0mu7ql93ls52fq8dk33f,BSH,2000,
xch1cmwkd6vqphc3rnarxdxykfe9ucrwj5l3f5h4xjvv8lffdgc0kk0qwj9wf2,BSH,2000,
xch18ea82m4ctfh39gkj93qgva65xs7tyhjwram6y5khz2txzv8f47zq2000nk,BSH,2000,
xch1297l48j9kzprmp22k5p6tvdwsak55uxl98vr5dccdcu6njdutwlsl02ukw,BSH,2000,
xch13m8xfu6gzwf2l2eeuuh62rxfk3krpth6mc92j0a5fv7keh33cjjspz833p,BSH,2000,
xch1a5qwesnu57jv484z6yxq4zzjc57jxwk534a6ykhclv0z5prm23rsrmyyuy,BSH,2000,
xch1ytdaz66c4uhw57sjstywatqy2tjggpk8t5n539jvx5d9wzgxhmxskyna0q,BSH,2000,
xch1mrkzdgdky65vcm6hssnf8egkmvq35tcaaxt4fksdpyfx6v6n5naqpv8fz8,BSH,2000,
xch148ezynnv0fpt7w4509w2xv8hp5fy2eqruzzyhz503pnmsasrm82qgz5ktd,BSH,2000,
xch1l2qwupu82rykm4ke3tduc0av330h30u4d9q0wwlm2uwx4clzzqnqgefmz9,BSH,2000,
xch1m8jjcck6kx4xge30q00c4ametvw245kw0wmwzvkg8n2pc0htqujqqzcq2l,BSH,2000,
xch1xk6mct2wepanjr9g8n0ype73wpn27v79j3avncv5h5fl6qv0md6s7awayk,BSH,2000,
xch1ggrmk78lxdxsg4yfy74nvnw6fnvy2h7mjkhcswwde4aq7ly7am9qus5zlg,BSH,2000,
xch18jca3xa2u7gxgjy2ekhtzgrumcgl00j5qc0nm24nvjslp42x8frqwynlwv,BSH,2000,
xch1xfq69lwacalagnp64l9azqy3kmk8sxjw2agzqe2reffdktn39r9q79gvcx,BSH,2000,
xch1gfekwx9fl7tgujpfed2x2zd5jkwlmhqlmwumdzeftms75sp8a8hq09tydh,BSH,2000,
xch1rvwf4n8hhp7wjjd9p0aqfsnnlw8zs2gq5m6tdax4x2xcu4mgdspsa52nvh,BSH,2000,
xch1k8840e5su7x9tm3drk6whynd63k09cu044fw87uhd9qk38nvdftq9lke33,BSH,2000,
xch16m79v4ggpjxnftpfd4yjl9mv6ms2vxe3wpfdh43aykzzqhghxcrqs2uuyg,BSH,2000,
xch1jzxaf8e7tnpd9we4s5xg4ktaue4tk4cjy993msxd0jvl0wag90kqpluy0a,BSH,2000,
xch1m0c7l2c9md4les2me2wm22wmls3uzrvwyn0u4e4y2nqc7cdrknvq5dqltw,BSH,2000,
xch1tr860vydxxcvlvcjspmfaqtkngjnqy222lvrfdnsgz0ry4988c5s7r45pm,BSH,2000,
xch10tztzn0gutnn4a0ym9pcpexdnfg3pj68k8u74zjapdhexj0cv9lqmt7wr5,BSH,2000,
xch1tf2paqk5266xps8t2s034hjesvjdwpdtsc433n62tn0ua92f33dqx0hy8t,BSH,2000,
xch1s0h3e0rf770t6ajf5996rmvqjetthlet03wudlasawxuxsst790q0mug2g,BSH,2000,
xch1a32df7z9vwrz39mjrx7z34r5qsjat6u6fsrf63vf84y5j3zv320ql5vrgk,BSH,2000,
xch18ukcgqwx4udgak3dqgdu27jrah7n3ntwndw7yenu4wvqh4q2w64saqkefs,BSH,2000,
xch1l0twmzzlpwt3mhatt4ujzra6rf2dg2dzr9e78vw0nw30fn8d25ussncwv4,BSH,2000,
xch1nzckfwdghuy3pep5lgh8atyvsqzn3g7jpd2wywhsdtemrmc3ul0qmfy408,BSH,2000,
xch10sgj767vapvrflfx60x2sn3w3kypve9pr45zsw3py5re8kkha78s5ue7ju,BSH,2000,
xch19m043gmudpc5qmfdcl4vkq6m6kcpfzj0vz6h06sj6vqlhlnwmq2sj9fr4r,BSH,2000,
xch17sp9sv64xv5qffclrmsrhrrkvj2wqnh4v6hpvrsdqfe5px6nsdysef6cht,BSH,2000,
xch13j4fmy4tx9fkn0wh8yd0apgyve69hag273e5347mzvyk76qyylgqggjzxq,BSH,2000,
xch1nhyz2jjflmth35hwc6kmhjjdc3hzt3s8kjqvxzgeen2mekty3zpq5lxn7y,BSH,2000,
xch14dp4qq3kxuhr5am3nwtrk54s63yr6zx026j2708xdvy4el3hudvqqvmpd5,BSH,2000,
xch16ntyj8sugmh5a7hxkks3587hdgnyfhxfxqtz4aps09555kra69qs5gd2nc,BSH,2000,
xch1ts4vke48ckelclkdqqd6jf2z5p67fdn7rzc7rqew5uvjpx2j56hsaey56f,BSH,2000,
xch1dsmmq2pfflk4v4sur7vttfkdkqtahx3x5jnrury4ahvy55gdyc7s3k34ke,BSH,2000,
xch1xp33skprp5purs8yuf2akg0ud6gjpemgflzt7lgsswqp333thypqzqjrwf,BSH,2000,
xch1magwp0gj9q3aaaw9f20csnndfykn4lx272f9e6xhup2ujuyc37vsq9sm5r,BSH,2000,
xch1utuy9wqytzz55rluxl6hz9l900927ewe8eskpjykhs3g023hh42st5qjcc,BSH,2000,
xch13x25xswrd5l5q4pcdwnk0h9dk5ggh8v82gepl7jlt75t9twxmv3qpuy6sa,BSH,2000,
xch1cx44j9hmcd0euk08r3dq3n3tjfl83zkv5yu9urzr7jdscqfv090qsxe6zn,BSH,2000,
xch1zk63rqyscqf7at9kk8l72ckh92kffj5wtcqtrprkvvruy4npfyqq83fzle,BSH,2000,
xch1syk2dvledsdk7zcumqn9m78ucvhcsv842jlwwtjrxxl3enkzxlmsc545ew,BSH,2000,
xch1hngxl4jnrsa5zchutnm0qf5v7fynn7tczc2ksu0qsrpamp2mz4aqwelyzv,BSH,2000,
xch1xlf8hk5c78298k72cs9lmyx6yct0zeaqepaw7w5f2jxvq2wpy8xswxxw4y,BSH,2000,
xch1e59lkfpceagma0pk93augsnur2shf723tpzcvmmpk6fytq09xuvs8flxlx,BSH,2000,
xch1l8dut3sqcxta0vpmvltmat587g0qnptgdrh57668dndw4rmlfjzsta3meu,BSH,2000,
xch104dpsmf5zxwqqp4mq23hx55fc0pgkvspxevuvjsaz5w2cu730xgq7pa473,BSH,2000,
xch1fhhtuurnpfdyyz6zv9v5t8z58w6urysd3n02w8e49yle9drrdjnqpse6uy,BSH,2000,
xch1w4qgy68g6z8jzptawh8trvqnlkt3dnhfthk8ghkzmzfkceyjnfks93tdmw,BSH,2000,
xch197saqxat6n6pa6s72t3qtdfffhx2gpdv4pfj3syg5r3p4edfhdkqu6xpw9,BSH,2000,
xch1tu0gmklvsr53ym8qrm7eexxecrvlq5urdz32l0ggr7tcvtwv8tcqlfwdee,BSH,2000,
xch14a2s9zwnaswkgmsqhk3emz9ta258fau0cfr5s2lms54ddh9wuejqqgvq82,BSH,2000,
xch17lwv75y2tzg9xv5rs6v6uxnutu8m4dhwcdg0nnp433k2yadts5ase9y907,BSH,2000,
xch13653yjh5tp7p7jlccuntz2prt4anuwvehqgdnku599408jcpjyeq4t7e8d,BSH,2000,
xch1mv7cd758r9024gxtgg6kj4dejcn0ugg2d5kd8tygl5xzmse03s4sgkl7yv,BSH,2000,
xch1t0zw6qjxll4gc95q2n7rm8ds9z7xuztc2ca2nvq39awwt0vfkwgq5lx0e9,BSH,2000,
xch13a0lyt8zpy9s0ym7hp3h6yuzs0mdx2k00pe4f2kparyaw7mus4ws6l0lej,BSH,2000,
xch19s5sntyeq0207jprcng3sjg92qdknvfsp328slmk83jjmn0npvqs5uvhj2,BSH,2000,
xch1lkl98s07rgqev73es3a6skzdq9atrtltpznmfk9nxwd4rjukesgsrs4nxg,BSH,2000,
xch1a6mu5r7q6x508p46hkk8msungc82zh7sh9uy4k9x9exvz6nzvpjskzzwkp,BSH,2000,
xch1g4t2gq9em22whwm75mmure5e3wrmhye4lqrgqv6munjfqhx92e9qmwms9e,BSH,2000,
xch14fsztlv4a8cem0cclf3sed8cxuq0lel36yut7pcd8h2ka23r9mes9mxnsz,BSH,2000,
xch1h7e4pal9zlu9wd27nsqyk6kgqfs9umelc0gkqx5wjsk3yp6mn0zs2jml38,BSH,2000,
xch1jfftng8tt8azm27c65rn8fjdqz2g9xn0cqtnucx0ygkze982fhms3jt03w,BSH,2000,
xch1lf0cxu05fvveay4yts9vxda6z6eytavxlqfhsa0aw7ygxgar73dqms06y9,BSH,2000,
xch1x6hczl6yz8us3f30rp3wc4p2pmlm7slvfqlck3g65yp4edzw8sasw3xdzw,BSH,2000,
xch1e5428gheu6yvatnq48n5l38q4rs8d5sm0y6l6yafg55rlzqcl02s0ateqq,BSH,2000,
xch1cfndykwyeexapm68gmw6ucayqwjdqa9wzclu977q4qh2cae67wjs7597rh,BSH,2000,
xch1s4qcjfl0hv7df429x5w20w7swhdpujsdeuxnc3xhxcs50cafyj4qajkyvs,BSH,2000,
xch1cnnnsh6ydw6dxwcdk8yzjma4ujxjnq5ah4ss0qfwualhyy2lvp0qdzu5yr,BSH,2000,
xch1vatfkdk70xeuwcpky0l3gmsen6wfsr9ud603ga9329c5kmncn2mspefsn0,BSH,2000,
xch1ae0y9rq4ary7ff6t4yu3dt9cv90u8lavp9pwqvwuw9mppvvjcn0qhlnhnh,BSH,2000,
xch19uk4cr203mpupfv286z0xyyrs2c0e9gwvlmzqlatec0k92egldcs7acppm,BSH,2000,
xch18rxstxcr9v9n59ay5fc2eejzxmtged0je6yx42hnsh7e8gvuz73spx44cx,BSH,2000,
xch1xjem7nrvq8u5ku2ck9n5s2pflhed0k9tcs898zufcs5fjfmyvsnqefuqlk,BSH,2000,
xch1t0sxpjzg7nsfanw3zatar6avw0se82w705eagk6l7ztl85yqyxcs697apg,BSH,2000,
xch1hg5rq3lx3y3ulx4qczc7hqqpuntrdksxwg7kwh00u4jk5da0xx0q84plgf,BSH,2000,
xch1w0yypc0944x2s7y2lyl7sk8rcudccjarz0yrwkg5n73aycurjjlqywf8vk,BSH,2000,
xch1gaxcz7pcglks39qav7au42uwxpv0htpezftgrrh7cxlqc2hcy2aqu7cu7m,BSH,2000,
xch1yk4gjfj7z46nlmnp4vrc8vr4d6g63hcvgfc2xp8v3ct0krjacmgqz379nn,BSH,2000,
xch1tkeq74tfqs0us0lec6248hx2y4zdj47yjng2x2z65rz7fm53qftq6n72g7,BSH,2000,
xch1yztx5swu3r70fzm80d7kcjef4k4kzgpmx73q2qkjsaeelgu8d8cs3z9tzf,BSH,2000,
xch1r4n88e0r92fyz8d7ewwh9473exu5nhv63dmah2cd3xtl9tlkynyqcc2gne,BSH,2000,
xch1cnjew7y2eeaych7htfufdv2qq0c22dupmdhq0rjp5wsjm8c8kd6s8xyjju,BSH,2000,
xch1yqxh7wp8x2snjxgu2k6y503ffwzkfrnzljqxx03czu338ftdyqpqr3tas2,BSH,2000,
xch16xur7hcvpvh5l3tlk0utfcxvm2yd3t58ut9xtxnlks40eh20zqmqx99gvg,BSH,2000,
xch1gkmqwk26hpqdgklnj4267h7xjekd0n5lz0vk9xvhf7fh2ja7qpaqy49fx0,BSH,2000,
xch1rwsjtkxg4k80ept5vvx72hsyptxkp66hqxv9naq0sdy4zw6k6nus33w3ku,BSH,2000,
xch1yjgtdrhvg3av3e2mheknld0yyra6xkh2yjxmz5hujz952klqe02shxlsvd,BSH,2000,
xch1rjjg7dpws0rglplmxwt2833cs06uz8rehzrhft6aaghcvg6ygndsvt4yyj,BSH,2000,
xch1ul0tjgjkmxu0k8pgtp5530gu705ue6v8z76flmewse0pjes68ejss2x4y6,BSH,2000,
xch1dxnau3vm89vqtxy3dcqqjlr9dpps0qyec34mvenlp83qthuxddusz5qekg,BSH,2000,
xch16nhrk23rm7x784kak62r20g0msfgfu2pn3xlr99uffuq524ennus9h66gh,BSH,2000,
xch13p4psu3lssyq4wqq8u5rp8tvrlfaehtu7d7vqtp6d695nfunca8qr75r9s,BSH,2000,
xch1cp24c3wt8s7pprvv506pqfq5p456c8ek4uy4ypth2nmzjfuv8fksqp4cqd,BSH,2000,
xch1kxjvalmfd5rc4ucn222qje2efanus5huvukrrepflpsr8mex90mstdjjmd,BSH,2000,
xch17uk3d2mm0jje7mud6vchu24ed733t9cdm5c243j3kpdywj0zl76s66ndfv,BSH,2000,
xch1hlf9hufh47mw089924nutywk7pt2mlcx88tv0m3w3325n8ex66fscpsxhw,BSH,2000,
xch1vck0zaadx5cjlse256u6nljm06tc6rfqnm59m644cuu674flqhhsj36lya,BSH,2000,
xch1n5akflyse4m5ff8tsxtr2g76ry2uuh6t9lstkrtujeyvjm9jncvq62qq24,BSH,2000,
xch1gq0r8wyatav3wwz866ru8nl99nad02pwa7d5zcpd8xclv0trwfwqp5yqnu,BSH,2000,
xch18xjm8kgaxgs68xqkzgekas2a8mx6zq0dl4swpr9xznydhr56f52sgjemma,BSH,2000,
xch1wenzw523a2j9gq7awmc4xde77jv7jj5zmzy9wkc9ck3kw4p3g52q56qp5l,BSH,2000,
xch1zyvteu0zy84j6wmnu34lxwxn0gl34rgkg2x4atg6cfpr9ag8r49snkudjy,BSH,2000,
xch1k5w5cg8xqft47c39zcd9wfu5wg9r3ss06uya58aw09gh5eaacnxslzfprk,BSH,2000,
xch198auddygfznd0dh5qt6auqq9njp5cn26x5dnernzqgx8ynd0w83sl63d7c,BSH,2000,
xch1wc6zet0yw0rpp56qmyyrcgu6z6la5srs953q3c5677mtajhnguwsw8deuz,BSH,2000,
xch1dv0f8kpjkhlfmngnnwfp8yl30hkc9na4pw3kez5z0qn9yl590r7qgu2576,BSH,2000,
xch199nwtfl5gfxp986h7z9v0mxnydm50he5f2w3u5z43pdjek3pxgcq7e3wgk,BSH,2000,
xch1m2r9l7hq68x7s8cusqdm8w4x23x43mqhwe7fak0fsf89wl0zg29qgkc4gf,BSH,2000,
xch1rjeuu7kvnpjgdae65ey3m62wsngpku90z6wr3uqyyhgsm8hqq9wqqtxfdq,BSH,2000,
xch1s6dhljz58wckfdx3c5pk9e58rmqtz8zk4jzzcv3d9yuy5w55lq2sanrawy,BSH,2000,
xch1hmgg69v7mkqk5luhz3ll6rl23qlt95dr8jwnahme4ppmseaaz6cspg83e5,BSH,2000,
xch10r8rxafgsteq6gqg4ymdjjnj67h3lwn4rgkrtspcgwkgje8932vs377nq4,BSH,2000,
xch199jgr30slwn0djl2xwp3psgxhf7v9dnmyjhmzuk4me9420ghu4gsga3zt8,BSH,2000,
xch19q9rfjkw7se2gupfzn7fypdkhe98j34fphr70pfluvm8d8wnxe4qj4ueny,BSH,2000,
xch1uv5rqvapvkwqkppu4fa23npqep4rzxgw359xlv0uhsnuqlm8zulqcwu6k6,BSH,2000,
xch1y3u54hn4cz79dt0junh3w8hd79cah364pq2dlu375y6rph9vaqdqmdwahf,BSH,2000,
xch15uns5x43483n5pu89ncup70k2pqa9p94kjju9pc40exqqakpkzvsa8cw0a,BSH,2000,
xch1jxh295kdfgr48676stvjrclk48z3st72t03zrj7540ew9r93hm5qf2fuvl,BSH,2000,
xch1ksxxjp8kpql9hdr9v4tyupvt8z2cw5ynxkhuquxhfu09l6hmmrwsvzk4fy,BSH,2000,
xch1cl95hp993fwz0q85v2cskpz88xm5kwgth5nq495vd88jrw5mydkq3k0sy0,BSH,2000,
xch1dj3pxp2v2654kew0c0r9rv0e00cu9vyjxuu82lse4lsqpk3ynncsvu6w2z,BSH,2000,
xch194kgf9l5vqhkv26956sswhev2xdquk3hcup7jj9klt5n7xe9p92qxdcukn,BSH,2000,
xch1dtmepyylwwvlu97ntstt4cwaf23w0z9vd0da4natnve670v4y0zq7c738t,BSH,2000,
xch1kcxscprn80rlxtkt3f5qn2pugwjudjsxwutg5py6vw5uwp0s75rq08tuh0,BSH,2000,
xch1ss4mrlpq9tn8u5q9t450fp8w3s3nwkee546fjc0myt82ahgr8vfs8ut9fn,BSH,2000,
xch10uyc2t8fg5ehn8u3s90rvfv0nderts7al945z4rzhtj4jhsgtfnqewuquz,BSH,2000,
xch1y4qymmndl5xe3wkua2a4lmjfex5jyp86lr7ylzx7mmte2eyyjt0qp9fjm5,BSH,2000,
xch1vxs3w4sqxszghqsjuj3kfjcx4jjx4t69epn3f2zq76dv72cajczqlav7ka,BSH,2000,
xch1l62fpsezpftwuz2awyl5l2hvr7vddh3r6y272tsl94f6n4mhxukq2f8t6l,BSH,2000,
xch1djx0zxg6tyjd3jhpgwh5evdtyeqmw5kdfct6npyvnzq24pfcaelsmulfq0,BSH,2000,
xch1r48wyzvqnxvj3dfj2uj6datqnq5kvmxtq8k2qe7f42xqr8spa6uspvulf2,BSH,2000,
xch1rjxpvxse7lf2k5z9juwfcv9mfr9et8n6ulgeg5f6gy4x7k2t5q9s0dlpg4,BSH,2000,
xch1s37ntjkull20jth753egv9njc4z33849y04jwsv2swpax65g4suqetkwrx,BSH,2000,
xch1elgmfvxv8n289pekgregxrhfc0rmn6ng6mdncgadd7zkp2tytjsqgwpjjh,BSH,2000,
xch1nrqg9mhk2qem902k2v290skdxcw9hp26xd30h092xklujzjzfsvs4duhcn,BSH,2000,
xch1g39q3v50a4t9x52x93v7fr3e3t66pcqy9w7ywecy82fnw8phgv5svw2l7m,BSH,2000,
xch137n0yz3fdsm2nlnlz6chlm8terl6uuwxds456hul7zmzs999fqqs02ltuy,BSH,2000,
xch14ss2g3rehlq2r2k8sfhusy7px2kw0f7ak6uu5scna526uzr4z03qsrfu4j,BSH,2000,
xch164flr99aarjdyt09m2qq7haxkdjlvmwalem3p4xm2sjryzqah6tsrj7fdl,BSH,2000,
xch14mcuahd40ez6wqhj024y6ks064946k326qxyu8uc20ypec2rhztsat8pw8,BSH,2000,
xch1dsc4tf4l5gm37xc4uewmk8wxualr0kkdphj9rncrzv8glzs4sxwscccxuf,BSH,2000,
xch178x7j0t8554zgydy445fkl5fnuwsfj80dkwvw888q9695q444g5st05h9y,BSH,2000,
xch1vcdddg4v9dw0le429fpj63dp0yax7nfztchlkqvmzax6sa4rn0eqm2g280,BSH,2000,
xch1xq60y9mu3pck7rul820mevrua9c0cf6cgdaths55w5jkckcq4ghsrzq9kw,BSH,2000,
xch1zdqm92ywffg9uuezkp04x7lp69976pkq9seggvq06g8xhj870gfq6c2cqy,BSH,2000,
xch10kl2evxtems444hf4rddk678mygdjd08pcqhkyknsmtpsk9hdsfsgsnx26,BSH,2000,
xch1exnz9w2xe6a06n6l8fnpvqkk6kj8l0w4h72sehkk3h9t8pr4nvsq7xch0w,BSH,2000,
