addr,name,amount,11
xch1k2g0j3ry4zymvhy6kggk54qvfsy0227hy8qmspldqgmdujq5q3ks3zrq35,BSH,2000,
xch17ftkkvy9xusyheetmfaul86hzff8ts98c4ddz587ppdsck636edq8n2l6h,BSH,2000,
xch14d0mumgj53dk006q2y7vna54w7umfj9276jyum8e6cyr4lazcthsuch24r,BSH,2000,
xch10qz7vnw0x9ftu6veyleqledflndser4wknfzsmjgrjza7s9y73qq2qzykg,BSH,2000,
xch1st8lrhw5erpl5s30pn9ax2p0u7gemg5a04f8fx2ykuzvz4xcgz2sfgzusw,BSH,2000,
xch19kgl0slnva9g3epzn0uznwggm6cxslhwpq9h7ruml5xwehstgvzsekhl3f,BSH,2000,
xch12n2can4uhwcnskvedna7csjjnwqr4d3y5074tn08adlake92alaqq3pk7c,BSH,2000,
xch1um58r0ugdugl9pz24qdg43wrcfgt40t7dc2m536gvdhyclynllrq404nff,BSH,2000,
xch18cdv5ckvjhqttdemn3f0crcxvepwu7p6vc06x6san75xzv7fyyvsf8a5q2,BSH,2000,
xch1u4stmzlfsf35lw2rq9y3zrllyczjzuj3ef4q6m67g25rv50ahv7szghrnq,BSH,2000,
xch1ad6735yyfaa7u5g6u6zwjlr0hy0v2sxk3nx3aznl5y2z5csypqws0jzssy,BSH,2000,
xch1u306hdqt5sgvxum9q32aje6ve95kdfptujk6aldna5cegxdzacqqm2xg7u,BSH,2000,
xch1uy4m3ns7u54vd6en9vtvk42uzr7j0nq9glctptedycutd04nm9us3m299h,BSH,2000,
xch1vll040aqurtems0c3zj2mzjrt87wt3msfw0r5c7uggpdgpw9pkrscwntwe,BSH,2000,
xch1uu5mu0j0rwscwc5ys8jqt47dadu9qcd4kd6u0dwgdh240qn90l7qxpnn4w,BSH,2000,
xch1eu28fyzkpatxpeylh5vtvqhqxna6kquuhc7gsjaz3r83qqr943ss6scy42,BSH,2000,
xch12kffsqla3jm2cpn3pk4fvqncdhr3zz8jvea2a3fcf775fxwvjl8s3vsz4t,BSH,2000,
xch1xu343fw87xlz7a3alg5fvn7tmu0rk0uqquj4mmzgly3h547h4xusujq6rr,BSH,2000,
xch1txtajehp8v3d802fdxkzwuntvcmhn7rwj20pqqdp33877zr92lgsne6fhf,BSH,2000,
xch13xmxy7c0l3zkatltfefasua8ksk60n88wlsfgv4hns0ya8fu84gq4krpnm,BSH,2000,
xch1vu0ack4dq9ey8cv2lwlasu075gk6xgnl5zctv9p97mkhw7z3dxmqf4mpat,BSH,2000,
xch16ne0gnjv0u9eys0vhput28uydg3ka7hyphmegc24phhmy7ph8ueq37mx2k,BSH,2000,
xch17lqejr0c2etu02ugcsh3xeqmx0pg4mg3rm8qq4uph4nvrm4y5y8svr8xhy,BSH,2000,
xch1688yfjkzy99enxfc7qwfzy3ndakln4ky82e09jvhj86a8sxp07kqq2wtce,BSH,2000,
xch14dgduugdv24y8d7tfzx4vae4t6w9prmfpuhvapa4s0z075m20k2sx79cdy,BSH,2000,
xch1m9336lpnfd0yss9k9aq4lfk70vgu0xqtltu6cajpytfzujvt4dxs9xg0k7,BSH,2000,
xch164qk92tsgnxzahj27lga56kvgalalxpnefd8kwm9wswuv4lxkexsuqp9k5,BSH,2000,
xch1sxezzqe0xk970wp04k8ef8ulwt3weh0u303dxeqnqu3r5alky28qjuac63,BSH,2000,
xch1nj9fs8svzza3tuwmgvsmfalfz0y72qarn3yw4vyp25z6l82wjhvsdq3xru,BSH,2000,
xch12npfmpq5v46dz0ru39cdxxk7epy4vx0jtx0m5g5x800nz0g26msslhde47,BSH,2000,
xch19jm5j6lak77arrmnt6wtzh2rv4zmn02m240mu3xdfzlmlsg8zzkqqpq2zf,BSH,2000,
xch1sjxwal5j99zltpde5du9u8cdmxdh4rpjt3zmg3565ywatskq90qs9ycsvg,BSH,2000,
xch1kpffr5vrmrx9ykvp9lgdwxrxn62c422khdskam55epvsjtxa7zas3hh7e8,BSH,2000,
xch1t9gn9f8acph70hfm30z4t63xh8ee2e7pvh7d52njrem4c9wks5mqdrlwhn,BSH,2000,
xch1xkq0n0mtex6cnfrks7fjftd7qu0lstkhn4rxu4wcn2ardrugxjxspqupmf,BSH,2000,
xch1m440r9k6g2ufw606muyf8nymhw7nglv3zwt9s5ukjn0rdcdyj9aqst35n0,BSH,2000,
xch1a2f6ct7gwegrp8jjfthh0eukan2zrhme0cydvsd9ffh5jsjcmd9sn7740v,BSH,2000,
xch19ylk47mrqqlyjrak382khgldhd30svlucvqnfkh2d5rksvphcmlqfwcpnm,BSH,2000,
xch1t5cst6hd9saetsghpdpprs5zw2yp6hahkaka6hkl42lqhz4c8cwspnna84,BSH,2000,
xch1wznwnrlhp2493jwd89flpna5f4uqv5ns64z7h96fa6h6rx9lxpwslaj6un,BSH,2000,
xch120ac0a020twf2m3gfgt7fgtw2dhlakkqv8r7g09tk7wej4n3uc2q5qxu5x,BSH,2000,
xch1x5fsy89aenc3gptjszfjrp750ak52mfss8dj9enn23fljuf9u28s43lnjc,BSH,2000,
xch1a3klqcpwz9gxywmfvpcjnc78t7ejx4ng4c6393dw4wjrlql272msmnpp2u,BSH,2000,
xch1y6r3y9gage54nef222s3e0zlxne4mw5zf60eer5zpl44kpu52tas7yth5u,BSH,2000,
xch1v76myye4gdut5lcywr3q7jfcgdhfh5rvm7ys8x5vqq2muz0dx3wqwx67te,BSH,2000,
xch1l44e3tqwug9xvpn9v94zg7sz0x9dm57m7utt9jrumfmu9ql8wsrs56hc02,BSH,2000,
xch122gyycfae0yp66jf66t2lg4p60sdlhwcvve89j6zhqlw3t5axawqhg3gkw,BSH,2000,
xch1h6yuzxqzh3fykjda34qlgjqwj08pvqcd24mec2k4ts5307fqjlhqy2wk52,BSH,2000,
xch1g5lycxsgccj7lkxu2z3pfjrwr4jkc443ysz6euvzga68ql76zzqq4a6cw3,BSH,2000,
xch1wn0gzlnpyt7p4msgek3rcffdql59shsgapwjmgg00vtdk0ywp37s5xs2m4,BSH,2000,
xch1d8ztdlahjy2l07h6nk9f5gr84ve9xsjn54s2ta7ggpsakecz48yqm7shhr,BSH,2000,
xch1vvgt0532zpnn6k52sxmukndrd9a7aatj3tvuh3zj997wux7mzypsxnmvm6,BSH,2000,
xch138jyja5gxkgl29whz5rjq5ady95krvgp0krymsgxs905kgcutgms60ayh9,BSH,2000,
xch1rfrjgaz6shptgefgcnpauh9x74s8trt2pm3v70la4tqqhfaus83qse2qkl,BSH,2000,
xch10u6rr5wc0sjd6g8jkscjyparm7g2lgu9g74q0vr6td0ezewp5afqjnreat,BSH,2000,
xch1taqyjajg24kjzvsmy8vjlhu4aa947jx2j9krm5nwugngmp3aplcqfceeg7,BSH,2000,
xch1twr0k5t68wgrtzzkg6wm6rp7nxhn7kq8kqgua3u6frhszak59e0sel85q2,BSH,2000,
xch1m6le70t0p430wq4jqffnpfuyv3pe4hn4gcjknr6eks3yjz7kne6sd7rpep,BSH,2000,
xch1tcjzxs3wmfstaam3wqagnt534k9hvnwkzdav9matmyhw6f4f4a4qd3d9az,BSH,2000,
xch1n78ufy68cudjs58r3d2s3n0h8dq702m9g55y7kaecte5ksmrh8wqg6es78,BSH,2000,
xch18fudt22wje0vaulwnefytw75evqja2z4t9aj7vdqf38j8dldtazs3hawhz,BSH,2000,
xch1uyz9r5vnavw94mre7g8we480kmndll08h09zu0tdyq5f59h9qptqqx8e52,BSH,2000,
xch1zrwn59t0sq4r42ahh8qrqa9wl4v3pyy925f49y5qgzku6ej8325qkyav47,BSH,2000,
xch177py4gcvtxggt047qekaw65xehlctp692e29wwudh0mgfu0frspqwvrzee,BSH,2000,
xch199l85gx59tkm422w0klclmfsm99qh37wclxf49xtruvwl77p2qgqt2n2j7,BSH,2000,
xch1dmt5t3vrygynvlfre4ugqucemajy5n37k7m8mr0e5zjs8hya5hzsxel334,BSH,2000,
xch1mj6tgzdm0qxuvcu2m4zudxfe6ahejd34afnz4xyyqluqlygu8m9qp82f97,BSH,2000,
xch1hw9awkeldxqe5clxk2h80jmsfnm6ejqsqwyq9guet956pezgmg2qsmjmff,BSH,2000,
xch15me99jfftwpe6kk3ghepcc78xxhht07hr8u5qr6yf6r63835qtnqmrfad3,BSH,2000,
xch13d2ynnsqh3my9mrke4dlh5f8evn9d6rjw34zmwhlyh6wtr3hgxfqq5y829,BSH,2000,
xch1l5pg3he27njz4w7vd6cljhg94sthwqjextx46g8pj2y7rwxgt8ys24wu4d,BSH,2000,
xch1huen4les8p0eg7k6m8j04akw25ycp89j37j4fzcvk0etr8kec8ysunypld,BSH,2000,
xch1t9md9nwsd94rzt83m5gkxzckn0s70mr3l086r059uuuxn6na5llqvp4hfr,BSH,2000,
xch15qen2d3ta7h288y6cdjlnual20dg97vk6kaxfxwdq9r35ht0ehrqvt77qw,BSH,2000,
xch1zlud9gs28y5t2t3jz5huw6ktj64e75qqnff3ed8y57vkuzm9szfq55g3g4,BSH,2000,
xch1kfs4m83ml80e3t7g3xupchqytfw57er5vnscn3ryse3ztr3jnepq0fhuj6,BSH,2000,
xch164vtwumsurnccq889glztumzlke7yy999rnxyxy9r2hma4ujln4srk0w33,BSH,2000,
xch1j038vp9zk94nk5sf055aqd8nrlse3a4ns5xmamxjtq32yz08zv7qxmqpet,BSH,2000,
xch13eacvljx7v5fxxyfla8xy08ce4jrnt79t53365herksh7pqgqysqsfdmlw,BSH,2000,
xch157n8jkwe4gwr8qwdzf80kdfcqj4ctmaqt2t5x7dnz6gk459hy3usysehf2,BSH,2000,
xch1u22tggx3zl0nzzluzx0qdpz28ugpjfvm58s9k4sl96c3ax0e0tyqtq6mjm,BSH,2000,
xch1unkhja9l9zj46p38rcfujawc442s8s8rxy6leytmfphz8krqdrfsxdjrgk,BSH,2000,
xch1f3qrycaw6tny2d0srdjfdw8k4w5hd4jv3kcflp7szgwk56p0snpsy8u0w7,BSH,2000,
xch18p4auzql3p3hd0xqry2sh6cwg0kmsyfalahn4fwe43nx2tznr7esmhyexy,BSH,2000,
xch19mq42qpgxq0432phnj3m2fxcd90z68s2lapfvr393mk6mvn4jraqgf8x2w,BSH,2000,
xch1hpt0qg6ay473tk0cfervsvwer9cd6mx5g2ltazeyztw2rlqn0xuq44caus,BSH,2000,
xch169e55whzc5d00gyazetag2eumrjgg7w4nn3ml7pgmkgy5pzu8gqscha2t9,BSH,2000,
xch13qnu2gppsfafpy8uz23s58sd7u5c7prvk047uvvfueylu0ujazxq7ka2s9,BSH,2000,
xch1m094krcp6kyvwv8n3q04trgnpnyx5ygty587v5y6yh2g4gfdcclsd6nf8c,BSH,2000,
xch15hxgstth3cpstytgm69q20u6eg64a0r7lclpv6tzqqlsv3t4hkcq652xpy,BSH,2000,
xch1rk2tsdphn7g07fgtkw39h0w4r8xgzhfffcpgjy77h6g537rmqlks9rczwl,BSH,2000,
xch1kr7f0dt8yx5a3559y99phxj3kyvm820zkwju2gxzp4xnemxpsewqqw70rz,BSH,2000,
xch14evqtwl98jf6geaylvj6j7mqu08xpmkt4esyly7q2sf7m4dhq4aqgplwp5,BSH,2000,
xch1nwu2g7hpdf2fyhw4kathdagg3cgvtperr39ncgtrpq9eakgwgarqqkka8q,BSH,2000,
xch199l062f4xvmlxja0vhc9cm08q0950zjztc5zlwe55vwg9j3me8lqk25kz7,BSH,2000,
xch14kxc9njnzr0s4wnp3nrqvjcenl54knlrt7h6vy5htgnxa8pf3nuq2sy6xm,BSH,2000,
xch1eh8j0g5ey2m3j5df27xc842r5avhqjqzpahl8qppxxlkf0hxp9aqls7t4m,BSH,2000,
xch18dfpfksymewwlwc0tnfhuexwnssaerp275t5q9nyt4mc9v2rj85sr3d7vp,BSH,2000,
xch14vdgh0knul2lm2lrrqg4wtagefhnjgxvyllqpcznt678wttd33asu9was0,BSH,2000,
xch18fwjjy0twkcnh55p4e7w2um0s8krj2980u8s5hxtyjm55hdze52qrpt8x4,BSH,2000,
xch1fhem6ev30j87w0t0cm4xf84m5rj0jysxyt6vg45j2v04dmawdttsr4f48k,BSH,2000,
xch1y2m5jcsujwm6ejgzy4q9w879gdfphze7rg9ul4anww9gp9m06k2stmv9wq,BSH,2000,
xch13dydf9ctk9ru4zkl0h2jnkhlxdquw42mnl0kqp27wxm5l7dnfhxsrpqkct,BSH,2000,
xch169kzvkclk6uxjs08kz99mek9vsau0dr9h7hn3sngq7k0haxuqxmqrglzle,BSH,2000,
xch1k6pw5xpsj8sxtyvasnjt86y9xunlxq5nyf0870xaa9y8m34w5qnscefyku,BSH,2000,
xch12ukatvuqtrxys4scfwq5kwxgt2509wv3dwc0wtz3hm2lztm8uj2qm7hdtn,BSH,2000,
xch14y8j3rhet04rxgfdncvjzrye2g6s7m549mazw5kcam7nw07ntprs36rhe5,BSH,2000,
xch1y03cjcnsg5eecrh7q4u7vt5d0tnt0shdpp2205nkp4cf3xwpe4eqg45kxm,BSH,2000,
xch1juuy4pudsv5pjv6u87v3wuuqgjpgxh6lwp4akx2nw5lr7adqaxtsrptest,BSH,2000,
xch1n000ntwd02pc20qk4fqe506mwk5huad8guvkrwpfesdtrevaw20sutdh3x,BSH,2000,
xch15yh33ff4wapaf298xfqc90v0s6unwc3jp5rd5g8084l67vygnusss083zs,BSH,2000,
xch1rq92nqwzht2pv792dckl0pnucy8x7c9pp2wd05hcdtfu0lc6uymqjgrdax,BSH,2000,
xch1uez0xpa6n0qctk5a96fyu68c3ut6mun0p8hrz38wsmle46qh5mjsurxdu0,BSH,2000,
xch1y6zyk6pf2xv2c30d3my2vhtt03tz27xvw73nhmsgzzlmk5ztz5rq2yl0kz,BSH,2000,
xch1c4fyqwg373uw7ya60tvh9pm32fr03h0sm93k75hgwa69ylprayqsk5apxe,BSH,2000,
xch1m6adlh584frmrfn0k6hp6mp7q095e66klat9qg43r7gwt78nwg8sscq955,BSH,2000,
xch1e8cz3twgy8m5rs9f68hcg3wg39vdlnwt94nu8vv348xlm0fn85lqdfwen0,BSH,2000,
xch1c902fwr32jvguaje48lyxq9jech953cx6e2md58007sjd6jt3ztseathu6,BSH,2000,
xch1hqp943j42c7q4mfnlrekj62j3kt7j5nagxpj2gzjqhpzx504f89sfqathk,BSH,2000,
xch1vqezkvyxxahn6qvrs52x9uwlh22tuducu80yl58pjkpgdlqctd4qcs3nxz,BSH,2000,
xch16d0mwd645wduxhvxvv6wyd3jve6l729jzqd288rms0s586aveueqzc0kul,BSH,2000,
xch1hsg7zt3nglkpaq4934y4e07q0qa080nfwr9s9fllwg34hczhyyts5g5xg2,BSH,2000,
xch1yz2tvst65futnckfzckg836fm826yqjrtd4s0kkde8w5kmyfvesq5uvent,BSH,2000,
xch1ccwnhc0pc9yxnuhhd39xayuuawsv900gdwtsmh2kwhzs9dxvgu3quqz5sv,BSH,2000,
xch1nvfs4ua6e85rvg93f5cl6nhq5c4vczjd3j3t85q74dzhc5k5usuq7dpxm3,BSH,2000,
xch1zppp6xa8e0nxs75w5p6s5k28hauct485laqt2zkxr2thwvfj7zjqq9t3ku,BSH,2000,
xch16wewff0y9x3z6wpzx09sz2vztrdkmyg6hdfztvunfhfkft5y502sap82wa,BSH,2000,
xch1ncslzut49ezjcsdzh249t6hf627hqk6k82e0a89vqz7ry44eqfus55sstc,BSH,2000,
xch14vp82xxfnyzf4vczdz2rar39m0fgveeey84c0z9d228hzk9srels96cute,BSH,2000,
xch1s2jyt3h0h4luavv7tderslwwyhtmja5at2rywyeukmls8nrfkrjsqcd4c8,BSH,2000,
xch1s8l4zc29jd63pfmd7nudplg9r8y0a92spdm5x28qup7634sumnksp53fgp,BSH,2000,
xch1tzrvj7ljq20zve3uya08chrzcpk9mas58tg52cm35du0r5tk772stg4y57,BSH,2000,
xch17w2v0fgyyq8nvvhmp30mvj7pfncqrkmnx8vvtev5cg6sj5cch4cssqz837,BSH,2000,
xch1mtxgsmx79jnlsj8a9hg64m3tacyhxpajqygx3c2g0wduzj9uus0qadkrxf,BSH,2000,
xch1wxxfurezg3tvy84t8malun6309ynqqgtl8hj9r3hq8q2wt6w2zhsh4hjk6,BSH,2000,
xch1tges3fft34rcmqyy748jlsyzzranr5cwqpplmc3xdmdmruug3z0scwrqnd,BSH,2000,
xch1zwdc9m2flsqssufw7lzqdhgrnhqyjg9m47tchm69de772scusxrsdvnsdx,BSH,2000,
xch1jux3h6jxxkgnmnlzudltdqjzwnrmz5aacqyd648ee64zypc555aqndglxm,BSH,2000,
xch14cseedczha0fhdmfmeaztmcnnk23s5gucdhe8ftk9f5ac3yt3thsya0lgz,BSH,2000,
xch17evt0326twlm39j84lsywv7rke2vgfhdz0sn98z8qcjaesewr53qws3lez,BSH,2000,
xch1ha9tmygr57769gnu2lee7rhh59ev4wkrjnd2csqat9qux7augjzqt990k9,BSH,2000,
xch1f4tymsmrhpraajdg3wt9sqmghyeqfrwfkyd3sqf3es2lzryq3m5qrjq0x2,BSH,2000,
xch1x86p7ud6le307lv2g8g9d7tvn3909y60w94n96jhn95t08k46snq5gmhm9,BSH,2000,
xch13a6qaem3vqul49cadc9cxqpsh4rj97yta4p6p0vnwvkzdj7nqe2q0wguvr,BSH,2000,
xch1wgn6kjlp5juz4d0vkuts2l47wy68k4v450t280gfvrgvtdsqptxqk8y0uc,BSH,2000,
xch1x29l2prv5xw0jucc972n5lpe57jds0ftpghwgydsm20jkdqk37nsd6a4kk,BSH,2000,
xch1jnzvp5rhvtknz3h6chg20hzkv4yc6smfwm8898cq80ayaqd0cmtq6v5ye6,BSH,2000,
xch1vhsrj53r33l9lssapqr5naxukllunjvcyz30j7n7ep8jrsm7a4msdvgusj,BSH,2000,
xch17kxm5vemft73leeedn6kjvr4hryv4gq28tl9u9nlpyq8sgj9dm3srd5d74,BSH,2000,
xch1422ds05h98y4dd7n5unzw4upyv9n2xkdwv3hjzzew307lwp8velscxyktg,BSH,2000,
xch18s7gsq3xwutzrrkewy92g9ytsduw2t4hdhgm8nhy3ks5vdz0t6nqewtc9p,BSH,2000,
xch1y36u57t03n5x2pzhtcqyx6nk8qqyeagn425emkx005cxykdza5sq0w62dv,BSH,2000,
xch1jwvd7zvvlzdgr07rrkn0ndt0xax2sdsg9v370f668wnf8weve9ts89kaj4,BSH,2000,
xch1s0xq3sj2smkmxh6hqae3u960fcrd7htgc8h70enxa8f3ye7ld3zqzdh7n8,BSH,2000,
xch1wde4kld399k99wv37letap6c7amvltyrtr097803s08nrufrmhss87ef27,BSH,2000,
xch1lk5wtt7cn4htqemcuj7uly94m9lq6jcke5xkhd4qjtaz0a400l3qc7znsd,BSH,2000,
xch1gcjq32an40pj0z873t5lwv42ww5f74tat2cv4n47j9ppmg62evpsgq78jg,BSH,2000,
xch12zdl5ujhe68hpahyuhhx9p4na9ktc6tuwwfp9x5yh03us8n889es6h7myd,BSH,2000,
xch1t2hsk55e6qn6amv3zq7799hw4dw6deru5fdpkduj0nlluj95gvxsm522qs,BSH,2000,
xch1hytugzuas97pqv5qc98l4lgrcqe68czzfgc53f9h554ung4fxnksp0t372,BSH,2000,
xch16elpph02479mve86vdkr40e6xsh584k4mzqsc2uahn7fpyeu0xvq48gpjt,BSH,2000,
xch1vndeey9nft69yrletsncvtgr404elg5ykma6ghnql2stwyhwnk6qc5wmhm,BSH,2000,
xch1l9rf987s6weq353ua4eadgf55nyssehfu4eng4qh8jmxqnmp9mfq0fjs7d,BSH,2000,
xch1hc3czdj32lyz460xge82qun5e7hmxwuctm7dfqmvuz5z34xl8y4sqpxvt8,BSH,2000,
xch10r3g76njunzc56ncn3wsul0krp0j304s3x49kyayc74t0dc9pa5skkwu6j,BSH,2000,
xch1yqz9s3w84h8dpt9vepd54lz8zcra9ll0xancunhwddyjp88kcqzsd87nnc,BSH,2000,
xch1zwq6swjt896t06xz8pfgdrs7uadt4r48w2j220jxdtykzqyz0seqc59ejp,BSH,2000,
xch1dj2fmrra6v9s6xavlqee9nee0tjvdf82dvpv96q4y5z6gd0e7acq7pg5k5,BSH,2000,
xch1k76jnfkp68sdcf89qp55wkkmkh9dkl8eduf9fhfnvctlhud8mxqqj9d9y0,BSH,2000,
xch1hl4dhdekmspn4m694dx96vw8wuslzrc9kqa024pqvz2prpxzwjfsedrsvv,BSH,2000,
xch1mk67qw87kr5gleprxmaxh2va04am0exgpfk6l4nxl68yc73fc7qq6pvp3x,BSH,2000,
xch1xmcu5tu0rf7c92ru30j79ydsr9x2ju4nxm9zfwapvjn62xlt74ks4rrdxc,BSH,2000,
xch1jd7hqxhc4gm6ldt9pgwudfcn0e5qd04mnfzxz4zcw6uszdd23npstkg6t6,BSH,2000,
xch1r390h2d8rjg6c0j822q8530sk4004g324p0ytgl3xhg32lj9y6sqw43rku,BSH,2000,
xch12qy5lfmvedsac57z2xyxacwnt7cpkg7etm9mcpc6r5dfj7pyz25s5pf0dc,BSH,2000,
xch18r20j47s732mx2mgyvh00uajc3cq09ex6eggeqa6737s6ke4ss9q3w9rsx,BSH,2000,
xch1y9c0q8fdalk3s282mgh7275s0te4mpec450r6fkw5kwelf3fjz3s4ez47s,BSH,2000,
xch1e9r0hh8xwheq47ndjz42dz7nx0un7xj8kdkufmusytkda4qsgumqqtzf0g,BSH,2000,
xch1t7ewyz9ncqxk85qwhw0tzmfud2xk6kg8zd8a769glc9uzqu9yvzsc9gerf,BSH,2000,
xch1f94aa8ceh0a7xr9dxk8fjlvmgj7ynuzh790rvd8dad9480scgagqx3nnzv,BSH,2000,
xch1k48tlt62rkxfc2ce8cw8zauef3qmd2mqzqdwhhaggujmsa4n5fqq6zettm,BSH,2000,
xch1uam3u85w7txlha5q6rrxhqcvg0reh8v7ppmwq2xh4d97mu38ut4q6paycr,BSH,2000,
xch16yxue30qwnsufayl7z3w7678m4t5emreqcmdwgvl2ay9hpelur2qr64f0e,BSH,2000,
xch1h790jytxs2laudlhxa3mhhzsc5umvcjkk9we4r8seh3j9k586n4qkwjuvr,BSH,2000,
xch1a2twtmrcrw9gyev4cx6wlff4kznyzrcru27h97ycl08dztxmxndsasv5lk,BSH,2000,
xch1l0e00vj4g5ka6yfs9whuhm3h55m8v6fhv8mg7pgaz0hlu4p4ewus7jw2xd,BSH,2000,
xch133x32s820vv54c5zrdpwqxj3m8m9uy3mz23jnrveadura20jawhsqst4fg,BSH,2000,
xch14qfx42gajsd0q382lpjsypww4c52ekx9r7peu8xppjnc6ktqjyqsmk0r0t,BSH,2000,
xch1d6se9mmx2flzmyrrddfux0zw2f4yuqmgazqyc02ctfjy7dqeu4ushdkqgj,BSH,2000,
xch1fkv2tvjs7x2lgrq4yjvujlm2crv9sx8cpwvq7y8mh7ytehu8d3zsu3n92y,BSH,2000,
xch1g3a8zcklecn5nemwercvs7nzcvz846zp7kv9q8z6mmhw6sdlrakqx6ktf0,BSH,2000,
xch1e6kse2n3dwyas5zl8qapsd3hga68cyrlyaw0sqlwes48y40jzmss5ej6nw,BSH,2000,
xch1gueudn0wp2l9n7d002j9faeqcg95n3e3367edd3aw5shn9ed2fys2evk8d,BSH,2000,
xch1rz4mzxk505rsl8detp8fhp7tqm95adtm9epypc8lfu5jysfxmj4s8euqlv,BSH,2000,
xch1fggvccldyxckkdl863rxensm73yn40wwanzzjvpl08x9eclwgzzsu2dhwp,BSH,2000,
xch165dt5jtxzexe2ffzas98z8rvn0563ywakylsccuh5ckw53lacxcq60uqlk,BSH,2000,
xch1kwwqapm0httd9pg6akr8p3rdql6xdsvp3x40u3u9wpplagkg0mgsa6856x,BSH,2000,
xch13avj2s9alukk6q9x7uws72y66ndra7rg223c55zkdd00tztyxdqq6e3wwc,BSH,2000,
xch1lx3qx58k83v3s02wt9cpj9y7wnv0yngmayd53zgep3dexl3espfqxnfspj,BSH,2000,
xch1svw8jc2lphnft2ezdg9cvujyuzkyfz9vqtc5nzxrc8ekx8q7r55qxx63pv,BSH,2000,
xch1623v2jjyqcz5gsq4j4t3j4knqmsmanwkpsqjpm0uvtaha2vxcxnqg3kf7r,BSH,2000,
xch19kj0z3uaz7g53hmwtajqfk99j07rqkafdzdyjrq9jurau67r3ujs7tgfy9,BSH,2000,
xch1dzljhlhf5kuqnvf80fgy3hj7lfssgeetsx8d69wwejr38k7qq0wqvd8lx5,BSH,2000,
xch1rslzmy4p40ylwrtehgaj5vyqlpmkealcyevea4neax3mdj34ew8sdauc80,BSH,2000,
xch10tup3q0yfwnd82c6cg5wuzazcg3tsa38hetljck5fal69efzy5js7fv5tw,BSH,2000,
xch1v780zq6k35rj0zks8mu7dd4nsg833ez82y7fm2a0gkyspgqvud9qa96cwg,BSH,2000,
xch16t3rpmdxycstjjsu2xc4f6c5dhn8xk8ety2l0m5ayfc0zs83rwnsdx92pa,BSH,2000,
xch1xmwt3ffmyzlsyn7g0uq3wmv6jujr0rh00hla3f7m5uq7knjuxhts738z0l,BSH,2000,
xch12uajtckvwcsl2832hshhc22z352ecs32yuuz3x3y35z9t9639p2smmrw4e,BSH,2000,
xch155p8ymjlkuu4l3chd4df70qwn40q5gnaaqzacrn06sl0stlvepdsjak4vz,BSH,2000,
xch17fans99f805wy7qqrdt6rmhqdqkxarq2xskrg7r7tjcvjwrhhkdqt0j27a,BSH,2000,
xch1h0d2cqm5fyxzjry20q0raustzlq459trpqnw7vzv9qdwh7q0jr5q52djnn,BSH,2000,
xch1tsf4s82w9kvr83vqhagprer5ue4e9u4nx04guy6duax2hf4mcrssutm7n0,BSH,2000,
xch1tpt6m472gzr237mz0eq78fc9c5nrdrqwuf0k4fu87r8gsf7u5cpqt0j3wf,BSH,2000,
xch1gt00y9uqlgpdrh26t23skztfgp3df9al22gg39tc5v82nz7npm5qyrxkvc,BSH,2000,
xch1xy5uy0yy2jn2ss3qtag6ntuwqcj2ktd8z59psl95lks3earnacvqn7z9eq,BSH,2000,
xch1e28lr7ekhld2hlz72fedn62e3u9tm53492qyvt055svnqazv5m5septzd5,BSH,2000,
xch12pmmt9dl0a7w5vcnruu40q6eyye6tv7mg267hkyx8hzujj44x84qld9pen,BSH,2000,
xch1xv97euy8keuumywpe3jzvqdqu83r62vpaj8uh5a5xv6h9w7welxq750mg0,BSH,2000,
xch1cewqq0sl55nsed9ksnnxyjzyyxksszjym4y2zl6xz9ys3mwhkfjs00sln8,BSH,2000,
xch18fzu6zmg0dwfxvqztrwu8uzzcq7ttv6dm8utj5wca80pmuhf4ysstnvacj,BSH,2000,
xch16kynxj7s4teaz4fm8pmfu25vqyskqef45ku07mt7rt7qh9p0auqqg4pdy3,BSH,2000,
xch1hsc24k7z8ypk8wcw98w5tqwc2nj8nee79mv9vssphsds376pyfms2akccl,BSH,2000,
xch1mdj4f2dpnkrsv87addsuda3dlzuljyhlk7zvp4qyjl343csedlvqv2p06v,BSH,2000,
xch1kltqae3sn3q6r3560w8mkejagy4lryad38mrk9egn2alylcmx0nstr5j80,BSH,2000,
xch18um4vq63s63jlfxs6suhc888v5j8qtauuy2u347ckh42d4ltsteqwv48rg,BSH,2000,
xch1ml3q8ekndtcddxazmyvq5vu265vccua9lpd0lqc9w6a9a4aut3msn3sn8s,BSH,2000,
xch18ernzk4ee4m3t20kdgarj2268gsqpp20ynwf7l2a26cyyawdpl3qwamujp,BSH,2000,
xch1ckfnpnev5q7xwa6qp3fzyalz2ng56hy6a5vmnuf3d4vkrz8mp29sh76jzh,BSH,2000,
xch1vjqgt7vj9suh6lk6ycq0rtdm2vqzta5uvj353g7wp4l6vst56ukqpgxn4l,BSH,2000,
xch1vnew3wrcelmpqmqj0q8pevx4el6tj82z8d2huc8g9lrnxdee6pusssjj0a,BSH,2000,
xch1tlhr2ylqwqdwxpsz2ahtzqzrc3f88379n3fhkdtayz7ffcx48xaq56xsn2,BSH,2000,
xch1ztmdcf4mxp2wkdmlp2ndty7sjs0m29zady59vplgv98xu75qjn5qvwdv7j,BSH,2000,
xch175x55u64h7n0keel6w7lguj7e6724qfd3pma8wtekrrhgrypxdkqvnnjhq,BSH,2000,
xch15vlm929rd0nw5jxy6hg4zdnn57erjv2qpq5uqfsk0chk9nq8s27qelgcmh,BSH,2000,
xch12a5p8rvn6unezusw26j0mas0630azsrpuz0sztpa9ffxk4u7upssyz5vuu,BSH,2000,
xch1vmzjejwemte77q5r8a69v6p8hpafvd36ccdad87nw4hvykqtlkkstysnvn,BSH,2000,
xch172dtgk4m5ak0gd8ercysf8dcpusjs3ll4vcclpwsqtcnp8fm4a3sa9phfq,BSH,2000,
xch10jrzck9yt2fludry5cj43fq8vguqpuc0a6pr3ck5djaeg4rzs9aq4jde25,BSH,2000,
xch1yschp3p323ff6skcy4vx0kppne70m8c0z2ly0u59yyq28az4nh2q3pa4dq,BSH,2000,
xch1mevnfhwwrftm6l3ffe8z2a360h2cau3g9qetzzge82d0ach7kjwqql4z34,BSH,2000,
xch1zfnwdg0hs5amqg3crdseyhkfv6wyv9up4ah5vmk78ntr6h0u66hsx6d5xc,BSH,2000,
xch1c5f274gvsxyaulex5rpkxzrkes6lnad583wstawu553kdcw7rtrsn3gyp6,BSH,2000,
xch1st9vup5qkc75f8wh9nzynd7846zp0sky449cvr40zk5h4fq9jeksd0ua23,BSH,2000,
xch1veemw5jfyecpjt02q85d57e4yq2ph64gxzgz2lkacgyj5a9svsmsxveggs,BSH,2000,
xch1chxm5pjsp07079dmfuqvdzwkl3kv3tnns0rvg73la3mjv9dt2dws73huzm,BSH,2000,
xch1zyjvl679gaj2zwkn2jscentf7kgtq4d2cwy8kth6jh4hj9s4rxqscyj26r,BSH,2000,
xch1re8eahp5lszedvnuvd2rrpz7m0muwpfws7kmsg42n3s4kzqy3c2spha3s3,BSH,2000,
xch1u0p7dw202jfhlgnjs242f59qtanj2ssu7uxz0tfgrd48klhd525q4qhcqz,BSH,2000,
xch1574zhuxn2vausjs6a9uamqc8c6suh078tga6mc6e5q7q9f76k2esu9gwxs,BSH,2000,
xch1k8vg5d2nr236jy4tnearcj7mms9ssfpvnnf7x8kzw9n03myws02stjcckz,BSH,2000,
xch1zfs30rmpat5f4364dr2fmjlajc04tq2n7ywyd6jl9m4mr382ss6qfpvqd4,BSH,2000,
xch1kvv38lst4v0gczhae7xx9xt85a4h9na6mu9fnq9vwemrwwn45tnqgn4ry7,BSH,2000,
xch1zvl58j98dsk6sqgkhqtxrxav72yysaaq2gmrtt4vwemgx0ud3ggsc8a4vj,BSH,2000,
xch1ael2zvvgm2qg3u7zt3265w5sm35jlxtv376cwn8x8dvrukv62dlsw58rvv,BSH,2000,
xch1xmq7ndtv65z5nuafx8axlga09yc0h7mv96vtxt039029w3qxeqcsd040rl,BSH,2000,
xch1k82t8w630c73qcpn0vht2yx4f7zvz8dh3a80myy4md0ncn54cz0qzzfgsu,BSH,2000,
xch1fxfjlls90qukhdkqq7hgnks3lnp4syglully4npavwaxnedledqqx2wakp,BSH,2000,
xch1vtcqhst66xu4yjmv9ae56xyk3a4x8fjczs85mxe7f0mcrunpth8scred6n,BSH,2000,
xch16l0ztwutm0uv2gde8rg6sflaewxqye3n38wu2v2rfrrfs3tpm2wqng2sxa,BSH,2000,
xch1ngjsp54qay69xwd2pv82srlefg49gv29vm7spdt2nmnm8xwgwpxqx680vx,BSH,2000,
xch1g9pmvd0x0gddgj4xeenm2y53gjxky33vkjy0cj87jyp76utmlz3q6ug0ml,BSH,2000,
xch1jzydksmfe40my5retpwcd66wqjy8et9lqsw7cvk74njqzv3sy0xszy7s73,BSH,2000,
xch10qqu738refspa4l6ql5gq0ykgzy9mwm4xvpfkrhgjp5pjvrcs5rqxwa74f,BSH,2000,
xch1jvageeupsapwqew6kaywr9pfeqcehrjtvx2ckkv5ne7x6ap75hfq2x6qqd,BSH,2000,
xch1kak5vg4wwxyckm267hvteu7fhz2lzz9xaslmx5y86vwt9a0krfxs47ggtz,BSH,2000,
xch1e9xjet3x4e4eah6yrxp95efly2f02v4ezn25ckn5x60mpj8x5yjqy03kd2,BSH,2000,
xch1adnmcwq89lsgap5qgvqdqeet7scm7qyn6dfmmjcl0yvp840j9afstuyrpz,BSH,2000,
xch1jrkq5r3gratvyj8m2z85ad7mcpndzkvu0fxf7hlkkdp9vtx3cycswwaluc,BSH,2000,
xch1dtjjhycgpg7qgs2p0dtn5wsgtcgkeh09qc65pke8w03wavmalx3q5npj4z,BSH,2000,
xch1fcha6e3e98je4w48rldx7frt39mtmmarv6h4dxvn5gxykl6tsjxs48qyj0,BSH,2000,
xch19july8jpm255jqpphusjcsq6u233fjhmdusdct3z2rpfxfsnkmcshd4jww,BSH,2000,
xch1zu9nlywfufp0n5du0vzdtpdrxz2vl5y7a6wq28rwrsm0qa896j3qx54csx,BSH,2000,
xch15nawde2ysw4gwrfsgvr30sj3r4rklm4lumfh2eumd0vlrpy2fn5sxp4jwa,BSH,2000,
xch102nvhtu9a8cja5mmva66xfkyyknx6xgwvqqpl7xjt09fe60qaytq7wrs7z,BSH,2000,
xch1kdqs7wpd4p28234w9vh3zajkruky903shy86krjrweld7hc0tzqs5qzkfr,BSH,2000,
xch1ksz4cenfj9w0py7dh5pqvsmulnvkkny2maz6m6ygw4spjzguufqsky25t2,BSH,2000,
xch1jy0sss2p7w09etjql7t60wg7clvc0usw3xf22kyhfq46a7gknt6qrd07y0,BSH,2000,
xch13am9tkqh88jw7f9j70uyf6mdfeszzwncdj66ts2u499epsa7czkqxu95nm,BSH,2000,
xch1dm804smk9xly80gj4avy7evtlkeu8fs29c3e6zkje7hrsryk77kst5jfdc,BSH,2000,
xch1c00denxsdkseecfujya6e9khc2nejsqt3sfw6fwv39kcn53ulmzsyxk0eu,BSH,2000,
xch14hwwrp7gnk2l6tcnf9gzhev577jy6wdpaqw73szaq0vhh6q6pjmsryqu4a,BSH,2000,
xch17j63m5hj4cf8uw6c9wczckh8tucz9z4cu5ql4dvsp7khtz75v9lqp0tpyj,BSH,2000,
xch1xmwraa5u5rp5zr2g7cjaxaevyjm6w3ma9wmkyjh5w7er2cf62a4q290smj,BSH,2000,
xch10cmuwlensah55wcssn2ts8wmyfv6kgt86ney95hpyfz4yt8gltgqmgr94u,BSH,2000,
xch12mp6r6eghvead4caekqsa0797va84kku42zqtewps2u70da9tavs4teqs0,BSH,2000,
xch1k84f3pn2jxnahk5ggtynljtfffseka2qv9vqrpf2xvrw5nhsapmsn4ruuh,BSH,2000,
xch1gwgcul67ldf95ucr7j9nmt8c7kezggrr0cz34khqy2sqf74c2gzstk3ysh,BSH,2000,
xch1cz68a0stxpxjsmxs2lp7pwuxe94l9n7uxpntgjwrv7u5wfm0c6aqv97vsy,BSH,2000,
xch15ppnc6qudpykv0jfm40gunnhhnh27jcxsgvhd644jxffydaqjmtsfp70j3,BSH,2000,
xch1yue5n4sgm3w7zj6cj9e34e2k0ftyx7djpmcmfufvqgvv4w0el05qtmnuvt,BSH,2000,
xch1teug06ynd8u54kahe7sj7yfcpvkfsudq44lgec4ml387w5jayzvqumf00e,BSH,2000,
xch1xl6l4v2s5cchrxegqnksyx8yjngk27g76f6fjck7f6xkslm0vc2srlg3f3,BSH,2000,
xch17yak9rxccsqyxujdf0vmwrpzfngp2jua33glgedvsdesg4vjk7ns48r0ds,BSH,2000,
xch130xjaey69gekl4qxy5zay0c27t9suwglwmnhfnllg6dusg8m75csv89len,BSH,2000,
xch1xvnduc8rxnf4ry96r6wwcecx7edvp77xydm6xfdlnd9ana32ap3qsytgys,BSH,2000,
xch179xm75n7tqxljqw8ym74xymglksuqcc9ndctr28u8n4juv00e80spdffsa,BSH,2000,
xch1a5kmskcypf3n6482m2dl99mpc9qvnrd44h4gy7lnk0m6q507w8hsd3s84f,BSH,2000,
xch18xuljws4wtsqt45glxdshluj6v0y9culrvdf8chr7dmtva05fa8q93mceu,BSH,2000,
xch1yzs5da2ljse3aexsr2haeh8p8p423qfdecg2h8h4al3ssrzaxeast48wqn,BSH,2000,
xch173mzncgt6x5q6ar4z6ldsmq8949v55tt53u70g07gdn3wdfe5s5qwtmyaf,BSH,2000,
xch1hlzck2rslfygr907szcctk9rj7zr0xyla3u07sx5ye42van2y0us9yx9ru,BSH,2000,
xch1kha2c7q4g7sz4ee5vg0qxkqwphr6nfcxz5r25y769ymejw8rljesmhmuvg,BSH,2000,
xch1nlwxeezwddky2avjx9p4ndsk3vnte4r9e537msqwzafara5cynmquqqac7,BSH,2000,
xch17zad5kyqtwry7msycxhmqwjk9dxd9x6lgewvmk90a076fjgck4msrqlpfx,BSH,2000,
xch18rq3vsveg9qs2r0448d93ql4ahj4y7fkuf25c3x0vvl6gmd5sepq75ua99,BSH,2000,
xch1zz5uxnjs3lpquk4wjenym220jyt5pkmxqvwk5fpey72tadr3gu7sj76mgh,BSH,2000,
xch12wzrqhzxdk3v5lzrwuhvr2aa0xh9pk49yjywf0xy2sgrwjdeqw2saz6hea,BSH,2000,
xch1ted4k7j0jqacf7z5hsggymlc2h5p9uxp65ds0ydpz52k4hh3gq0qa4vwnt,BSH,2000,
xch1cq5up9x83a6us222f26pmuua42as5kxswj85xe3sn3f4x2t4a3zsasjagf,BSH,2000,
xch123ej2sg47zl0vky5tl7was6f3xrt2ndnks35p04ww44qdq7zzsuq6t0gcx,BSH,2000,
xch15wz2y7aymvd4emruq7jtfpnq7sxdykz8utkrcthta4neyuryxteswzl9hd,BSH,2000,
xch1t8yvekeuzv64hjkscffx2uzg8ek0hml3f5dqnycplvmev8wzqmussj6e5g,BSH,2000,
xch1knl9hynxmwj0m76k4rq6e936h94l5h72e53rft797d8nyen4lr5q9shjdn,BSH,2000,
xch1evtkl3mspwd7w4ufvhs2kkh3a4ktzgs7wqdw8mhr8xfjzkmywu9s8mka4g,BSH,2000,
xch1m37c2788zt4tgzvtjr7xns99vz3g9wg0m9mm83ehrmkpspumsfzs3xt9a8,BSH,2000,
xch192yk4rkk0ra9kvsmjfr078xc0gwy6ykztqt4wrtpl4rzdvsauvdq9jaet4,BSH,2000,
xch1y4evtdvu99zswugqxk9f3v5esv6aj5cy26pvmddyjx9nhydmemrq46jf08,BSH,2000,
xch1zmanx5pg945g3qayfxtzmah0c5v9dmyg2y8pgefyrmn2ssyhns6syy4l35,BSH,2000,
xch1egyyc7q8flzumkuf75wrtwxh0w3q79h8l37gt5yy7ahu09fs0c3qr0vuar,BSH,2000,
xch1mg4ahfz6nqymkrzjyqtm5t4xam2c8gznvh6y0qpazfphr5e8xdks9n03hr,BSH,2000,
xch13gy2y2mv6a35qxhm288tkqhrkl2ylpyyyr285z5pdefqajczcyfs6ncmpp,BSH,2000,
xch1jukg4uschtsavrrmwr600tfmrsfsl30r99w7m4f9k9v7fuu6tvzq90gjv3,BSH,2000,
xch1l006smz5swn2wwhu4zqvfxapq4tqdpeh5wwtg4z2xp80mcpn29hsvf6mxa,BSH,2000,
xch17k27jn3gd0ku7y6kach4x33kupjfy3ax7t36affs5ggf9urc76yq0nuhun,BSH,2000,
xch157rqu07elu50ygdyhdsed6e3sru43jeye8ggez6jnfxj5k6r6l6s0n7a8m,BSH,2000,
xch14ufqcz3dap78v78jzfv3nadu5mdxeflfgw7w8jcxjfrv0lz52dtqgxv6rn,BSH,2000,
xch1vvl40whn52xxf4dn2ca0asmh6zyhgrl0kna8wu70ghcf2dnmgt0s8z4mjx,BSH,2000,
xch1cc0p05tl5ednk4rsnx2s070dqkpmpjwugzs7r9qmyq5n3sksuwyqwn7uwh,BSH,2000,
xch1g9p47vk24t3zpeuarezf8ascl0za6zr46dl5e7u5dnl0cjj3ymfql34gdw,BSH,2000,
xch1vejgt0dd8jcldgjveh8j5mfc8x4ulfxgkz42ummppcgff4klv4asae32ym,BSH,2000,
xch1nkxve8zyqwdwdwht57lx6xrgdtpqxnc3sy3hc0u0cpljpklgau9skuvnp2,BSH,2000,
xch18mt0z9mpmlm06mwrwnu7cm79h6jc8w8e00azsa4frwa0f0yv5mqqzt3xvr,BSH,2000,
xch1ju7wdpuxl0s0zgga7ek57p4g4umhrt37w67lk67tatglvdujczeqyeqxq2,BSH,2000,
xch16e4tyt26n3508u4knffz9lvza766ejml9n8kawj608tv8zc6gnnqhaxpva,BSH,2000,
xch14w2llue8xyghwd2cykspfsusya7flz2sm7c3ev7gds3yxycwq7asd6ncmp,BSH,2000,
xch1xf5sr2pzffkevl84r35h7csqk336950yl94axztk7lhge8qm4lnsghsvzd,BSH,2000,
xch14pe0p27mdtru3e78yvf3serjq347md25fzhsllx490amwczd6s3sf5e6ta,BSH,2000,
xch1hpep5vwkszkkeda320k0n9guxqqwmmy9e5ty0t6lkv3vh9lp9m8se4xwp2,BSH,2000,
xch1765vdddmylts9m8npfzn4pxulj3eenxv9v9c0588jahgtwy664gsg2z6pz,BSH,2000,
xch1ggulupxce4dqmcfad6jkcgkuw3m7pheuqts7nalf4gq2y8dvvqeq6xqwlx,BSH,2000,
xch10z6tzym97q0a4la0yww02y5fwawz8y5knh7q8r2tdrdm5twcuguqvqx57n,BSH,2000,
xch1ha36llc3nafwekvu4em90053hfx3rwl550tnh960qjhpnst0rr7qeusmzf,BSH,2000,
xch1y7aha0mhkzlwnz82cxytq0q8c63lsdkzq2xeg2an94alx2xsr9qq23yz7r,BSH,2000,
xch1wa8ffdqjjt7c2gldmqypqf29weuhh5rsl29w8dkzs8rte8x9klfqcpmpse,BSH,2000,
xch1axjpyd2jkdhefytcwamzxekrcmkx7dj3k24gdk5kaujx6d6up24q4d0c7e,BSH,2000,
xch19tt5s3t6u0mk57n8yxuqysc6evhwah69acvr04ly2yjc7w0m7k4sz947n6,BSH,2000,
xch1zunvhayd6hwlg02mvwce38n6whn4xng2jfuqpnu55hyqlhguzsfqt98w7v,BSH,2000,
xch1z6n50yu7frfuwha659sa3dxz8dfq6llsthgfd4g2qtt349nyep7qxuajzc,BSH,2000,
xch1xvx3dfx64wctcc42uvaef3dtl0cdn6fw6phy96hclgs4khee4alqdtgfmd,BSH,2000,
xch17mza5kfwkzczkm62j3xwzwu85c9dccv5r83efu0jkyhxz8kdea4qseregp,BSH,2000,
xch105nklqww5y73d9xkynaw2jjdz90l66z04nds36cy86xedszyuelq0tq8el,BSH,2000,
xch12t6rslxp2du5cnm09tckkphhkrd3dgcwpnm59np9cswk8dckh2jqdc4r28,BSH,2000,
xch1dr26vl08zmnppq73nxky28jw5su6sk0805n6rm9h8f0cng9xev4sumccfe,BSH,2000,
xch1383s47lnludk2sldntxkjqvl0030wpp37zjxfr7lw6hnrvzds3vst9mlhy,BSH,2000,
xch10nhd9m5v3xuzes68tt7fuh5gct2el0dvfatwsh79lm2zlwyn5p2qa48dyx,BSH,2000,
xch1nflcvgsvzzzzage3p8qwney7gveq5qr3a89l76rqzv09k3gv9klqyg0tjn,BSH,2000,
xch1fhzyemf4nzv28u2hr24q65zvasysty57znj7n9u3pjv5rea3ly5q6rlwud,BSH,2000,
xch19wxq7yp8u4hy36gwwgqg67e9ky0z8am40ds3rsmvm4k2tnc34rls2gfays,BSH,2000,
xch1vzphh5j8y9gs7fex2ak52ksfpumd7aws7dp6afdw4pkn0u9v2vsqk6q90r,BSH,2000,
xch1rv2rw2nqzyvkcyz6gve38ha26mg85jl9th32qyvcdjmuulx3gu2smssg42,BSH,2000,
xch17qzndyea4a6hq0plg6n939ancrztka7nn7sg5lf4dpxv4s87fcfq4hsfa4,BSH,2000,
xch1u8g5kztzh2nle2as7m622nlzgdmgsv9dzjyhper6lthg7nuvns0svmtq5n,BSH,2000,
xch1fz5x9485g2g5pajtjumvgfpaefe0239m4rudkwjqxnnp8wg3z38qrxffxr,BSH,2000,
xch19zj0pvgdh0772x8g0zwcvs72909w4ev7cw84dhhlc24yq2lw2h8qhztrfj,BSH,2000,
xch1z4lrzy73vhjmy6hkx53eye262cytvgv67qakuydg0eq6x2sqrfuq69y4xr,BSH,2000,
xch1sqg57szuew99hwn6yvg0gmmalfxwct8dq8wrk7xyjhldxfgd8jwqextt6x,BSH,2000,
xch1wgscwrd9sptv5ufyp35s443x4d6hk29amy397cyuycqvd6d642xs0l3c06,BSH,2000,
xch187lg4ht9cftrcju3ntp8vnymh2xtqzwx6c2y9xxrp2nxv3jqucuqghun9l,BSH,2000,
xch1mqpu9w8x96xqd7yt8da7v3a5k95vvtq9hvp0xsz8a574vvzgfwssjng9z9,BSH,2000,
xch1cr523xa339wzsqc8wex2gd28vqay90mmc2cmyl6vj29847ca0ers99ck79,BSH,2000,
xch1kxz3r2qa4rynnz4r36s634e8lyzcmzvzeh22hq2809w3w2q27aqqegcj47,BSH,2000,
xch1nsjev29za0tvavrvsgjdvhsnu94z75nucqcphvj5yd5haswlqu3s5f7vsy,BSH,2000,
xch1npz3f9664e4p33v0nt2u9xl4mw0tzqs4fu23pf0498zvlgcxea8qngdk56,BSH,2000,
xch1fn6y5d4azg6arvzdvf4me9qrfldnrazchxx2qc628chqsk7a88lqm9lu6h,BSH,2000,
xch1gxtz5yjcwdza2f9e28efffzfrf9lu57mrdvf0t3z7duzknp48xjqldslxp,BSH,2000,
xch1546g0kfmuczdqr8crmsmqj0de8z5v9crlgw2whz6hzqku9xj7rgqsfxut7,BSH,2000,
xch17pucuppxak2cmt0dzt5ng8p0gxvnfprae3dy8u2dazecq4ed77zqktg6st,BSH,2000,
xch16rdy8dwrh2dc7z5lxdnf8qhrwgjfarz4c7n992t7apm2jp3vqsfqx8t2pg,BSH,2000,
xch162gf8lw58hzcptm6gcras5njm9qk6y3vkzwchw5cfeh5cd0yq9uq2uud3e,BSH,2000,
xch19zm3mrug4ffkrstr9h4rf9gswl6627tvmvls2jqfd6v4ts5snylq22xuaa,BSH,2000,
xch17v8q8mr6j4slecv4sjfc8988ny7p3hx0phvhm57yr8d5t4kyzkxs2ygspc,BSH,2000,
xch1evp6kth6nwwnkpm50q3kk3zl4kzmqrfftvxprgzcp29zs8l9scuskwmp3t,BSH,2000,
xch1w5s6wcujy8ltvk66m35ag2685xepum5tvfwm4twg3hjv28s0dkfsx3vwdh,BSH,2000,
xch1n2p6e9zjjqlemr82gpxpfwxgx8th437cafau7fu9v0zwz5la8pgqv6jhnm,BSH,2000,
xch1nyvq79spkgd649dwgzc3y7r6gxpp2rktprrt0tzfk8t054az9sjq9dnkak,BSH,2000,
xch1c0al02rxnkr00ne24p4dldxhwa2rnul4kkv3x26kpa2haunj7gtqdp6zzm,BSH,2000,
xch135rcszp6gntj8r0nn6v03u9yx83t3fzlh6kns6a68hm37w5xpplq8yz843,BSH,2000,
xch1aymlvrgr8jeh49gpfjlgs8csmtl2luug8cva3thhn9tyy7hq0zjs6zux9w,BSH,2000,
xch1xg4un8f7wqr99n9s370ac8xgvw294tmvqz9sl28eapjd2yuvl6xqzppnuu,BSH,2000,
xch12yxqhfym4xpe6qjgef53jl2mqeedu7ezwkg2uj4v3ekh57ccgguq84mxxq,BSH,2000,
xch15qmm4jc0fk6mcsxzktygugfah384n4079qnfn378c892qagrwcgqeqew60,BSH,2000,
xch1nelnvpzl5sr3hqd5rr6tdu0k0sw3va7j95ypx3kl2em9wx0s9ktsw86ttm,BSH,2000,
xch15j4cwm73yepumnr5vzlylnl2ym2lvx2uaag4nke89q0eevs0pkaqrv4tq5,BSH,2000,
xch10ktepx9x772ghjl4m2expq59v7vtgnle3v8wp2arupxc73uj9sasv2dvps,BSH,2000,
xch1ac84etc6vegs5j8rx8fvdy0q4wmf4ekz3r73judeqefan0x0dt6qnxvn5k,BSH,2000,
xch14tjase8cjhhlr2d4w4m4nmx0l38tqeqd4vps0tpk0ae7gzevdtjs8juyay,BSH,2000,
xch1hq8g5tv0kffl2zmpe6xadnu0q08l4gm2ngvmv267jrvdyu2zg6rsj8gz62,BSH,2000,
xch128tvwld80c9r7e0uapurj6p54k9a2c4sd7ca65pu2nn064cedtpqc3z734,BSH,2000,
xch1jzqg6mgraxwwpfakttnyy4eqm2dft3wx5w3apcmwraalfhxwpjqqev6qdu,BSH,2000,
xch12m4j0uv6kyfn404zmczrn5ks30czd4zwswh02s47p694dlzlez8qml87as,BSH,2000,
xch1sq5djw3d6yp9acveumc7hgptf8a6trznf7r74d0jcj68tznxru5s3p3jw6,BSH,2000,
xch12mmujj7uee4nmj8tpkd9datkqjy0n4lphpvg46hey9yjpmj6sq3q8qmu2h,BSH,2000,
xch12c6de2gf52s752f8757447czu6mhv5a9j8vq2auq43nmw8gvausqzzh0vk,BSH,2000,
xch1zuemnrn08ap9tqn2yy202ed0hzzsu5ax55jdj82qdcn3rxrrdvaqajqakd,BSH,2000,
xch179962m7qr6xmafs0awwjc0txmsc64e8mvlx6hqk56qt0qtaz6f0ssaxg0u,BSH,2000,
xch18580yth0dzg5y66tpguxu4leuf6mcnvl6gkxzj2a0zgjdgulrluq8tdl8q,BSH,2000,
xch10w668rkt33lngd6grpaz5hmagwlmz6re0mcgeln3e6yacjlacdyqhn2cyd,BSH,2000,
xch1vvax7cxq8sckmamkws64wamc62947c6gcd9wzxmt2nn3ay3jwl7sj4h0e6,BSH,2000,
xch1a0ym8cs046x8gxrl0kkxzu75kc8d00vhz5up3z6nr7jej4jxz99sqt3y9z,BSH,2000,
xch1f628g4xempgrclz47clsheyhv3cs5s3trn7gyrnaxzd45umdh32swz47af,BSH,2000,
xch14a675fxr7ure6e6dqytfnjdm2yrp704q36zr3cumk06vjhrplwcq8rmmdv,BSH,2000,
xch10qvax9cpvdn99gxkrvdj5anss0klwshduwcptln54x9qm733lwusajn0nx,BSH,2000,
xch1cdlw6kewff8seurwnstk0gqcgn4c85055cw40z56jqq2zkdlejesq5g7ls,BSH,2000,
xch1gfzzz0hu50qsph07rtqjvhjuwfjm3ehpjk8eennmx4etewjcc0tqz9gmtl,BSH,2000,
xch19usa54zs4d3gmcc838emmn0j8uwl2jmk2mq3875k5p4lm9uf8adqyu00wf,BSH,2000,
xch19q6h8rxk7nlesh4lfqkw7q86d4wyxmq9fa36xumdxkjk3rf8craqqqj2pw,BSH,2000,
xch1vfp56zls07mpunyelljte66pqqxt7nm22f6rjenm54fny77ac4gs45u76x,BSH,2000,
xch1gxkayuweacqfae08jxpnh8t78dvka73l5zvtsac84yv9whn9vnlsnx765c,BSH,2000,
xch1wpvf9sg8mtksn6ywls9vy5zrq7nymw59uzxf55hu0phash00209sdc0he3,BSH,2000,
xch1x58rugs2pthmq5hfy6n7u8wjs0dhmfqj7us6rgt5qh6dgplq8y3qc4llna,BSH,2000,
xch12kapfejmtu5n9y279sf8t3r6876jemlh5aetywlxkyk49sc73zssfwua22,BSH,2000,
xch1nunklktn20sprcp4qgctmpaqnprymkqsxw6tnpvf286kqlhe9sys6lh974,BSH,2000,
xch1ft8sgvj3njjcml3j8d8hxalru8xpawzzrkxd429p0wl5dfdqh56qw0x2fx,BSH,2000,
xch19h49el6nyz923yjfurzjerndelu9y7e94mrt3kwz3n6wva679j8q8c2yrq,BSH,2000,
xch1n5d0fpt9cp4q2mlx0dyzcmxws6qshxnrkauj0r802f588la4v9cqm2u4jl,BSH,2000,
xch1gjgksqwjazzdsduyaaqs5p67885z7c9rz54js47r0ds2qchwtjvqskj6s6,BSH,2000,
xch1vx6ctqkft5353h6jsyexhfm8g8fuhx8jeqqgvgxdf46m6f5az3gskx83vw,BSH,2000,
xch1ht3j05upuyec5cvqhpdq6jmhkd9mgm4snqgu2uaqu3at9yxsnvfqtqtg3y,BSH,2000,
xch1xszvdyxcfmhkjfxf47sv8lxm5x5wz4zgdxzxt3drxffpz3v7shuq4n6f37,BSH,2000,
xch15n9dl0epnuxjrk3adk3kaw3qnvnl2tsedhcw9duw3dzp8pcpn68qm8uufx,BSH,2000,
xch1m52gmlxsqjhzf36wkw74f7k90cqefe3v5rcxn67d9lel8yv3kd2s5wy9q3,BSH,2000,
xch1jytaq77kydpajh5pdkjrgdtx5esc5np732t42jjep7gfhjxkw8fsyvaptq,BSH,2000,
xch1x3jcgg6ys5r8kucqn2qj275zmq09yahgfvajse2ck3q3m7lqhm3s7ply7t,BSH,2000,
xch1gpwwwd25nd4kxlkvaj7qu63rklfayngv2qpglvg9zy99s76m0mzs8spjt3,BSH,2000,
xch1r7yrr26rw49zyut82qm9uz2s4g6tt5zs42tmn02z6kjyjcgql90q76l3mf,BSH,2000,
xch1hylx83tn77f6vnfrld25jq6j77j6tmqsecv5ftm9y2sk49jt8g9qky0usv,BSH,2000,
xch1832xph3uac8alq757gj56hrwj0h03y3urhxzdeek909q808np2dscgredq,BSH,2000,
xch1gm52eh65radng46ekyt24afwmh93av7s0qxmuahtlpqpmrpnphds04nxtu,BSH,2000,
xch17hkqekadzrn74fft4pgp8z25zdnhgja2qvt8pvtj4vtwgw3agf9qwdgcay,BSH,2000,
xch1v7rujsssgmu6j4ccrt2qutdlh5qtux6796nk7l899qrzks3th2pqjgl5zx,BSH,2000,
xch1h3afnpzh9pcnlwmxkz26gpwck0cwv4d7v95n39jxlef9x5tsxjlq57a924,BSH,2000,
xch1ges8m2vdvnljhdk86ek2vdk8qtzgcf92jrr3nqm2y0pj3xd3kjkq68j33z,BSH,2000,
xch14rvyc0p2ht3v6l6uv26qdcddmrstel4cejt0m6aukv757yahc8zqu4gupl,BSH,2000,
xch1nr0u2j3jya2q4kjdu3htyuf929e84ceqszja7gla8rjmxesecz3qc0d5p4,BSH,2000,
xch1k7lnj83ew4lkjjghkdz8m535fgk9v94afxhps3ccfz8cxtsnfhgsz92pld,BSH,2000,
xch16zz25ftem8ppnm7kqp6u4cg3znj4h83ayq78jnn8s6d0l4g4tz8s2m9978,BSH,2000,
xch1cyw0ra3lqn3ya6a8rykymgzr2vm43s8cpzfxe3zm98k7ttgad0vq8x3hwe,BSH,2000,
xch136levgr9a8za40egqjnvqj80eww305skrdztnktpl3guepnh60vs3eaqdn,BSH,2000,
xch1ghfuz7h0q3mmygmajdfca2yaj6a2ng0hhpfe6d06p2g4vtp4zl5s0mdz3s,BSH,2000,
xch15yykmtjhcuewdzhlutpw68dhj4wlt3vgunswk5dx8nuh2znhzz4qm7ed7q,BSH,2000,
xch19wuh24nquz0mftu6d85kzssa23q0fk6s50h54u8evpmkhmfrxa5qtnc2zh,BSH,2000,
xch1nw8lcm3uu8ajgm2ujs5h5fu3px2464539xakwp8vefdkpkqc9lvssjacvu,BSH,2000,
xch15s4wrux7c02cm2anejdmnugj8m4h745jc4xwkjmk2vsaz3u7tzhsvlnvsg,BSH,2000,
xch1l75e9pqyjgxam3gx5960w5gqy0f48jsyxppq7c2hzd22lleu8n0sp6pf7g,BSH,2000,
xch1nt00g0zhe97a0uw6a6dzu6pl8fsf2zqh6fn9sd9f47q8gv70w0usfz2dy7,BSH,2000,
xch14y4qvx3mk9gvg3mjwpznetax336tk39qtw5ldp26gq0me5xy5atq7dpdel,BSH,2000,
xch169aj6mlaymft2sdh3hct5t4dhj80p038kfs3yrcuyjkhtuplrgts7u7fpu,BSH,2000,
xch1lancv0u6508kf8pme0nmemups79g282q4lqskjy5auddv8fgy28qd2lzxh,BSH,2000,
xch1swhf4fg3qxgjt60t8jxnw4na8hgp0rlj87aehwy7ppm649qz6jqqnggwvm,BSH,2000,
xch14fxp2gmw07qk73tdymxp38qjfuxen33wduys2pmpxw6l62anvxnsvy946k,BSH,2000,
xch1fjt8cl8vk4pd3ehhxu4gj8ugwuc83clh52xk65uj9t8n4uuy3gaqmf9c07,BSH,2000,
xch1rfer65tjdpncl3trhstmjuns3wfe3frurjxafreklvddnava3ktszc3e3s,BSH,2000,
xch1k2e39wzc7pjkjjstl0cw6w8zgrelrp2xekcwjcqdegcvryzzuxgsj4azj5,BSH,2000,
xch1kx8j72e0fxuwm38ahmjak509r6gwsptst2hcwuj8zeuz0t0fye3q8nju39,BSH,2000,
xch1jel5mpcgh4sx8h5umur35c98tecdtwwz3r5yjyrlsnfvzj7ja84qvjeh00,BSH,2000,
xch1wh2366w524tjyqa2s0rsqmmjl7hpgt3m38ncj3qea65acefe2f5qppcazt,BSH,2000,
xch1u7m9cgn57mcmps6xwm5utakye6sh5yvl6jcvthp5teqt4wfchwaq9ayx64,BSH,2000,
xch1tfxrlf248z84p89c2r49jg50emr8an3ecuk3q6gr8xn8xh7h5s2s9dhfz5,BSH,2000,
xch19t8ffu9aff59x9qegff934u7z37kxflndz96kzwgmcvzv8q942dqeh4aes,BSH,2000,
xch1nk96qfjpxmrlxpvxx03l3z6k795hhkwrgr95l86q0vscuk8jvdfqlnzqs3,BSH,2000,
xch15tkdhcnfe03m8lulhfpx7mu8p8wq48hwtnthzh6uas9dcm8xmclsuzps38,BSH,2000,
xch1twfn04n3c3rzzerm3v8cduhyegwa7ryam6wz0km8tz62rkauqytqtu9l4m,BSH,2000,
xch196jy027gu9a67tgedd2mpxnetem62kp5fs72nw6gxmeyxfpdt9yqgmm5kk,BSH,2000,
xch1fh0c4zhtmel9a0g0jcv08lren4rq3gdyszyy0286srqjr5x885mskfd29y,BSH,2000,
xch1wyu5ymf8r5a7mcmjjkz5prts8we2zn7zqrgj6zmy7n9k3epqlt2shj6mqt,BSH,2000,
xch1m8emt3wleflwuzajlnme3eqsklxqjhgv6rufrvlc9e9js7ps580sq5yelx,BSH,2000,
xch1xav9zhcyspfzem63a6fmr5xcanc6uqkj9pjpa8c2u0xttusldhds8vuh9s,BSH,2000,
xch1anqy2cwfarjh3qxxp9f2zhdk9z688d08myw0y3v3lwh4n23pjflqtc58f4,BSH,2000,
xch1gtmkrt558cj7u0kyyp2zku65stwrrddtfw7tl4rcfc9jfhwdqewssdnzl5,BSH,2000,
xch1v6y58wnaskdxyr85pq7t7h3zuue6zefen48f40dk343j2wtke0qqgemf7a,BSH,2000,
xch17ncn5smqxv89expud784tlhuxznajw3x9suq8ech7nvzlefr5utsu0yqz5,BSH,2000,
xch1ja8agak7va2zjfr63e70a5zx5kqvxg297eje04n9zg77vfqkntksprxg22,BSH,2000,
xch15qur0lwwe6vvq08lql7gqag0zycavrvlp57znvt73774ahas6x8qqpas24,BSH,2000,
xch1cff0qfhd0plw8f708jg4lxyy2peetgt7nv4samq2au7352w6pq3q9x83xs,BSH,2000,
xch19gh8ae9vxm7xx54p7temmeglsl8kkzc73lfke39duwewxyexa30sf4l29k,BSH,2000,
xch1ac9c2084rgr9apr5d4jqgmf49wqmrrs74fushypm002sefsjvapszc6nuq,BSH,2000,
xch1gndw0elss7f29ldsf56uxk6l2fpyjgl053epgfqkns3fjh3c5q4q9l6etf,BSH,2000,
xch1rt2lxe37ljjmyf977q65nfn040ftgdqsmjxqyk04smpemwcgxlhs2rajjs,BSH,2000,
xch1t0ur2yety8r4dz49gsy5a7dw8cdn378klu8fpntlka8x5jy8hwhqek7fjq,BSH,2000,
xch1etcuj0wqut8ez3psgje2fqqx3gnffyzjtc320nfxalycwwzmfxyskjl2du,BSH,2000,
xch135wuxfutp8srvvvwyf9vxak3q5rydarram2fvz2sd2s8z70063hsezsc04,BSH,2000,
xch149kne9rfkx52p3zlm8t53588wnyyxch72cavyc96zm663p2xejqsq82sv3,BSH,2000,
xch1g3ucd7w5za386d2796us97ml8wdj2gr8rpneqkzn9p6ce8rz3zmqzyk6d0,BSH,2000,
xch1zg2ayt6ryxk6xmgn7tr29k5yc6m9f7873nz8nvrnfq8xjkj9unas3et69p,BSH,2000,
xch18x2naxnhtr0f2m3caelf5klu7jl2sfavnvfql22szl9ctpggze2qrf7zwc,BSH,2000,
xch1fyfy79a0uzuln24jwv007upmzm5s0epegfs3rcjn8gtdh7kkxxvq80c75f,BSH,2000,
xch1yw8jncr58xfltm8zkp6ueqj5t0uxmeeatgldz5vg66hlpergr45qv4fma3,BSH,2000,
xch1w03j6pwtqh2cr4hrdhgl3660rg99vav6xam5k2tnz5w09tauw2gqwcdusq,BSH,2000,
xch1f3c0jlw5wuwjjtj9y3asanshex3zhksr5vw73ft40ddekyw0fvas7ksad4,BSH,2000,
xch1m4egd6399ekqmdnlfa60qcn8n2j0te2hkvlpvwqal6jmvw5dhj0qdzrtkh,BSH,2000,
xch1g3lsj3fkuk96927qp7d7ypnq8yhhvacxxv4dfxsumcug4uz4sp0qah0rk0,BSH,2000,
xch1yjad28h06wfz4z9f64n6kfc8agdfwkyuwc7lqkngkf532tesx6qs6kpxsl,BSH,2000,
xch1h9s8j6fxsqe9302c8c7z6edvym4sfs2j3s0kklxrzlgyvndpp69qk454uh,BSH,2000,
xch140sjmsz6pl8qn7g6sevuwnsyryseqy6c425rxh5r9tpyrut4qhjsdgddck,BSH,2000,
xch1z9qjmjptslldrlldwm4k86f5dcvgu602jsqwg3q560xve0acvk5s0r8waf,BSH,2000,
xch1lnk6pc7j20jsmy9lrt5nkmwj5uzukn29dh7anv9c00x8dzyullps46spyj,BSH,2000,
xch149qvt7p80crgk7nk8ahs32amuf2xuls6t2gcyjpeudz2afv6sluq3wfkpl,BSH,2000,
xch14yklh46zxxpmsn2yfg7yuwzeg8frmh3h9pcrx3a89tqymwkafqdselk3kx,BSH,2000,
xch1u4d2nkxslw9tzedpusaepl9mn9yc2ep3djts7rct593pk74c95ushxjvl4,BSH,2000,
xch1n4khz56fuxsfe2h6hk6y3zwksdf4jpeu43ktd6v54we4avd2zeyqwmd8r8,BSH,2000,
xch1d34tar9vkthzfen8u9qx76gdzgwnv98kslpe0240ry9rdge0mgqsn3nye0,BSH,2000,
xch1vldrklu3t2nn86w6rlv8y0429n6j98fk3pzkzfvmjygvqyykdu6q47tfvt,BSH,2000,
xch1dfcv37fcljtpy0ata7vlw94kxalm2dc88qjq8fhulv9dhwjm5kyshzagvw,BSH,2000,
xch1whwm55n5tzgdajsuqk75edckw5d40act7gzcqcv7rv8g2z0rerdsy970p2,BSH,2000,
xch1c663t8fgqq8fyy0sjwealzezzmsl6lvdxh4jhc2f60wv28zyqu5sx260d4,BSH,2000,
xch1ud9kcmcyx7frtz5u6xh5uufpv22psz8rsgwwrww4pwnhur2ld7vqauszzk,BSH,2000,
xch1tc6lnzkldyyu22w2ak0ll0an8c0hrahmav23y8dhjadpu382s6tqf25v7g,BSH,2000,
xch1kz3uwkntsm09el2lcv4r84cha3z6aaqh8wat9mq2a399r06mnezsw8n0s0,BSH,2000,
xch19z76cslwt4n0gv4ez8hc0276lmkexnvk348cj9g2cd0nda59kexs8jdwek,BSH,2000,
xch123wr22p04vft6zs270txus88yg7x24307ky5weta5e2a6entdszs3yzrk7,BSH,2000,
xch17aj4ld6qvr4dvmcrhfcl492ay8fem0jp5erq8z42agauye9zagrq6cjmhw,BSH,2000,
xch1vyrd94mr9y4zge8s80f8839mhuqgdkad6j4aprs0etvx7mu3z82qgdrmkj,BSH,2000,
xch1ydcrkys5l38u3lt3jnwl8ferz6tj09eeqh09unk7dumvjujk5zxqmg86a4,BSH,2000,
xch1ansccw5xcxgq2cvgzap0xp23cqf57cfl8weczz0cpepafjgtz3ksduls64,BSH,2000,
xch1huvj5w0qvau8lrpc0d4qngfdt0dcgdxg3zqlthc4x6884wmleetq6lxq8c,BSH,2000,
xch1kscz2jgytee82j46tzamech3p8yrwla6as7as3gh7d2jt482ex5qxl6uzp,BSH,2000,
xch1m6rstpfww9qn2d6uyqljvjs9lc5at05h0w0hsa6zp0zrzvhutjvsxdcpej,BSH,2000,
xch1t893p9densl0zu90qpxd6w4rpl4fw7megtztn7c2r4vl78mp4dgqqzd976,BSH,2000,
xch162ur7dl403mfketmvvlq27p7kghnql3c4zdkp3wawtn4zpstyjfqn85l9d,BSH,2000,
xch1gycg4npa5jt75x4qrcw73ah5f5kr3lngw37p5f587p9rluydkznsyl3fww,BSH,2000,
xch1ywxmdnnxe24rwqa4r3dwfydzhjwrqfry6hkrqjh5wna8n6utsv9qhtzetl,BSH,2000,
xch1eht40deagytt6mdfapsf2xq77mjql4k4qzcwdu2v3wj8qealc6dq7q3rp9,BSH,2000,
xch1mvhup2gtahre9dgd84f95v73cv404v4ssr32qjjxms2mf6wtuvysssxq09,BSH,2000,
xch1dwxnhlajyy0k68u2kfh7grj79sztuwgekjs568zurz7jun4vjtlsqqs29f,BSH,2000,
xch1h54tjmf0w35j7rt5yqzcxrwhejykv5ugce3ravlkddxueefadjjs3akczr,BSH,2000,
xch1t05zs46nxp029l4tdrtqrfw0m7yq36l4mueqz23lvxjtn0k2yzlqfszgw2,BSH,2000,
xch1fu2aj73qaq74cvdukt4m2strdnveaph9n80w6ayyahphpjcqk3zq8l337g,BSH,2000,
xch1wyvdy7cn5xc70tg7f647sqnjgcufzr37encstu6cjdewmyvnhd5q6h64r9,BSH,2000,
xch167rep860pv59ng37sans4pyr46lxd8vrjrx65v99y03yhpzhq39s9maq6f,BSH,2000,
xch1ys0fcvgvmnqwwnzx84rjep7yxmtlhhsftd5u3dzz9640fyzwdqpse2eja5,BSH,2000,
xch1e3kzn4z56dm37gqs8z8xu48nk4lv6qtme5nsnhuute5xvv29lq9s8su82x,BSH,2000,
xch1ae2t4pf0y9dp3x7eg2kww0rm923d67vf5l3etp3jyp7frzkz7avqq33w7z,BSH,2000,
xch1c8lkxssxt3ud6uduex4e02qucrq69nzk73dcaal6vw2a4agdasesu7rhnf,BSH,2000,
xch1x852wz5jg23g5ezpjjla98ccrfjmsn40y994hvpdqrnmnj2ph9msxg3sjd,BSH,2000,
xch1en9zczpg3j8yqkshmp5zzczq82z3dzde7kq4c68s70yew3sra54qghxh2k,BSH,2000,
xch1th9rmuplxhqjdpxw7ldrnjck55rjr67xna0g0y3fdj8pwge9hacqphq29d,BSH,2000,
xch1zzg8xjgkjngs8r0v79lddwfkvgry7gp3l7pvskych4hpm0q5m5gqyvwt2n,BSH,2000,
xch1fneeat27lcdxm39y8v7rrwka9w5q0j36jmf0k0fys9tq08pn4y4qvqzw4l,BSH,2000,
xch1tar4e0hs3n7fjyhczmpst3q6ald8uzx5vakztqs78qgnmeh74hqqv2snnd,BSH,2000,
xch1kvpmgcu8rtttjnr0aqhgtywywa2h2l6yljj4meujemvrqddcldfsjp7h69,BSH,2000,
xch1g34wunhzwk3swpwapd48csuz2qkpdzrlm8uteymqkaurnvrk0nuqvlmch8,BSH,2000,
xch193324dt5u3td088c2qz8hvefuj7td7zeretulwg97d6aclcxqkcsg3fy9l,BSH,2000,
xch14t7xmfna4fezlgju2y53kkyskqxenuxlc3mx9pz9x0rqvx7fgyeqzvga44,BSH,2000,
xch12ylukugx7x49j2xcazexluwsvj7dzn9ypyeqm3gqnx00jxfpnwxquvtkzm,BSH,2000,
xch163x5s20lc640zy07njl9u45rxa9pk2xd4gt73qqxudqde749g50qn30f4u,BSH,2000,
xch1cjv3aml5r2xq59x2ecwyerhehp8083jt4znad427h822yev837vs2duxkp,BSH,2000,
xch10fmq7gdm23mqz0lydfcsedp47z3dvf3ve3gt2whge7tlr3nrq82svjhdng,BSH,2000,
xch1ltzl6rtx0fwd2seandg35pxl9emtt0dlelqh8xyzejcsdwsngsasqzj7jw,BSH,2000,
xch1zazmmpv5zlzrppzyrnz493ujdf5z34ns9372nafz4hg9e50lqtjstuz90s,BSH,2000,
xch1979eag6a7rh6449e5qgp9ur0w5x4megvt08sthlnkh2f2wh4tzysc2kaet,BSH,2000,
xch1mecvex43vhgxm3cp0tm7fr0736angrew55syzg830cp6zcy6tx5q7k75m4,BSH,2000,
xch17lxfpu38tr56cms6nf339d5v84q45fkx47klqxcu6er446jtmpnstsdmf5,BSH,2000,
xch1yrcpuqsagpllwgxhr9gzhkps8d99jc5cqrd9pzf63ued96h0nq8q7d2289,BSH,2000,
xch14jq927je00t3j0temak8z925w7l2efj7z2h96lwn6llvztt5rnjqlnp0w5,BSH,2000,
xch13qf6nmpema3mx4j34lcz7mqje9dy3frd5amjekk3ysswx4dgly5q45tfqh,BSH,2000,
xch1st2snkwl8n9wypwgf533ddfkuypqgxme35480ksmn8d45yzt4rsqgsps5z,BSH,2000,
xch162h90k8lj0j7kpwdsfxqjxq5rx65ydjy9dj6h34suaqatyg4g2nshjrfdp,BSH,2000,
xch1ce07fugjqp7e3gc669qhlr3f8hst8gk7f6c3prles4y60qufe7fq944n4m,BSH,2000,
xch17h57qzmrlae00e2gnpsh39nr6m9752ehr3vmdjnfvrwtyj8pnyuqfmy2cm,BSH,2000,
xch1mwwewv4p0twtdf5zcc8je0wz7467rgs3wtwx6xftdy3jvqx45geqykr57v,BSH,2000,
xch1wl7y656qfsj50t9ypvu5xezv0cqg9e682djfc46y97hk06sew8eqxazeh6,BSH,2000,
xch1hx28tz9rmjxyf33275ke4uun6luv9a9s9nmn2ljcdr9ngh4xezyswl3avy,BSH,2000,
xch1kt4exlh2n7yvku4ykpcudz2yfusr264sp84agt79dmy2skdhmqxqkxjmu4,BSH,2000,
xch1uq2k08r06v9duxwhdgqch9vxe4n8ns3jjrkefgjdxtf4y8kse76qclz8p6,BSH,2000,
xch1x86vh9j3mzsnru0lj07kxxtkmmja0am2zvnvm975g6fz5lx65k0s8vl9u7,BSH,2000,
xch1h32x23qvgeykgspnj4xy2wfv0fz6jlrk5t4z58shk4kt94mvlg8s0ku7dk,BSH,2000,
xch1ucg6csje2mhnzxd8asysavhnvnead5p8j7s3q43qhvfxkeq6le9q0u84fj,BSH,2000,
xch18uz3t3v2jaa02fqre9n8c2jwq7940rlycw9lvjkr5h9sutmglzuqsc0apj,BSH,2000,
xch134dauc0lmya9ah3wq8x4uun2gvkjk9pdgtcr2dl8wn8dxm7685vqetvppp,BSH,2000,
xch1hmyvrawan8yluy0ap59qsm74c5uxz6uv6hwgpcqs87rm7q8zfcls5l5sc2,BSH,2000,
xch1lq7chql9m5tzjap3q8fd4j9u28e4k2k5arype9n75zm2xdr5p99q79k3un,BSH,2000,
xch1adldp4alql2repw5t5djsaawsy6mx70fkwkdl5gus8f836z8n6tq5gjrpt,BSH,2000,
xch199jwf3vkgfsje6tttqt0pgj4qc84fg30uf3rj6s7mpwxkytjuwesx2z5xq,BSH,2000,
xch1ulrdq6gz4qq5769nt3uu07px04spytsuqzscmtzwsdxdxv0ec7jqs3x6cj,BSH,2000,
xch1y90nk40ffarxn5ypgf2f3hycxacp8up6u5fv3mvchsre6kyjucps7885lg,BSH,2000,
xch1ud9gl07ht609c6n733gkvvmcwzsjc3c2uz9h0f4kyupe6adcsqgs9rq5p7,BSH,2000,
xch19p0fw5h7e8eft967rync7exfp06lkxgk0s0mdfdy5ma5syakcd4q2w85r4,BSH,2000,
xch1zlu2xgvg7vjwmykrnq7z7t859wqp9lea0r7kug69tnee7a02l6esgt0fpl,BSH,2000,
xch14s8lwqhpdg56fcwd4w5jp686rzysa2mvts283u5pnkz2fqpry24s4y9jzx,BSH,2000,
xch1sltdmc29e9ry4fuwgf8al5pp5hwup2fs2y9wjx06zt8v8vrppyasnk2ukk,BSH,2000,
xch1gf8j8et6s3rtrauwujrfv87sgllpet3hk3h69gffes0xn6gljgnquxsquk,BSH,2000,
xch12vm7stug8xtvc275sytlffat6e463z6pqq5rh3ujfnr7ssrzr0msd7fwf6,BSH,2000,
xch18qyvrsf8plqrqwa5xf7phgxfwl68fyze9lvj6dzvd45rhq80mzfq3s0drk,BSH,2000,
xch107crq9ky4awmcrhq7yut84gt0ke5gppj3z894wxagrnf3j99kczsl2y7xf,BSH,2000,
xch1tqhpytpdsur03r79snt5cwzpahk0ymjzuqcryh6f77ltd05mx75syndw8p,BSH,2000,
xch1wvg2nsus0mynw2awl50763y9umy64gy9adu6qwvphmdk0q0z7jns26thd5,BSH,2000,
xch1m3q6juzwczk0s553t9ez9qzkwnn8ut9fe8t3xgnkn5ejclqyjzxq9rf3lp,BSH,2000,
xch1g9nq8eglxagyhc7mw5yh6a6mh62pg2cgmqd6as4as6hcktles8ws6gad0z,BSH,2000,
xch1y6f50ham0djjlfd7xz5qqsypxlxr3ujxxszlyeq20dt7q45z7yrsnxtk7w,BSH,2000,
xch18lrxep38a5spltvdurzmxp295f8jwuau6feg3ezk4tufa8kmcnfqz9wag5,BSH,2000,
xch1cy8dj96nz7p4c9ax9j5qvhnpz2ez06zx2rcah9lssapcyly6p6aq7rd2ns,BSH,2000,
xch1mc5re053g2mec8wg6j7zwtqf64uazq7852p80aq7z7ccd6wuj5wsff4l83,BSH,2000,
xch103qw7rs5ncsmnjxwx0w3cek6qscqevpu0nq5dgzs2udkuchvwssss7vd2r,BSH,2000,
xch1sgkdjh2vv358a5rja03cfemwtkze7y32dk8nzgcjaau00hjpxplqenegmj,BSH,2000,
xch1u434hcpf9tnc8juma09q4u0as0ff7vwxez5rd7kcx9av2pk59jrse8q0rd,BSH,2000,
xch1dnwd6yyae4mj6ne3krrjxa2jam5eep3k9894tpje0fw33mv9lttq5p9xcn,BSH,2000,
xch1npj6cf74mdt0z0hsrzm2wgk8886pdvrdgd4vwxeffhzkpgwvu7fqrdurcd,BSH,2000,
xch1agpkeans56lwp3v3qc9qgd99d8pplk0ddha7ngvg5gg5xv8mnm7q54nke5,BSH,2000,
xch18z4q6jx0r2z54ar45gjhthd469mh7vrmuxu2qu0n3dm0j90tkksqczdxld,BSH,2000,
xch1udhcs4a4hxgflhycd3jagp2ek996xspg4scn2r24gzpc6pchlftqqtwmqz,BSH,2000,
xch1s5whv6477d4xjdu5f7u6uyjxtsglhm4matjk382q9rv7vqrw4efqw8m9fd,BSH,2000,
xch1razt7e47ft4z47deks5edg2fp4lu4epvgcx5t6szspcn024s696sfqnwgp,BSH,2000,
xch1vvafvuarp8jgx6aat5prlfswcprkfn8luwz43qygscavrxtmkwhs7u5uvp,BSH,2000,
xch19ycxca6x72lgmwcqkpqtxw9392ghee3nwr767tpaf728nqp80s5s0ap3vv,BSH,2000,
xch1g5akkamnszssmwf74ls2c3lgxynw0v4q956hcgrvcj2vlvyl9uts88qpy3,BSH,2000,
xch1ksthrmt4qfjvwmkrt3rgmf84hup3qwu356txhsz8rkyvfqmcyggs7pcdlp,BSH,2000,
xch15a2nvyn26wahx6nqzmd88gucjfnv23spe35nnr573hard8z9xk8qzg04kz,BSH,2000,
xch1jeh3ue42c3u6efmm8e5zxcmzd6fslkrzx7u32ukvgqsl5l5ayuhs44n9mk,BSH,2000,
xch1ntjwnlph7thlxetujkturt65d9ufa9u29rvwxkgvs6pfzqhvzzesscttp4,BSH,2000,
xch17ks7ryas4lf0p480p2vu8r4pxa4l6ynxpfxp72v2udmddvnzkdpqzscdds,BSH,2000,
xch1z26sxuctqpyzhyxzpnt94ncu3luss4pl4gpe5kuhhu9u9ckxvtks5ns9mz,BSH,2000,
xch14z2ecgvwzyhs2zgvu8860svfayekn80xjd267q9nqylny5a089qq80d6nd,BSH,2000,
xch1hdqkfhe0qj7krppz5nh6fv3s035pm45sjf4gdgjky96z9lnzf83q84u8ld,BSH,2000,
xch1ydvjqcx40a7mt535sxxxv906g0jp6he4rh0mjz2nprz9l0cvu4yq0mn9mk,BSH,2000,
xch1tyks34tz6cpk0pgs5ug5hs26vujxtgp0vv27ehmwu6ytmep6sp4qvnxc3r,BSH,2000,
xch17jxtzy75ceu7je8xf9hjmafytuch907z5hkzfl3cr8qvurg3c2ws3c082z,BSH,2000,
xch15g954c35hx0nrlprqu6j2t6uqre2qp0c57xp0qhxrjrfllfml6sqnfwm3h,BSH,2000,
xch1fztxnxvddnsshknfcfs6w50xtnvrrdkgldt4mky2gqwrnfe4nynqh3ueex,BSH,2000,
xch13m3qptac8ets6vn9ppt2wsmc62ep8v556e8hq007xkkaqtmph99q0x9dr5,BSH,2000,
xch1gylrxeqfl08u943ytlr6zq3x6g9nsv5cjh9rs295gt02rq3grlkqk4ksy7,BSH,2000,
xch1alas273twlc0845atr2ryjarw54pmw6meg99xj6e3cwfkd4n442s5pf2ll,BSH,2000,
xch12genkgp3etafk97mrlf85ytwz98a5y45yfq0fnga66kpqq7f89hqhad644,BSH,2000,
xch1xyjaapcrpnd3w8ctsrkeax95lqktq9zmzpyjn57vv9qeeccf32zsu7ujec,BSH,2000,
xch1aa7lnzn4vncjzxyxvk432z52k4d9xyq30lcwa7r5k748ctwts36qn3j4yl,BSH,2000,
xch1s7amsygkglszlwtg7ve33juu7jagxwaqp474ytjn0cyc3a66gpcs6z53rm,BSH,2000,
xch1m0y7xz0ekccrxy64h40ruqrval7tw06yhgka25jdwfd54wv5ldqskuucxg,BSH,2000,
xch1x958q59yzd4qjux2558fyq2s39vyhrs3nap5d58v0pjs24qpu5astc3msm,BSH,2000,
xch1rnw8ks7rrkv97ftzyrekd6nlf60g8tymhxqm4lj3pkq9zcz0heyqdctfxg,BSH,2000,
xch12r0lnf8smghkzrtt2wt9m2a5ldwh97fwnnlqnjlcyjdlrfln728s99ytv6,BSH,2000,
xch14grzj36ktnz2ed4ggdgjhf2hwf344phxpm0xnvh4nnph8f3qj9ksllk04d,BSH,2000,
xch1juqhum5qsgvr0xxuw8aj4w8w2jwcmrqcum0zwlvvcwger4582w2slseg9r,BSH,2000,
xch1mjpawp0wmt7wvgjvprhxlmhr5a0afha06jwmqpne7jz49ssczfnsfnrcyf,BSH,2000,
xch1junq0lak54zsp56lmd4yjn46njr87l97xg9dgqfffmw6lyphcduq6mlpzw,BSH,2000,
xch1lr3adrje5yyx4ra3uw9pt7txarkry7g6043nh3rxjwlrcn0k7cwqt6cj24,BSH,2000,
xch1k8fgee6x4rwyhn46muv85q9cqly9dyy7qp3pfynz5839hzl5lplqnen7xm,BSH,2000,
xch1rthrsmhy4tdm4eckyjxapfhtu8tmq2t4k02z3ehyqr33l8ahkwzsreau8k,BSH,2000,
xch1yp582qllnwzqaamgta3l2k97yqc5yeeg7avgfudwf0ywc35x0h9sap8wc0,BSH,2000,
xch1vdt0gjpq4x87h5d3y9dsxtlypwrtu4k6332qjw0amc0n5wd5g9ysjsqe8p,BSH,2000,
xch1ydr0rxvd309myfe2xtk62qjr042dnmhjf2tdfad0d8e7jegff4eqxzjxw0,BSH,2000,
xch1043a94sysxynzwlres4gxfq57rlakzaclry0y580g9ydjedy3zqq7ra5j5,BSH,2000,
xch1x5ha7ehktrnx0m6zkdk5urvu9gaf43kguyw5qp6lufquvfdlzlustthnqy,BSH,2000,
xch1wfqnulp3gsp335rfncr456xfx3vjs62g9udcl6qz0pzculmrk2jqm5dqzf,BSH,2000,
xch1490jmynxh3g6gahdxysvl4mv7kqs4mtzkzqnrwxmqwkg8rw74u2skt6rhz,BSH,2000,
xch107v262v6aledmfk6e5kdgt2yky3yfcfrv4mfu6fm3j0zp2263ykstzktu2,BSH,2000,
xch169hkj7fe3s6nvk7jrw7x29uda9ccfz0p0frkhf79wmu3f6k7wf0smemjev,BSH,2000,
xch1l9gqggsxrakwcnlzkyvla6z3unw083ccs7tqh2yp3xdxurw7j0yq8wgryv,BSH,2000,
xch1wf03uv2xcv3uaul0k4xxnqccknpxptw22lr0cj5pa3vhphzdl2wsnd34m6,BSH,2000,
xch1dwflrmlmsd24sdquu3nggs47edcj2fc5c4qauqsl2s6leklvdcvst5rp2k,BSH,2000,
xch1tgu44u2p3kw62sujsa5drxe8y6m56uu3l3h7gvgmd2qr4ju5thts2ypwnv,BSH,2000,
xch1r6l8pmt6sxzz2f7gegxyrv3n62a87g6g2n92nfz3wx0eqjgjv5qqpkhs7t,BSH,2000,
xch1v089f3vtgfwspghsus0syv3exvz4x7nwz7ezs43us0xgeuvc7m2su0pcy6,BSH,2000,
xch133fcpzw87xfwgf00k5v69wxv7f3fq2eyj0d4qsne8nu4j2a6hx8q393sdx,BSH,2000,
xch1x5ntsz4dkmnckdg4j627z4s805jwgvxu8n4gzzxnkqh3emc4gyfshh4wx5,BSH,2000,
xch1hlf72ant8wmc6j3d8wf4x4yctaryekes2ay0uagv48dfgsvzjg5qzn2jqs,BSH,2000,
xch1xl5uaj68fkr9uuermevp362nrxuru93r47rjyzpj6u07yah5hsnse2487a,BSH,2000,
xch1xl7w7jzpzrnkk9v8xc9mapk2dszws40nuqjsm6rdq2uffunm8gnsxdw28s,BSH,2000,
xch1j33k3x8yg8cd5w2r4pxptsr09l9dt4ftzx4g4d8454mwvtln9p9sdzvn6q,BSH,2000,
xch1t2vjg2u07nnp0gs3qeakad9shzgqz7p5lttjrttdls8z6f075ugseagp69,BSH,2000,
xch1a0rl5mr6qt3wmw8x9lvfz3jf003m6ukf2nfa7qz587hpce7dwckqfk56ll,BSH,2000,
xch1ufy0d4y7sae58mf8tc75wuzd4ylwnc7yyxtvfa8gtlunkm5pe62sxexd9k,BSH,2000,
xch1nkpx6pe63ajsx7p3gdjqemfn6kmzypgjd2nqz7xxzg2jzxsj7xzs6q534e,BSH,2000,
xch1dzr8vq3064s39mqkuc8d9nql5zf9v4k6z90enuzr2alu4kqp7j5skxpmgz,BSH,2000,
xch104er904lyv7fl3h69pmjv0v70hrkzy3sgzutvq6v87sdnsy3ej2sqqn3k3,BSH,2000,
xch12n4g26ppqnk72llsu9yaecex8dmydwr3x9fz67wzmsdgzqxnpp8scnvt8s,BSH,2000,
xch17ythsutxwvhjzngggmczgqp77g29tzujmhr6rzcvkss7qtat46tqy6qv49,BSH,2000,
xch1lg5meavddtcmmt3p783juzz8dmnrleh33tq9fa892u2cdwhregfqw2z4tj,BSH,2000,
xch16m6m83fgu6fzxeaxldh4zzsgr674sxs54nt2ref0p3945ck7zl2qy559un,BSH,2000,
xch18pmdvpmlgyevccg7zp32qlahr25hkp67n7zahtjcgc8kaq4rsp3snzd246,BSH,2000,
xch1xtq69dr2tw3g68qvfcefwf334lymw20mwcxc3ne53ncz5q0xm58qf6d9yr,BSH,2000,
xch1lnh55meawstm6a467phc2kz0s900yhtwztd6st6kc7ajfvx22gqs4u8h4g,BSH,2000,
xch1cgyf0g8xrmd7s4yfyc4v0cyx43l36aw9paxm70n5zpsl4m8zh08scv9n6w,BSH,2000,
xch1mjncnfemrr9aycwcskju0r2wz0st5sjj239m3lestup6zwtuxj0s7ecfmd,BSH,2000,
xch1u5rr02n9cn9az5ptmnw9ayuph20q86ygjcc3dxq054vgqyv2r4lqnd8hgv,BSH,2000,
xch1utlvl0wfcerveertgwy2d7vsr4eg3fkl5qlta5l4stn4x4yltxnqkvaswl,BSH,2000,
xch1hsy3edd8k5s6ay5xp6gcz9m7pxyx8uk62eqqq7rtpvg0dq7q80fqjks09q,BSH,2000,
xch19m9u68wlwl53lvqnasdxc4ygnam8ugrl9l6nw6hfp87wlp0543qs55nsyy,BSH,2000,
xch1uah0a2ekgw4zqlk54vfclm2r4u9j6s6hkx8v46u0r7d59fkumqdqz82yeq,BSH,2000,
xch19k43ed65h8ghl8l6390xr69fs43r2rxq6saextwdg482rfa9gq3ssldvqe,BSH,2000,
xch1ze3g2e0kueprwv4nd4acsuwtg7478fjd6j63s33y6af2f0u82ges44htet,BSH,2000,
xch1zlcj97qcsg7ek62jdge5zy3j96zh4e879p7wc90kmh53ry84n3mqxn20vt,BSH,2000,
xch1t8d0pnfyl8hh3w490zh2esvr5yzpk253rxxrvx87hdztpwk370qq7athx6,BSH,2000,
xch10dwdz6hult7wcklumj36angxjcxxkcumnw6nvnn290nazuyvn2fspygadz,BSH,2000,
xch133m5fd47mc36zjz7uaa9ysp5u6pc8usn2pwu6enqc6k7susnjcfqeuk00n,BSH,2000,
xch1mt0h6ttrrxp9nxswyzy66xefu7fls836hkyz3yc9nh63use2y4nqe4gry9,BSH,2000,
xch1f2pzmeyftzud4m2y4fxqc9tdq6r3klw7x53f0z0j5z2qwdytrzlq6xmy4n,BSH,2000,
xch1km9qqe3qy37xn8mv58me9nq5vnyhp30t00adercrdqe5087872zs2psg2h,BSH,2000,
xch17t0n5v7tlhwxw7kh9u3f3dphvrjkawf60mwu20dv4uwg829c49ns5af4gx,BSH,2000,
xch18mfwwljzhs8ue32g4mq5zegxnm6v6yz8vwdw2xzxh0a567l6sy3qkqj4dy,BSH,2000,
xch1jun9vy0lddwwd3xt8ntjsu3jtjcul2hu9udcysscsrmscz2405fs3ej9s6,BSH,2000,
xch1lqljytfy9d55e3yrlr7nv4347xhkzr5xnrgtagyjprzzn2ksuu5s7sd8c5,BSH,2000,
xch158eexu6d3dnmc34qyt7nj558quazqfvsgf32u2wuk4um0tewzx7qdgyree,BSH,2000,
xch1gweemwuxpj2m9h6ujnfgwtwp65gws37vejgzq5cdz8tj0za3sllsdj4625,BSH,2000,
xch1tmdyd4l9lcke6tq2u7mdaf4a2yq20j52t8jzyyq8rjqwmv6nx85s33e7p7,BSH,2000,
xch1nzkuzuhstl65a7zx8v2483xpnutylhrsztynd9ugq5zdhxmsx8sq772vck,BSH,2000,
xch1jx90hjw4pfkvxmfas5xqxsed8t2f56nz8g7pa66h60j6j4nhlzrserg7pt,BSH,2000,
xch1w95434ztxvj8xahaeccdtt70satt2pm0wrd43r7m0039x4vt88hqu8jcgs,BSH,2000,
xch1d2tqdstwhsse26uc9mlvlp3a5m6wj5cyt9pjpa7803j9u6s5cc8qpnz0fp,BSH,2000,
xch19gwa9uv4jwdzzc4atcx3fxp4hgsjp0trp90w4g3qsnvk0g7qml7sq8ahkm,BSH,2000,
xch17a2vsqfgrjf0hnf9kmfr7e5azzjcr29eppv2e0rc30l4p927xt7q8nay8g,BSH,2000,
xch1rv60pxyljxhp88yq4ec8u97h2hlh4h9fsscqey79a8g8kja6yacscqtt73,BSH,2000,
xch13v3qtejjyfhg7calyws0c736whszuuhtz5qnrhz53mk8y94aeheskrwztu,BSH,2000,
xch1y0qlt6e8p0qesltss2lem34f8llx5n86gmagvur42jh5rp22lnrsqcxy6u,BSH,2000,
xch1aff0cmg8etzc6h00u6ucehz792w2awnrn2eaat99cswa780z6d5qc7qwgh,BSH,2000,
xch1kpvh9ulr3zezkxsz00zwyym7zvj2h3p59pa8zcj4ue79l6jzyq6qu5dgy8,BSH,2000,
xch1wl44tu3ddw02ye9pxhlthkugmsxr0hlgmkn5wgye2y29w3wduvsqf5ehaz,BSH,2000,
xch1ch9ctf68s48caety2g3gvxhsktpyky84q32uv699ayq2guvezhwq0gxfzg,BSH,2000,
xch1zd5dfwxrj66kp9pn94w9yv3jklhegzc92wexxhy8ysk89dqjnt3qak6mf5,BSH,2000,
xch1mcm0ffpjvjfuczp094lqwkhrusxeh2z90xd4qyfaa4udmcg74d0qh3h2yv,BSH,2000,
xch12kwrz9z9sd2fp6yu8ackduefwt5sefmfl498zgp02pk89rqyczwsmc96t7,BSH,2000,
xch1wkut2m2d2r6zsp7ez4dkwxrmsl8g7zz2gmugfmhra26rvsl7qvvszlzzfz,BSH,2000,
xch15tx7edykgfvgh3hgvahsvp64wc8qdjtfsmey6m2n6r3gmjllynusv08flx,BSH,2000,
xch15k3d02mwmhm0t8l70vwhpacfaw50z3eem84nwyhtj00a557mqd8s8sxwdk,BSH,2000,
xch17kpq2ujhj08ds39ln05xszj0ruzsq5lzp4a7ddxkehahuw3zkyuqavlqsn,BSH,2000,
xch1s2hf0pphpxfen6r6s9e9jclfrapywzwq6h95p625a4tu7xt47mrqrhjdkj,BSH,2000,
xch1ynlkr2f2mkky4k68t5dqh753t7gja3jdcd7gk5v9305phc6sa5fsstz5zl,BSH,2000,
xch1apum0hxad2lt03mg702fwkdv94jq0dsvvr5p7rykapcynlx7s6qs7cuvv4,BSH,2000,
xch1tm9r3swn6kqlxhhftfy2akdrnjz769ulcrpduhu9382rr9m2u3gq8px802,BSH,2000,
xch1rca6y06v8drfm6kg8a23unjdzp6uvp8h40ckclf6vwh87aeynvqsxj2wwc,BSH,2000,
xch1uraru7v43v8sftxx4hndh6rrtqpupysahfsyznzkcjyxdydeah3qrd72rm,BSH,2000,
xch1erfqf6jz0jggjy0xsy0s5f367qq8q3ap59efcrh3tm3506v5jd2qxpxa98,BSH,2000,
xch1zj0220kfayytmndxurzuulr3vl8cqt9lrpjml2wzywtyd8ytunmsql064l,BSH,2000,
xch1zaj8a5n7eru925g5fr2dq4a9m45e50r0gn8dpyv28ugxq9l2mkcqazf0y0,BSH,2000,
xch12k37dlnacmuwqp5hjepnhlldwg9fsvd95fy26etj4dzc98v9kufsesn0pe,BSH,2000,
xch1hjmj26s34f5euqe0svqq0x2a0m7t5fenjfd7csdfvd4fh0gscayqam82pt,BSH,2000,
xch139at5czajdr5ygnwzxph8qllwlaycc4qzva9dw38jgw3fwxxu6ysynj77k,BSH,2000,
xch1s9jahq9e6kaj7y5p075yamdglu0xhhmmwkyychnhx02dgkr7v4uqhcxq3w,BSH,2000,
xch19wnaqf66ks4vn9vsrqh74sc2wt9hyxsz44ae7evphgua3sjaw47sr0z7g5,BSH,2000,
xch1tjwhlpt38f3dxmvz7accmk8lptey2f04xu3jv8nswn5zhrd44kms0lp6sv,BSH,2000,
xch126l8fvx6g9hzhkay9r3ws0h8034qqn3kl4ccwnttf2auyfk04msq276y5u,BSH,2000,
xch1fl5w7gn5hh7ha48dlmdlnuh0k4wjrnnffphltunsl7x5ps9utqpqamsdaa,BSH,2000,
xch1js6k2wmh7nh3nm778mxqj4q7kwrfhlarqxw0aanqm5h9vzlxyjvqlkluhz,BSH,2000,
xch1sz8n9r2wd6r7pj4rqg66tkf0wqj0m470t00ppdw92za37sd9v0uq66qzmm,BSH,2000,
xch1x0h0s402e0gtqjwsms38ee7lxf2s30u79wt2ukumm6jq0tu8g0yq9yepu9,BSH,2000,
xch12txhguj7z97ustkwx9kzzhc5wnvlndlyray3gjsvmzqf28sefl7qs4je5c,BSH,2000,
xch1ml9nm8ge8t368v04q8uedmwsq7095vl0kfyhg4s858mf54mr0q0q0fr55w,BSH,2000,
xch16v2f2carc0a68jugfqmeuv59ujz7fhrhu6greddwel4hnnwzrx8s3z0q4y,BSH,2000,
xch1cmkkmf26asuzkfjq2jj9ll3v3c6xx0m7kxfhzpy9xuupkfx0xncs55tqsu,BSH,2000,
xch1kxpj0yqnupswrvj57lyxxaszxswvhxa2wm98hjlxedw2ydwaj8rsuyklcx,BSH,2000,
xch1gk87f54ug28zvgcndtsur2zudpsuvdemc0gl3jyng7h6hl7phhlsymnhyr,BSH,2000,
xch152t643d2umtwkuu0lxq2jl3ragcxddn2djq8mr7qd5kd8e3fyt7qn0sq8p,BSH,2000,
xch1wzcxqtqlqac77cmqaarfv3y4x0epwpnrl64tht3yjz0jefnmjjzqp5678x,BSH,2000,
xch1r4p2d5ajtp69679ly3rxd6qy778hx85ddgywvthq9gy45rg0jptsm84v8y,BSH,2000,
xch1ekpy03zpd30s5rk9vur8mqgtyc0gq45nfr9u2mtx2mge7ja66vssr3uxhp,BSH,2000,
xch18lp98z5s5pxueuu8snhyawpplz0c7nyp8yk8hvpeucdw4h8w3yhq2v2lxq,BSH,2000,
xch123lzplfrsc4j4zvgjalv79udffxq30j25x0ewlrstkslfrlxrt2stq0ty7,BSH,2000,
xch18qkrhwe0lkxfe8v00s32m0pded20vn7k2nxqwc9tnxqqswnq0vhsvjgyk9,BSH,2000,
xch1gfsmzpzw2vav8c4kr8mvces3d47adla4xagnrcetusjxhdylt5aq5p7lad,BSH,2000,
xch15dcqcfyt32sn3q958s5q8le2zmg7v3wq77y0z7nkvnlhzjfkdqass5af3n,BSH,2000,
xch1uz9wqwcpvgtza84e9r8qjye6d77davfvv5fhndfsgwffr7dkfz5qujdvuc,BSH,2000,
xch1cg6vnrstc55d44yecv85w49sagl8dhna7yz8zsfptw7z5l6gmxqqmgs9fq,BSH,2000,
xch1wu0x00qv8lf0sjdlz4lwgy9q2st960jwma30428uz3xp6j333zaqy368wg,BSH,2000,
xch18kgy9lmr79ktd9prl7e5xs42kwgazm7twkeystjzzz3uwahxmdxs27dhuk,BSH,2000,
xch1hfjkh2qyc8993hyjyfedfc500yqedg0qgpuha6tpthh68mg6ykcqppnsmm,BSH,2000,
xch1665s2n4n0g6m2aqevvdewy0kt7z8t45p4ky0fy99r6j83ltkjjmsj0qx93,BSH,2000,
xch10a9j6pxdz4908njdkf40u4mq9pjwcac8leul5zru5e9g497tpzjs680paq,BSH,2000,
xch1lspn8tyd0vfktt0g59lh8f09enn8k2fevup5w9tce2n0agg7yn8qj7nkmw,BSH,2000,
xch1cean2mrhcg50hple6ld0723zzg8ard7ae4lyp63kv4a2p99v7ghq395rxq,BSH,2000,
xch1nj6jk42mzvyv3h6sj90c8msep4hggetmf6nyrrffzfxre0nn9ksqk298av,BSH,2000,
xch1v2ly9lup78nk3dv3xvfdkxwxz3k0uv8mgwxkl2960k2r4sjxn2js6emeey,BSH,2000,
xch1ygua5z5eqdt576gmxgxyk83z0dwdz4mqun5qccn8d4gx8z2ewczqv35tuq,BSH,2000,
xch1utmkstsemls5p05d39tu2uly82nknn25gxr28f63qt73ph7vsyds6rzfzw,BSH,2000,
xch1akprasxqeqzxg4jlhelzwq32vcxgtulzwqjglxlu928hr2gfsk6qplckgn,BSH,2000,
xch18xelv9uw7zst3xg4lagv3c7sn9zzwt4rr4tv5279qwpz8hevv6qq50f776,BSH,2000,
xch13t8jldk4t6lkdguud5egya3lsewcxtwfqtht0s0d04a0eqgwpatsjud8lj,BSH,2000,
xch1f7p7jv9dpxdcche46yjc9w7llr24ax5uaed3mymk5a7la4fp9s8s85s83g,BSH,2000,
xch1m65u5a9rv6a3n5ty25s593qnarmvxkf83307szz7kyrefcrwq88qgxx07r,BSH,2000,
xch1a8d0pp0akzq2tj06hcm9pxrvtg8nr5pf35eq0peshk6lqghq2s0s2ac45s,BSH,2000,
xch1w77t0k7x6y2y3z0el50j008wk8vzah80c5usl5hqss54e9eyvatsuevvlw,BSH,2000,
xch16vwmln65yevhnj6e92xm2w0k4lpfj55px42dmf3wv7vl83p54pls55zun4,BSH,2000,
xch1mk4pxzu35dl84k7qps0pzd668k9h33ggmjnc5allzpfw7cau8gtqncw75y,BSH,2000,
xch1la8kedz5alg4s5mjpm5x0wfawcs8x8ndwsf6jyzw25xskyqgwv5q2rgfpn,BSH,2000,
xch1sqcxms62hyfs8u6xkkl9u65qdpl7kgp2nrz5gpvlf6t9p5qwmw8q960a0e,BSH,2000,
xch1w5r4jkx9jcjpr8wcn6nm30q3wph4gthhdma8vm3wz5tzrqnfy02share3d,BSH,2000,
xch1glv8vqy79ufzlpuex6kmsm0cqeqef9vvc48d7jc38f75v0v6lh2swjl433,BSH,2000,
xch1d55pglfeqlh2vn500lvmy0sk4amrlsr4gweq6pfaza3rjzu23cqsg7yhdc,BSH,2000,
xch1rvsn62x2dez5ny39x5mhj29d6l48y7xcdn8ymag4xu4ck5t5xgusp5rxtn,BSH,2000,
xch13hhtgf8fg3kujqylr4vhd32vg44ph4e3638d7kljpwrta0hve8rsl5pnj4,BSH,2000,
xch1ynz3y96a0ttu930mvyd85p8rttn3lp9t0uqy77ltnnh59hfmtq4ssyukfq,BSH,2000,
xch1uv6fxtp0c9c6r33ldwwfhdjlanu6h2sdyj3amvup64lrypcedj7skx4yk7,BSH,2000,
xch1zft0xwpl6c97m463gmvcyzz3q7pdfgp2j4rwlrald9za99k3daes07xur6,BSH,2000,
xch1xwkpfznyrdtl7q4l9d9xethuz87tx6d2x95yghnwz800vrfpxa0shrn99p,BSH,2000,
xch1v5ckhnnu3m5at4upu690j0m3utthms9t040dr3pm2m7tkklf5slszfn4h2,BSH,2000,
xch1v4xlx5030ndga2hluq8mr4ucpcscylk2jvxmgkwhmhvsnvr9n4fsc54vh4,BSH,2000,
xch1434ddr7wdsqpwnp0tmcmutzhwdgme0zwm2av7kykh8fnhj09scuqj3f9lh,BSH,2000,
xch10ua6an2fzc6sl0x82kn78r2pur7f2enq26l2fy72xnn283xg6ghq52ky0r,BSH,2000,
xch1tltq8d09jfsnp9u60mdyzdsc3ztj6hkyx0pddlt06l7ys3au0frscd33t4,BSH,2000,
xch1njl6h84nzpjsuxlvd9zulsps6tujxxsp6jy4j4kkn2xah6s84q9qkzql8w,BSH,2000,
xch14lfucmutr2vqfucwytl782qprr08qvwemnwsjud7tuwuv5cvgn4s86ll7d,BSH,2000,
xch1ay64dt0q9dz6xlpgxspcxge2thhycu0f54ce960mflz7hxcd87msu0jn2g,BSH,2000,
xch1ka0kcz8sdvhapkqkpvqzx8lf64gr5qm26nddwtqutwutevgvlh5qcswucy,BSH,2000,
xch1839he5fpqkn4jt9a7tr6vl4h8feh4gyk6m8ks8yf0v4n7culxces8ak25z,BSH,2000,
xch1cht5p8cnwlj05e6ug6ukt2y0v9z05zn3yay34efs8qu3295gys3qntdxf7,BSH,2000,
xch13lmw2hk8c0t0czh7f6qmcu5dzajat0msjclxueczgrqt8mz55d6s8vlmpg,BSH,2000,
xch1035jsqvjqr7sclspsxqrw0hzwsl4a02pzrsyxecf2nhlm5zhp8asgs4zfs,BSH,2000,
xch14m0tgq5e0xfk30xrszzdldqa8yrd3hejn47qptav7exnxg33thls5e9sut,BSH,2000,
xch175wl3fekgm5ec5l3zd63va984wlh7qfupa8djayjuvnh0vftfytqe9yayt,BSH,2000,
xch1m40yl0y5n7ugryce6ghyekqd9j3tu8m8jksvnjx72h3k3hp332kqhrv9ev,BSH,2000,
xch1cnv68mq6t3gh54xsf3kmm7xsxtynpaxzmga6j8krdw49xq0c79gqpfmuun,BSH,2000,
xch190qtu84z4xr2jds4jzlp59shakxna7e4wc6hm2etx90spst288asm3acl2,BSH,2000,
xch1vrjmy50v9my28pukr7g9l77ragpdunmdy3a30fjykaxyvvt7y3rsdqplvn,BSH,2000,
xch1cu5w0dvtffdm78fnr23ex6vjsjxjtpsc5p5aq7u65qgncrqlh0vshlcqk7,BSH,2000,
xch1hyd770tdmrpec97pq38plmh4q0435llta0h4eqgzhdglekh9kt7qan5jtu,BSH,2000,
xch1l86tjdtacvrku2cnquq7rpcnrfj6hdl6x8yt09jf7g742a8k928sns8a0s,BSH,2000,
xch1nnzalk8zzm7p5nv92yp6exjksfcmcqg7rhkkahx2t75l7usfew7qmd724m,BSH,2000,
xch1tzju8zvxy9jdceqnlfdu3ce8drrjnkyulk702pyga2mp2kthu79s0g6xrg,BSH,2000,
xch1szsk3r283vn2f63tv59tj9zjk0ja5dg8lx47mgycuqvyaxvtd5cq6azl3k,BSH,2000,
xch1y5ql8vdsme7t0nxdvtl8q85fe4eyzfpzkzr6xvm6nc79lrfqflzqke0jc8,BSH,2000,
xch10zzyx00p699sp6d7gyd9w6739cy0lzrywe6qrzldy3fmkejykdssg6srtq,BSH,2000,
xch1hhq0lwjflksl7xesxnu8uzxh93v5u7x4nmxjk6wmmp24lemdxcuqv8lund,BSH,2000,
xch1dqlvxgptz9m0v7q27j2207jud9tt0nsk0nnaypnqme300nshx4kqpgc8ku,BSH,2000,
xch1svgxer8cj9c4gm7yteasz8ejryjcz9tq65u5vegakumqncam8zgses8cwq,BSH,2000,
xch1546zv5cl0z6lzaywz8js794vurvzv5rp0zwe2523exlh7m9k0jkqyl455p,BSH,2000,
xch1enrjng6hzyg3xdf4hx855rwzxwkdhlfq25zg9850na325mjk3cwsuleknm,BSH,2000,
xch10js6gauhhvkymzak8g7zrvcneyaw4uyhk4zq95444mfdm70aay7sqc94qk,BSH,2000,
xch14lwhj2s65hggykqz3jxkzjmtauelwmcvec6plagmdmezm84jtedq4gzy2m,BSH,2000,
xch1vyxevxgj9wunp5hlhyntauy859sfc7kw3etmetfl4j6pnn4uay2sqqrygd,BSH,2000,
xch18r93m3z8a3a0kyys0yljepjn46qu656ns25807q25vqkq3xw46nscukyeg,BSH,2000,
xch1mk2pdj6wrunjkffrfcga7jxjcr8t3m4m9nq4flgpexz3r9y84stqfymu9u,BSH,2000,
xch1h24mn7vdzkdrdahndagge86qrxc2eeg56f73s0zwlpscr2tacahqeknkln,BSH,2000,
xch1asy4sny8ncu0w3gj2kyz6qxg4vfuddhx69md0lmk2zw5rl2hprjs8wm5sh,BSH,2000,
xch1zemhjyarqsuf7q3pfffzw2fqdz5fp63uqmzx6l2lj897slc7dd4q9z6pwa,BSH,2000,
xch140axdvxw5dshwu50zg0qz7dkzrpdw69x65g8rqxzvtx2ejgwkqjqaxk7q9,BSH,2000,
xch15sujm6t6qk8n947hgwwn4kfz6mjurdufce3ta6s6dk3rzl323dyssguadt,BSH,2000,
xch15cuvrxhs8qjlvyk8w6kmeme80uytauyvsv3yv0dqn40f55s4kcqsghnptf,BSH,2000,
xch1cpxnyavw9tdl5rne94r92vhsljuc6fztx2vcx8p297haphnftm2qq355x7,BSH,2000,
xch1y9gek69fwu3e0vquetgrlnvwl3s24jnt2jn9ukasdrehu6puzwvs42gcn5,BSH,2000,
xch1rxapvqpysfvlp7ml7mpptdtpkf593p3ta3m5r6y2u9ks4ck2v8dq3pfzwr,BSH,2000,
xch1jelrc84zu0dzvcskcmt38tmc9n9knnckaw7kckqlftdvrdrnh77qspvpy0,BSH,2000,
xch13avhx87qy3d97x3krnfnrw5smgcykr5fxrv00xdxqrwgasuef6ps5x6jkw,BSH,2000,
xch15yx9n766yh3juzhl528yt3qvgudqr59nen37hlwr3pung2z8q6dsyd5fcw,BSH,2000,
xch1lkjj3dvp8s6lkpe4s8js36aj68rccyh7jm37hpsegf3hymazgqws4myqzx,BSH,2000,
xch1jk68erphft80k3neuw099lhfk5jkgn6qe9z73g2ksqzht55zmnqqp2h4v2,BSH,2000,
xch1vepfl20zwucthundy9tgafv3rnpt0n5daekpaj442nms8cay9lsqfxljca,BSH,2000,
xch1td55mmj3f2csph8j2ynaets64n3zlqddfgxdg2yvnqnuv8npv8kqnpeqtn,BSH,2000,
xch1dm45rdvllkmktn2zpzq3cxrm0rn4ym98v7l9cjdvlcscgywapgaswxnrd4,BSH,2000,
xch1v769ljvm34zf8nsxsekmejg9gutpfv0psdz4hat00e8xlxg4mpnqca2n0v,BSH,2000,
xch1r03z0v0f7g9lxfvf4zpmparfcmxr850v8y6ayh7w4j2jk9yzupes5cp6jq,BSH,2000,
xch1wwwnmjdkl07h62f8xuzryt6s9dwzzs3jgptur6awpjcvxwen65nqyrap4m,BSH,2000,
xch13p3jl457hmaa57kl0ax8fpadr9wygdqdxf0rhqhgecpde6zxnvusqm8elr,BSH,2000,
xch174yf7v9kxtc5al4lz5le2xwkq2few7zfxpzkvp4vz5yneagx0sdsahv59d,BSH,2000,
xch1duxr7du5vnc2dpec57s6s86r497mud39ne26m8wxfwyfefpm5vqqq43cxj,BSH,2000,
xch15akr7x2luy7j96aq3ej04w24v9mksvacf67arutrg73a4h0nnlequ97hg8,BSH,2000,
xch15ng3eck43e5080p66gchzncvyceh6av9kr42wg2awgf6apqldpnqqhhp43,BSH,2000,
xch1xx99kfze48lfja6spf0a63f3yehnna9yz6lhr79y0y0p3fwrh8vqpdu3zm,BSH,2000,
xch1ha4gu8tfh56g89y0g89hq432py6ln9632dl0p7rmaw9dsnzvnknsva4p07,BSH,2000,
xch14q0670v5v9jy6plttl3khls28he0reka3agmnzffr08nh3uqxexqfrxlj3,BSH,2000,
xch1lnlep5mzk3fmpu60lp9rfknrpsg9cr9h2cfhgc9u8ske39pkqe2qjce7zv,BSH,2000,
xch1r55zjctex5glrpc4m22q3pvnt9q74pm3z63qzsr7w4g8wlxnfppsrtz6uv,BSH,2000,
xch1lqe4ge2h3hsqy47736dlrz9e7g3remdn9u9rlp5a79jccr6l6zpq9nw8v6,BSH,2000,
xch14dpngnpskkt6ld2rjhh3zp4jv3n2tsr6jcxstf065hfuyam9axrq6g0dth,BSH,2000,
xch17prafvqee9sv6mdvuy8pa4qw9r504kdt9s9vqq95w7zn5c54ccmq8ep995,BSH,2000,
xch100nz5cjl3zdnrjxpju02phqf9llxyfkgzauwm0z6amc7d4dxgjhqrgvpk2,BSH,2000,
xch1wpac27shh44xjmgthknvvk80d2hnf7qecf8mtjr2m86kddzfp4uqngzln5,BSH,2000,
xch129qeldlpsadxhauujmcdvjd3ugm5q0qfqe82z6239p8feg42y07sr96fmc,BSH,2000,
xch1wcx6lu9rp3g54vmhtc8mjyhvlfaks5fmqdgny5lw79wr6mn3k2zqug9vel,BSH,2000,
xch1ft3y7djlt0ssr2qqfhpzx33ws6emgydl83xf0m96qrajt3gpvemqt6x546,BSH,2000,
xch1x9zuqtql805ah3kez07ykejzdsyyx4hv6h40j8sr4rkznwmw3fkq09pppd,BSH,2000,
xch16ay5r689jdxx7he5yywflkuw29xavvnlg7e8zeg9gz8wnq5tr5rqyzdxv6,BSH,2000,
xch1fvz3gg82d8374qqn6t3slsnvw7jrzy6cvrvd2h6kyuv9ey4r4ftqyhha45,BSH,2000,
xch1mg9e7swdn2tr5v5ty7zxslu6cnv39cculclwld5j86t820rcfljsdrfqyf,BSH,2000,
xch1umc2rs2v4nxv29tjtgasnq2kawx27cycl8ygkl0tgqupa696jvjssur3z3,BSH,2000,
xch1kjd222h9hm9ung37mplkc8ys3w3k45q3za59f9xj45x8d9v4asesu04je8,BSH,2000,
xch1505yhydp20sgsgn368u0d3wkw4tv5nhyp69eh5swv9h7au73lp0su53yma,BSH,2000,
xch18jsry6kgjzd5xdxvz06re2cke00pzqm0q677wl5malkkugefa4usy9uua5,BSH,2000,
xch10pdh7n4mr6ky68v8rxz65ysu88qjwz97phz549gr6pkavntxlfaq8lug09,BSH,2000,
xch1n6tja6d4v33mhsk6d7n85s9c6v90ldcxhv5jqpagtcw9mr6hw5assanzwx,BSH,2000,
xch1hezdjfpu04aw27q90tjgpqm0hlqyz75qryhg3e03hk3p3ppesyus6yx8q2,BSH,2000,
xch1fuhvul8y09r8h7s235tsx4ynqf5f4d7jnlpx4cmcf9p2z7kvyfrqn9n37x,BSH,2000,
xch15fm74mzx7x5s5adu0p6la9t6qhn056jj8ecck09r893zk0cy9g7sxq32ef,BSH,2000,
xch1g3ncc2c5lqmy9ae3vdv95gten2r3a63vfyxtkrcazp8xcg2788aqayzjvd,BSH,2000,
xch13vgk6m400h9xv84mv2mdc5433avg0v7ng22gw35ryc6atslegxcqp84yf3,BSH,2000,
xch1fweu78hxtjcarrdhnvh8nyf66wgl9u2w0vywyu52perf90gdus9qu6jlu9,BSH,2000,
xch1svk3259kltcmk82hd2w9rrecz6lwrlxqsvj986gu3aj8m65sr69sschx4z,BSH,2000,
xch19mnwg2cva3j6qrt7qznrq97wymva5e3mgl53k7kausz76ytv0jkq08fwv9,BSH,2000,
xch1367fs4mhyz7gayut6k72lc4c9jnr5j223ct2fdgymx0p72kv649spmhep5,BSH,2000,
xch17tstzj4m96kyf0akzr746zpma9vhlcvsyl8a3vy9x7z7wwhq3gys6qltnt,BSH,2000,
xch1xkrruuup6kmfvmx749d7cdklsakvflhvs7snjr3th3cezzs784gqf6lzw0,BSH,2000,
xch1thqa3eqzeklu0y4rg6q3fhj6azw6klawrjjwtt2vudgmrtn2p4tsn06stf,BSH,2000,
xch19g6f3ylpzwprdfn6m5q94nf9yg2dg5q6860cmkhps3cvsu99fsrq80trdf,BSH,2000,
xch138wcvv8khra94cehf0y3wry9nnx3vg7sqt794thu7lv05096vn7slauxx5,BSH,2000,
xch1sg0pwsy067ns5zym36ck9mncjcwndv7wj4wdtvtq85gf3ar8fk3sk9an9w,BSH,2000,
xch1ungpw63gqy5g55cv2r0wrannjkqp34znq8dtstxfauf9yzw8jtqsgs8luq,BSH,2000,
xch1356pgppetn86ehqcqsmh6gmnnqj6q6f966nl4f5rlgtpg84hz0cq8q2e26,BSH,2000,
xch1m4a82s9ryz76mqv3l8ja5hyyr8nw8gp8rnh8ph49g7fvcy2nuzpqnjmek0,BSH,2000,
xch1kujugg8mey64npq2lmn36ndh2rf0k4kahahzt6kcetdn2fp0jlhqejt3lh,BSH,2000,
xch13rm5xp5pddk6kk2s5w2c06zajdwcuwwa5cllrcjj3z08qmdcgj5spt244p,BSH,2000,
xch10wg66cncfwfa728j7m3yw7wk0ryf0lq5z8a56awm2qcux5vuaaqsmz5ejy,BSH,2000,
xch1k556g7huwel9vq5sv5h4hpnjs058scvgezrndljzue0nsmfqjmhsk8shyl,BSH,2000,
xch169acm05z09z3yxz947xt5w8r0qr8r0wlvy25m7eranakc448ha2q9632wa,BSH,2000,
xch1e9fstkd7q3p0kll08ewv306ymnpvjajr57p44hktq7g0fyu8ua7q6zch5r,BSH,2000,
xch183n5cala5gyk7svws39zqxvhujt2z97t2ckua9rtmawnzrsehvysuyjctx,BSH,2000,
xch1ddnnrsl43jpygq6ywnxu9p97ulsary9nxkrtkxw4qxulzedck7xswh38rm,BSH,2000,
xch1gwadhl32uh4h8yk9vnuc9zvmxrnkkqgzuw98r69xasalnee5fcxs4rzuae,BSH,2000,
xch10x93xztsptj7d2rl475l0zgppw2f6m5jf5a4gj8m92acxqcm349s8c5u0d,BSH,2000,
xch14f74madsweu95twu4ps5qlyttjqzpypjgpexsjyra7kkj9kxx3dselqp0y,BSH,2000,
xch13s3a5qm6zrfnkmnaswfxqa40mq6dlrw6yyzhhaljaej302gchdmqaf4e08,BSH,2000,
xch1atgapa5l9stpdzlw5lcyvkgxqf3w5tkz3t3xglmpvq0k9k8kre2sd7xv9a,BSH,2000,
xch19uuhpw9tt6mg4sun6smr4ay5j47zk4ddtkg926ycevqj0jxumy4s97f5ps,BSH,2000,
xch1cv43kshju54gqqzq72ku2wacrt4su99vkrkwrzl860hm9ux2exgqannetf,BSH,2000,
xch1x59zreyz258d30xnrwdtxnk87ca5yeuakd38fkckwvprejxtv8uqwaerku,BSH,2000,
xch1ahd865mn5w2z7s584z34h9zvkzsgnmx94d6nyx5zk3nnqkrm78wqft8nus,BSH,2000,
xch1027ucr2gs4vwsf7cl9fdcealvtfc76v972j0mtrha373hxjey8yq3v8u2a,BSH,2000,
xch1jc5363kep4tmgsf38g2pqpwkfhn44v4kv24hadpmenw2asuzv36qyhdzs0,BSH,2000,
xch1zyjtmd8km9cva7dad07wgu5ngvrrzv0tvgms29hpww8kmjjht92sst0pq4,BSH,2000,
xch1kjz7pvvxd6j70h3y26cmg9grmfrxpmyvm5pz8yxyhy9vvmffphnqgh8zze,BSH,2000,
xch1dhzeuq9gw4vn0cavkkxqwd64dw0uep77tnayw2zdcqvs0348up4su8w2v0,BSH,2000,
xch1jcmqt3yupaxwyqxgjf9k8t0jvsqd43yldgsvsxxsk7p0ey8e5q4std9xq0,BSH,2000,
xch13fxnccxhjx6xw5hynfplv333zsahgt8xp64mex524gydz3j4nfpqsqfhaf,BSH,2000,
xch1zfugp3xcuks67lyhrkcemw6vmw76ea8kp4zrke2pxzuwvr0v8fzssgj6p3,BSH,2000,
xch18aym89zdlnavpm7w6sgfjulpklx0f23rklwmuslu2a2lmwh3apaqns9qe6,BSH,2000,
xch1zwtl907g6dlmep3hh03jgen0gatg432sum5l8uf5qvvdr9490x9s67fd8d,BSH,2000,
xch1z9yw7c99eqq86cqmj8p207devx807dcvdzn7x4u6p8pjj6h8tw3qdwxj7z,BSH,2000,
xch1j2uxawh0hen2kusc8etk3ea3hgk0a54eyh5le0nhnzqgcs24tzzqjaxlaj,BSH,2000,
xch1lmc88ce336g2wdfl3w4m0zyamt4sgvf2sf3udf75hxs5rvf45ctsjexkpf,BSH,2000,
xch13xpqqyth3l0s5spvshuhyeaflzymhm0954svxgmth5ummnz5nemqxc95qv,BSH,2000,
xch1zgdcddrfcx2slcygf29yg4klzym5ey5ctrenepcz7lejuycaugfsrucgjh,BSH,2000,
xch1vrpsc4tqr5ysc2v95etf50snyud2kjrwtds6hld9mnsxcc3wwcgqrjepu3,BSH,2000,
xch1883lg53njdq0ufss7mvsye3ga6wqqx5884472lgn5403jjs6fxkq7drtem,BSH,2000,
xch1c9ev5rjeupgmzzfky5qshkwedjzqxngzyj3nvgk06xrhq0p6f23sg4e2m2,BSH,2000,
xch1c9qgp96mmkm6y02unfmp6dqvjhjnkwzywadaa06pdh3gk7ugg77snq365d,BSH,2000,
xch1asc3pg04ye2gt4vvsla4f43jqzsumaa48j07eq5qeptazhfcypkq5j57nj,BSH,2000,
xch1swvr3ypevrq4uznjv48qh5apk7ymksplgsaq6gqgfksgg33ahc6s5jrl5m,BSH,2000,
xch1my2mm33kfjtf72gauctlr0gmtyzs6t7p4mqv45eykw447kxxrhaqma8cee,BSH,2000,
xch19ea5wtv8qt7jfkmgvg565pu0upzq9y3fqlc67y563yh9m3fqtvlstadk6j,BSH,2000,
xch1k69emwj6p4lz07l38p9dyrax63v9vcxjjc3078r2vmf4mcugd2js4qgnae,BSH,2000,
xch1trk7d86eu0hyjttgjp68p0jksdkz86glngezr9w7dl5hw7h6x5uqe8u0ls,BSH,2000,
xch12scyjhrejhwlsm0rnwjd02lrc56sx6p6vm3xwkta93mlf4ejzteqqwt3d2,BSH,2000,
xch1sxt30amhwyudr7h3hqp5yk8aw63lh4eugrykq3qvg3u905wed8pql3kjr3,BSH,2000,
xch122ak8wkvy9e9trvjkdf79jsm0mh9vphrearhfjekt72mv3vml6eqt84naq,BSH,2000,
xch10f9k7uc5dj08kn0zpspwavmascag3ax3kt9xkdr7sjzjz6gkyyus3j8waj,BSH,2000,
xch1hrm4wmek268k0f2wj8q09c9ww4evw0sku854clq7f2f8v7jh45xs9fgvcz,BSH,2000,
xch14a3p6rc6z9sryma23e0dc6lqcwcu58kxgve5mjmqd4r4mdxacazs2ck22s,BSH,2000,
xch1vdzxvdnl345f8xuf2tvnv79587fvem7pgzzruyp67jwwvnf0v6kqvnw9e9,BSH,2000,
xch1sfnvyz83kgcdd2s6qcg3e4j5mma6nmsjcyypces62rm4kzp3gxascezv2p,BSH,2000,
xch1sy89an6v0dnne4u4anejelr7xgx82yvtj4eh8hyfud4cghgxmtnqwjzun4,BSH,2000,
xch184slyyfq3fk4kmk0xz92y03c659rqlznn6w2hyaj3fjqvtttpymqfztg6m,BSH,2000,
xch1nt6z68wxaa95cr54tzajefvs5v6ffsjzxdlxr3ydvuf02w8cg8nsnyyftn,BSH,2000,
xch18lafrtdhsneyguphryc52nlezsmpqwlqk8klscf44qeq87xx948qrrejfs,BSH,2000,
xch1fs84jth8644xv4uy2kxznm7qv5pms45v57m9jrdhxte6re8xa6zsnk0cj4,BSH,2000,
xch1lxawtu45ghc4vqks8jz7urt56zqqrqcvfqgraymt5s7cwkmhgd6sle50p0,BSH,2000,
xch1gf593a2ugfu0pk9kfmw065efpmf83ua8ma89353ckryp9t0k9x4se0vz8n,BSH,2000,
xch1rla6fk08mkn7lk5nwgvc09xmp4kw2tr9zycfmje8eh5axqx0twxqrdm7zc,BSH,2000,
xch19gy9369pem5cp4zyqln8cenhpmn2c6u6r2eyjgt70zgugffp8ufs3wvhkm,BSH,2000,
xch1xnx43sh70f55w422uv0s8jzxx2us393apxm9mm67vwkpexcylhwq4ec9f4,BSH,2000,
xch1w064l9eylm5eu77728uqglk68wp4n6dvdllhsszm55ph056wassq6g29rh,BSH,2000,
xch18mj8nvrsxyrt9e5k06znpj96kqv7wh2tg25lxwtxjsyxm7qnal0sj0a6yz,BSH,2000,
xch1s6ztd2kwe4ygttvhp3xm5qw6lkpxy2r55wenynfl9l7rfqs7d98sxhhved,BSH,2000,
xch18z4eqgzxf4sth7f7p6awzsdj3y5rptqx3rrzd6fdccm0uyj68uqsfaufjz,BSH,2000,
xch12cmejp03ul6q0977fkp3lsn7d0grf95mlsvmup584df5x3tgrxjst09qxs,BSH,2000,
xch18y426nh0qsypaketyam8cjpkyyr00x5fk8nn24rtdmxzjrfqwr8qvtvd89,BSH,2000,
xch1xm5yzmn5mf47fls3rrk57980e0pfxtz6jv6trd7xexh7wv82sn0qhjrzjv,BSH,2000,
xch1wkzkyqj2y5kl73yfrt59sugrqgeefy50x76kkfy3jfug0u0h05gqdw74xw,BSH,2000,
xch1exu9uzw4p0yyygpny44jux7tk330q69k3uarhvdxve5u3dknhdls3ykqyt,BSH,2000,
xch1h0qqed0xcrdn8jcxja79023cf4x67tfhgnslmcnet87duqrw34yq8cfurg,BSH,2000,
xch155tm7p92k9f7xdyh6j0jyyvthvprafves0wlm2qcyfdc7vg6evgsc3cwaz,BSH,2000,
xch1vjj6d5fpkxfxpywjfrruhztzcunra7nerm2ytezc3nk8uccztrxsece7ps,BSH,2000,
xch129d27ach5hqhw0f4vuvt8cqsy60um6se09scrud3xdksflecx30s6uf2tn,BSH,2000,
xch1h2tjmnxgrerdzyhxn9a7kg59gctu4d6pacelp0sdwspgszth948s3mgjhp,BSH,2000,
xch1g56wq7t2uga8vlg5ppeqwma7twwq48nuljg8cz08zq0g6h6r7dxqe6xsfd,BSH,2000,
xch1tnah9nte0pjhash3t649exw5hw5sunwy2a005jkgwkavuvw4anmsg0wcpk,BSH,2000,
xch1kz438dfup4t204jrajwq4j4sr8u70ye5xw0ukc9df6kgaqjxe2vsgtqxaw,BSH,2000,
xch1k7sujpwk9z93xkx5h6f5mqgpygv37xy58ns54ytaagdcz5ze8phq9kct8z,BSH,2000,
xch1e4cjl4egj52jqy4mkyaf8c0u5krwvru8surzj8xxqs26pj3hll4sd6vuch,BSH,2000,
xch1ht0jj0c07lsmh4ckej7gjqzpe0khne0q5wrggu29znkyhrpkqdjslx7qmg,BSH,2000,
xch1jmjyrpfnv8p9n5qjzrjt0yjmsj7r2gy3avexu45vewkdclyy4jfsdgcm0q,BSH,2000,
xch1z40vy6mzkzskpdyf75fsu8qxcwz2d0hta5zye2e39gm8llfwp0wsra0fu9,BSH,2000,
xch1u3r93zrh8e52k9hcjduyextx4ngmlswe5klumcnqvnqerr6jtw0sfanmj4,BSH,2000,
xch18s6y7cy29vzwtjtl5l7smj7zkf2d3j95j5jtqhhxdu0wmm66kxnq70elqp,BSH,2000,
xch1vs9qsk59xpwzj9v342tvgg7xvya6uvyqurmuc79cu07d8dwath0sgp55vr,BSH,2000,
xch1zqfxngt0tlfepjrewq8w8fqjpfehlgudufwjx7shu3u4hquvew5sl93cuh,BSH,2000,
xch1em63a3pxgewh7f90h3stsem773j7694fhykm2565vj3sq3r8vwxq2rhr0y,BSH,2000,
xch18gl0r6zlny8f0v7wtfcudx4wcehvzkt9yjt8ra72m7ejx268rg0qy6vwmh,BSH,2000,
xch13sel3q3xddn2vu3w34nk99qjxl9y6h0jgq03jz44rl09qa6t6ymspzned6,BSH,2000,
xch1tju5a0yff2964jsxwcyl7vha2mm324e5y430qwnptzejk9cfun0qt8dk9z,BSH,2000,
xch10p59p05lv3w5xg5prfcxplmgvnsvezmv6knwqscp7yy8gt28f7lskz6hmz,BSH,2000,
xch13fm6weez7kufrj29xx3lyk3yfapw555jq9nx9ncpnv45g5gmfauqgumsmx,BSH,2000,
xch1l48lrmfgq2ktn0v55w5ahe8ddwc93zyltzadw06d6y0r3y7wj8xstmdq9n,BSH,2000,
xch14v5elyyseuuvyx0lnhautgxpwa9jxm83gp9xagmncne4ppnvlepq4cag7p,BSH,2000,
xch1zcnvhw9a3y8j8xlr2ynxafha33eg8rnjrkqsymv0q8nq236p2rfq97av50,BSH,2000,
xch1z8ymvjdwtx6922t6t5vmg05hw3z7mg8wjdvpa0hm4njtt2lsgvzs4lvfdx,BSH,2000,
xch1t2lv7zqgyt07up2plq8j43av5e74ndkz6ddmkp04xal68qgylv7qdkhurz,BSH,2000,
xch1fqx62grajvs95xqk66qs3gh5kxja4yh4mwval8rhx52zjdkcdxwses8qs2,BSH,2000,
xch1slzggkhw2z45jezff8jsma3jmz6qsdf08ndzj6uyavpc0psmsfusp3sdxr,BSH,2000,
xch1g9hn7mnx78358n4kqwenw68jnppcj50hjd6mjlm5cmrzwl7ckdvqklcadm,BSH,2000,
xch1z4dr9nqsh2cczm8tuwhmu7vxzcu3lcv06wh3t09xytttkwrh6yjqz00rnz,BSH,2000,
xch1vpgeqh95sljk3hx47cr8vgtapq7lycly25lc3h34k5d0agz7ut9s7uqg04,BSH,2000,
xch1nffc0dm4rkmyq4ruswwccxxcd6nk2ytm3q2s0qwqu0wu3wfv2sgs340ls5,BSH,2000,
xch1ccnrmnaeqa2v64jzdqm0986c79gh0yyavu68vyw7v5pyu64a6jkq2anr2z,BSH,2000,
xch1fpjkzw92mc6lekusguq6egpnvaqys9pfs9tx2kmc987uea2l6u5s22dkre,BSH,2000,
