addr,name,amount,44
xch17qx54yxlpx7xu2yga3k5x0sp4z37m2dflgpr0x2j638ny0d9q0hsswd20h,BSH,2000,
xch1296tevpnu74dulvw0yw66a0gk6l8d4402upqte9ugfujj90qnacqamfzf7,BSH,2000,
xch1wclyj3uk62stwy3jhqr653pqyfmmha7j4wk05n42p5v2tvnh208qus5ptq,BSH,2000,
xch160k92z96tqucz4fpaz8gw33fc2z934mvrs8v9vvm44q6lpdp8kfs7jugla,BSH,2000,
xch18s2myctqpcs0zt7fys08ruy8azfraycmjwlaealcrxc5u97cwqgqc3cr59,BSH,2000,
xch1m002ermdknmwlam8me4e5dy03jqrvj0nv8yzpk56dpzvmew3cnkqtnr7xc,BSH,2000,
xch1yld9tm8q4fqdwsn0g357z3nxhjs7wzs4jw3hf5vn77aydlyka8vs5uwnxz,BSH,2000,
xch1luw7uhf4gxp20gup9v4fllfdqz4wy5esuxjkwvkdcdjnh924tyqsnanvy7,BSH,2000,
xch1rwl2tvca47a4n60tz8vgah9fg60rr2vmhtakcwzq29x7fzmj06dss2zqjf,BSH,2000,
xch1zulxmwgm40g8f3xasjuzs6s63x95e34f5f3qf497dkd4ldjuftssxs5ydl,BSH,2000,
xch1hjpuajccx569mykqcf8eueaqc4xfmh0e4gmhn2yd2x8agyud05fqz4j9g8,BSH,2000,
xch1762ldn8sgef9gy2t8wna305p0mkallp5kuutl4aclapzunmy2jeqsetdtc,BSH,2000,
xch19s7tkuzd99chru4nkx4vzss0k8kmurwfe90n2yzyl0d68smsd5fq9taee8,BSH,2000,
xch1hf622eeutr3memv9vqv7e3rtudmhkaf856dhyeuhtxqtkkyxtfhqwv7j6f,BSH,2000,
xch1dtejlc8m5rg42k2c3lwaxxhmytn7899mr42m9faflwe9895vhwesn62rnx,BSH,2000,
xch13ehcmxp9myyjqxyyg7jsxkt6l6ekk65smcvl4yl6uckq8knyrp9srz02zz,BSH,2000,
xch1d5xs25qk5h5dkp56u6j592elk8kz3m54tahwaw6ua7vxph9zwzxsr6m3p4,BSH,2000,
xch10ce3yed0lfns4avwgd9lp8nnk49m5tw0lwgm3u7wtf0233pyq56qv3pt9m,BSH,2000,
xch1enz67hy3s29drcc4yvta6p5uu9gm406r0xgx6p9n3psmmnq3gsdqhphvhz,BSH,2000,
xch1dvs9kdfcf3u0k728nlp2k5n0h9lpqvft50lxvjwnecalzkf4ka7sw5679r,BSH,2000,
xch1z0znyf95nrmlru3vqadycnckjpqmkltwa9y2gwn7zwygp2lye6gskuw6ld,BSH,2000,
xch10u9367v9u5r7epa63ekx99n5vlea0r9agr8ftkax0awr2me739vqg08qnz,BSH,2000,
xch1m66v63vzwzhtcx6g2hlll6q5jgp6glpmzw9qpxhc8tmp65jncysse35eww,BSH,2000,
xch15mt8d8vrnlywwp6z0n25ngcu46f00hz9dtlrp32wmqk8slggpa0qy7efxd,BSH,2000,
xch1hj6s5nvsqkctu668r0zaymfde84ckv5duelt3h7ry9qnuxqzx92q26z2ns,BSH,2000,
xch16nu2kkkj8erpv40pvmfpfte4l6eels6v8wlke80779704nme5nhq5dn29z,BSH,2000,
xch1ckz4ld6faw8spjm0c0ehnqs87slyh54x06qencd2mmzc9djplf3qjl88sq,BSH,2000,
xch1rgrqrfteenfm57dw5mq50dkcfayjd6srszmk3f5f64xmslkc0rpqupexrr,BSH,2000,
xch1ct00wevfqjg0wt75cg6hge70vu8969zcha96j42aauvxe9mkwqmq6fx8gr,BSH,2000,
xch159762kz9whqyndcw90t79r60vz9gjxxrafjudjfjgu80tsnt4tzsdma55q,BSH,2000,
xch15akyftaktsgj72lpdfqfftmtam4ks23t2c6mjfsel5czuwu749gs0s95mx,BSH,2000,
xch1mh26aqh9c55wl0gwlkl79ee6h6unjqzfd5xuhcj6s08n3xlh45gqvafqxg,BSH,2000,
xch12r3wcyuywvsc057dwc2wafcgu9x0mgmaktlsut8zy3wz6cdrpzfsw8nvew,BSH,2000,
xch1mywqx9z62jnv49gv4sp6ed8paatln863yy3y0vm4zmu8cl3mj8dqrhza4m,BSH,2000,
xch1chsrmn8lam8y8kghnms0jdzcxsxre4autjumhp74a08539yus74q46ea2w,BSH,2000,
xch1hmez2aq0rx3neu6namnd0dtl002xmqqw224kqwhh3kac07yauxyshywfuh,BSH,2000,
xch1rveskvwfl9gnfqkxvy372epemvxpjus75h0f4zlxzl04g8k7pp7sdlmc5e,BSH,2000,
xch1cek3tvc89txdf4ewd3al5a6r8svwftpr8zds0e60hkm9lrfnjlmqr6waff,BSH,2000,
xch1jqs24u4d7mzmtupg0vv7622fxwfm2p68ky2y80tjq658kj9uewtsddhrvq,BSH,2000,
xch1s7x2syg4wct4cqq8y4cxh8r5vvxe0ymu6j06wtyz32zmh4vfu0tsetelpl,BSH,2000,
xch1j3kxf4f68keamxdf2hzn7e0x3lhthgllwyhj5wza8ak7kxq9m2vqpq809a,BSH,2000,
xch1r96u2h84qmd5c6lsysls7ymh5m2tc3vxeekcum3j8ulsjke5m9cs4rjfsu,BSH,2000,
xch1n2cfrumms9mwmwkyxg3xj90twkvt6n2vs3flh5ua038zh05095fss5wngn,BSH,2000,
xch1str3pjprw9klqv758s7q83vf5yfm2dh5uets4netyxlnzrl9tr3ssrzfgh,BSH,2000,
xch1h20nlq63rt22puvegd2sxk73020w526k6y43tq2hphmcek6ca82qaqq8yw,BSH,2000,
xch1efcjh7k2ycteectrngn36rqaa5qk7kjp8ltuh3m27ve475xtlquqavlps3,BSH,2000,
xch1t4g6mxruwh37uhwynh9cdxm2wa9l4hpl4sr0lmtf53tqwglt0wvqth30kj,BSH,2000,
xch1z3w7l2fw8aqd9nm0u07cjxz5trpjgxwe487605avjq44w8cpv3aqjdt5sg,BSH,2000,
xch15yap0dhmum8xhzl75jn396ka89eprtmcd96pj2am2uu8h98jwr4sn0cghv,BSH,2000,
xch155smeuxutcmwyeps253gtcwkeyn30mpk3lakenctk32pscx382esx9p6mt,BSH,2000,
xch1c5mzk7yg48htm8kzy7zj2zxcwpj5tgq9pptq4mdkqrevs5c62axqg7h2aa,BSH,2000,
xch160r89mgp8hgdmgrttm6fna05fac69f4mw9u3wayzef06mslk3pfq6d6thp,BSH,2000,
xch1s6sf6xak66vtf9ntgnndv4t9m546hwsk72damvn62f00uv7xflgs9rld5q,BSH,2000,
xch1x3344p7xzqx5wunacarekrq7halh6f8ma49axplsgarsm5eg64xs7sdq7c,BSH,2000,
xch1gj09j3dc6x30u5pquwt5pa5cmucu0ga4t2nc9q73vk8s2xftf3lqj7v205,BSH,2000,
xch1d3pcmx47ty8rl5vg2vhkrq6lxusdxtdarsn3dyg4ua0t99f3e8kqzhlxnn,BSH,2000,
xch1zyvtm9jmftuvnxuua7g9c3wh56pyl6r2sk5vgruku0uegrxhl38qtmscvd,BSH,2000,
xch175en65aewxpxl59tnwf2v8trtgemg6r8qcxy42653ra8xxcsyl0sgcztuc,BSH,2000,
xch19jms0n3dfevtqqfhmnfytwmgl6leafuqselulsnyd6g6dw5fwtrq47u606,BSH,2000,
xch1waek6eqq8yu2xtlczvxptp34c29zds35jfyqf2x4hm5yzqn6gjzswzdkk4,BSH,2000,
xch1w0pnnn2muxtw4430xy9yr8l634jnds9zs2hggwzx4fyhxm4pcjgq9eh9fg,BSH,2000,
xch1u3aklpk7q4hkjc749zr833chzvm75p6evn9qwzl0dkgtfd9pxx0qap4j7h,BSH,2000,
xch10c44fnnnssq3zd0m48x5f6fzpslc2s3fhu38ystuz4zcksx3xrksuh5ksr,BSH,2000,
xch1mzz78jc4usdhnzaanlphhth4tvpzjfc64t6jpl6mr5w8akns74msuyh4e7,BSH,2000,
xch1rsfqlx8ke6zgfckaj2u23su7t8akn93a2s70wqpaeme40lch7fkqr3twvj,BSH,2000,
xch1fgnjunl89nnd7e8nsjr9t5l9wsgm200c6uzpycnvkhjtrwp7sqasw5ya90,BSH,2000,
xch1uy723frrtvu50hntunyvckmks5s59ssxhntrvwf02tlswqk37agsq5yxav,BSH,2000,
xch1lvy7fn2g72npftqyegz6cl0tzav50vwcu4tgkcrv3j4708j4xynqh8ll8s,BSH,2000,
xch122s6dpyx9pmkgwfgyncpsw2vgkhj5t6ps06y9hf3pnvff346rwkqa3dztd,BSH,2000,
xch16e7kgexu5g7jw2pv37vg3xwflk8l5vre6za7d67093sgw50dvsesxe89ff,BSH,2000,
xch1jellgyl3e0u3cal9ykfx3ruj208g9xqc4saumdwfaezxdvmwz7jqkl7de8,BSH,2000,
xch1tqfn8pjrsejdw24ckmeyafd6e4cuudpf4rchptkv20ygc8we3lqqrrhaw0,BSH,2000,
xch1tsx69xwy4lqanxfapdasn3yx8tgd5enp6f3xf40z00yvgq2993nqr2vpun,BSH,2000,
xch1na9c35gmgww4zef79jhgq5tvk7q89uqfu8ljprnys6u6aa3vh5yqgu35rc,BSH,2000,
xch1d2pzc3fdszqdf3ygdn4gnaem2pmat44hgen76p4w52xff6gwlkwqxmkpzv,BSH,2000,
xch1aw93addh3phtrlpsyl4dx62t770h74gvej60dt5ewluy7tj74sdqgyeau4,BSH,2000,
xch1tqdhzlqnd5ye34fmzhjvx9hn0sdu2x6pfuayxwuxy4sgtzrz3svqaq9vga,BSH,2000,
xch1eqmg69ajd72e2dkma65ygre2ef2klakgvjkhd985hlry59x60cgqn2q9mf,BSH,2000,
xch17f9zs7pdsh9ysrph4zjnzn8t26h84vagfcf78t3r6nk77flg7l6qzgepw3,BSH,2000,
xch18ea9hr8dlkk5hqnancapl8ae48lc58nqw3y72j2wrwqtn6ddhhsq0gv6kx,BSH,2000,
xch1dn8uwtnfmsxtsn5ycjk53yaz3pem3g7kq97xfdwwtm2xzefk4qyqxmrs6j,BSH,2000,
xch124d6kun0sd4ankt8x2lldnlzhwpct6knw6vkzwpprephmpved0kszz6ryw,BSH,2000,
xch1w5rak232cu4606cctcdc5nxss9y22azdrmvk3mcm74c62uvkep6ss7mukd,BSH,2000,
xch19qhq9pfufjw4xtt3whn9xyvjpjm67m7379sd9ddldjh28tpewu9szjjgxc,BSH,2000,
xch1wgay3mp2h5a83wcrpdwjalnqqauty4ucanynkcqe49xxzj3gxs3s2vt7vg,BSH,2000,
xch18l7rferu2qg6vceu354av98fppvtz2jf3m0u0uckkcmeyq47sjgqycazta,BSH,2000,
xch1hree2m045awzsnaed0w6ve3ty90hdv3qpl8kl6ygkcw7tmzfplhq648qwp,BSH,2000,
xch10zdd0upnf8w6c2rynjrtgyjr9l3pt7r8gx3e6h3trffk60qk0hpsqpknx6,BSH,2000,
xch15v5y0kx3eerfq27l9x5eyn0m9qxcl3h9ufvyus35f67srs3eyp8sus7eua,BSH,2000,
xch1jv8yk7ty4y9hl5x2w9htxgtgxc3n2wh5vag6n5pe2ef2ru5qrfnssme63k,BSH,2000,
xch1w0tu6dz2ty875k904ewp50ryrvxnzzc3z64dq6dwy8rjdh8smd5s28vtgn,BSH,2000,
xch1tp7s6cvh9uz9kqlc5ln48hh4suwhgcsj4j4s5gctp8kzvzam4elskxk5jr,BSH,2000,
xch1lem80wvm7r6f85f4qz33cs6vsq3vexc0wnpk5pqvu3es75u2g7zs878k3w,BSH,2000,
xch1jc6e3tvfgasdm4eaf4rruz2zpf5pt8whprctewzfm50addjlhr4qfzlmvr,BSH,2000,
xch15unnpfu6nq2sekjt0leemufkfg2cz9nhstna72p5rdqcw78janrszm7kt3,BSH,2000,
xch1vqy0h280hqc2qvdytpw6qt7a05m9jfqjm2rp90mcqwejp5t0legstrulvh,BSH,2000,
xch1tv6l39smruh0j93aygnhvtemwzauy862mdln03anzhx9z49fh0jske5e42,BSH,2000,
xch12lxadmtchss6n0gfu9thrxnx9zltq2z4xwxu5njqq7ztq4zeplqs48us4c,BSH,2000,
xch1t8pvfrre085ugj0ylru2spqqtt328m0w2wftk3327en4d3lcup3qawyvlg,BSH,2000,
xch1rsmu509v5kka62uemp55yhcayax74gas7lxxstexzhzfhv6rap8svf84xf,BSH,2000,
xch17nvnt0rehqkpjpydec432sk2awcunhn84a205yez4ast6ejw5cxq98mpeh,BSH,2000,
xch19gqqq3k3uwpppwzj80lpqs2evv26gzqxkc686f2pkcn928x0czhsptv5fd,BSH,2000,
xch1z3ht7m5caf3ae5fqtqta2e8tsjdt5xj77yzhdr740pe6zp0wxyrqcprlx8,BSH,2000,
xch1w3avj4ukczuu6aph9ntfskwnhy0k00rpa906nenldem9tdtgc48qlja5up,BSH,2000,
xch1vllpa2mepf6j8t8jkqyautjj09m4h5c2qyju3l0fz4kccc8hgl0qgfyd0g,BSH,2000,
xch13ufyx8edts62y27wrn4u5pvqf8enx5lzdnady6ua3dxcjw6t704qj8a842,BSH,2000,
xch17wpay0u60vs0vj6z7n88nzgz9w39w8ufadswar4fs25uaq3yg0rscn7r2m,BSH,2000,
xch15f9a9qch34der36xad2fufsa3kpes9t84s2ry4zuy0svatcrlktqmjs5vz,BSH,2000,
xch1d4kuxs4vyw3u3p5577vh46wchntcz88jv6waafnq34wf2fqs2k6qs7h8fh,BSH,2000,
xch1ezgf3zc56rn8gypjxj33z9d4fkhkqkkjxazvjcsrmlyumxh97p0ss6ukrr,BSH,2000,
xch18f4lvupssxfkfk853yy9yrjv4a877kd8r0ufwzq6t086na5vf0vsphu7lj,BSH,2000,
xch1ln0990y6rc02rnqmrvq28hdn5m43grwgr5fq8tn3my70fpkfxz8sp4tv4m,BSH,2000,
xch14s2yxjcmten66jx5p9k9fmdd6trl8fw437kmc4pu86un5r08v5pqv7h6zp,BSH,2000,
xch1lsecx75wm5079sm4aukjyt6p685x06vj43hs2z388syx2rhwzn2qtw586v,BSH,2000,
xch1kg8q2rnsvwyrd5p4aqrvxqyujcjz66y04awvuxesz6tehdgnhjqsyeem73,BSH,2000,
xch1y29rnnn8tdkc93julq4ju06tc0vs2wsvd2p60gjuzes370ntg5astr4th5,BSH,2000,
xch1hw69xdrqr25lyn7klf0e832vjfvskgju9na8nm300qhzwp3qzkmsup7lku,BSH,2000,
xch14ckc50wjy8kllhnu4w4zfgjhru02lfm0z392gsuel0wuw27yjd2sgcmtvn,BSH,2000,
xch1v2aj7rs2tepfufqw0cggu5t535nuhjc0vz0jrs68u3auvaseyu8sdj0prw,BSH,2000,
xch1zp8v40ar0vnunuvppshc89k6u8urls82vu5sxaeftaky429nkm6sg46xq9,BSH,2000,
xch1c4rvtahf8fw2ysv3zpe4j0g5ncrulfetsh53hk72dut3ykz7r4xs8uy4me,BSH,2000,
xch1dvw5dgn664qdpfe3s72g5fdp3jv6egwevvtqc47h7cmsjelxvvnshzk395,BSH,2000,
xch19wmrtd5479pkg03khyqd5l8vu4r8tz22kredqshzamjt98p2dc5qmtq2z6,BSH,2000,
xch17znygwusqs7flvqnrc86ql8sanakajx2k4rp6dmm59zsqnd7musswad0s0,BSH,2000,
xch1kjjq929ny0mhzp94a4kmaqzw7942xfsnn7s2g5tcemwwgvhtg7zs5u7rz4,BSH,2000,
xch1jdr974tuec3y0fxcjc42z3saxrdnudvgy4ugrfaktk72fhcde59q9v0sg3,BSH,2000,
xch1750cq5s0alrwv5qs8fs45l84aqdxyrxyc5g4pke9u20y9efj0gvqysc0sq,BSH,2000,
xch1j5glha2vkg0rvqmyxrmf2jencuvkk02p6qasgxh9l4e8tw4mehls4njln8,BSH,2000,
xch1w7sfwkmqqkt9rhz4e3rpwvztscauyy7xv3l35g3e0pym722adesqw8gp39,BSH,2000,
xch1arxujkvyds98k9ravcfhgcnsdcaqcvyhehvg3mlxs68d8dscjl3qr9frkp,BSH,2000,
xch1495m56n405ddhmel6vmrd62ac8ss6xvavaksa8hhwyexw8x2zahqqkg9q9,BSH,2000,
xch1scxwg77rerzkhfat98q7gumgg43dzlk3j02peug0zsyl9q7a2s2sk4nr8h,BSH,2000,
xch13sssg820j4cc4q3cdanteg7yv03h8upgufxa3gdzuk5hrl63tlqs42cm22,BSH,2000,
xch1329cywfwk7fv534dgkep28qrqchc28jaucds5cy6erd6tj9mmm5spgnlnv,BSH,2000,
xch192vv68nfjgcj6y95qy4t8f72jc2rrucpz4zepl9hm3cfjme84c2s3up2tf,BSH,2000,
xch1v3cse0wcscnw4t87wen5j9ztkgsph0jhu37apryyqx2dn8vx8jpq3n9e54,BSH,2000,
xch1ey2s77l5wxrvafdjgn9fc38pk29xjqzn5cxmvqgv0mgwpc7zkaasrplmk4,BSH,2000,
xch1t7zza7x7m5u344srvk5l62pg2mzlxdk37deda89t4pnyk3rd0lmsl6n3r4,BSH,2000,
xch1n3xdc4zy369lddlppm94kh2ddjmxkk68t90jw0w9gkxucywrz5ysptea57,BSH,2000,
xch1z0kce77t024ah6srllkg7az4z9d3qlmljwtfkw9a0xqxqy3wz0dsx6a5cd,BSH,2000,
xch1ar7szzpau7p243p4slfuluh2y435dymre0rgnthtes0t70x8j0qqd8zw0p,BSH,2000,
xch15t43u6t750zdvrqeavtcaq8emw878m9nkc3qxk5f3jk9fx9mkltqvh4fv7,BSH,2000,
xch1l9hqx4ttzpnhyg7e8en7s3x6yyztuf5tee22m3mypddxzzp279jsz9kl0j,BSH,2000,
xch1xcrmenpy4cwvr5sf3nhxehpzhcfwhdlp76gepsqhrv44fzzfsdhqwkxret,BSH,2000,
xch1mkaldnht8k8sl9r4rfddxckpxhl5gpqrfg8kwpfee9el8y0uau3q94c0sp,BSH,2000,
xch1jlqdhjt3temmwatgz6s8q6v527ap6mnfum926xhcr0ge0n5ev4zqyhs8kv,BSH,2000,
xch1rfw2wzuwy3h8yvsaqsv8a57uupglq9ewg74shw69r5dkx289gykqg0f6rr,BSH,2000,
xch13yjdc40zau4agkldt367d6rjl7n68yw0wm4d4y63vejufxlw2z3qzzywwr,BSH,2000,
xch18zzf26rp6n856dtpsefckcdczhj9zeagedkvrm73qz6c4y50uywqp9u95e,BSH,2000,
xch18skp42ayh75eta7978495wv07y7pf4nzs7y29x7lr947kww83ynqhjclly,BSH,2000,
xch12a0m6uawuyrzp66r8zxy22pmakzwm446uhcf093zn2y55230wuasvg399c,BSH,2000,
xch1y7fjj3ny4k2ur2tqns3p3pgmd4g63jrfeva9x767zkrxlrkhxgps3w2z7d,BSH,2000,
xch189e5x24a7h2ugv9auz8xh7juu6rn05vrqcdpwftfydyagfhhnpasxq9wz8,BSH,2000,
xch1zmk0y3wzgpmh6xymeqlqdwu3ckve5myht2pzuth0k6kypnrnns6syg9cmw,BSH,2000,
xch19lq5k0afl2rm909k4xr4xsrayzlusmv7gz3tlyumgfw4xgykrf6s20wc4q,BSH,2000,
xch13j4n5aamurqlw4t9wp94jd5cty7ezwqa9d9jla3fjg7qr967xswstzjy9l,BSH,2000,
xch1036kyw5w9v2ccuz0tj7tkj3a96xa0pma24nvp52q4e8tgq3ej9msx239je,BSH,2000,
xch1u5eh3ggrgcnht8yavjpqr8qxu7rs8kct4z65mdzwgwa09et0pkssga3p99,BSH,2000,
xch1ff4rgr2z38ynwl3z7z7y7nycez2ekhf2d6vrtnuax8x2z6slpaxsmmy729,BSH,2000,
xch1a72xjuenwe7wmfexsc0xpn9gj5twm9lkrfptv6z6g9pns8cztfns0llj6c,BSH,2000,
xch1ygpp5qcyr3kr979r7lmzerq8ur3sarwhftgckc056f0ct7mjap9sqfq80j,BSH,2000,
xch1mz0j4dcajpl7pwhz4ywlh0xh35zk87dyv6hqnxgynnty8qwjx3dsfw70vs,BSH,2000,
xch1uawwggxu7e33wf5wj7mepa244w3cf2c5yn8teauk7mkwm8kq9ncqmwguxp,BSH,2000,
xch1lvxmxtfppjkksfnkusuvdr3lvm6xlkwllsp9cgm6h60wr3t7fggqnll9y6,BSH,2000,
xch1xcjwq35acndlgqh9e3kk7cpaddjfslrqd96cyxycjcxzhyytuvwsrxnkg8,BSH,2000,
xch198yuq8kcex637jjls4anfvrqvsvm23u6tuckvetqfnzthp7l989q734yux,BSH,2000,
xch1s8gplqjpsl4l02z5sp0mhws058e7f6ptpa0q0kjqqjpqefdggmsqv55etd,BSH,2000,
xch13f0cmru9wg94uhya3xrqjcjck4z2dm57dgug8eq8y3c0ayxvr2fsvhm2pu,BSH,2000,
xch13dyk6usqp7xfu3trjtq2hlqfkky23403m68zw9xks34gv3e4sqdsts7dz3,BSH,2000,
xch19ug3qg0xx9cats0dg48em9nctaeym2j3447jepx50ucu0ex4s9msfsh8xl,BSH,2000,
xch15nzlznh7vu548g5gdhhjv8wm7w4xeau3s0e52287j9sr4xucllyq7dda68,BSH,2000,
xch19fpqxhtjdvkhujm2cjhptwksxfalrnjeuvhu3uu3xcqhhhasc5psehvrut,BSH,2000,
xch1yrvf0yfp96hrxekv7ff2vecr3rpqwa7trz40ct24hyxp0s3lg0gs9fwuqn,BSH,2000,
xch1xkcfljfj73d8xwwhljt0vqvpsydnkwn2ugx0jh20cz8mw2zlwfjqjd4hya,BSH,2000,
xch1vjn9a8pk7lxm2xlaf9gl4q37p2nmrntf80d4450qeadjclq25qqs0kyxjh,BSH,2000,
xch1gjpt9mythara6jldh8e087jelc60y8ts4ggg0yrn2mt8t0f5umwsv5mfj7,BSH,2000,
xch1kgxqym25laa3la6l44jverssfxx304pe5gaarcsl345jd8m8qq0qvw7hp6,BSH,2000,
xch1uj35xaxetjrvz3zjxfn2nerj62k8f5wukautl8cpt6nm4wkk84tssg3j9f,BSH,2000,
xch19flp2xmnqp9qm9a78jc7yyu9kqeyjna024gpm86qfsrmcjyax3ts6uqy99,BSH,2000,
xch1xnt5gy86rlsus6tk90lajrpy3pk0q0rev2gap38hhzn3j7p8hw3q6zhxlu,BSH,2000,
xch1lp5pjap03ul9uk70ym3j5ppc4860lzplyswd6a04pq7dgqck2pfqspad29,BSH,2000,
xch1g89d4wsqqxwx8qqlp5nd5r5wfunhtfvjpn6q4a46ldmnwakrt2es9c6vrh,BSH,2000,
xch13jhzzkjzhkwlluuyzrkf9r2wd4e8camsc4ss56x3nr3w93q6yxlqhfgycl,BSH,2000,
xch13vh076fgvyqqsmy3s3kk8f80nhxux6l5k3t2qzzyrapuq94rtr4sjawlfr,BSH,2000,
xch1e9djwaeyzmxuw3q3k7m8w0sjvpv6uprrnr5pf2aagcz6cv2wam8qjs6rv2,BSH,2000,
xch1u8nhnuxrjqesp4qz377yc74vs45jf93mqac63huhrdkh7hhkhx0sfy95c8,BSH,2000,
xch1jm89mg4slregr5wymrh4m593um3yejm36r66lzg8n6ddtr3v02pshwx0xw,BSH,2000,
xch1w5gdkds9smz9ftcataypa8x2d90827ur2ftjhqa95gx2euf6czws2yyrst,BSH,2000,
xch1ydnx9k6u8f0k5yf4u2semcjvfs39llzuhgyawjxhk0wlvlyq7chqkkjmu5,BSH,2000,
xch142vcx8dday8mad9lj84n8l5ryt47uqsjfyp9fsz6fneunl0yuq5qx76dmh,BSH,2000,
xch1y05gnpvqjrqykpd7wfxa252jc8ljxrm7gta8ay2cmtvedfhwh0nsmcd528,BSH,2000,
xch1fdtgdpsy87kng2fvfdnkyzz6vpskf3yugycqd3h0g2qwavhkhlpqp7l79u,BSH,2000,
xch18eqqpj0npcwuau5ujmgvyt8wc0yke23c0y2yljs3642tl98ejk9sxlmus5,BSH,2000,
xch1vxvwr8w3dltwmcgjc7uc4qkrgkp9fwc3u9d5vnu78t56f9uyumqqyqscgm,BSH,2000,
xch179khwg3cwc88fm426t4kx0k638nr2le2mfn6qz65u28dxpm4jrwsp7kxgr,BSH,2000,
xch1jcuy5nwxlx4rwct7thq67l4ccx6kcr5w5tseyw83jwuqaqnw8jlsasc4an,BSH,2000,
xch1wzcahmke0uf88red52dljg50v23wt4yh35y2mnavw3pqjuxyn0vsqp7x80,BSH,2000,
xch17607x7l6lhe5jcr9urpyrvmjhuqrszkty7apg3jx70zhuw2jcw7smmv6a7,BSH,2000,
xch1ecrhyepm40fkmzwwj6s5fh57gqhwdgpalxdr2zkgs62p4eppu53qa5g2nl,BSH,2000,
xch1wmc7hpwcxaz459ul77h9e8020ax4h4zw0c0wwhc4ka9cwhydmsxqxkhmlr,BSH,2000,
xch1szkgfhrpl0n8v3e4p3t04gjlayh5z3anfn328shs9mswhtgxv90qpfx7lj,BSH,2000,
xch14t5ky8n2jrlay0qmtr05uvhe02v4qhm5x3ka5y2mx4srynsrnmgszkartd,BSH,2000,
xch10psu7389d9gseswg34ysjwejtf329ak32sex2r6px54ygtnsmm6q2yl3k3,BSH,2000,
xch12q4yk329stwg0wselnllghkyhqphruw3wj09dh8qt60pzql2jzrs9d3724,BSH,2000,
xch1a8jel9jt7cz6fdc7lurf00vqx65dasfg8dw00e5uj2smng5xms8qg0yszw,BSH,2000,
xch1r2nz2d6x8t2dxyk30phkpnvddkzurgh6q6f79vj2vz4pq88860sq3dpy0p,BSH,2000,
xch1fwsrphk2y9gj6tds87y6v4qdeemyyfu4dwd5gxy5arwsqwm2vhdqqunjzs,BSH,2000,
xch1v9frn0ce62cmwzuuj2mafuwz73dwshet74l9sgegjn53kfmr95mq2u0yra,BSH,2000,
xch1wdz0jl50mhfvpd0y2wdg3w656zdtd9w4vswwdpe6xw5rz4l8vrfsztp976,BSH,2000,
xch1uk3w7nzcqlplkfsw3dmjspdx703m4y2vsdrgc00hwjneqp28g2mqtcv664,BSH,2000,
xch17vhaq7legqvtf8hrqv4e84y8873r8tdkc0ecstrqlj4dqakmqa3svygzcx,BSH,2000,
xch1s24vzpl4s8ypxqefw5yddfenfjaweveyt7zsm60za3p0ln8g6zqquwfdwl,BSH,2000,
xch1mjflneml4zr7x7xptn3se397q37xqhq9zsmmnar8c6r7z3xzvu9qsu9dt8,BSH,2000,
xch1rgnwxq78f3ah5quumydg2yjpzztxu2h75l69ajre2zu9eqdcyrds80wgxe,BSH,2000,
xch1vpmkdx4rg2xehxjp0vfftxh769jvg45kzyefd34wtxgt2k2mmf4qh27qmm,BSH,2000,
xch15qd782gtxrkcjsxdjwd6ye3c5vhu8y5s48pg6mq6hc6sg4x95nyquzs2pg,BSH,2000,
xch1ms43mjauf0j4yx46jy7s5qzah7cfx4knajyen3e2trfc7qrpzd2q37e5ht,BSH,2000,
xch15fgrgydvma4gq2c3yg8606whu0uv982pwekr023l5adq0yulaxjs588hfg,BSH,2000,
xch150a05r06h3wunr0u3dewkefkdthwn2rqdr2eet50m5tcuar3msts2x4lze,BSH,2000,
xch1acrfuu6lyzfwm9px8zpg9rw3msgnp3er8efc6zf0layhkmtwe3hqs5jczd,BSH,2000,
xch1glvnfrnx6n5p4ycc7vyddzj9zaw88p9xvvsy8ms9p0e86vcppn4sdam74k,BSH,2000,
xch1fdpy3grx2h7jprn3fyk0d733zehnx7aht5p40mtv4u6axw53766sedr3j3,BSH,2000,
xch1w5txl48lk7w6du5wx4uywduasysjfwg805yugcg4kldejju9657sh7cvpu,BSH,2000,
xch15fugvwz9as7dvprq43r5j5tvkuekk9j4dxy3d0m0zvmqqqc63nvqmpgyg6,BSH,2000,
xch1hlwsfw6ta7d9skmdxjjmmrx9pt5w602g9zc35c7ustkkd5xeaejq5pquzy,BSH,2000,
xch1sgd6vllldrxgcmr4ggcydnmz63gchk2sjgunyrcmq0af4kvyemdskwpxxj,BSH,2000,
xch1j4fjnhf0qg532q73ew5g3ugvwrlcgrrrlechkxaag8h0qzm9kyvssp6m7y,BSH,2000,
xch16qdjxvkqtch0qv0n7umx9rug2rqkzh4hcal8kqvvly446lkpue0s46tav9,BSH,2000,
xch12q7hw4t4lzmhmp4nmuncydgk4cgw4ggp5xfn29grfyzdqhw3v3fs2r7mkf,BSH,2000,
xch1k0ducauya667genzrguqgr6awc8p59sp3xfs9xlfk60hd0dscw0qqgzx4g,BSH,2000,
xch1f79z7yjnzzd0dalrmse2e64k392fmx67klvh8nmu93c7t8yx6svqkwtmaw,BSH,2000,
xch1kw59u6ys0lhcmgrph9qug5uzkpx0aspp2lkvynwyyzzwu93ypm9qupek7a,BSH,2000,
xch1lgng8zpdwxfuhazfaaa6ge6an3ma52thhjl6fvhnp984mlz9kgksr2h6gj,BSH,2000,
xch1a8kp6h26frgs0mxjm077jn34lkm92az7vems4y6uhm8rqcg88zjqlt4n58,BSH,2000,
xch143y0v52a5396wckqch3rgvylsf8smk2dxp7l0tage6pkqqmzgw6s20r3z3,BSH,2000,
xch1j54uu3720w9wusc37rgxskjyjs80zfsp2xyakn8sns7h4a3jxtkqtf87sw,BSH,2000,
xch1tu59prz38t7j782e5ghn8zpxcy0gns2mr6nzp5ytker4ezte4g9qxun4qr,BSH,2000,
xch1u49lm0vmywczhn9psk9lm5zxlkkujg90jhtag29fq8kfxtpse7ksn5fphh,BSH,2000,
xch1tu73m50efdehspp8sunj6m76wm92xc0j6mjnf4wxvu5vk7kkxggqwxlxuh,BSH,2000,
xch12zky4s6373xwg8zg54q9ezlywzl8vzgkd0f4rn6qfle93032dz6sy6jjgp,BSH,2000,
xch18x5cm6yv8rael9eytysc489ls83kxun3t4p4y9pshn684jgpywdsxvxdrm,BSH,2000,
xch1thylnqkcx4ap8j7wxsfxv53esnfu42pjp8hkva470gp6pa36yxmqwr4zmu,BSH,2000,
xch15ua9yjr2wyg0quvtkagkvrvc7u6h09yk66de9ulqysycwxpzwjcqd9k82w,BSH,2000,
xch1jmr2kgsqpjnnv2deuagzryws6wk3mw9n2qn0uhcr40758w85gekq69tyxt,BSH,2000,
xch12u54d609q63uw595wr8z4xqq8zx6px53rxfjee9pf5c3ny9vduyqdq0k25,BSH,2000,
xch1dycc5gzsh0s5k0xp6zskfvd6xf63rjuju7dcpah3h54frykdt7nqv06lmd,BSH,2000,
xch15mgeptuj5vn28g2etqef40w2hkya50kejfrxh7m35z9ta8ghmctq480ejr,BSH,2000,
xch1785ualqchvy0gezjr05r7fzhv34837aca6yw6rpdpk2nk82pwacqhpq48z,BSH,2000,
xch1r8pzeuyqmnnhdph08gampc9tszgqd7qs2w797cyq9m8y4rpnlweqclt59q,BSH,2000,
xch1t0afftkn0jgvlxur283s5ltwzs6nlc36xenw5qqlu747d4de7a0sjaaptw,BSH,2000,
xch1sdwrzmc0ncmq3863jhj7e8tmysx0nzwxrg5h5xymhs8tlszxevpsem6jgy,BSH,2000,
xch14pkjzl9vpfm5n2s2ffr3n7zd50xr5v7nwc0d6pq0zka7247l532qypnpnc,BSH,2000,
xch1c6ms8jg0sf2zyajgxuf3840hvm27vaypduqraa3ts0q4hnefqcgqnhg64k,BSH,2000,
xch10lg3fdmaruwte9n07yf6j9lxecdyu787gz4nnct33pu5t5q6vzwsas8zxg,BSH,2000,
xch1jacsgmdpyhraa0mr5xefk9e7t7vrmapq8t6ht3mycet26l2pnt9sy0n4vq,BSH,2000,
xch18u7cs25makwrmqfmxtregtnnah7p3c0stegfq9xuv4jedxsspfzq9wdry2,BSH,2000,
xch1e0zszd233q2ctqjwl29k0mqckjf5hzncpey45hp0g2z0vzpweasqft8hk3,BSH,2000,
xch1j2u6tukqafudatyxw2h6j0kj5gfwqqswy9hsk9hcmejz5tdztpgqmuzdva,BSH,2000,
xch1cux3ygzd44nms8pyz036h5t2v33jpm6j3gw5uqzfrdmzpnchvfls8canq8,BSH,2000,
xch1h7t080l03pr90s9cs36jn7ehrgqcht7rev72quv2es795mfmqu6squn5ng,BSH,2000,
xch1fe028r8034h0lrs5nvddhszjkx6d8qekjhallvdmsg2jkg7utyksf0vl7u,BSH,2000,
xch1fl42kcrgd5990uzcmurv7mwvyu979u97amxhmv8n78c4vuyk6njsuyh8gv,BSH,2000,
xch1vfeavufqm778g3y0dgkkw77wc022fw9sulw8zyauvql7n24l0r8s6cv0hz,BSH,2000,
xch1r7xcm9a6yznvvmfujjdsecrvk89es2sxzv4c2l56y272ea3kc3zq4fctnt,BSH,2000,
xch1uh6uuk3gp83f3zcjzlsckrd8s7eph2ft755xe6mx4965h6fvsczscyq9yj,BSH,2000,
xch1tn976ptk424r34uc589nhe4nxqu4ys7gkwdaa47xyjpzd86q2ccsmk5cne,BSH,2000,
xch15d764w7geq5td3x869nranz5592we7lxa6alpmjf0wa6ukkvuykq7qrj8y,BSH,2000,
xch15ysyjv6uwh5d840xppelq3lkavq3xpvpswukugh2c8pxwv4hdhysvdszyk,BSH,2000,
xch15c53qj7uqahc8f36dd6chje7yjn8gtgkhqvahsplj8492tscz3csa860m8,BSH,2000,
xch16ck8vpx5a7uas36ma0qn58q3dkzqgv66gayqxhkfs5x56mmkkr2srudph4,BSH,2000,
xch1hzetwz86p6dqgmzr2928lnw87vn3de27w38ca4xh3hlzpju5nuzslauc9r,BSH,2000,
xch1zaxcs2e7ju7f5j80w5nykqpmlysae9jrc9rcr8akc0j9rx3l48pqk70jkx,BSH,2000,
xch1ea4mnzt82sxjflcrgc6qhzf57qjaadmz2fms0hdwqg388x2pzslsagprr9,BSH,2000,
xch183k9p6frlncd3tl00ja304ny79rgrt2spx5rpgyalg0jt67xcf4qh75nhq,BSH,2000,
xch180xlell09w2juc9ulrkrp88u0fpfhmynqqc03pkhet3lqv2s66usynd5sg,BSH,2000,
xch1ynawrze0m3czqag583nn9upqddqjf3l2pd249xfl50898cty3szslwjmsg,BSH,2000,
xch1a7h37knxnh40a4y39zpau4us8v5xmr3n0m2jhatq5xq429wt8a8qk5z6aa,BSH,2000,
xch1x65wfa89tzhyp20fwn892f2d646kknwng9sr3079meckyvhn3epsrsy9ma,BSH,2000,
xch1wrgmq46fcuyt5lpaq9hu4nd3kek0tpvzma5cqkq84gtz28te5v8slnvyh9,BSH,2000,
xch1xc0hwgfvn9kdvhg6x7xyx5ynfd89avr9f42nsp5qfeawkquwl03s5wjcag,BSH,2000,
xch1ycpl4u8xv5jnfencdgn5ngusuyg62alpx9wh2dpz2wd4nyuewvrszyh09t,BSH,2000,
xch1tg0pas4e52d6vn83an70czqw502ft9hqh97sd8u5lqj8r8vtskxsv0cgle,BSH,2000,
xch1gw0zhlx05xd4vxat2kduje8gzucan3h5e2vd5w2txy8358dgrecqvmv0f9,BSH,2000,
xch1mq8sdcd7r6w02575j7klp874ak89hrrn2rvylc7nm9ej8car3lhqdvkzjd,BSH,2000,
xch1723sryk7706x8k865m4rvyhly983xtyy9wr3hlqwzy2g46lm52ssr738ng,BSH,2000,
xch1njgrm4m6fxsyr32ukhftrrk4uw64j48r4p493d2644uw2e3ee9cq953ygc,BSH,2000,
xch1rhgldussw6vl4s7828wx96rxsztempa94zfpjly6mw0k3jn8wrfq56smh2,BSH,2000,
xch17rl025gtrejtxjkdu7njyxky0y40nslwqsfj74aawf6kdwt6u06s5h0d4j,BSH,2000,
xch15jnwtr3pa3jyddqj2jvyvdwfkme8e0lh9jrwldtcr0exvg3u2caqv587xy,BSH,2000,
xch1wsk33qqyrz653sj99070c9s5q8hg0mgcsgevpusep8xh5w7aqrlszslk55,BSH,2000,
xch19y4zgfzslftzg24uyneggmp963ze5cnngzpfc9m2x897tyx3ucjsp4kvp7,BSH,2000,
xch1jv4qu6hgcl6qftvancys520dfeuhdmtqwamqy488p6qdahpghk2s2f7k6a,BSH,2000,
xch1kc2c698djetpjzstuwztmz9dpeckyndc4zf4rl70t9z326dlhw3qr9vl46,BSH,2000,
xch1taujdhpedqkq9v2ntaje7lc4yz9fj52wsva7srr0r8zsvfz0scsq4qhw3p,BSH,2000,
xch17amrlhfn60fxt753kztrxxslw75edkzzvpv5sel3rtg2uvl5cfqsl45rmy,BSH,2000,
xch1mvvfmnx6kayee6lrvlydaxsaeezlaug86pwkalc5u2fssfl7p09s6wt0rh,BSH,2000,
xch1wx8ancluygs3sue3867zmtms6kjh4f02g3fv5arr5786ew03msssq3wyp0,BSH,2000,
xch1xvd9vlyx0j43gxfxn8yxc5z6wvr6mdla4urs0j4svrpdd3sy8s3s5q56vr,BSH,2000,
xch16d48tx6lxq2p9cmje02tx529l9phkfn3muh0jn363lc4c9edteyqy49267,BSH,2000,
xch1uda9jycmr9n86n587q2rtvvpkg4y5nj5f70kprf08t4v4xx627gsqvs9n7,BSH,2000,
xch14tpr50g83jfh375fnjj6wucgm9v6kmcr8qa8a76e7p6hxy3nkeks8palk3,BSH,2000,
xch1hjsmz2trha639nymtxcd3hxq296w2azjhhk68pnrvf0rwdz2ct6q7j26qc,BSH,2000,
xch10thfh39pyxzq04fu68d8hvrflfu6rll9fads8r5t5p6wjp8kadcqemlpfy,BSH,2000,
xch1hekykttxmfctll40heaawg9xuuz87ts7s6t9nfdsvehqwtv9gtvqdlpnyy,BSH,2000,
xch1eaf4vhfh4fgt5szk44dyaupws8t3q2ghj0pqva8gjwkh34k5z60qg8576x,BSH,2000,
xch1cq2xf3yuevtjvtfelsjq99q0nq245dvcxdehh7gq0s3l7j6579xs54mu4y,BSH,2000,
xch1l5647auhkvaex40cgzwhrxkv7quexkhuy8nqghet2yx7vemfky2svlzpn5,BSH,2000,
xch1kmtvd4l6ryglzn7gahepu0vugu4ufh67xk8wd2szlv2myekz4s3s0nem5w,BSH,2000,
xch12yldq22ekfh08g4skhkndn6qspw76fl5ecnwuhtevpjwtr5fcq5sahrndp,BSH,2000,
xch1y5rjxauqp7c8em0mr874wdys9gvxg3mdyy42rv632temwnwggudse7frva,BSH,2000,
xch1uz7e33cyvnxjuac20rd92gnpcg6z04pwpchy706yfnk4kru220ns5xl2uc,BSH,2000,
xch194723kzten3satjfvjgnuvc0ya3dwz3r5frumaj4ajl4w43wh82smwqx6d,BSH,2000,
xch183n4d2820em8dctryrd0pdacmu6p9juxcupg0v0wvyumrkztmh6qav9e60,BSH,2000,
xch1daxpeh94l039h9k600vx3cc7gccrpsg0vsvvweacap82v5ldlt4qc4469w,BSH,2000,
xch17ecl7uq84t30p0jfzgknje3j3nutat3mcrurs8l8khmt23ttssnq5d9x2c,BSH,2000,
xch1j9dyfzqjq0j7450ugcjgh7k6lkgthj0p29vmc5psz6f54vavwfmqxlqnjd,BSH,2000,
xch1sgg3lxvd7fnruq7tn2p0506rjj6f30hswa3vpax657euhew7fvms680cpj,BSH,2000,
xch1rwkmyd6w2xkal34zvstjvklghpfqetgnwtdpzw943tmvfeadwsgqcf4x7r,BSH,2000,
xch1h2m5cc4svnnn698y77vress5exc05qg39cc0ptl0dsuzh7ah723q4sl8dn,BSH,2000,
xch1cuuazecdrkhtg0uhy0d7z9ap9uqqamttrx2wce9smy3axtw9vuts896ka7,BSH,2000,
xch1fllfq3nmykw3n4nu44kmylcwjv8ytjtaf3zymezn8fqjxrhm5t7svfvug7,BSH,2000,
xch17znvykrrlrygk98cw2xds0p46dzfgy3wgek87rck24n2lsknvququksypr,BSH,2000,
xch1xtxxx7g5skhyuqyd80ach8vnj0cef6hzzmkr98c09kjtncjukhwqn77f48,BSH,2000,
xch19me2clgjngkzslq0s64tzpvfq98xm0qh3s8c54extx4puxdfl4hsjrrcd8,BSH,2000,
xch1mwh9w30hnelln6k2w6fegw425z0008604ektmp044367t9vyznsq2n54c8,BSH,2000,
xch1lf0gtzwqv83t5uhmzmhpzl2ftpgyxr853sregq9w33lknvqqplmq8wyvj4,BSH,2000,
xch1fmx9erry7dmqhf0mpmeextxzqgh9gmtrlua9ts5slw8hmldc9zjqjaqxdy,BSH,2000,
xch1vlhsew2q870u55gus8qukzp0jp9p2dl9d3quaphfhhz8c49vjwjsa2mdvl,BSH,2000,
xch1nl3e6emdgvgz0e8kkgpzg4u72xj209hpv6ktpnce5su4pn5evp8ql5s2ta,BSH,2000,
xch1cvv5kmz9vym98fjqpw8enc0hef0ljwn0pyjefuepmwc9zdcj96rqsx2vv3,BSH,2000,
xch1rynd2p4jtyty7wkyttztakdh25mnjgvwjatu7fukl8lcyuehm9ws5mp05v,BSH,2000,
xch1kdc4fzcyuz08gchp4wt7gcdmyjm894xlfu4pytp6am8zedvwlssqauejdx,BSH,2000,
xch126r4nwhevhtk6mletml3x58gc0nurp5z6zmnkpzzmzz9c2leec4qfh86mc,BSH,2000,
xch1ca5hh5s2plt2azkutr9cx9ut9rx0kk4305569wyq8u7yqpucdtgqwkxwu8,BSH,2000,
xch1yrltu43dp2gltav2cejf8vk75jvvfrlm5ujytuj0nx4qphpakymsenljg9,BSH,2000,
xch1ehtxk7jvjph5d354dctl8yuusmhnxmqsh0yxzvutjr8ufcvsfzwsw5pch8,BSH,2000,
xch1kn59st6l0eanmc8w9x6qjkc0d5qahez64wr9lf77qhnndeyrumhqg8uwce,BSH,2000,
xch1ls0l3c5p5rcanfh6062lhl5c87dnymt48vpq98ykjt3u3led3s7qqmcmck,BSH,2000,
xch1h3dgfrfn95xq3ju08x2xflrf8rlfwwukj7sqc2gddp9gcxtntz4qr7kjg9,BSH,2000,
xch1vql4emerukwvpz2essyfhgpe4wzfwhlym4qxrmpme8z5pftw9dxqvl5t40,BSH,2000,
xch17k3v88t3tx9tx38uv4aqeny5ks4th9q0avtvz50x7h6sdgtxcrnszx67l6,BSH,2000,
xch1us0yztn6n274fpvzrc2fxs6sukukj0usy0kukpyg3m70auyv2m0sgclgsm,BSH,2000,
xch1ekn6rzfrj8d63agk20t8f09xxu94cpk22n5ne5p53q34rrn8464qaghc96,BSH,2000,
xch1m8627hwtt2ywad5ey66ag04utlqczmjsx29ayhfsdkzy72memvgsgvcxqx,BSH,2000,
xch15mu8xr9rm33nt2fgqjkfz32d4skd304gmyawkght6nn90xysl5es5vs8gf,BSH,2000,
xch1djg87xrpuhxnat400uwjq5eyldyqqpdmz6j44lv8un3trsu52jhspfr7a7,BSH,2000,
xch12uf88lrwtl0su6v5hcjj4p90f0zmpwxuk00scvqw7drzjyup5n4s8r9q3e,BSH,2000,
xch10ftvrygk8hhcjaxk8aatl4hs6sl4582t9tu9qn69zs0jszskuh3qhg773p,BSH,2000,
xch1ulh737yj79l5t6kkm9kzxzy4q6d9vm4facs4tzz9fd0ucg0gxv6qyuyhf5,BSH,2000,
xch14va87ema0fhx9yypptxl4ss7w4u7eq4dvlpn7jf7gg0uyhan7pdsqzm8n5,BSH,2000,
xch1tshctvw2d7srg6qu7g7gng8g7u5ra2p7m7q9u5rrtqu8hnrtsqzslhmlt6,BSH,2000,
xch1jg53xptav620xtxk6v6an3r4gny7ges7nehwpfpvcfvzyp4zpppsyk7wn2,BSH,2000,
xch15y7gyxj9cw44ecpa3xn03wx99kaqrgyafrnhc2xq7z89c2vwaujqyqj4kn,BSH,2000,
xch13f0x4p4utl07qg24mmsepv8htmawqtqevaxcq5ea5zfxp9l6eu3s4u9w05,BSH,2000,
xch15w9fmaflzvnt9pfgneqynrcq3dpts8l8cfwfwcrmqg22925g5f4sp5vk6j,BSH,2000,
xch1xu4hty8has96x5ak65wsufmr2ueu0hpwgr8skg25r0msgr550wrsstx42q,BSH,2000,
xch1ap3ypuf6hvsjpyxkavt4q3dcke80ydazphzvxx235zmtdrgrlcgsyqnkat,BSH,2000,
xch189f82a5032uyg4f9qrjxwftszv8c5gyuehgdru0w6nsggwm42suqmhspv2,BSH,2000,
xch1rzlpumk8zjg78r60yerfy2pssp4434jahgpcfsfn3vx55g9c3hjqr7z0al,BSH,2000,
xch17rfmhfvsy50myvlk52am5lwngyytf0ad7hy0585dyg7c2l4vemyqw7n665,BSH,2000,
xch1elrww5s2ca5282rjpqvcsq3z4x0sfkg0g5fsjuvtjqfgex0pyqvqaj7xh3,BSH,2000,
xch1e8navpq7fz3qku22s7v87skj4rw34v4y2anektzj2acq0rlu3jnstapm8u,BSH,2000,
xch1ald0n4chfds0caztz9egsktgn9jrmadwv2c2y4wwvw23y25hpl2qwrruu6,BSH,2000,
xch15acmnqp4ffzvqs44wnpedsm90hnqhvn3tnjlern4hgslgl2xeulq38ypkr,BSH,2000,
xch10msca3r4hsdw455cac263vdngzgznk7900qt2m4d40heckk2xzjqfesge8,BSH,2000,
xch1e6ra5p08xl522ejpm3rlvcvtcawx9pxct9l572f85vwwq4h0uyhsnpxavj,BSH,2000,
xch1azgsfzgrcsjqm4g68ag2w7gdflzy9ram275ygkufmqczqhtjqxyspydg99,BSH,2000,
xch1lyqmhexppyxy26jgs62ptxhplg355du5tyce5dhx57up4hey4ugq3xdl4q,BSH,2000,
xch13udlr5afpc470jklmx5cljp2yvj6fxyavcdln9p3536z50cpn0rqm8c90a,BSH,2000,
xch1rek5ghpgn38uhqdwrzyt9aq8vna2nxuzn23jma0rnrmlr53xm43qalxkf0,BSH,2000,
xch1hvg6lzdypc5yg9vunld9aw2dhmdcvx0vc4xcphnartluqy4mv7jstwwa74,BSH,2000,
xch16danlcvz23f67hdm9m63h7p9v4lf9zpsjkva2wzdhs5epw5gcvxqpa0ydr,BSH,2000,
xch1j7rprm4csqyanhpess04zacpg5l6ew8dp4y86p0g65xwn98cmvcs82vjsp,BSH,2000,
xch1kafvs2d4n3l8vllvpj968fekfxyw75xep45v6r9g3ec260sqrtvsfz9yku,BSH,2000,
xch1tg265hmdc3vlf2a89x5wnlzdxu4387mc3jp5yure0ahc5wgude4quyv0ky,BSH,2000,
xch1sx6r66thc2xdnt3hk8mfnff482zr6yzfeqt223uqg5gr4nl5d94qvmkcq4,BSH,2000,
xch1r9r66ralr92de5huwmvpwyx3mxnlwjqvq0dmfp8mrgg9w2y5c9js3646cz,BSH,2000,
xch1zkatta2yth0jjuvtprezad85uhwygadvugzsquaqdcn0kymag42qav8ggj,BSH,2000,
xch1e6kj0lssy33tjf39fgdq2c45sfgs3d732txeme7qnkxsqg7ygezswfdldj,BSH,2000,
xch1sewqhpysfctspn9e98s08y93zactkq3k2lccaw4z5khph5kmraasnu3dzk,BSH,2000,
xch1ghgsw25552a4rjc8qk89lgvg4y7l9z28lzd0mgkzhjn5d2f9ru3sezy85a,BSH,2000,
xch1jsqtt0c8d4ud3llssdccquc8kv53f7575x367ewxeq98p8r29q7s3xe9vu,BSH,2000,
xch1ep9ezazj7lv9845x2yu87u5uwcuhx50em8cndyyaksrefksfnwksc683dw,BSH,2000,
xch14wnvwppwedxnhcvvka9mvpfen3rafrx7cpx9zsw7s3apt9ug6q4s7nfu0f,BSH,2000,
xch1m9c2zwxzuwg3q37jnhpjnv6jqyyy9vr0ygshxu0df7jyaemrxlzqzkgy30,BSH,2000,
xch1xqw3k6y2z4pds04w8yqplkftzc5cz00gskm5yz0galw2zz4w9dnqew2uxx,BSH,2000,
xch1ald9hrqg4w9zqd92mnf3823f9sexja3kqjwcgk47ldj0zhgcg3ts8xm7gj,BSH,2000,
xch13pewtz85sy8vaxsmj8hx3s5m22nq9fn40699pn0v9asynrg3k8usyl2ssg,BSH,2000,
xch1ettd3u384ghk4xd0h7rqlwgzehnyjge3glsr55xjct95s4w5yeasygvtzj,BSH,2000,
xch1n8n5srwazluuwa06ndwfdc4q0c0uupj4kxrq59avt09kqx9k8eysxsqm8y,BSH,2000,
xch1lvehrg2mpvzd4uwas9myelnqp72cdd6lx5yht49ax8mtcqfg2q4qx7ax6j,BSH,2000,
xch12yspssfcutm7056tl0z5e6pans2p5kdfvayqkftlal3882d234xsc53grg,BSH,2000,
xch1na4ajhdt3cdrry0957qrmsynz4qhr2lc3sk7cf7lr7798jf4ns8q4cyxyf,BSH,2000,
xch1ve868xxjgene0hupqvewnpuzrul6pe3aras7j88aq9y8rwvcra9q90eaed,BSH,2000,
xch1vc78av059advp4wzfnqy3jfdvg8gycx9ruxun23ef6u23klccn8qrr4w3f,BSH,2000,
xch1mml54nnystk0w7mezccqjp4vlqqyxacquyr7nw2hhlnc4w3lpv6qwsd2j9,BSH,2000,
xch1rkp8tp4u9mq98wvmt8gkhskcgegp69thmuhs9xw4rv2eqnlu00uqx0u7m3,BSH,2000,
xch13e6ca63rp0ut5k8ych7rd5ncrvh6kvxjn5ejzvqqvlku4m3vsstqe85hhk,BSH,2000,
xch180fhscdhfflv53r9yxccaasrky69nhxd3fye757gac6jaqpwff6syszcuz,BSH,2000,
xch1ffa5vr8zffxe2847v9hy0uswfvczhgcc30a6nrs9pzs4r0fdl6hs0fnnl5,BSH,2000,
xch1la9w6dvl0c6gdfk8xapqrl06re2neejun65pd5l23qk3ag6ejzasc53gr4,BSH,2000,
xch1lfqzk5wt4jhw53u7v4qzvp6538u37awrj7qd9fdn8dwpg7v37ccq9vesrc,BSH,2000,
xch160mw03g4tapqvzv753jnmhl4ed85j2cvt8vfzlu27fz34ha7f07suf0ew5,BSH,2000,
xch12mvmfr7zmezstqs8rlrrad4dwe7qhp5p20wjjffrgyp934yun6ys8u3023,BSH,2000,
xch13npfq7gwuauncg6lh3znnfy07pjs2lx4k6d9wwkelljw637q6x2qkx2nhl,BSH,2000,
xch1genmqdgz7rhka7mv480zm0pdxpm6frpgr9fakmal7vvq5x7s8arq5mdm4m,BSH,2000,
xch1nlwmr5c6s3vsenlfhd4x8vxkgfcjnnw6a76sf38aelrm9rmz8zwsuklu87,BSH,2000,
xch1zn3vn79xr4u8qy5hzym8g56st6ksmzd6eudeer2dh3dtx96frwvspmg0ms,BSH,2000,
xch1ehh7sv5dj23va4wr7an5tke6fqs6ecxn3qmsmt9mvsxtzvfx8jvs0pyq32,BSH,2000,
xch1da80lmyc4m60u3h325ra4p3cmc86yenh20juwk4ks4n63zzjz6hsu22duf,BSH,2000,
xch12um34hmq72543nt67uspaydwpqnvrpz50yh0aqpx0f53ns3jny3s5fvgah,BSH,2000,
xch13ju42juqru7w0y2rxz93662t7h6zp38ndxt0nt7skma0j8dwmhwqdflmju,BSH,2000,
xch1cf36ahqtlym0m74k2h4rt328mh643afw6qd43alwggcksllkm85s4nxdet,BSH,2000,
xch19g735e0a5qyyde880qmwq8s533pcndneks6d5clwrn02d0s82v4sfgeajr,BSH,2000,
xch17n7deunv5f0dqkqm8l4ytq6tf05gzue3ewlj4djs88ayzea3wysq0c8g8x,BSH,2000,
xch1hg3h8xnn3au4vmft0ycxwa9mhnaregjfm5guk853f77jvnkqnu4stt6u0j,BSH,2000,
xch183rdr46zf3w8qe9c94zyvg9luf4u7vcauxkuf83vw7kr750ahvdqnd94lf,BSH,2000,
xch179eyjz7692ds3nwugkdmlhlx09e7e3hvvhf6st598t9kr4j9nm7quv7g4n,BSH,2000,
xch1jyqgn6p4kvlscztsffd5tx97mwkgnguzc04njg7340xd0ecm7q2sykfmhq,BSH,2000,
xch1sl5kp7m4tmyyu7gjh385yz4caafmkvemaw2f5h66xzzgp8vlduesnul64v,BSH,2000,
xch1yvqd56syqxm8z97flx7tqvc84j7uxxd5qe6dcwjqgxmqn9yv2jcq0qkkn8,BSH,2000,
xch1dpznlegvadf50vw8zqumqxsr04qq3rkwet9vczxxzt0z6r9j9zkqaka3xz,BSH,2000,
xch120amqk22ylw3xaw4sarnuhez0rvh43j4cyzhncr458ahxjrehedqm0ruft,BSH,2000,
xch15ra9gc8dcdff390jgfjsceplx0t7cq27dml5hnmcul2a7xzpgh4qx76f3x,BSH,2000,
xch153zr2u4ryx3k305g6s58j5flqzrv20lfjtxx9hrk348j29m3jxpq8fdcts,BSH,2000,
xch19266xyykggf4mf9wvzvwu66xjdjf9gvpmks22zx8f3fd9r597p5qczt6yg,BSH,2000,
xch1yxueczcdj8eyvljy9fs2nyhhc5y24huc4m5aq3wxckkckvvd8lxs9u9kps,BSH,2000,
xch18m0k4mf4hmzrrfr73534n98es05h8ym42lexj88fzxkfqsj7gcxq0nuxyr,BSH,2000,
xch1hv5hzej5gn6py8zypwpu4v9jyq7w6ul7jpsmmyra5w0xllpu5hus89hv65,BSH,2000,
xch15wvd4ljc5ymwym0v98yxey5kg0jejepegyachkdw2ze2nq4k07wq8zw34p,BSH,2000,
xch182n2q9778wpweqjg5knm3f2n85gdemw3ecwr2esc8zl3w3g6pj5syxsn5m,BSH,2000,
xch1egcuqz70gp3umqgyeyhh37sunjlhv2qlmcssd78nh53k80l46adq8lq85q,BSH,2000,
xch1w03wkgdsm8sn8397ehe55efak8t6c53vu0nr6xucqmfx0k7muwaswdmmnv,BSH,2000,
xch1x2walxmpx2hpxk5jfuhcnmqvjx355t0lzhflark09dlx53w5hz9sz9np4e,BSH,2000,
xch1f7zj3a8uzjfu2pnypz025lgjgwjkj34f5wat0dwhqwe7mtaqwucqfgp4tm,BSH,2000,
xch12hj02ul67q9sgz4w570nhyyscudcwc57jlkhywp8zzy4l459vrvqfahxm0,BSH,2000,
xch149zw972mcw0736gmaq268hch8mj2cu5cyvfupexf0vd5qyqstemq9z6kvm,BSH,2000,
xch1w95kpm8ehm0g7u9vzzrl9pmnzhmq075095pxelaf3gzcd24dj5gqu9akgg,BSH,2000,
xch15hg4nqswhtexpp7ee4z50sk9qh89c5pyy9a7d8deh7ehfqqxwgusdckvr6,BSH,2000,
xch16tcf97fdyg87rdzhnqsd5ltr07wreewahgpvg0nlhk32yp6f3w2qpnctwz,BSH,2000,
xch1wyaw6ss2y9vqtmz0mkvtqnrxk252tsa9egyphh9tqmxqmnsekjcsgzgu7c,BSH,2000,
xch1glc0cx4qfdua27zm504ju8htxxn5l8547hcsl43nws9zgqdssu3sl38rqc,BSH,2000,
xch1xxg42z7ey6mh44kknmcx7gtg33nzv33qf2j8w6z8xktuvnmejw4sk6tepl,BSH,2000,
xch1fx3r448uwc6fjkydp87fxhdjce8vhxyv5ksx4hnx956rphskcakqqkumue,BSH,2000,
xch18s6tw20cfy5phee0627qhan5a8gqds8aj3nry8upscksq9a2a2qscd03rg,BSH,2000,
xch1c2zf47asu6rjjhyn858y5fevdz05cc7c3laf4drzna7erwjfcr5s83cqv3,BSH,2000,
xch1rh8pxwysw922n93etgcerg5f7lmnsyucx3p6cx78csfhgdmv8crq5r5uwx,BSH,2000,
xch1lhs68znjfygaq2jtkqna85hswxr3m5jmf0yhaz7guc07rwx8sccqrwqkkv,BSH,2000,
xch1tjd0v0zklahlqg6ycc599737lat63c86mltmlzlpglaf3cdwx04qdwwzj8,BSH,2000,
xch1srnh4m4p4p3pxn8wz5h6zh2my3htfzp2t5kjzvrcjawrt25dzwmqrzsad9,BSH,2000,
xch1dvrkav80cghhddvwct88tdda8xugjsd8zepnw0nu9vzr8t97hsjqd4juu5,BSH,2000,
xch10n8jesg4xfd5u7djaf4ahm0uedfcrzgpet288zvkm8fd6699ztvsrzh5je,BSH,2000,
xch1uwpt4vtq8260dz5df5nhg4y4j2w7zun8s5uyarr9sapxzwl754uqnp9d9y,BSH,2000,
xch1c2cjpj0w2588ns29l8uxvdf6ehg3ntvuql7nfdx8tvrzler04gcs4x0pp9,BSH,2000,
xch17ymhkjf99lv66nyhy8vtj3vedc9zpqjhu5kdc3p0gadc0f56rfssulkt82,BSH,2000,
xch1lkajjcwu4a8yjd4tp7f8an68yzg7j49fvyy6dyn8pp9ld6rfyers8yhzru,BSH,2000,
xch1uu60u7j0nz3edwg87v783gh79njck6zzhnnqnmgv8ndsy29a2uvq3twxth,BSH,2000,
xch1skcprmu3gntvefwlpxfutg3n4q6uw30qgy35utkck7q5w7ss22csljy2lq,BSH,2000,
xch1s24x7qyyrvdz5h0ew8pkezkzp286yv4jxw24hsx9pflyr4jhnrsq4knetf,BSH,2000,
xch13atcslprruj6ftul2rz6urdcmuvxdxg72fhchuf58hmkmxl2jkdssu35sc,BSH,2000,
xch15l2wwnw9tzm95qx8mgsk5c23u8khcatjf4fxl8ltrlhgnxy4yygq568ncm,BSH,2000,
xch1kqvckqcldd7cmjcz3vg5nueqv29jf5p4j8gn5fs3ajztdhvwvs6qffr4sg,BSH,2000,
xch1545eqzq5dnyqrx3mcywaj4jlkhz4rq4emk0p66pa2zsfsjpfszgqffxkp9,BSH,2000,
xch1gwa852py5h9jmcx35hw9mv9wjr2mnsdcqfxmv97w8rfkz5g8vrgqjp62v4,BSH,2000,
xch1hvs4650sjntgye70utsmv7htuja4t8c0fnkek3fae8rpernnmdys4jttk9,BSH,2000,
xch1m5ucn0eswtz3q2fsgpnkh32mm6wnyyz9cv3ph3hcq2y4e4t0d58s0ahar2,BSH,2000,
xch1tm3qwgm5gc57nh6wt402jutc8wq64dstwlq97dm67ggjegx4ppnsjyzpqw,BSH,2000,
xch17mpfk95jpc5m3qlnh6f6kahfnqf05yk2ewcfll8q9nurmcgte2xq3pwjjw,BSH,2000,
xch1m2ex9l30zz9xqd7d69tcwmnvvud9p3spwq8c3zs3r3rpn7jsx3lqq83pfl,BSH,2000,
xch1g4eg3qffkdx592tj6ffnhsh76haxyn065sar39ukqycjtu06lleqeaustn,BSH,2000,
xch10qw8qax6ddvcjmdg435qnkvmsfhhesmky56wedz6gv6ur4zv22nq8mr6fu,BSH,2000,
xch13tr0f4wlce5c5eylhl2825hwn22j2tmgmtes83zkq2lvnh6l3w3s8hacc7,BSH,2000,
xch1ntpr73qv8avnxvnulf87xc8g2mncmn0zxk7ducdgjlmejhf4cwrqetvj7x,BSH,2000,
xch135qxsfu3ant9n5yxrfs45u6d88mc8hygjhcl08l3mual4n0qydlquu09fd,BSH,2000,
xch1vcx6eck4mxlzepwulktht8kyswtq9xf7yacun0gaygu0xnkt95gqxyydce,BSH,2000,
xch1yfa45fvefgakaq9flq5l39aqauahtuy4l6pfjtunfzx8gnfa442syguvmg,BSH,2000,
xch19xe0zu604agn274xhztl7dr70g0u2sy2z9aydmsvtdcmzlk9qtcserwe7d,BSH,2000,
xch1zxqlt0scuayju34m0pdmdf3jhutvd7zn0kq9e8ak55c7msjg72cszs0226,BSH,2000,
xch1gfmv0az5dkny0qmw68tauyyj2632ath6ca53xg3au799qhlcn3mq48x4kc,BSH,2000,
xch1wz84fseamc5lgzkneunlv2etyl3usgz0ll9mwlp0cclnshwfpmpq63rmh4,BSH,2000,
xch1tdv8e68t5m9j84s2jd09fyy0zgm8lyj9fv3tlknaqzsw0efrtm2q9a4vnw,BSH,2000,
xch1yvsdaqtctslpn697c2pzqsz7x7jnlgc3wq4hhmdxlfss5m7ku2vs2gdvzx,BSH,2000,
xch1a69r90gx5xll2fcc6umg4zu3euh9a5a0wyeew69qkr7yvjujlxhq9v6yfn,BSH,2000,
xch1nwjl3qf2e9yvv87eju55hd9ep6p7ahhrlm9vflvkt82ynjq55hvs7lkz5f,BSH,2000,
xch1lnuqk4sx72v380sw22lplz4nkvgpzvpree2wg2frw66qj6crkc7q6hz9dt,BSH,2000,
xch1yh87j5t6xsju9lylzyasgl7tr0pdttkmyr6ma3sn3606kx6n4uwqsuslgt,BSH,2000,
xch1xtvn53etg7ptds3fydc0cja8fagh66zn0zyqw34xtmmxx38quqfqyraje4,BSH,2000,
xch1vgzv96p5petp3juxl9fgywn7kcmjz0x64zwl2m0rkhf6uj7tp3dq3l05qv,BSH,2000,
xch1fpxltklmkty04v4dg5ntyurtneqjuzjfkm2e0j3zmg7tzfjtj5hsnrlxjp,BSH,2000,
xch1ye7cmca2wp55xke2vapw9lg4u7d954ngrj2r9j2xr8u3w0ssr9es90gwsk,BSH,2000,
xch1fycapg77rmvswm4j0vh8ws49duyk53s70a03r5zunclwtfs0r8pswfe6ae,BSH,2000,
xch18wa4twgq2y3gr9yncmsmzyhngnjwm78kf3997p8e0eq8r5qewu0q3ycx0p,BSH,2000,
xch1n92g5mdksg4g8q93c87s4j4j9rle2wlf56jg80x4dzjx2el6l0gqcse8gq,BSH,2000,
xch1lfzjkuup98g5qhsft26ntjthkj6sqv8ml696vsu2amzlnsuzvmts06qfjh,BSH,2000,
xch1xlcunckl2sfra668lsj5nv8u88k66hctast93ensstfqaewj9a0sq7xkqz,BSH,2000,
xch14nq33rex7r643nlmjfelrr55re7l0znf2z3dd0cqvl67kzpdzq6qyfdzd9,BSH,2000,
xch16euztxkyrhhqml6yua88uexqj8yve3u0jg4endpruysvwvpenneqsseca8,BSH,2000,
xch1w3ga0q6d35mc5vxe8qzdpputaltcunqdlnfmj7emk9nef767jg2sgmvwzr,BSH,2000,
xch1l80m9wssl4vha4xwpc06qgg3f52rzf90rjshnaylhqc0729jny5q4w4e4m,BSH,2000,
xch16a7kcsjdxl2ax9grpm44u4kfcg4kzdwa3q4cy26u9uffts58hewq866dth,BSH,2000,
xch16aw376s9l3gd0lj7mlcd6zt9g37v3keafl7pjem2tyh3490wm8fsu0v2x9,BSH,2000,
xch19uvtevuj48y6742qk0t8msr837grc6yfyagmxke7n2nasf84aukqz89p3r,BSH,2000,
xch1u83x73m9cefkn4mnumzx39wypdavvv3g5kzjnstk7zt8e0mmz2tstl0us7,BSH,2000,
xch14q69njf5tp4mmzf547zpjrdv9rcdgr8359fczh3z8utyrwe0ac3qg3lcp4,BSH,2000,
xch1z6aqx3lze3ru50kdyx9rznrvlh0x934m8rn7vxt8u0qusgfsfkts9hxhn2,BSH,2000,
xch16yww3d28pkh5pf2lfgkjs2gn062djdqalr0lrhul754e6nuwtk2qrsmeyp,BSH,2000,
xch1e7yvzh8uajl3dmpzt5fn762f5rus6uyflxw3n25z0p0myavp5r9qnfguzx,BSH,2000,
xch16j5l2e6ypstumqqrjm5ejcx7pe9290xatwy6990hajdyv7tvjyeqje9yz6,BSH,2000,
xch1uwqnr90pawvaf3s79mn6ezh6f2e2aw40vx03myfpfhye64u67hesaygrtv,BSH,2000,
xch1d9jqnysqmc3nycccl3x9tv5uprdcgmpw6slhahfcgnqyjc2t0nxqxd28td,BSH,2000,
xch1ax6unh0k9g8mz49kxfxzcsa4jecucv97uvcft4atsn58nrt26djqjawcca,BSH,2000,
xch1mqd3w6hwv03anywwvys43ctde0cenwnu0za6vxvs0n86taqhex3s590wep,BSH,2000,
xch1nkjzmhwtsetfcud8jgnu9ccyhedchgwhhrnhc2s77gssp2m5eetq0ckrwq,BSH,2000,
xch1kxa3v85pgdsnmztmvc650fy7u3pkwc0mgre3akr7un78p4v0qrtsfs9kpp,BSH,2000,
xch1kvd76qlyyc7l6p3a5nn0kaaakyaafyngnk7yk6zxujplcyjhkrrq666fhx,BSH,2000,
xch1fv97unamkfcu5yvcd3ugpv24t0fhslgqynpk239lxfeyv0dcgvkqeqn62d,BSH,2000,
xch1z0z2txp9tlnpqh2u2cdwkr4fpuxsf546s6vc0lurwcegcfypkfysnhnmve,BSH,2000,
xch1ehns3re7jqzjvlz9muremc0rsjwgr36af9c3lx6mvhpce93cuctsudvm94,BSH,2000,
xch1efr7kd2aquhk720afq93m536a4w8gmfjc43u2v5hsk4mdt2gewkq8wyf6q,BSH,2000,
xch1ey7wd9qdsh9e8z0rg6ucw5ja90uknsclus2trxvh9kuq4xexg3dqkeevnn,BSH,2000,
xch1w5rnkgwm9nlvxqzckg3a9yeu8h0lyr8wxdfg22vpkevknwm4dwrqay80ps,BSH,2000,
xch1e9eavl5hcgsd0llzwhd05uxstcnj95ry9w794qgkklsz8mulkwhsvzzz5d,BSH,2000,
xch1jlpd990hpf240urkf8ggmw5d0dc65pzvyjgrerphlldc92a073yqc0he22,BSH,2000,
xch1ghusycq4pvaxe5pttet4xlz5vg39ynr93ef2us6q4c59mv8wwhvqq9g8n8,BSH,2000,
xch1tll5mlupt6gv0r4tus6ydxz9dc8auahhlamq28tunntc4y5vmarsn6272m,BSH,2000,
xch18uja6j9k6qn9hdfyssn55l3fpdpmpv4akcgz3eejv4e80hj85cqsxdcqph,BSH,2000,
xch17gfjmp6nm85qvnyhtazggyhcqhcrpja0u8x6pkmv7nuvycx8zsesnsge20,BSH,2000,
xch1ufjwqtjwgp58w3fqnn57en596nlfvekj5vmngf0cd603f4hh6rrqzsch09,BSH,2000,
xch1s2ctrda0cy6cld2tdvprjmmkv55lvtzdjcj84sxlpac9c086tuvs7mmejg,BSH,2000,
xch1zyg0udwgg80avqqre87lr8u2mnyhu4svpmwut0s4hg6kejqaxmtqn8uz44,BSH,2000,
xch1579uc62x50pl7a8c8x6gg8zy93q5w76qtzttj9f3c0whrlfp4skslzywkh,BSH,2000,
xch1nscmte0mstsxeqdyxwqhhf0sgkm6stchh3vmyh9lenzn5jcputwse6j4eh,BSH,2000,
xch1n020rvv85f56wylvt3st7xdej7edxjfgrrwgkl36tpqs6yksms7quqz9aj,BSH,2000,
xch1nyuas7h807f2lfp7dqhcqen650z2xzm0m4mkgamk3lv0fvpzqevsntd5w6,BSH,2000,
xch1v2rztnz58pxz3tmgar35zke2jyvm74mfpm6nrh0x9hstd9tsh45qv4kucv,BSH,2000,
xch1ucr2wedqn6xur600e3r8y3lappdl2zg2gu24wwcuy79qayt6wzdsvvzg82,BSH,2000,
xch1hz7xnua3f8cm3m00gsehveeusy05cpvmrzfmhjcm93c9v7dckpdszhaewe,BSH,2000,
xch10jez468mypgz7zeey6jm8pcnurnj76ptywy00wgaafxa9h5qlzlszvzfq8,BSH,2000,
xch1lqs5nhua4ce62xfjnsxeg0w3r7av460qmqgqmw494u4z9vh9803s2unw37,BSH,2000,
xch1v64xvzjrxh7hwk5t5rvxtkgnf2eyv07jyyx30jq5q72a6r8v92mqs4lldd,BSH,2000,
xch1jeemm9fdvfcjfm4w6373cf4ffh2hy6p0vswygvfx85m7rx43qn9q4rn5k5,BSH,2000,
xch1nrxjwquguz2mds4kdqqcqw5e2cfp29ycgx6atqa5xm3caw7ay0dswq3hxa,BSH,2000,
xch1tujnemmn7ar06z86wjz7rzf9dmq9l7pyvexppcgpvg2nrlll3s9q38lexr,BSH,2000,
xch17p0dj5l25y7md3uukgs6vccqm0y54erhem6p9z34l2fwgqa8cvjqhjw0xy,BSH,2000,
xch12030k73qca8qdyl5s9s3nkpmm04pfp8z95m64mcwwz2940ekgn6qc24wp0,BSH,2000,
xch12y8fy2wg6nzlnzxsrqhhehyezr6avsg8akzqjlzfn7u29mq3gwps7gsfvq,BSH,2000,
xch17e96ngey4fmwpg9h6f7kq75xjutd86atal9jnvkle2lvay5pgzmshgrlkw,BSH,2000,
xch14z9g6ac35gar68jnas7hd4l2qng8j4r2wch3ngupjschz4uyap0ssxkcgp,BSH,2000,
xch1vpl6w7qy6whgvfek5nqcvm4vq3h90dcvc7qzxc3jgw3kn5wlqq5srnfjex,BSH,2000,
xch1c3lzynsvyldsz7kjyujyerrudkjds32lx95uwywkju4zusty4klsetqj0v,BSH,2000,
xch1xtr2rnwfgp0a8kl2zycyetc0tqltyqaq4uskevkjl2c5ccfl7ggqp0gsmg,BSH,2000,
xch1js6cdaqcckxw3heg6e4gvfp7zvvd4rx8guv9a96f4gxqh2x68dms0jmzw4,BSH,2000,
xch1hry2eqr9qmrkav65pn6swrqg6cag7xtg0zyr6ysz4mne4z87p4uq7ld55l,BSH,2000,
xch1cj83fvn2yfy6nff5vwctlekf0puleww7u9mz9pmnfe0m4r3sj22suhf9mc,BSH,2000,
xch1uhru7a3way0epdjpmetyjdphrk7a73uetum0knm59k00fwvw0x4q42rwcj,BSH,2000,
xch1ss33kmg775dyv5f70kpm3lrxahz02knns9fevzue8jaelu3r0c3se9gxqj,BSH,2000,
xch1l83ravxlzvaz30u5rv45cxtkv2r0vgegj66wuhnlym9w4xw7xdns2rx6un,BSH,2000,
xch132g9qgrc3d8h88fr52v7rkftldfp9f8mm34yv4fpefs7qwwpf9kqxzcv9a,BSH,2000,
xch16y975nsl05z9acs7njuk6cskzwr3ll3mrcervtkezlnkklamch8qzee28u,BSH,2000,
xch1fs3r4hh693dhhu0sh02yxqlf9ajxvzzswc603zh0vn6jpy0kcz9q9f320n,BSH,2000,
xch17ag95h0nx7huyz5hskcfrwnv6mqraq793jym82kessh0ug72utwq4m3f8l,BSH,2000,
xch1fhv3vslctaa4ejkacnxzvpcjvenvsjtjuae6j6l0c9lp2yv7dnrq5zpnfv,BSH,2000,
xch158rfl6t096dznjcht4xkyu9m84fwwvkuljqpe9vhvq2l9lgtqlgqslhrjz,BSH,2000,
xch1ucda2u3sp7p05shjh4p89sjxun4jjr27qef76psthw8t9m5eu9rq73q38r,BSH,2000,
xch1u093a08ff4dm3gcp2flcn6s9kzg7fjy8dqn5n0merlylzczflzxq8xeam3,BSH,2000,
xch1rzyklahawsk2h03c32e4wfwf9x0aaem7tenvm759wqkywacfv8ssvxugyf,BSH,2000,
xch1c0drw2g7npxet9sktc48dtdustg3vte6cykat2w30qyyrgyj3c3qvtdjw8,BSH,2000,
xch1jffm9cnp2lvhskxpvhthlv6n54q7yegedcatw2rt9z3kj2cdky4qjgq87q,BSH,2000,
xch149v39da9nt5e0jhvnctnqls6x2mpfqrsq77nrm58d09mu4ftryusswjea8,BSH,2000,
xch1a3jgyqg5wwpklvg0shpw4mqulxjma3qwphgk3d6mqzsprhkyjh9shzfnye,BSH,2000,
xch1yl540efk9r6pj8hqerzrl7uvaxuhsf0sgft95e5qa0xrujwk805qnm6kq4,BSH,2000,
xch1875pdeea9vugjhvudfqrcyx0kkuf5km5qpyzncc9q40ja9g3wxls2zk3cl,BSH,2000,
xch134stw6rcfhzv9gpfx7rxjt8d8tcvr7qzn3sfxj5gjae0mne2ggtqnkr0cn,BSH,2000,
xch127fllychvlfmhcp829ha9axphh88pevmhav4j9g8dg06h4grlgqs53m2yd,BSH,2000,
xch1tyq9hmywhuv79tya3zuwxljde3mglmhv0rgq0pwdrk9y200h4vhsm9q664,BSH,2000,
xch1mad493r69u0jt3zpsxdf8zny7mxc60ehpzwuqa7e4ttqlmpy0h6sjeswda,BSH,2000,
xch1sz9su3g6vpcg8jqzh37rmze5hhucy7p39k64ncj346zvlfd5f59sayzl37,BSH,2000,
xch1gtyxdcl2tgw0eg2gx70l8zpvfhqg9udslj8w3z3sae704vqsuj3s734n2a,BSH,2000,
xch1re7uuxcgwhc8kw4u6yr4z4duahpx3aq7hwykmh7awr3qtd94mhxqxuzkjk,BSH,2000,
xch15hwe35xpv6veutumr4vmffxpdsfkv70j74tjmttrqvysgjpg6qesc6mmmt,BSH,2000,
xch1frvfk0dakw9ptup74x08gl8p0y7uyds7xz9s8m49fyc778tu6z8stds2tf,BSH,2000,
xch1m3rw9qppnwvcf5a9crqtsd3uw8gn08pj0hnx8vdsgppnlclwkqqqlus6uh,BSH,2000,
xch15qru3sgjps2q8jvhcuendrnctk6g2c0568zp6u2e86mefr3pxg8qekpp6z,BSH,2000,
xch1myenqxm500jds0q5ckxve8l6m0pwcfnvfwcw4dde8cacq628fylqv0p8zl,BSH,2000,
xch10tge98vuwftgz4nfjhem8wj5mwrycsqufrl9gh5j3rr2smsyvansw6y3cm,BSH,2000,
xch1kxp7k48c52je4n934rz5y5us62a42hx75nt5d30unyu7dq6gnpss7p0hjl,BSH,2000,
xch1cu2t0g34n63yugsyuyyc2pu8afq0dw4mu0z28ulszf2kecqq3a6s8dnuff,BSH,2000,
xch1az4e45q7n3a5u50dyqeu3jl0krx8gusj5e8e6506tmex47849edq7pcktc,BSH,2000,
xch1tjxnd83qhnnpdd4y8uds7nqcy686g0sf3ls2ss9jd6ggfu4tmqrq9x4qkn,BSH,2000,
xch1u5me6y9ve0stknd9x7x4vafjmlne54nwyt8qwfg6g8699250kaeqjgacp9,BSH,2000,
xch19yhk4vwcgeazzm5nk29jhjy45y0unfp0awkfsyp3hyqrqwy4zljsuh6msj,BSH,2000,
xch1ddcwhrd6gwhnl9ltw0hqschsakwve2y9lquz7v4y2hm5ms7he5fsx9qrp7,BSH,2000,
xch1ksyc3zpxlkww2ae57lch06xmtv3up9y8whx35ezgqqcu3g6zqrnsd7ku32,BSH,2000,
xch1ey8pvugfk5c8ns2jv0thy0s49cnjdr6gw7wcmwkxlk336rmcdd5s4ykvs0,BSH,2000,
xch1y32vq0ur0r8rdjpqa04jmf0nt7utz440df5aqlt9fdxga7tgnrksqa30ju,BSH,2000,
xch1jt9rtrcgcsf9jzd395exf4phtch4frqrmx7jew4dp3gxrkuq0l6qldfs6c,BSH,2000,
xch1jvmhnzlrlq0gk9hfutnfnuqvdkyxn3rr9c6t5zhj0zgn9yg7fa2syycy43,BSH,2000,
xch1w3kq64qt6v4ydpf4fdsm67w2zumvvxw5yj685rwv8ewyl4sakckq8tl4wf,BSH,2000,
xch12ex07dqmy09zj320gwn5kttfl29fyluy8ez2kppx8lawvac6r8wqrr33dh,BSH,2000,
xch1fgr9mqarxwfc2ln80pt0j3shd6j9zwk6y40xhlsn63a5hwufjeaqw4jg3a,BSH,2000,
xch10exq0xd88dcfr625ph3gzkxxrjstfy5wtxzwwk3ygy0xxukpczuslnjy9n,BSH,2000,
xch14n8wdkxlfsaq3ef6j0mhrkjh2xdad68v65zcpm7mcxcfkp2z3wlstw6ym8,BSH,2000,
xch1l8upeks3edtvmanugzrlm8yfd9y05tjfjhzuqcum6sx7jpq6y52qlpnyau,BSH,2000,
xch19lhruqhd5lz3jcqhusk7f0g5wj4sfduv8m8vztvmprukw73lm33s8dy2yz,BSH,2000,
xch1duw54rjc4qmdmg3a97y5up23d29wwpcw3wtups6v2gq0gzruf0eqe3p2xx,BSH,2000,
xch12r6086uns293m0gv6c0kzp47wn828n04ja452hfun5vvyy5pjeyswsjkuq,BSH,2000,
xch169kf0ghanrhl4gvwk6xuutee4fsley42m2ukvxs4l2qxexg3l68qfc8mv6,BSH,2000,
xch1rql4exmedgatqpxf2jynrgxdcmwtv94ksfa83nm849df4axt63dqur6rr7,BSH,2000,
xch1eny8aks8tdzlkv2pf742k6euc95yccmedqesvuecdsnq6mae48fsgpg39u,BSH,2000,
xch1cpm6fk870afplekd555vsdtel9v384awnw445wmzta29znxa8mtsey8wcr,BSH,2000,
xch1mcwehk8kpwfrg5hyfl4tjk9c87jpyyhdhkhtjtznnar75hm6aleqfymthp,BSH,2000,
xch103ga2669ty95xku3ywgv07dztn59zqzj2y0kltrdhlc0cx8y3xrsmt5uxq,BSH,2000,
xch1jhpw9epgvajlnfqzxa7pmptvptua7rd9am2d3pedygpjfcz9w09qe6du8z,BSH,2000,
xch1mgrxr2ksv2pz7xvh4hehlk2u8tjqwxdmtkd9s2v5pyqlv7lk8sqqe2k5cm,BSH,2000,
xch19pjgrq7hfc75ynwg5tk3nqzmnvxma3vul3uvwhyvfpd64mdp3vkqlfmtyx,BSH,2000,
xch17l6y9wdx05zghguezzltfvxk60y8l7jc8l0axyfk50amh9hc8tgqhrmunf,BSH,2000,
xch1ewc9x75lr5xhsud7sexjeds53etq5kwx9e6ltwu3qsfndnpkx7pqw454cj,BSH,2000,
xch1mlcl507zmt7y9kux569dl5la4ferltsnl4jmaf3p6q8x8p53y6zsnhlhm9,BSH,2000,
xch1w4fd9tnqr9h0rtyh20xhrznx0lltmlr5vc6duxy8turr4fhvqm3stt6ray,BSH,2000,
xch1fv7ptxnattfqv8xu4kz20ad09zz6kw8tm8glmygf63ug8qufdyxqv0p30p,BSH,2000,
xch15uj0c6ruu82venhcggrvgse4pchcgp8drg3agr7hrfpsnq2kw55samwewx,BSH,2000,
xch1akarrmj6kcc0gjd9hnnd7q3eeym2g7hm4ft5u73ghwq2l9slvujqa2jhks,BSH,2000,
xch1hdm9f33gn47vq4s527rhnalldyaj4gkrdfy3e9c4yxkp49ks6fwqkljafy,BSH,2000,
xch1ssws4spw8wwgs3p6x3h4rth8xgnq5mfsx47np45q69r96s77xrkssmt5ja,BSH,2000,
xch1xx249jtvgl96a484xfr3t63mwgkzt66hc4sxpepkt57xuxl0ye7s3g4kxd,BSH,2000,
xch18d6epf7ht4y24dza0nk67xpl9448lngyc7t09kmyv5wwvxzlfqasc9u235,BSH,2000,
xch1x58yyv8avlsrjfthnn3glzy3d4qpt7t2rre22jux92ndc7lh6ncsz6ra4n,BSH,2000,
xch1ktev84gythkh5trzhsjw5cnngeu8lcuc97qgugnvpdnzu5tg89jqt2ll3g,BSH,2000,
xch1zeaauz5czacktdlcg9zdvs6zdes5q5qld6chrpleth42xngx9azs33g3ps,BSH,2000,
xch1yxkc4l52e7teayf0ul76n274v83770t6hww25g3nnz246nlhhq0sc8zxff,BSH,2000,
xch19rjzf4fq5w85xrwnd32zahdc5pveq2cmn0ge5y50a4ymwq3h2fkq5y4n9e,BSH,2000,
xch1fazpj37a97qcf7vw0t8ygjc2wxshve99wwamxs50vph85nds35kqg3al52,BSH,2000,
xch1e7jg48l23z0up085ywqyvwmdgsrnt95kk8688yknzyrwq0hxmswq4zfh72,BSH,2000,
xch1565w8chelxlkudu95kyh0ttedl2rmkm9aj7sxgdytlc4eu8fvshqphlew2,BSH,2000,
xch1gjjqsstw85ksh767wp4dnkdl9mgwamr8w73d8p4gmu7xhjs5z4yskm8mzt,BSH,2000,
xch1ayyyv8w2cnkpntzvx0gksl2ekfhflcg8jkck8vs002jcanq0cwnqy5dw5k,BSH,2000,
xch1ygynjdth4rafmalralzyursz6au3uzcksjfxchv3xhp0gcrm9nfqcfulfq,BSH,2000,
xch1m3fxlpclt28qns32rarmj0ppjvknr64985yzw0rxgjmmpa8mmfes7uwc86,BSH,2000,
xch1sx5vemj7nkpak72xgm3e9dklnv4zy8e29fhw0f3qdwmfhvwlmvdqn828va,BSH,2000,
xch1lljad6py2gp780lqmf672adm34pwkjl7ecm7qg3pa4mjza56xc6srl9dmg,BSH,2000,
xch1xxgeshaqe2gdf5xp5kqtvkull8wc7zqnejfawe0jyrjv76kelngs9m8f65,BSH,2000,
xch1z6ez4fdrwvn0z7j4q6q4htemzkh383exz6rvlf2l0zfj75l5a72q46k5zq,BSH,2000,
xch1dzzqpk58ya0wskcq8cn65ajw59lnh9prwk0ljkjqeqxewv6ywm7q58z7c7,BSH,2000,
xch1s22ajxvqt34vqhjl77hfkxz6mhwksyfn6278gg5qw0xxmd9nw9cqk95k2v,BSH,2000,
xch13mypxxtstcd9e4q8qynsj0xzsrwvagzz5z7ce4f2cyhqrcmhctjqlfr7dd,BSH,2000,
xch1njzptd5g9txvxfxx9qe5yap8hdx56lat4ju3jnvm9syftrcylczqelak2g,BSH,2000,
xch1hyse0yruu4h6evl5xu074x05dc3sm20whv575wewa2sym8k9ncxsqrxjyh,BSH,2000,
xch1dvx97c6ayy5grzv3wlcxjtaqsvdr8tsx7gyqgdm0vqjjevgrpz9s5nfh4y,BSH,2000,
xch1dm4mesmmrjhvhmy6qfelah5zmwsd0c89jl320urg0jwtj2sgczss3sulz5,BSH,2000,
xch12x0rq63f68kflcnszftual6hm3sppfgqsm0cay7araxfcad0l5mshf75hu,BSH,2000,
xch19dsn75pcrx63pvyyfwl06cjjwnx5f0ey59lmdzf9kzsamu3jkdequgyy32,BSH,2000,
xch1s7fr2zv5d9zsk3dngnf0fc4rhsgz44sm2f5aghds9u4za9385v3qrcplrf,BSH,2000,
xch1jshxcxhrh76tznjl9pnskfxx4wllcdsm0panpfxhv3n9p4htqq4spv3zr3,BSH,2000,
xch1rnrxrs7rruag5zptv2npy9c3vxc9ultnry06xw96vepsdvfa0jgq3qdvp4,BSH,2000,
xch1x0ynr8hly08g2vk2yxnke66pp6qr7nc3dr4elydhfllrkns4wlyq2q55jf,BSH,2000,
xch15emkddztxd0tuz3dsq3t4vytl0gde0ausxf00dk8fmqcpnucjk7sdrwsal,BSH,2000,
xch1y8rjd7md52uxzk5wut4l8f4l7cvun0mtyucatezws32u966kr5fq227jh8,BSH,2000,
xch1k55prgzkra4xtw4ujz3zn5susmehhsv8fu7me4ttsg5qc97azwpsz6h5t5,BSH,2000,
xch1u09d3p0z5qjq95vqv95zvjp7dpdv8d4adsjpx5s6lwxcpkn9gf4sz9xmq4,BSH,2000,
xch1mj8v3s0u8pp85y30cs3nc9mz9kcxuegrldcwhwtavux7y2w7rcxqun8avn,BSH,2000,
xch1acmzer9ve2zt8s5xqre9eat3eja8ukhrayp6psw0kwvwdqu0xw2shzkkzx,BSH,2000,
xch1k8dcsgy9ejaxalccw83ws4kw2n8xeel0rs6mvyezwf28jnyrc9fs0tykvj,BSH,2000,
xch1zzdvh55ayldl3ajcedqwaq2952gz2nchqy0ppu58c9nqw9aq6lpqjddqjj,BSH,2000,
xch19vd9s9x8pgz5a6009w4yuvs5rkfy46k7xfyk206frzlyaf6m4zjqut8ne3,BSH,2000,
xch1jaxjlh8nljl6wpzkdl7g4w8lagxgk8g7mvsxtr7glp7mjvg290qshy4q5q,BSH,2000,
xch1vwdsnrkx0ljes3ncpkwmyg9x70ymltdxx6h58vymwzy06m2rhjms7uhsu6,BSH,2000,
xch16mjq0tgwm9q5vyr5as7299vzg8s2z9md4gt7udkh58m0fqz4yymsgk0exj,BSH,2000,
xch1jvlw4zgxmqr3fwczr2rlzkzymresda88xe9phkwkla8pgfjsgxgs3dv50s,BSH,2000,
xch10dzmwwytnprewf298k6mp8el72gz664z2n08f4hdwnf8nhgkenpsrl0mcl,BSH,2000,
xch19md7juga4ksfsdl3m4cq9wuff0vzz5xutjdsevu5ajcp0378yxxqwkrvqx,BSH,2000,
xch1jp03c6655563ttcl5ty6v9v8gypy45j3c22cycyy46g6g23xga0qw9p5da,BSH,2000,
xch1kf2t03p30c8kce86c5ktxgpn6vclkgqms65h40u9n7p0nn6frzpqr70uqz,BSH,2000,
xch1caqhp824flyrk09496dkx4q7qs5ttefkh6r67x7xq9nn88avdnxq0wuv0c,BSH,2000,
xch1eudml9xcjzkccmk53s77c7jwv56mnxkvacmlra4cyvucwpgayp4sryxkp7,BSH,2000,
xch1nmplz4gpwcv8dxlgylgjsfcgd8z57x3tdqdrk8hvjte7azj6cjesw7heph,BSH,2000,
xch169und7rpzu8ehsdchaxm50lzy64yvjrygq0m5qpdu4yecjzjuhxsjvvdcg,BSH,2000,
xch1efda9l6ceuyns62krxuyys8nfa39mkpdnda7dns0e924jlxck89s900ah7,BSH,2000,
xch1sltajjx2yr2aqyqjg3ua6da25hzq2nkx9kxfee2g3vcgwu9qpfhs2q8lsq,BSH,2000,
xch1nz2cvql872pds6dr2lqnusxrya4jdatg7edkeutzy2tehmje577qw45szy,BSH,2000,
xch1rw0nac8sr6ex4vzrxzp42php4n3ew527u3yc8dqgshcj6hvus53q8zmq2t,BSH,2000,
xch143hzgzx477xkxzwe26teeecrnkdqjrcuc45jsme2nm2arzmyzh0qmy83sy,BSH,2000,
xch1r6cksmgr34v4nwvr6qhhgzya4v9mhkf24tez45gg6t6ye97jcslqjppts4,BSH,2000,
xch1v8g2hts6qartfl3hf5can23v5ep7gzvksed0e7uk7yttke2dpnlqum6afq,BSH,2000,
xch15vmestv0rcx4m6n0mdmvdv76j70c5pxzw57eggp4n5mfn50h9csssea70s,BSH,2000,
xch1lnw67k7y89jzwfaqrggtrzdk9y9qqk7caj685p70lguzamq20tvstl44tu,BSH,2000,
xch16xx4k0j2kva2fhju42tztc63s038xxkjrv5fnrx7t7036vm82qtqp0y5r6,BSH,2000,
xch1g727zwv94zrdmssuj94n6shzg6qqc705ugxrqp348ehzfmpzhcsqk90295,BSH,2000,
xch1jcj497qvxxgmchf6jmdy0fshuslrlmuky0ta6ewtneapg2ahrvtsp8c3pj,BSH,2000,
xch1rajlyr9esxvwjrvsd7kvysfw3dusddan5denfl94k5aecfna67jq8u3h5v,BSH,2000,
xch1d2twkxfg8uy8qm7av0j9cjf07ngjue6dx8lpkdfza9t7uk3rnfrsd0w4dk,BSH,2000,
xch1u55mg3xm3s67uy7ckdue96huzmz22u8qfp8mx43v2m07t23rc5vsry6nke,BSH,2000,
xch1dhqvzmha0p7lydqeas7jljcjc3x0tye6guyrgm8qyndc578s3cdsk9us2j,BSH,2000,
xch1vkusqd43rgx84nnl50xs64f2c3s2ywdenwkdl5uu2pkxhvaz6pzqw8g4pw,BSH,2000,
xch1gygradhkdpm4u2jwq9ky5j27a2rm7tsrlx4u6ez64uegg5mxfz4qdukuk4,BSH,2000,
xch1ktlxc3q4laxvgvv9xl7y0nqtmkvyk50dpcdmuqmdz03e852myrcst4g2zs,BSH,2000,
xch1rt3jl3jtl58ccrxjvrw3dsju6d46hym2x05pp8p4cuyuhyhyap6qgcgfcx,BSH,2000,
xch102z2xxff7w5heftnxpjfv7lxsc4flakha26hgm6czuxvwyzpvyls3j8jrq,BSH,2000,
xch16xptf80l37g2k7ka9pcl966d0877ukvtjas0wfyevxw8w4qwnkxsv3yjgw,BSH,2000,
xch1nfh2lldv9ynnlx6k7rysxxv2qwfjn4whuakyzvusvy83e5gkh9hqp8qrrp,BSH,2000,
xch1eprjvggh5tzu7v06hjm2hvyxrz0n0wzz7st28wc90n6em8adzrdqa9yzcy,BSH,2000,
xch1mafp0a9uudvyuuyf375r0v6yxzy7sv2sxen9lce4t9ph942w835qa0zat3,BSH,2000,
xch1j4c9fc4zpqqrt689pnmdcfs9mxuqvgu85vva6efe8wd5ygfd2tlsz62z9e,BSH,2000,
xch1c4y04v89x4tfpjjm27fjlvk5lcxwzhyf9x47hxce745rjgq746usff5042,BSH,2000,
xch1zdph4yexamea26lzu69v4vuuwagaj665ec6p0e8rfvpaqut0drnsf44kr0,BSH,2000,
xch1l0s9ehqraju74t4fywct99ftzrazwcr3gw2ykv7wclnft6fvhtvs5wakjm,BSH,2000,
xch1ea0esna9ckyuf4dmjfry6zpksxa8nxnfsu23lgsjj0f33utcphnq9wj0u0,BSH,2000,
xch1zt00c0ulf6p0cfajznmkvl9dr6fq0ulzyn8hsdxr9c3p76cgzavsmxlrx3,BSH,2000,
xch1awku9pwwmyyjd5v575e8qx7ag6fzxcf6t78j5et8wphvwkrj7xvsrjv6xu,BSH,2000,
xch198qs7ctk8eqkmj05vp4yqldx4qqjmfu7erstv8rw5xssu2wurwpsk86p76,BSH,2000,
xch10wx2uechc9zefn75lecr29pfh7skzlfge4f776wvp6eczlavfmjqavzlar,BSH,2000,
xch17f8mfpwpu2a9accvgcvpxd9jflcd3zcvucg3f74gh9n6fgmvke2s8rh5ga,BSH,2000,
xch1a36r878cmsralh4utp2hg24t93u7jk2ajjqghtv5z6p89g6gwv4qxy5cek,BSH,2000,
xch102cs3s2hpxn6aa0ttwds0drlqzj5ll4gvexvynp46zhtcgzjmcesyhw3qt,BSH,2000,
xch1g3p0jp7q7w5p4ylvd6w5wvcjrlxcccculuvshmuf5n65dnm4zlvqf3tx5c,BSH,2000,
xch1l7wgkanrf4ejlpd42htcetx608r936q87ewky7ycvv39sxkk8keqhyypgg,BSH,2000,
xch196q7mp4kfwlmug6y0pwk72a9razcn9uvva5enhqa8ae7u8hgchmqwr8lgw,BSH,2000,
xch1s3f5pn85tkgwq9lq473s9c4neqpxds463k82hzyktcwwanpj2v0qst8e4k,BSH,2000,
xch1g9d4tqupp5m2jat70kxc79vmun4n0q2rnv09ugp8pqaede554pks3yt9k3,BSH,2000,
xch1yu5333m7e5frkjaramyzrgy9ec0ntp5a3ysu6zasht0836m5vuuq2ks8dx,BSH,2000,
xch1lakxfum669kd0tpq8fk8wwkzl3m0l4mvqfaltt2hec5g7shlmhtsjpvv57,BSH,2000,
xch1h6ezsqh3vjnthwgn37chn8peuhg20u9tk0yjpj0pfjjs5ygatu8qd4qxql,BSH,2000,
xch1e2sn52xwq03nrl8jrlrjqyukw4gq8feslsv9nke7hjyq2xssc8sqg63n3d,BSH,2000,
xch1cpe628zmgw3rvcqtmm9styxd4t6rauhwlpmpzpk2txhcx9wq6j4s0jvt2l,BSH,2000,
xch14km84yq6w5wg3w6pkhnexvfjh20j56lrwk630ja2f4v2qwlqvcys2w02ah,BSH,2000,
xch1rgaa5evdf27dzvk6m89ulc9r8zc439g05hpvtdve3zcghpjzz9vqwluqcs,BSH,2000,
xch10696eqkkuksj534r67dffzhm3lv6c805gctc4m3esn76d54vwr7q7d3kuh,BSH,2000,
xch1ulue09t5hl5c43jr9vczsc6ra9qavqxujqxjmevw2auk68r0yqcqgsht0m,BSH,2000,
xch1yz9aq4c7f3m2vg479n505eat9fsv8armqwsp9lz8egwvu5229cms20lq7c,BSH,2000,
xch1d6ez5lqqvrg0hk50z6prkcs3jxum9mg2vgseas5pptm2wydegn3sfdxr0p,BSH,2000,
xch199u45793ndvpd09yqqdwal98t7z829at3lmhsexgr2urjdtgm3zqwx43j7,BSH,2000,
xch1vuddc4frn6kedeuc56ltpv7sdz2tpkcpck8xd7t52tkd4zjdva5qfkm0du,BSH,2000,
xch1xhfwjl7gngw0ajhnzdjmss0jcxgc089jq9t2kauf733yjc5wjmhs9e47k3,BSH,2000,
xch147pqy9tj7y4wp8cs0er4dw55g424ptnx3tfxwaad2tjkp27xfrysna6p33,BSH,2000,
xch1whq62mwcwyh6jkakuwtpygat2m6u9722wg8l6s6rfp4mhlmlmr0sygp9fw,BSH,2000,
xch176sf8c090zsk0euj2egtcd3z8vt0gy0pphm5l593rlkcqhwkyrcqth8fs3,BSH,2000,
xch15rh689984xw6xp8eqa0xvqycvz3zxjpmkkerqw4jpxragm5ccr2sju0cfn,BSH,2000,
xch1g4e4asvdp5sgy3uengstdupmjr7u6t9qwc2f3ns8fapag0r90cmsp5ve7z,BSH,2000,
xch1e3dpp9rehknuvwe6fhr5msfp4x4s8hrj52nsdxvyvlx8w7lymteq6zhzz5,BSH,2000,
xch10m8900alw8jtu2nu7mlzplcqk56tx6anr0qzjtrzvq6gsm0luqwqh0t9fe,BSH,2000,
xch164f69uqsg8xwzczg9wdn6atd0yytdum4s9eqatuws9vptqp5vguq555kth,BSH,2000,
xch15ycyqst74gm8umkzkd0xn90ak3zfdu76zvjya9ql6yap05v3r7sqx4qn4s,BSH,2000,
xch142a24j0ss3d4k94fegqkzrvyeptf7pdryhy3ph4a62ndx69vp65sp76akw,BSH,2000,
xch13dg9u75u9wcgyz53kvt05ncaf55dw74dmmqnfjhcr9798cr9rr9qhae5mu,BSH,2000,
xch14ds5mvr2mkkswqu5p5e0myuu5fhedl5d7gpvhsw2326uqk4knkkqucldep,BSH,2000,
xch1jkd4w76dy7qqfgd5jrgqe7faawthkpsfs963vuzu068cld6h62aqd6tgm3,BSH,2000,
xch15sdmr3jra3dpzqm2lzdjggvetq6sld7lt7phahv4nrp7tzt0eymsfnwkwq,BSH,2000,
xch16g8mzx2frmmgckx8l60trgdewwrjxlz0c8ts3fcdk20jjgp0grnsdy7zwf,BSH,2000,
xch15ug0fpye3hnctcv63mypfa023xc7ul3p4epm85mk30j0wmcgtp7qdy0f9y,BSH,2000,
xch1kxnger9h3rv6ccgufd2a3h3qtszl308chejpxy632y3q9ycenuts0pspww,BSH,2000,
xch18zj5ll8m5ft772pesyag2vx5dphz2hw7p2sdasarqlt2v7ztfgnqyw3jvw,BSH,2000,
xch1sfnr4v5tft7hlymcfdtynk0tpff6d7a3djfe5j4s820sw733ftxsx8jdjr,BSH,2000,
xch1vzu69klulsczu9zzdctzrtk7s09nlykkrs2cds65kx3wakquhdksqeg355,BSH,2000,
xch15lcz68df6u5qgez40m2ay0y0qvsmnkqwt5gtvv5lmv4qxm0zcqksqdweyj,BSH,2000,
xch1076pha8tsv0cgmexh75ypvc8gyd3qekzw5ttx3ygardwzuv7fhrqv8uj3w,BSH,2000,
xch1enj3kxdwlsusrjc9n27maraazxtrwxkeawsn77y9ftq3dr7gpkdsq0rnr9,BSH,2000,
xch12u3u44updjusgpwr3cgvywpsgrtff0he7fj5dfuk0azwdt2e88mqa8q6mu,BSH,2000,
xch1mpp25tuaz78qz4jrg0j9n3slqh43cma02vhkq3g2aukq8a3emc5q0ktcrk,BSH,2000,
xch1l0ehm9w5mlpmawhy092t5cgf3s2783dq336t236mw6l3g3kg6yxs8373vp,BSH,2000,
xch1ngma25ca74qydml04dv8lgkmghau7cpu03jvy5a4cu07ptlxv80s2fwyr3,BSH,2000,
xch1jw5zjky78vzycfkfcs8kd54kwa7z64f6tpevl7ve8tehy96zvzyqklmk2w,BSH,2000,
xch16mlwnsr336mse58df224vneslvr3gt7ajp8dfxrz2sk4h9u3dcmq9vh7nr,BSH,2000,
xch16pze25x3anc37jct0xqqxwfqsusvlxadc8v2qcnnr5tjyk5fqffq85npn2,BSH,2000,
xch16llrgxt7l48ed7z6eff68vuhxldyfj6r6c36zxtzpq624z45lx0s7urrw7,BSH,2000,
xch1xtunmagycxesr4jtmzwjjerhd4p0ykps5gn7le2dhxfds9sdmefqptenrg,BSH,2000,
xch1eddf637q5qlexehcmey3vlw95gzdxaru8fegqhxcexk5f54hcsusqf96zf,BSH,2000,
xch1lmcfucq28srn5h7htesj3v3j5cfnx8wazug0893eeg633zz3gzzqqhtl9t,BSH,2000,
xch1squ7le55c0dg2l6vzzc0q330vqk0ydw6s7h0ahm2ep0daytax2vscrqn94,BSH,2000,
xch1g6saya2z53nuvycn229xd29epm4et2tqwtn52r0zyl67cmgdgs2qmhna86,BSH,2000,
xch1dte2we9kwlafp3ac8669r0fjhhy59r3vlzum92nywt67hqmdu3zqvf7chj,BSH,2000,
xch1ntk3gjuh9ffpnskyzau76f58xe6u4kjv52atsq6nnu8a8xyh84tsl0fpa8,BSH,2000,
xch1pmpkvhgn9kplq7c0eypzv834z777f0e9yrsthdsyc4vcwgendxqsutqfgl,BSH,2000,
xch1lrpy3rvm7xslp4yn5cc4a4gly0shmsnf8ulk64cp3nc93lrzzwpq5sr7sp,BSH,2000,
xch16t64qmmyljf4ks8wphn8vnczl95pnhypjmtxqdwthz05ydhavhusnvjcx2,BSH,2000,
xch1skca0trtuhrw8rp4tafv8vvndvd5u80nnvdsaz7u2fe7qwkyly5q4kxjjy,BSH,2000,
xch1lnttx48qaj5st9x4ds8xvxcaz95u7u3vx578h48p7lmy8k8mnvwqvql9hm,BSH,2000,
xch1tvvz0a5tp7ypmpsfcvetyej700y0lnhtqggfaa6252g97r0uv8eq09pdsw,BSH,2000,
xch1zv0krl0xczh80kavdh8u6qmsetsufvue7eh4x8f8kx3sx9pvzn5q2wcguq,BSH,2000,
xch13j70cgdfvz8zechws8yjj4hdamcyf2vxd4tshckgc7q0245k3czsqd2wan,BSH,2000,
xch1n64ewtrf5kznrrx9fxezxj0cyss60ykkwe67ps402cnjx9u9dtcqg3ljar,BSH,2000,
xch1r4gfyvp3vx5uvejjjut5fnutykt4ajnd0jh0tqvmf0rpzg5rkahqvjefpx,BSH,2000,
xch1s3s6368taqucmwa7kgthz3e9hptqh68jrptwfe4hjsd77ruzc77srjqagk,BSH,2000,
xch16te309wv7trhdzjsfydp8fax3y0uuycktswgwy5hs4l527fxlhjqw637sc,BSH,2000,
xch1et96qu8g064vfytdszx9pfnefk2p7qlngpsd8ewvsahtnnjg0p6qsq99lx,BSH,2000,
xch1d98hdkme95hlm6kzcezxnfxfg3pamx5zjtjenfjcwt7sh8j252vsdplacd,BSH,2000,
xch1cmu2pgyfxtsvntghpf7jea56sg4ykt72y9t952psmdwql82lwuuqv7zvu0,BSH,2000,
xch1fthy33zupt4ja2czr4s24uf9zcmxcrfjhe7udfrup3jfd7rtkheqvxwm7r,BSH,3000,
xch1hk3hytmksrj7v7jsj6vuc39ln85tgt6mt3rdmrgnxe0x6nc8l0yqfuzavh,BSH,3000,
xch12cz563wvnt6d7433m50cv96zln99gp3arcp8f73dnwm50qllt7ksm6h69u,BSH,3000,
xch1f9cjpj5qfjnmw320uccjyl8hnqglkgpfpjn3jmytchw4uelyt3ms3fphcn,BSH,3000,
xch1npw84gfjax59t0xg6x9mnc7vz99rfe7k9k5g8jgmn3yffe7lwrnshuqsee,BSH,3000,
xch1yp7cdrl6dzkt8ug9upy8qkadxep87el8dvuxth7um9uucz93e48qdvf6gj,BSH,3000,
xch1c3m3cfq2t6dut9jgtuwx0wxkyrjapqutq7u2a3mpcafpesem8qmq3dfh5v,BSH,3000,
xch1re3cg0v2j9mytym6cps0kwxzldgcjevaa82vj6x8hvd5zh5922pscsvp43,BSH,3000,
xch1edmylxvcyq6ksw6ck59xr5436lmqx8pgjjey2zwejjau6m9r0u9qhv82yt,BSH,3000,
xch17g279qcshg4mrv4hey0z4zy7akrjz0a3ts5crp72nzadunukfhnq53mvjd,BSH,3000,
xch1ul7hkscfepaj35c3tazvvanv2y0f5q9ee24tujreee9qyl04mleshw4hrr,BSH,3000,
xch1knjccuk3uf2rqtes9ppm3hq9m9smyhl0w268lup0amtjlmj8lshsuvhr80,BSH,3000,
xch1kqwxlkczkdk5ytazvlxfv40n732he9sdapt9zdc5ur9yxvyw2a8s53ed3g,BSH,3000,
xch1a4s9z5u5qdk6c2s8mkzs9af8vl4rrr05mgvm5gzm59qfl8zkrr9s5znkmm,BSH,3000,
xch1w4u5c5epy5j7l5d9h2g67r59f7wmgs0a3uj4lxpmdr9e9e6znysqlek76k,BSH,3000,
xch1gjyjfapymw2nkc2myp86cuqlr6w5qua24mlaz2rcydcq704lp6aqnvd5hd,BSH,3000,
xch1dlx9aa2e0p0ndzn4wh7m3qu46rjhn6sz0phnjjnscgusmer78amqfaw2es,BSH,3000,
xch1a0lscm3zdeuu8e5f6n6tpj3lxq5g2rhpku2n90c7ehjaza5ewzcqdx9w2y,BSH,3000,
xch1f6hgktal26n7n4vxzmn9khd82tajkg7250z4ezgelgl9e25vdmnsv4w5qk,BSH,3000,
xch1f36z7samlthnf4hm9m7r6vxdvz5kva3e42724hsspsdh8vzdvejqv08jvy,BSH,3000,
xch1ysk6ker93ttwjte89nwr8s3as3n8y07xm3gpfnerhlys9c2xr72s29tt6r,BSH,3000,
xch1453fr72qtd02h5kr6kw8pqq9yel4ymaz43qwfsva0z4m79wdy2sq6kr7hv,BSH,3000,
xch10d27nwem6kg29pmckr59hp3efl5pnkaxluafyfc2s53z8z3plh8q94nfya,BSH,3000,
xch1wazzn09c5a4yv8y9uk8vkvu3krdt9t3r92rwcklu0fkkemhc93uqtxkqy7,BSH,3000,
xch1kpsv5xw9sjfdj5xyuls4e0j70cjarl45ntmr5suyzra5y5vjrc4qnacrz9,BSH,3000,
xch1kdw42gfsafcsn0x9rm473mkyq49rxtx0x3rs0ufhthef685tj7gsvf704j,BSH,3000,
xch1676h8x3g2cf7652c680ryamqtkjz5dvhnzr9jy7e3wxzzw0kamgqc6w8uj,BSH,3000,
xch14afssp0d7ema5w85r2jk2dxun3mmrxwmhsw53md5sj7mf7jnah8s5sqvr6,BSH,3000,
xch1xmjtfcpu2eevz4umfpj0qwz3uc4l5qratnzeqw5lj2e2kwf73v7q4rh5vn,BSH,3000,
xch14r2kype2d4kzt3fh7lel5t4lzrhuepfc9w5qmq50dmc0tpsvupcsk4ads2,BSH,3000,
xch1czvaukntj0djv2n6vnsh05tzm2en5md6y8eg6z7yt96609l5v4qqurx3yk,BSH,3000,
xch1tnj5amnymw2afg45klq80dvzedum2exfyxcfpkruccsk5d07eq6q6nx7vn,BSH,3000,
xch16n000n3pl9u6knv88y6h5khkh3l3u5tdruzfpzpt7ymsj3nnk3yqmaahw0,BSH,3000,
xch1nzfrqcchmnxjvjs87qfdcydap9xudcwlf5tjx9ctl04w9khkmgksqcc3df,BSH,3000,
xch16rarf0r66627g30wvvswuxt537ddf4mpgjx0zqevydz43u2msk4qc2463d,BSH,3000,
xch1ux68tmusqugk6wkr3sed63fhtrmn3g87uchpta9v5rz22fd5wkss4v3uun,BSH,3000,
xch13dts9qc2cpxzyvdh7ene9pnl72gtlw0ynvzzeezmlgzlnqkgd0usn4yg8l,BSH,3000,
xch1e7q6m9fekctulf5nx5we4ss793g50nvlfuuw530aa9t7ggwyl97s63se53,BSH,3000,
xch1m2h4ulr9qce9l2qykxkdv2jvdcyt0plv3maftfhk4s0xsxw300jq4t0fmm,BSH,3000,
xch10swvd6jn774krc296kdek0awgzjxw4ty23h5k7q6ru89v3rkqxgse2enss,BSH,3000,
xch1trdse3n4ykjl98ydg4qgntctwzqdylplcu9n08wc6vrja3nv4zds3s70s3,BSH,3000,
xch15r9efu5nzvplksf2vazkdgrctjv87m8smc0l36j6sqe8hap4yzds8trdna,BSH,3000,
xch1ynw7ze9k2yktdy5kq2ddjejepjarzwnmu5krt6vga3q3897qnxxselyf6y,BSH,3000,
xch1ck349vpw8n6692z3z4ky0wzeugmhqs5fsv53axry059afsyykjtsxxsvvp,BSH,3000,
xch1575ejv8v9yrnx5u6avt4wqz9yytvcl795m6rffpfzvuxuc5np7gszansrm,BSH,3000,
xch18g98yz4fnyqh63ngneg5h5hl7ntrn4knerfqse6x4h27qvvsm67qss6swa,BSH,3000,
xch1n6s3ckwn4s2sqldmw3w0629r3muv5gn2puz36ptcuhr9z0tqn7pqvxwqxm,BSH,3000,
xch1h20llde5eensefnqj7rx0uj554dgltuu5rx0d45efjxwl73p33vq2q8rcw,BSH,3000,
xch1ghp9fmwekagwj5pu2l48atdj9prme9krnut3wnywlrdwhyssp7wqfjqkz3,BSH,3000,
xch1fxnh62cnlkwxk0wa67mak4kv8zjjere3l098yqrnnpuwx5xv03rq4mz5p7,BSH,3000,
xch1fhe7na47wup8alftjpkzf5yewfum2sq0d66y7qy0n9hzhg3u88fs67mfnz,BSH,3000,
xch10epmfs3q9v583pfnqh8l3rdwqn4nmu5ksnwzu99h4n4kze0rzq6qndvak7,BSH,3000,
xch1692yuucdej6cdctrsejlk0zjwvml7dhgwvkv6pp8lzt49apkkqeq34wpdw,BSH,3000,
xch1gmqyaqwp2j2l2mfa3jyn0ytsjcg5lu270qsalxrug36cjgfk4cjs76up5e,BSH,3000,
xch1uw39jjyd09hdmqzxm2jgumklp23ndl3wmknwndzu73an4qwlp20swvcnut,BSH,3000,
xch1u46q6yx0vjrluwefslj53grvlkjshqsfu3tavd8zjlwt6544zhxqqegh8h,BSH,3000,
xch1gzh3ufynpyvsg3r3wucuhn39kgrfn67zq4epy6gpk46fd7t4lqcqj88u9u,BSH,3000,
xch17plr8qgvcvpswxsg7lqayk8njnyqzku00uzecv25kgd7k9quzwkqptcmam,BSH,3000,
xch12x6uhwcuyv93k3r280zy3hc2r4ljw3ev96v69w3ae9p67nx7l6jqa68m3r,BSH,3000,
xch1tnl7pxn8vf8k93nhtdpuhzvunffptwz9m6mmdu0y9m5302qsmj3q7r7rh8,BSH,3000,
xch1de7pp3kqtkfp2w4ystgy4433qe053gn7ytf5hcwcyey94jndwt5qqwketn,BSH,3000,
xch1fu9jf3m2xe2jgcfvnq9llse6lsyhgvxaptxfx9y7klsgletec6kqwm3xe6,BSH,3000,
xch1n20323l04lzwc3cq0lphpz2j7n0vv0xzk6kt6jddmzgev7z7ahrqq24muq,BSH,3000,
xch154ej66lh5qlnyw8t8n583cgaumujrm6vfkj2eskvsteles04sjrq2e25c4,BSH,3000,
xch1mn9kt8j6atfmzpqu4v8tzd9tlgpnzdjqg289mrwljpxayrsx53gqjzykae,BSH,3000,
xch1g4kzeu3eyzdnt0x3nw32kn6hwy5d6rgqsn935hvlzfeee784dd6shlrqty,BSH,3000,
xch105texs0cpxf0l5sj2jkjxe5nkq23mx4vemynn46dejmwgzht8xeqd94pdp,BSH,3000,
xch1neq5dt55tee44x9gtzv2k03lcj7hxdme3kjx6cuwdf9ftpmrruzqweer20,BSH,3000,
xch1n5cmv7eswhwmdg8enskrqymvtvvcrje7dydpg9ts6d4muhnmm97sj3aswj,BSH,3000,
xch18lugyj5hd0cesnplxnhl0w5248xhdqpwqyvwlhnen4y3yjjzrkjqhgs9hk,BSH,3000,
xch1ycrd2en0sj77erncy0d590ge2lxr06s3khryscukz02xlcf8r0ascu37rt,BSH,3000,
xch1znf74jwmjswdldrh30h0l67frkhqdval2h3m59z80frya0g5aqwsav2z03,BSH,3000,
xch12xx8fnlx55zg9zty76e58clfglddr5m3ve20r5gmkpzn5d3568hsde5yhf,BSH,3000,
xch1mvhdxrgmr2uvgv7s72jrpm47amr0jldx08p87zrfzvjlpa7nxenskntram,BSH,3000,
xch1l28mnun9jnfrvvptf57z2lh6fh67xlk0jsd2u457q7gysu2dqsqq664k9t,BSH,3000,
xch1gae4gqrqq2qadx7pvmk6y9y880xw28xpx94t3zf07kxvpkua7aks7qsp2n,BSH,3000,
xch1vduh34ncmt5ywvxrtk6aua679zk3v2kunqlfc9cmdse6vywfplcqcjsg5k,BSH,3000,
xch12v4zguq4u25l0kw9ahu564sc8fa4cufgt4dehews9pkdz0mxjkvq2vcquw,BSH,3000,
xch1s3z6489jnm677d23d378lpfanazzttqfzuz4l7lmpp6dv7j29utq9ydw47,BSH,3000,
xch1xmvc8wkk3dthdetdzmhd5sudvaevknj8hdjhyl0camd0sqk77znsscdjs0,BSH,3000,
xch18hef6nt7pdllz4va5msax45x6agzjgd4py6j2fur5d2meyz89p5s92x2wp,BSH,3000,
xch1um3qkpqk268ffyqmkep3x3vtgshcpjqgshvf57ucygd80x2mj50sukgx9g,BSH,3000,
xch1j0wm0ar8katrxfm5jhkz270ftrxyvvcmdcpf62vjzma009g7c3rsk36xwk,BSH,3000,
xch1k96v8pfustvdv7j4srl4g2x7wtfj34448nkjgu86fcehp5vw2jgsh34xd3,BSH,3000,
xch127527jw047xjt3q5fflrrjfm32uzm245kvv86mm28qgqz5zdzv9qthd64m,BSH,3000,
xch1wvtmavy75l8rt8pkv4at2znk35q6e78lapn083m54ycey0zqru2sx3ptjf,BSH,3000,
xch1d3w74jw76qdt5gypgyeuat3akmy9n2l9zmsae4v6cx0ef7q06ecsmh6n04,BSH,3000,
xch1at4mu388wuetmng5ve3cr2fxvxrnr2pk0q838g30jf6t4ptwwkzs83u2vm,BSH,3000,
xch18duc0r7q9d83a4uuv3dcqegzgx33xyv82lkexleswtws0aqwl0yq97ahen,BSH,3000,
xch1vte3ygfsyj2fj3yqfued4erswlzxhuyse76ffc6l4h5j965jr70qatzhcx,BSH,3000,
xch1n2whhzyz6tp7lqcdl4axavtkhqgzpvkks93rfggrtff4t5u7lp6srhty9m,BSH,3000,
xch1k9tm88m80hdl0w7w63xq87sh9plwzd0cz5s5efdnrwpw69gp3sfss6xh88,BSH,3000,
xch1a503uyhndra6kfpxffltzxuk423ce4hfxw6pxtujpp3ntznd3j7su3fmg3,BSH,3000,
xch1g7rs0f53jkw0p0te6vafutkj4437t9c0p9dqxvp9fgemsjzqpmlq6dq6u3,BSH,3000,
xch1jz0wjnuhp0ry3grlsh6fe4wyj64ws47ufataxmwhefflw5nk9rgs6cvh2x,BSH,3000,
xch142u9erprp0nmqxxszva0lxqdpejsekdhcg9my5667kpa6s7c9n0q0a2qnz,BSH,3000,
xch1xwxeqdlmttjlkzmwhnnnnmxyge5wtr08v7fps9fwtrtuenz9nt6qjvucal,BSH,3000,
xch1kjcrf37z4cyahp9r3ux0w5x472axdfkav27jl6e74jfe0sludfls6s7j36,BSH,3000,
xch1vncxt7nvv353rvye9sl5yaxv9vhmja2sqns3qtlew8ur66uudc2qvu8mm6,BSH,3000,
xch15ch5jj3jdfm3dum5w7x0l24dsaumnn7yhd0c406g7hj6xa07r2pq4y6qxs,BSH,3000,
xch1klvnta3tvftp3ggmjccxx9nzpgse6mjdttcndq9ctpa59hnel0zqfdhe79,BSH,3000,
xch1xhghryf6nmj5apdrgx02ekz0q9ujvzw7mwq6pnp6ypde29srqylsd26kes,BSH,3000,
xch1d4p2d27aw4xwdq5n2f538776mw5vxfvhc36sq8yzjzp39r7hy4mqjm6q8n,BSH,3000,
xch1yrcmsj3lpn8yzpkwe95fvclzv9evz0v09cctx7nfvwe5udvtygrqlz0wkm,BSH,3000,
xch1xzg6zspfchznfxw3kkwpqka2lqds8ee7ua2zks7d6znl8d9w62nsgqvxx6,BSH,3000,
xch1fqjh9jqjvljt73etnhjvf8ulsgs3dejnetyx9xkkv2rhdtrasztq0tkzwv,BSH,3000,
xch1gq69genck0hrmv8x6zvtdk7xsvl629ck3u0tlz7pqelzd2h6ehqsc8yyqs,BSH,3000,
xch1kktfhqw0ynquu6cltyn7axavefge3t4quzzvlg74k4s6qkegn7xssfu6pw,BSH,3000,
xch1utrvf87nqdkshd0ldj0rc8fqxjgq95ryumk0m4s3tmnga2vhraqqrfa0y3,BSH,3000,
xch163fqadh3lq3p73w80ju759t45e6ncwpd906r52wftpaj8qk3ww0smusy28,BSH,3000,
xch1r29m36r326kla9jymrs9dudzldkpwm0arh8p6vd6dy676l0nfjlsgmjpgt,BSH,3000,
xch19hvf4s5vamhv4j0yg4zzfzqdztmjhzvvqxped69yz8a282n9vnts39ljgj,BSH,3000,
xch1l0jc8clqw08fg7amppgu09el9rwcvdpl0e4ptwy0ze53g4lv6jcqvwt845,BSH,3000,
xch1m34gffls90p2964f9g437djg33kxpfuzjspeykgd4w9chptqn9jqzh3xnx,BSH,3000,
xch1tjmy0v4l8jhx02v4lkd3uuk6h9gek3gd3phrf2suhsf7vtz7dq2skvgrek,BSH,3000,
xch1v6vum77jevn5pjdzu0l7snwyp2j70du97g9w0x9g008syjcadzjq0hqcva,BSH,3000,
xch1fxw0d8jmzxgde56eq2j7tzwd9axp835a8f0gy2adjqmmtl8m7dsq2t58w8,BSH,3000,
xch1csnxp7mmcg9gn5w42hayq97weav3w5vrsn4gfux5xeymant7ar2sdrrcks,BSH,3000,
xch1vqu8fy9jykz848qjgnx9h0qyw5a3j6p354fkfqx3q0kgjrpl6a2qjt5pal,BSH,3000,
xch10a30zz3zjw942hzt3g3lwc6hez682t6l6kr29gzca436aj2663cs8mu39c,BSH,3000,
xch1zwzr2rydthpnxk9w4gkurg0qm03qc39cr4zaexym68yj50yz2lnsjd2m3x,BSH,3000,
xch1f6xsp0h76n5cd683sgcr863fve4p6n7j48purhlrpcj90kkwjq2qevxtxs,BSH,3000,
xch1rlp35wcs0wmxgu5scw6j3xkxxfeqjuax2ghvh0r6c7qaj7da3x3qay2qns,BSH,3000,
xch14d2edh3nh740nnhge24sfp5wzkajzrz2eudpyjys5g90xkt992zsffv2dt,BSH,3000,
xch1u8r7ntuqw03vdfnxxd9lc93rplkgqdaz9stzqs6r7t5ztggzlcqqhmd0nt,BSH,3000,
xch1lnnr3l9860d88tl3fdqaul3dz9ezgc0c5ww5t6n7sqsa5k40f78slh0hhv,BSH,3000,
xch1tjyhd4j2cxp8yapyp5wkfpyytcnf2vmy77v5kq4d5atwz6vsz2vqe5enp9,BSH,3000,
xch1vq4hqmh0vhhxx6hd7anlyhpt3px2edngj9ey6xnx6szvedp036msu7c0cx,BSH,3000,
xch1s68cwsw4tej3rjaqpxt9djj55kh3ny836lr839x9g5v7yewnmsds5jgvzu,BSH,3000,
xch19kl08kwcm67763zl3rke7lvld2jfhr4prw85yxkyp2nzgyu992wqvhpac4,BSH,3000,
xch1t492sa07a5cvexyzw6ud4vx75r8ttj232nfqfmmfp3l66yvmy8gs5c3clg,BSH,3000,
xch1ufsp0mfsftsjcc76ppqapv8a6dn4vxa85dxve33z8maj782jtlxskqjmuc,BSH,3000,
xch1wr6mck4lpjxxm9rl87sha6484tsvlzjcqnumgw6v8pr7ja5jrcfs4pel4y,BSH,3000,
xch1hgc3ll25xvnney9fwajjgxr3q3h0ysy77sw6mwx0d20uljlcnamsmtthsu,BSH,3000,
xch1cygf32ra4rhn37zwlza2twq4nhvxv5qzzfcztjfv95ymm79u9r3sehmlnd,BSH,3000,
xch1z3xkc4zrfwugd8l2wc5ay5zthnl6p48045fdq8zvntjzwwf0a49qtd34tr,BSH,3000,
xch1xg56fjg242q4ggfjsylumzgqaejufc3vpxehh7lndkpxd4n2fkeqs8jqxl,BSH,3000,
xch1shvu5djw2j3pyjducncsl4ut052ygylrt8zenyy7tah583x4sdeqa8xwdf,BSH,3000,
xch1vedgczpk9z4u40vrjxp8w4hcn36xkz2tsdfwsjmttkymv63t2xwq629xf4,BSH,3000,
xch148emvtxzcq2gkkhe25fg40r0rvrhssft5re5kx2r4c08f6483qmquyqn5n,BSH,3000,
xch1ws24qvef4ekzterjazcstdaytlwy0nvfw2783y2mqzaflth38sjqss46q7,BSH,3000,
xch1np6wscxm06g6sgxfrx58p9kxr42s4gxmqfypt47wgj5k47jq286qcjdxf9,BSH,3000,
xch1g9gncj0n6967tdu05m7rh2k7dqqkdkdyk663cl7g4u4f39nhaukseec2hs,BSH,3000,
xch1xapmvyxz06ty35ncky3ca65tl02g0uvunu0j3lvnpfc00p33st5q9mwvc3,BSH,3000,
xch1cd8m5e67cyh2p8458gc277z3yjj43p5z5m3zmcvta9enkqjn575s9kj0d3,BSH,3000,
xch1yfr0u0ms63nnm8aca9qged03a2mvm7jhcpt4darxzcuu5tu90wlqttfmvt,BSH,3000,
xch1csma5xnt3jl6eqr93xd5z0em5fwquvurwr53793te578pxlr6d3sp6eu0t,BSH,3000,
xch1kkac6n77ecpmvwn25tffkjmttgcscaxzcsw4xytpm0saj2jrw27sr54zwx,BSH,3000,
xch1uumpej63hsh3ak3wja3qjzy2d4gs3zh3wdn20lvlegzdq4zlznlsashkk7,BSH,3000,
xch1mgxzuk98acpyt23rzyml54rsrmldct0mg74xvvgpz952m66cdnxsan9dz3,BSH,3000,
xch1jvemw5uwc6nmnlkh3ywznakjy9g220lwgfzsavn8482nx25futjsqyyz2f,BSH,3000,
xch18nw4eetpga4lmvj8epel9zh4993sqlfmkl7v6t07t2utgamkcnzqwktwft,BSH,3000,
xch1whs4m5ulwuphy43l3cntypvp5nuh0xg37622cz5ed68ks9z06rpqjgtrjr,BSH,3000,
xch1lq2raug0chd0m2mg7llj37rhk58s2frccv6v4apku7dmmkkvtsvq24k086,BSH,3000,
xch13smf2jltpf5h3k2fglmjmddak75jnv3w3l2mupfh06zdujxxergshjgxu2,BSH,3000,
xch1u6hnzgsl0u6ctcw5t8my2ttttupwn23crfutzxfkcaupgx3u7s5qemn5rx,BSH,3000,
xch1rpvke9503cjlfc20ah0mfzmwg35ec5pvn2z4l9puvrn5r0u0wa8spg4u7t,BSH,3000,
xch17karp078au0vyugehucwq7543w7zs5r98wrcqvkth3ppdhpsf0dq2cjtdc,BSH,3000,
xch1anezg3f997m4kc8p5xz3w58sja5t0qxfrte84rzuqftzm4xh5x3q52gk35,BSH,3000,
xch1dpf7urylhkkdenjkal80vk5mwxh5n0hm53rn7zf50ku73xxchpzs5vlrrf,BSH,3000,
xch15kvys34dtnfpwqzhyltga43nsvzs5sdfph6rkz6nhq6muskdxzlqy84r8q,BSH,3000,
xch1dqj0kxvutxqwszaqfaz5khmsf4aj578lc9g94ypnh9wwz2xsmagqvexrq4,BSH,3000,
xch1t5a5sz89xv0eut6asyyq9wjtp5exer4h53p9rqw0y2qqg6r6w9mq67ql4a,BSH,3000,
xch17an8u8n7xewmcclnj8t6vljfhj2zgg44y8z87xc06gztukply2usu25dsy,BSH,3000,
xch14c6da3dp3m6rpqulsaghywqu5g77zkjwf32a7kpt7p0jcrdwyuvsqx6nqf,BSH,3000,
xch1v9pue5372awhyh0rveqrrmnhjt0v5ng5kzrgnhrlthl2paznrz9qkjagva,BSH,3000,
xch19qczdscdxkzar2xl3rfh0h03mwc2vjvpwyzrrkwyzpsc2lwu2kcsl88rf4,BSH,3000,
xch1lntjh2lyjs9e5934w4mnyvpynu6jfrae3d5kpeasa4ejc40lyxaqela23a,BSH,3000,
xch17u2p4mnl0ldchczg992v00693xnrlq0tdprm5mh9a45kdarv5qgqjx5n6c,BSH,3000,
xch1gy2n9430ayw769ezm6lqhxvjvfyqlzdx7fajpceduwk2423mup5qmdcw9d,BSH,3000,
xch10kjc8q47sel2yk683jmsda4476nd3kvlatymmgg8gdhjsawu25as2370yl,BSH,3000,
xch10mlkygrn790wdce0s3xx50f32h6xna8uyx9d646jy6y8t9n95mpqdyq85m,BSH,3000,
xch1a56nrlj97eedpc7jg03ymzg6rwkfqjqa676u35zkny6r7vjrwhmsttmmz0,BSH,3000,
xch10l053jluxurwn2mhysygvjkhe72rc90xpz7q45cun6h3yxged3xqlrm5dl,BSH,3000,
xch1s9qc3fc924segwnw77chl8hkk8nglm4qf09w6xtwpg7uffknc7lqrz063k,BSH,3000,
xch1gnyy07vv3z02caqakzlw6n026xrldrrqtj43wpvgxyv4hlcqz2nq37fzyx,BSH,3000,
xch1dt532perx4ejx4gyvw78rm8v7e6z8fue0hjr8rd9xrndqkfwvrcsxpwqnq,BSH,3000,
xch18vw4034eqrtm3kf6t9cy58hn9q682wfx4twnjwd8my6l3l2lnmmqyq9wsn,BSH,3000,
xch1mh7sm0smndk8lpjyjtdh02dwn950asadhz7345cgy2cdvc7qlqrqnyyexn,BSH,3000,
xch14crl3muysun395u5acwnp6rawx3xwy6md9heg49kyv807twzwu7qu27q83,BSH,3000,
xch1hg09xun8pel8v8cf834uwqcpznw4dh2e7h08gvxj4gesucywmn7spv54cm,BSH,3000,
xch1lu5ww5n2af6qmqa53m6w9tmx3d655jm4g0n5hpq09265kaz52axsqe5d4x,BSH,3000,
xch13xqs8m4dz26sdyajqkjr8m5xy5hqqah3y4yyvqzd5jqfrppjrjksgszymn,BSH,3000,
xch104zrky3ywu57h02uc00um2cvncnerfnm7h4faj229l7qv9l25qzsqfjp6v,BSH,3000,
xch1zatt0pm33vrx0amav9ruj46scpff7sjz7a76sxk3xkmuffu84lcs8cn262,BSH,3000,
xch13uwalm4xjymkc3mzpda4dxrdst7pryzjdvdjfnxdr6whadws9stqtnn3sd,BSH,3000,
xch1w8q5ygsaazawt83zqlej7gwmqr6krlenu7jrqlf4px4wwu0k625qpykamz,BSH,3000,
xch1xmfnmc5y2et67vu32tk0wz067r3zrfsy2764mmp3akq0rrd7m95sepqva4,BSH,3000,
xch15yc8w8hn6ra90kayxlgydvndnswrfse4anccrc967qtsgecdvffqshyglu,BSH,3000,
xch14sma95ld504k279wu6e0c894vyk5k3tuj602guv6x878d35w2tjqd6ctle,BSH,3000,
xch1taejtk9q3f7nnxt29a8udey5vd2eut5cs4ax3fj6t4xqdhyxtlfqywmts4,BSH,3000,
xch1cttn859jlk270z263r8tdt38guffwcw0dwvkhve8p723ht52e8rsthhr4f,BSH,3000,
xch120r4hl505e4e372dpkyufftslwkzpnc4ltwq29vpdv5egcgvvmqsartunr,BSH,3000,
xch1ytg9vtsy24dlpa4egr0yfy438jehysn6vesfy66uyvrhpmkl7awqcswwwu,BSH,3000,
xch1cq82n4mjrd8ltggsekztcy7tlt9uw8ju87fpmtqddpq23guuwxzs080m0n,BSH,3000,
xch19u2e5alqq7f9pm9df5xscn2a34ejymr6hqgqpssl2x9v0g3zzqzq2amfsf,BSH,3000,
xch10hxrn3v9ts9nj59ujlh2wkla4952eqp73ghntrhznnq6m95gqdasd08hhq,BSH,3000,
xch1lqjtrzx7235l2dn2xk6es9h7q3srf3hhdv8urg2wcm3thks5rthsy75zwf,BSH,3000,
xch12sgsk3fkc7d6xql4kk4xppdcav5ypjjnej7teh9sstvzp7q9l2sq5hqh4w,BSH,3000,
xch1a9s0z2mkuh2slhdjl4jtpz646ttcfdetjlvylngwtyemg933s0nqmghynz,BSH,3000,
xch1uqzhk5a3405cjy2k7r5lz2h9ue95p8v3eau48s3ye5ygp5yj90qq4ulfg0,BSH,3000,
xch1tyjrr5dsrchcggd0ty40yaxmpplxharm44pqjtljywgr9j6muxpqa7u52d,BSH,3000,
xch1kvzsysfzxpxa28788tukt80m5d22ye2wm0cc7qhtf38n6mmslyysj2a3h7,BSH,3000,
xch1npzmdz64l9n3y34gjy064l9q4fwxyj6pd2f5zj7a3jw4wlr7392qs782jp,BSH,3000,
xch1jx4ndg3xkdc3mdrm7dtjf4qdt925yqwxv5whlx0vzcr6e32glyhs2xs724,BSH,3000,
xch1juvt3zqnqv0pyx8e6udtfarxf6jflvwsa9c9e8p6cglaw7cnkv4qjxnr77,BSH,3000,
xch13xxj7dga8jmlh504c75vpa33py8dl6jhn5pqdw2mlutfk7rvq4tsfw695n,BSH,3000,
xch1svxlqzsgshkjjxw7xvuuyr47vksqfhsnm3m9jj597fml30h6drksfme9hn,BSH,3000,
xch1xuyelq6gyhx0e0nen3285tuzdwflsmv9zc48ppcsqw95k9jw586sh9mn22,BSH,3000,
xch17sjndws0tpx0mf0xprtdzpj6muta4tq9z97hx4g60l4mexuyyhaqxn78wk,BSH,3000,
xch10kmwj4qa5lu8tt700np8glzjf9ymf9s9c8v8y8w4jq4c4stn8g2sgv893f,BSH,3000,
xch1ksjf8zmxywvfq4s57wk3yt2vqhq7hpfq95l2w2w5h360d59070asjzgjqt,BSH,3000,
xch1auhksgk0xvvc9rt54tqntewanwh3jt3th7uxlzt7urxgwe0nqpls2q2922,BSH,3000,
xch1jezktqc6nyvma87dfm9w3pyrmzeczps9jfplvarhsrek9rx5y2pq6yjgwl,BSH,3000,
xch1akxcf7w79cffruepjfjjjqm0rwll8mn0drum6tphqhretdyahmlsulztvu,BSH,3000,
