addr,name,amount,11
xch15l83ee4mdcgltmck053pe6ef8h3p7q35tdlm7jh7z0w3ds87kczsnz8x5s,BSH,2000,
xch1y4csr0r6hz5wv9ttyu4r66gvu87u4se58mwudyamper45euk54fsh57luf,BSH,2000,
xch1knr8gy26uhs4hwmzrgen2rt3ttp97t68jt3qqrn94d7eat2uvleql8t6n4,BSH,2000,
xch1djlmkgvuvnr97q6hpjscuqzqrsj6xhplvnjujjuecfsan03799ns7z3zfv,BSH,2000,
xch1jlu9vdre9uk8jhxsy4updxsy5mr7g52m8em9j0n25cgmnlp0m93s2dt2wt,BSH,2000,
xch1xtktfuazfql3nt9s90j953ykv8hhcz825lm0fsedn3f4necfhauqs03gyd,BSH,2000,
xch1j708u04hpju99p9rtec545wt85gz7taky8cuuqgk64yrf86t0zhq7y2x0k,BSH,2000,
xch18ugxr24hxx5wz452k4886mdatgk3xyu0w5nupt4dnwrfft9yjzjqrvu3cg,BSH,2000,
xch1thgs4ypmg37vy4uv6lzlk6q99ezlyyc42qqx73zr8pxrlsndf2zsn7t3yu,BSH,2000,
xch1j4c4wl9qygs8yzy3ue0f07s4rt4g7uusqdqmndlgm73jxjqnhahqh402zp,BSH,2000,
xch1r5ezhp2swzg6lycv22nggq0snslktdmy0y2c8t0d7m9re88x4t2svu576z,BSH,2000,
xch137pnqs5se7ny8ppgxamvdu0vf22dgdf8qnlvzww3mmqy542q6rmsrhhg5f,BSH,2000,
xch1jck6n2s8wy2xpkhg4nq3lk57jup3kaka9vd7ytpmtg8hgdzh3tnqa9nvcc,BSH,2000,
xch1mh8u6j7p6xjj72k7wp4zzdtx0le8qs6q6jlllkz0vj3x9y9rp5wse6fftx,BSH,2000,
xch1zhu6q236lt4wmscmd6npdgczrtkwtumrdmvkv0e57vj0p8kwfhps43e04q,BSH,2000,
xch1e5gnkj44hdzrpfrwpqwmsq6sjvhl76ldutsvfxgl76zpjjs420gq6rl8ry,BSH,2000,
xch1xx0thl545uja0wkj8jl9mmefh0j7swfe3j5nc68q43vyazffkfgqxtrspy,BSH,2000,
xch180gwf0auleqxjutp30stpwhk3wfus3r5h04zyl2473fm8y3d7mgqnga20u,BSH,2000,
xch1lh9k0j9cnrkdyr7940c5lhclrvq78ndws2aatttdmfdyqqnuzcuqjms8y3,BSH,2000,
xch1g7g7r86mzpy0jay4ewpum96vrtgs2xggrav95gj2lqaky0raynnqqr2960,BSH,2000,
xch13q3p2tqswsxjgpuhny4gmsl4ugzawkxqdvrdf4fzts2936y0gngs2agt85,BSH,2000,
xch1c9j7xkah97x8u4hquufrx25v9y2f99waeftg7u8hprrrkpd69s8qa99ta5,BSH,2000,
xch1xj9m2p6q8rvjvv54x92cwjvj3axvvptam588d49se6ya42rwl55qs8kafj,BSH,2000,
xch196ugqjp2yfteyqqahwfrugzp5n0sn5lhp0wquv69mhy3x2zgeggsgnw2fz,BSH,2000,
xch1s0xg5wlm7n360ac202vklw7x4pf0ugh8zamrnsudv8pfey03pwcsxhpdeh,BSH,2000,
xch1d8tw7huwu6day2ler3cyr5twdmuwgp0t5m95xm5u2aq8ecwx7syqtgnt26,BSH,2000,
xch132rj6lapc43h6dvgagw0cnewj3lm87hjmf9r3xzh9kfns76qwmjslzt635,BSH,2000,
xch1r3tvr9n02jnxku444mvj2j7weqmxdsxn23vwggdz7vt8wawx9yes9jpqns,BSH,2000,
xch18yl8rdtmupfvaxy6yu77gzn6hffs02hckzn3r5scudvram6psf8sumrt2f,BSH,2000,
xch1x6a4hvncdg03d5x2yhuszzqnkz4km6l89yn9dlmscaapa3x9qjrs9hh0p4,BSH,2000,
xch1l5qtd32vwr0v62nqs5nm73sucuemz7sqafm9mysv4sfc6zfm2xfqrd8p6x,BSH,2000,
xch1cdwn7pr0hxulw4s34qusxgmml6wv4635r2dfwxw08p8rlvt0wg3qlemj4t,BSH,2000,
xch1x0ystjdrc0uwvntsjk9wg9w8pn95q2lj9q6s5msdwvcnaqw36xqqfy8j6w,BSH,2000,
xch1lm3jnl0kxsd7u3076sdg8jy5qx6u8w5xxzymef6xfe67z24z8c0qxh29mt,BSH,2000,
xch1g0jepwtnr4sm3d4gg9h2gqkuszs37w4tj6cux8d4v8t4qxf3vvgsz7qs6k,BSH,2000,
xch1sqkd40v7jfj872eqxh7zaxd4dky7wxn8t6c83kwmt7mnuxxexg4qcc2uj7,BSH,2000,
xch13q9m7pauap9lgf7lx3s0qarn6qeupa98e87kf26fs55z3vvc6cmsz07gsw,BSH,2000,
xch1nnzazp0x0adrpl9gzlft90gl9e20g3hz6actzed3mthx24hxvcfsm70fa6,BSH,2000,
xch1suxkq6wf58tc4523wwd8ewckmczk00xk87wegf08cj9mu50wnuqsc3vlnz,BSH,2000,
xch1fsxjzn2yq4hw0u2zmsfl5wg8e82de26hlc4g30jg5heqplsd5dmscd5r66,BSH,2000,
xch1r7var6h2uk5cx4uvmlea4peqld2rhe867ef908nzty6hjm9l3yks6h08al,BSH,2000,
xch170g9swywhpw2lwc785wudqdcvm7vuswq35tn4vpcafwgxamrylys9w0x8a,BSH,2000,
xch1xwcssn2tpns2pp00xxxtpdnvqk580y2nc82cg90c7yk4spajy7xq7umuta,BSH,2000,
xch1wudaulxwv3cxawuu4jeklxa748usm60qjaqqjwtj5ykpx9szexgs9htyw2,BSH,2000,
xch1wk58rc2ntclqchhtjxn2ayf4xxt7xkchln8nn77y9j50hujmqd4szd7yh7,BSH,2000,
xch1g3uxv5twl0jkmxjmqj3yutevdywx3yh7uynhkl9akr7dh4aefreswy0fml,BSH,2000,
xch1m9arg5d2uar8j95f7ffgw4jj2w7glwcwzlvaxearg5e90r2z2paqfjkre5,BSH,2000,
xch1f2hpxee6g764eelv7q9njry9qumkutzh4utmm4r4cu8unch5dyuqlunn3u,BSH,2000,
xch1c7hqd4p40lrymk6v2lzy6352ryfvy8dku8vk88y5crzknde5drfq9h2rxq,BSH,2000,
xch16j93sg2qfc7puefknp0z3629rlc276wwudr7du9qgplvxc294rhsrg6jcu,BSH,2000,
xch1wj3e8c6z23knmcm7t8he09phvpeqg2d997u6nl9988xaj4yyj2hssw5p5a,BSH,2000,
xch1xdggndrwe6ywzekxenykyelsk8jlyrc937seyjpgw70em6uv9asqvvj654,BSH,2000,
xch1fqvpfx5mwedv0ysvw7vwpw0dyexvnhxgqf5g4l4gmgk9j6ek0edqw2gmtr,BSH,2000,
xch1wecv4gtham9czxnxs9h42q3e9hzfljzwkjw6j5gdtaaz3udzzfhsgghkh4,BSH,2000,
xch1s72k8swlat2cd6da80366am4fn2l5yv6q2j6ta3udjec9hqe37lqv9ta4v,BSH,2000,
xch1e87este5rqhjpwgna40xud22hdp4n5f8cu7uy8lh3cg2txwyerzqendwkd,BSH,2000,
xch1sryct6hhyhg8qfsawqtzzdhuu8dmrfsrjkc2dry0nn2vp5jqxeuqylz7yl,BSH,2000,
xch19wdncuwf4jh4t7q4rxcqj8tnn0aacky8h4h3xsswetrtlhnyu7vscuf2wj,BSH,2000,
xch1vxcspw4u9qzyn8ump0hl3erhvz72ml37uf4cyh32jdq2uqf4vtgs74detn,BSH,2000,
xch1hvddnkae5u8ur5czxw22yqr50qe837zfngsfclvcrf4xf400zq9spw2mcz,BSH,2000,
xch1kd9ete86y44jyz9uyzh67ftgkydhpkzlycu33rt22yys4rx2lh4qd5aa9j,BSH,2000,
xch1wwac9xjzru592daqamsc8dfhnkw874z326zm9pxcqtdtwsxav8uqncrq7j,BSH,2000,
xch1l0h9eqkkpph4t5lvch2ucz8cqn42s7ngk8zhez6u4dlfvyud9x7qmpy9e3,BSH,2000,
xch13spmnsj0ku3fu87el335m3efrd4g7glm5russrrk4cn3emmgyxes9h7vk0,BSH,2000,
xch1zp8lymnjxsse3vw20dsz924e3p3v8jsm4ay5tws5qgw8kyy9mc5qfds92a,BSH,2000,
xch1gn5r8sds4q0cn7df2dszmxwdf6f5lry43htjcnr78xapmts66vaq249rw0,BSH,2000,
xch1utmj9cp89fscdxl4lgwax4gq27fcswjsq2nep3s3ym2x4wt5ylyswqq45v,BSH,2000,
xch17f7wk9g4zel5v4suu5d35cypyeqh5xlnnrna20g9pcefd80qgz2spd5tak,BSH,2000,
xch1emy64n60whku8lq7clfzqg7n8wwxr6hrmszjrt5043cglq4uykjqjr2eds,BSH,2000,
xch1gae2yk4f6lnfhv6x763ce2f5s0r37mssn3rcursdgm9gjxdm96cqak6y4z,BSH,2000,
xch1zfkfdh83skemgdulu7wyy6x5mfwl8z9amdh39afhpde4wqha87esykgj3q,BSH,2000,
xch1hddf5v53xgtngu6g056kd58pxgvfnxpw3trgeuw9xxl9ygrj0nms70gqvp,BSH,2000,
xch14yz2jh6z6qzsdeu3dn68qusjcj7fyyv94ylcq6nd8vqr7nxmc4hsswry2a,BSH,2000,
xch1gfrhwkgh0f7v8vl4wc7j5unr4tpawetde0xhswuu7lgy4t3epewsxu65j5,BSH,2000,
xch1zsrczv8jpq72m3zuwh6wjpm2cpz4zmjzyccsnkuxxs9ejg4snqqqaphv2c,BSH,2000,
xch1srmeg3n2uws45fsw5nax03yqfxjgul0fgs4x69hx8nzaayn2n4uq5js2e8,BSH,2000,
xch16gdl6d0wwuw4l0dk2e4r7vk8sk4597wsv0ggpgxhlskxr4ux6wjqc5y5aw,BSH,2000,
xch127p5nnltwtppxstqqng88md3rx8htvsh96xu7u8hlh8z5wqsqwcsf5tvv3,BSH,2000,
xch13z2l0npmxhskgfu44uvknrgskk7zd3zssr4wjuj0k9dsm9ajdz4qxafwds,BSH,2000,
xch1ylequws9k6fyezn6xlg3ma73mnh20qpqlg7rfzar6f4q2f4zg2rsfkvyh9,BSH,2000,
xch1xs4za7hxpdnguanzzlhdq9suc9mzse6m34gnus5e43y4mvr5yhkqulrj7y,BSH,2000,
xch1lc3c59pah5lw0ec057tttrza7xx4zz8s4yal64gca2n995d2p48sxz0npk,BSH,2000,
xch1kufp2ef3namdy45qc0mn00prpfc8phseq7xppf8m22c4ugu2k35q3hxufj,BSH,2000,
xch174fgy33r8exku8w88f3vcgm9awdyqe5yusj4pr3q2t749csd42xsycmvhn,BSH,2000,
xch19ln55u48z872p3hrked8qfqlrzpxt935mtn26gyn04v6gedrmmlquj2pkh,BSH,2000,
xch1xn2azsw975j7v3r7usce2dmn3fmpqxl9f5q8nrqrfw0ra2n6awxqzgr7m7,BSH,2000,
xch1mkv9qez8qs0dflu748tudsz92mg2tpe9yw2m35c5nfaq0gsc5w4qenn9sf,BSH,2000,
xch1wk8qwa6fhpzx0ssnge2w4teztqj3rrultzd06ykeep2vrts9hceqdhjz5u,BSH,2000,
xch1fe69q56ak73nn60q3kn0dmtm5szn0ffp3jfzphwe9n0gdpzyw9zqzywv42,BSH,2000,
xch1297304fn5l50vwhjdh624gpnek5ws3fqw6d59p5904ws0jgkga0q7kezmk,BSH,2000,
xch1tj4ukt7wahfrr64yl66ma0je24kmh9x88jk2lnwmst96mrj2m32sz3lgfy,BSH,2000,
xch1xp5g0kmyw2rclgv7t0g8dt57rjfqwtu6pupcylflqgxeqldm43aqpdegpf,BSH,2000,
xch1ws2pccr4ujuu669k6t54z32ltjq8k2eepy08cgqcqd87lcq2w62q5j48q9,BSH,2000,
xch18p0de3hummhms309ec0ndrqeurryag2vyrz3fhkft0wpn96t3gnsc9lkdw,BSH,2000,
xch1604hhhcd8l4c94nn63azfegf3durmswa0fwsqc0plcq3c0jsfvksptsd9f,BSH,2000,
xch1ffaf2036q06zfpzeleahwayxzshtfsz4cy8zk98t2y7t9jaqethqkgzu05,BSH,2000,
xch1658aq7g8zraeaw2a6cn3aecg660qm2t0cnkkplvm9dws5vaj5h6qrvlncu,BSH,2000,
xch1han8s4tlnqxkplls5n2u4rq69fnyylzp7h93lyx92u68l3r002xqs6jerv,BSH,2000,
xch1vknx0fz99xmmtzrf33ddsdp0ru2n8y0z6gzv8ldl0tl96jmps2nssh44dg,BSH,2000,
xch1xydqrg4zz2r7wgaehs07nz2n9yhnfrj5qm9tek90ad3u55pqlp4qrcnk79,BSH,2000,
xch1j78fhfgcgw57apm4snwx94led20r7faxhjk4cwrd0qtm7j02spks29pvaz,BSH,2000,
xch1x49aqnkaxdss38aajvdw9dt4zzk66l7p2gau2fyr8nk2n24ke3ls9mcqwv,BSH,2000,
xch1yejshg6ffp4tw0zsfqup2hwsjc37t9ru04564rjt0e6k0npqncwqguxejl,BSH,2000,
xch1vtaj5jsvc2e6anh490hrsrcg64pcrlcdt4zahagxvdp3umsgxtzs3a4ejx,BSH,2000,
xch1xn6knpdfcy8s6gw3gg628vgt66rcp9alu22d62jnzqjvq7kx5lkqjkfl5h,BSH,2000,
xch1v4y24aje6mn4jpl26lsz24zpumgtzh4dn70kzdxh6kwl9sudu7ssl5yhvq,BSH,2000,
xch1ujhrlrx9ac4exgculp9xackkhux3vl7ludppval6chlfhflscv3sk6v3rj,BSH,2000,
xch10awanqe26terh5kpmt4ejfruvcupuukhzntp72zrzuxh23ungc5s72ydue,BSH,2000,
xch1epwsr6kc7fm7degzl605lqjl9wh784jsgg5ae5lnxat4cj8y4ymqpc684q,BSH,2000,
xch1lxrtzkyumywq2knd97prend6j6j704kete0z90nfudlpphupdhzsz4s7tf,BSH,2000,
xch18s4czngsjcsv5vd0xy92xrx4dg9k26quz0efwmm2v9umh3wn004qzk3fdt,BSH,2000,
xch1ww7q0vh2l8e5z0qanrnhkgnfhmtzqsc6ycwkecrdd6ep76fq5znsv2pddx,BSH,2000,
xch1s4x6sw2cr9x72k2a4nnf8gquv7d9clf0yhjh0h5l3kc4ueal2lgqyq3hd4,BSH,2000,
xch1cund6ma3029g7x4jcnkjlszj68k6cycj0rsxsyxa8zvgzcqrmucs8mvwr4,BSH,2000,
xch18uj6x0vsgddwn0nes5v7jfyc0fzakhauxds6u4zcyceufx3a4tds6p942t,BSH,2000,
xch1mhc5rraet90e3y677anjrrqhcax8a4a9qdmxv03r7t06t9qqtukqfj6ltd,BSH,2000,
xch1asa9a89g75g38tam63hk8ulra006eczexs6u5ypqnh6cjl6haasqagh0a7,BSH,2000,
xch19qjakyj6th63n032ncvy0cr9htn6uul3nzsgxdjddwyjtm56sr7sr7m0ve,BSH,2000,
xch18c8hanskqgtx385hqpn2u7z0gff6vpehwdcxegtq83dxv4nz538q8uc69y,BSH,2000,
xch1jc5cxq7lpuvqz2n8lhhpzpxkenfuczg5w59lnvg37j5ka0yu934q09cvay,BSH,2000,
xch1f6jzccdyeu24w0vlc3lff0yqg3jfxwdh3zdzhjka4tf36smzqrnsng4hvk,BSH,2000,
xch1zga88x54gtc2ltsm9jglyu3el2jjykg6gnwr2qc2c07vhw9mhzqqdvasus,BSH,2000,
xch167ttu9wpxrury9y5eu8wyejt8crzk27yzenh6g59jcgnh4lr48csq9r33f,BSH,2000,
xch1gz37naeh52q8z6k2u7w4e0dvj2ca459a3j4fae3kr25xumj9chlq4zzvz9,BSH,2000,
xch1755mp69gnpvqdljmnfscfsc2nnxdyc5qg7hu8c34l2zqrd6wtm8sgychye,BSH,2000,
xch1xuv4sd7v2my39gcqm2zucrf52d7waves47funvr3lc4q3swkq6gqrs7mnj,BSH,2000,
xch10rglk0hs5ampnlc7wvwr57z6w4n3eyrvy6030mhw2njfn3pyshzq9368y5,BSH,2000,
xch1mv9fq54207yjt4wtqpred2gpdeqvuszz28fn34ylnvu34hlhp20sy8yvwn,BSH,2000,
xch1vzqmk3a3dudlrh6aj2u8u8j8xynehk6dvpyr7m9say5df2umjkzqj8hrcj,BSH,2000,
xch1awadjwzc498rch2rlu983rejmdfrh40y54v0y53gq6yf2rmwnlwszuxeze,BSH,2000,
xch1273xjsp4rcjdekzduq5rsh22qynsrzcueuryrlvnxxhfq09e4ehq2muf6m,BSH,2000,
xch17t0awd0u8hqefa5squ8p55vjezlpa559jwaz0dpu69lp5ykvw2nq953rdz,BSH,2000,
xch133hrvzjf06jv3fha9j0e0gqstspqu6y23cw4lmernrdkqa4m8pls6xgrzs,BSH,2000,
xch1k3em76pnaymq0lzxs3d7gfedex3qeq399m7uk9yldvet8hqkj6hq2j6e92,BSH,2000,
xch1v29lun4dt92d7znwzhrafdugt45laj70zg6f0g5wmf9qn826eupshu68rs,BSH,2000,
xch1ldzx7zhsmu6sakj34g84wxjektjm9ggjyfmkyqhrhgygtpqd25uspkchqw,BSH,2000,
xch1ygyd7jcdyeac0jufk7wy8h9emntmem8al60c49etvm6mjpgq7w2sesu864,BSH,2000,
xch1uda85205vv3mcawzk0r24k8jwzfn45n3fdx8qs24vt7dhxfv862slkrxry,BSH,2000,
xch1fjp0xgsuwdq7rku8z5r3atddju4spmv64dwprvkr3t0sxtyfkx9s6qr24l,BSH,2000,
xch1ymc76q2f96d5czk7fkq46x6aukyfzyz82qu90lzyye6hc54kc45qv47twz,BSH,2000,
xch16le690stlhw05jevs5ckdgk393fccpfmt2z0rvthxn2dxxudhkwslvf685,BSH,2000,
xch1m87ez8yaq4tkttec3xzucl29kqcrrt5w3ynt24er4l39at4rnxjsmszpn8,BSH,2000,
xch1g489jq02cwk6gzkqrfgzst3zxl00qgjj0d5e2lrlcdrsk0crs99sctaa63,BSH,2000,
xch14yeq9cht4j5r7cwkmedfreum92mjwce23rvw2eaq8ntgefsmzd0smkxka9,BSH,2000,
xch1j79ua8qqmk2upq07dgulnw5dyp9n6yd39m7g9kjx8an5w7s7ynfq4jm5ff,BSH,2000,
xch1ugtrgj2s9yfs5p9a4w8xumw5a2hlf5d2625r2t48tr7lp2eyls3q0z23nv,BSH,2000,
xch10dqm6d7s02ea7erudmrprd7vzdwmuxvcv7493z76ntzpn90x44xsqcql79,BSH,2000,
xch1svp4cwrj5xa2nf6pm05fpeyjtjrp0xgvgs32huvgpd8zu5u0ljwsuta8x0,BSH,2000,
xch1aylfdan8m4zkl807ewm6ds0v6cqqm8rwcruqzqk6cq9qza43k0ysywjsay,BSH,2000,
xch16a3ha9pw4uz44cqqt4ksqyrautzyarejpljx437taltnge4y4j7sjh0xly,BSH,2000,
xch1s264uar6sprl0nvhz5fenqpf5mseyzsy6v3fnwdcyjzxj9xl8nsqdj8jgv,BSH,2000,
xch1622zw5sgjm9qalpyljj477q5zxjy28w4qejhtd546daxuklmamjs59mf3z,BSH,2000,
xch18n7a3a0ga0ae5h0r8sm8stvr5cfthky9anp4wgry6wx38kqrnjaqgs8s5q,BSH,2000,
xch16kax7djcerke9tnqk87h7vpr4ken94ueg37c7sctg45m3zjwjmzsly8ylg,BSH,2000,
xch1w4ktueraxvm046np7fmt6d0d5a2ahyez7e4092df42hz6nhp0psqkzhqgx,BSH,2000,
xch1s3qmcksqvrd9ndwycnnxpdxpff6cmzmwjguhlcp08sytnncv08mq3fgky5,BSH,2000,
xch1xaulw2tsuzt74efl0rr3ljxhqvm940fg4ce35f8mywmrzhqj3ukswn85qf,BSH,2000,
xch18l43alkxya9hxl57mtwqe3wt3w4celdv8wuhq5xhcpwy8qckfpsqnz4gen,BSH,2000,
xch1ks4qm6t3aflgvszrttt4edycqj97dk8lye0d0flmc9lnudj94trsnux2yt,BSH,2000,
xch17m64z8c8fta3e0zcgl92nhzgwhzqzjmxyplfeq530tdm5gxr78lq3sq630,BSH,2000,
xch1ey0lznhz46jcuy25u6lmeqn226lddz3gffxvfvus90eppfx2w32s906zaq,BSH,2000,
xch1g4j7kykpucest9f0dq74nu5tdphy74wkgeyzcxclns7jzmdvqznsuagga7,BSH,2000,
xch1c0es6pd5cxz6ls4xfajx59tkadwld9ws2x6443ag6wzrrudkz4eswjnxz6,BSH,2000,
xch1wu3ya7wf0upqdg2zecavnypngxenhyqf5nk8wze7s94zum2m2e0s6hrphx,BSH,2000,
xch140f952p50az9geep6pc9ur0xqpl97smyedlgfp96ukx7vz505c9sd5sqza,BSH,2000,
xch1znm6flfvvf73qzxzr774x7x5mz67wj09jrxdr2yam3lq8zjdjt0qszcjqy,BSH,2000,
xch1j40lq4nedtma25v3p8uvx7v4tm25uz3c2hg3x4eyt0q4899kwpks8mxwlj,BSH,2000,
xch14vlwplnpsr5d93w7a80u8m857kstr5tmyydxauunaajm5z3h8zxq5uccjq,BSH,2000,
xch1da9zsla7s456ehxar35fzz9za2s2kd3cu6p4hzmpmw8dgaykg0yquzn78x,BSH,2000,
xch1rtuxsp0042yaxgrwc882mp3z5rny24jt0ax6xpa6kpnpf9kyt8ps4as7fp,BSH,2000,
xch1de4dv3quajg7c08q2k0jcvhm8lz0yrc9yhy8ef3g93cg83az5pxs4l57ft,BSH,2000,
xch1ahl7hgu9fvvjdule2c7j0z6pckt23utv7cjwyv23kgnfedlhgu0s6cwvsn,BSH,2000,
xch14yh3jl0h4cgl8y37c3y4vqufkp2zfvw682056dpf7fdeufnjf8wsj8y0nz,BSH,2000,
xch12djs7qy2heaxss6cxgxwhyl4fwuld6gf4r8n792u4wj6mn9dxu8q00llel,BSH,2000,
xch1mpccpe45xvkd8q3zjycmm2y2xgmhurgqtsd7jyr247l83wcyc46qdlpgqj,BSH,2000,
xch1srdfcdr0plwadxzeemushj7lj8v5fjkn7855398wdj98mt5yze5scvgmud,BSH,2000,
xch1fh7dn5w59q9ffa0xtxz0tgcg44zcjt98jprmp74hz2hh7yq7a9es480pxh,BSH,2000,
xch12cc6yflw3z3he3gdswmcq04tn9x93pdc0gqv6z053w2z0lnk9ljsacje3d,BSH,2000,
xch12yfg2fkk8u3t30vk5ttwu5fumx0ww0jhhn5fpf7fy0jwv4aehg8sew829a,BSH,2000,
xch19t9gk0ll6qk29rjex65x678zdxj9jxtknp9jgs9slgjf752k0x4sy4e3gx,BSH,2000,
xch16224z5q4t6nkecaqugl07sjm2alcqz8qwge4jz6yqlasvwv3hkcqvu2rjs,BSH,2000,
xch16t4jaazd8lh73haslcx2pda4ymawg6zfc90w37f6gjadgzrqqyxq3thtzp,BSH,2000,
xch1xc2u6m0key0z6mjn4j8qw3d74jpngggfym23g7mm93j0cs48nrjswgxcf2,BSH,2000,
xch14z55075ehd5pmww4tvw8lunvxp78fnhcl4e73w7g530zxyzqe49ssl0gk9,BSH,2000,
xch1ckysaqsp8spdtcd9n3qqpmsh2mr0fm90md3u9pespnktcs7x7sqqmuzz0a,BSH,2000,
xch14p8pwztthmr5584faphd5mnp98yc694f758z6nypga79n5tp460q620v3d,BSH,2000,
xch10yjp9hd63tme4fpvukslxu3q0hym25ajcdxu7wcd4ngyhx7g6vgsvv8x29,BSH,2000,
xch1gzh95dhqcfeu6gadhrxcmelw8dk4as7ls3wg00hlmlwta4e6qxvq2pf3p3,BSH,2000,
xch1jluy9hs2z7eu53lakwpdkdlv8ndrwh5cwptn0uy77qjt42njphjsqh7xz7,BSH,2000,
xch1mu4vu3gg4y69stt6cvkg4esv273sw203jkrgg85pzq5kzvvenn7scg6hcj,BSH,2000,
xch1xkvw54aezx9zv469zp3pqkaj72mzl3u425daf7wctjqssy7lt98sukpt9r,BSH,2000,
xch19w802t79c3tp7vpy68t83dhd3m4amtzxzgnkfvufew7uy0dvcdgqdlmccq,BSH,2000,
xch1u3wyjy6ly69zlvcclx6g2r9aex8ky9r4tvednjcfzx7apkwgxdfsg3k29y,BSH,2000,
xch13hed8atxf799qqc4223mf826l20wk6nqqsnmaz5xwf5lufsqjgxqqvwqzm,BSH,2000,
xch12laxw8nevjc2yq42ddh4l8h00pm6fr4kqh4u6pd27j6acxgj004qzr5snq,BSH,2000,
xch1u2kgx6j8vmrf5380yc07j2uwgy4zdsg767rgltpgp8xlv5v58frs3zr3l4,BSH,2000,
xch1asp02j95hlzcjepx828prlksldyke2c8ku76z4qvxwvtcje079uqf5dk9p,BSH,2000,
xch1dxp7cvj655rsmmgsp99gua0va0c3cyyqnd6n4xaajztltznqemjqzwz4l6,BSH,2000,
xch15qr00gwuvugz3r24u26vcae67jksmhp4ruv80alqcae02769hffszru4t2,BSH,2000,
xch1dzx5t7sjzcexnvhzjvk7c5p2c7s5xznh00dvuul9wfczxr52xt7s4zjnxt,BSH,2000,
xch1hvhvy2e4zeyquy0x30jk97x3r8e2cczmq070eudekj3aqnnl8reqxuflyd,BSH,2000,
xch16t7fv0hcqpgnwhen4a33jyar8swmmu7f5nxjwxsn0390xz2wrhvs3aaut8,BSH,2000,
xch1wfqmmc3rj3uzv8tysve5rk3q9p4c336pwkuyp79kun5q42ru6zdsjc8e6g,BSH,2000,
xch19w0vht04ndur5lzv58pa9m7tl0wy2xj2j9vkzzt5g376l47hmg9snyk2at,BSH,2000,
xch18v4fetdx2tv98vvfpk57p9jqyerltl6zl2xh9ap49kj380vy8x8s0xhgqn,BSH,2000,
xch1ngxjpg0chvvsx8f3huhs24a0e9ajspvr7qve2hkw25vzl05hlk7semud59,BSH,2000,
xch177sdlk0gn8w4ndu4ufse5r3h74x2770939uv7matsanvz0qc5hzsjsuqse,BSH,2000,
xch1dyarja3fxqu4d9e2r83patdpqgr764y3ggydf4sgwm0r60u6assq7gary4,BSH,2000,
xch1ceuz7gh6lj7ujl53qcqxmk2nq63qhcyyg5c3k5uxmf4d8qqznzpshpckf0,BSH,2000,
xch1s5s9p2a238rgn72rz9yltq80amlp0qur4mhyspzwq0zc90fyprzqsqd5pj,BSH,2000,
xch1lpljve476433ru8sssqylc2fu55kp3lneh3x443hsrw58ee0lyyszn5k9r,BSH,2000,
xch120sgtaldc9v9kzz2hpeq34x4j3vhccchm9ckm7lvmtx6kdu7ya9q9q3shd,BSH,2000,
xch1s75jgd50xuyad36lpnue6hwtqt7gpgs5tadz0c0e47svfg5tfyzq3q8zyl,BSH,2000,
xch16sacl2jnt8z7tde90t23pu566kqsxs3qhwh8yf0lk0vcxe0uuvrqzk7nws,BSH,2000,
xch1927gzgvhzh2y2dednj04e0la4ysy8n79umm944nuqzraddjfaqcsg8n6yg,BSH,2000,
xch15uc3535yh8sc6uxwtc4fa2zqekxr9f8vsf2psyzvnvgnlkzy5q9sswyqaj,BSH,2000,
xch1grrszww23cndpd6uaj43e9xtp62hzmga4rvtpwy3efs55xzmfrasvxts46,BSH,2000,
xch1me9hcja9vmh0ps8s375p0pyvcpq3st447j0tj6fx9v70mf8kxf9qjmslae,BSH,2000,
xch167kqths8l4f3a2hwpvqglg7f7wd7dazlp5j787ez20scjhjwjh3qg45sjc,BSH,2000,
xch1wrku45rsa9xlarjdz7hcdqgc6hats25834mzu2h8dl2dqdgvnnaq9qskwv,BSH,2000,
xch1d35cvr6z4n8h482fuyshawyckg5d74z5eml75ndpz7y7a79sfxpsdkujm7,BSH,2000,
xch10xhv2wkjy7x6nnscpm4qx7dzqmdlsxgymdd23c52hdhmc4wka44qpllv4e,BSH,2000,
xch1ll6ayaf65nelx830ulwh9lvzwna9c04wxekyqvq25lwvx664kg3stn9g64,BSH,2000,
xch1emn6ygv8w3vrpfvaxxmqr0zg4capff70rgv279k0l90jw7ssxptsn234r0,BSH,2000,
xch1vfqmx83wk9n0g8e99uhuk6szxa5qttgg4kqm9dutz87ulxvf6zzspzy5sd,BSH,2000,
xch1m7pw6nu7k7ztmg0ra6t4t4x00q5lucrxamlm7afrvq5vxfhtz93q7zyt3n,BSH,2000,
xch1kwc0v8rs5chzyar5h59e3v7knusut4xtql43nyru5kc2y437620syc66m6,BSH,2000,
xch1dutsqc2aqgdttnu8p0g60g8e6nt8gucuryfrerlc0lp060rgzs3qxmmtnf,BSH,2000,
xch1jsrw94vz404d8jst77z690fmqpdkpa5sjswtyh9k75gxlgxflfvs7wd6m8,BSH,2000,
xch1uzh7atwpj6fp9vxvjr6vx33utq67xchsp5rqpvacujs0fluev39q4h6jfg,BSH,2000,
xch1n9apy4my8dnxns777kehpkky402844gkyjhula6mkze4p4fr29dqnfzys6,BSH,2000,
xch1jlvu47ud7u5h43hnt5mrzqwe3y03qrvrnv9yge0mxwh38vn8y43qaxswku,BSH,2000,
xch1vnug59rjl546uaz9exycem2v3n38tu0lzcpklawd5gnrvr0wetrqce5l6v,BSH,2000,
xch1fvv3jcrqgfppu82p74wtn8qewa2q8s3r84aczkmt8yp5y2mcnvpqe54lut,BSH,2000,
xch1svacr5vty6vr9gpe9vej0h8hvczpss6q2shv332ck8palu8mz8ys3j8hmz,BSH,2000,
xch1fafn7r6nag9wm7vl7vgg6cw3mapxk4vkweys8mdcjpzswk4qa4eslgpafj,BSH,2000,
xch1wcvqw5gjkg2whtk7245as3l7dygfn3hdfjnz970836nyqa6wk3psu8m7jc,BSH,2000,
xch1rzzrszrheczxlmu0a9juulwn88dzwz2cp4lse2nze5jz635c5zzsezymrs,BSH,2000,
xch12wcem0mnkpmzwhk5gum400eh9wwspgwtkj6xwej7zjegc3wk0w2qdx4fm8,BSH,2000,
xch1vxh4kjfjwjy8qx5hl8avgkl876628kck2g6gkufy2783na7dr0kqncpx3s,BSH,2000,
xch15me4jztek28gjl8960kmuxmgm0xpf6np33vkqzgxr7undrtdrwrs3ww522,BSH,2000,
xch19ye5z2lz42f3rfy6drz7vmxadsp94us7sl3zzuarvwx5fxnvcekqvx8sqs,BSH,2000,
xch19stg2em5tlvz2m90kqdy24nungn3apuuudlmmnzz4n8kppssu5rsusg6zd,BSH,2000,
xch1hznr49hcp8cyh7c46zjqdw7cnwvp06233xjfua8kl5yl4md4xl3s97n90v,BSH,2000,
xch1ctrym46gvmnp7eyjc699fpgj4ftjsjh2u44etllgznzcen3yvyasj5tstu,BSH,2000,
xch168lkjlk0f7nslu3md0vl4f3t825dps8lrd2r5uklsrp66wrpwxyqjt3266,BSH,2000,
xch106hajxuue4q4pgqmnwgqjcl3px382c0p7jhueh09k28f5ljaafasrj6wgn,BSH,2000,
xch19cw43x4y33ycxr885hhraxds0pq77mja38dhq9a66ky50gsawpsqhnq66t,BSH,2000,
xch1e7qjyv6494m7laz4xx8jga0yx5nlhctxqmzxfy2c7hejwkmpftzsrmnjnf,BSH,2000,
xch1zmyfe97n566c7ff86gh47ayfthdcl5uuclfh43vl7337hfyr8twqqcr4qx,BSH,2000,
xch145tqj9xutlcc59642uv7xrtev9gtkxygacpr5ucfhsye7egcm58qvmjt9m,BSH,2000,
xch1vkra3c0xgmeyfexaakxn498t43eyvjrqt04garyl3eqhf6f8f07scjupdg,BSH,2000,
xch1hcu8j60hus9qyyyzdhcvehspx2psdkx4e7fkruj8hw374e9x7evqraxnwm,BSH,2000,
xch1e3f2t4rd8fpuady8ugqvg5m99l2cct86pcxe0yuzaqzdqpapz85qw5gprm,BSH,2000,
xch1m6kahck05lu85yxkjaxfk3lfxnuqxuwx9a9yxwy9lh0xpzrkcmuqgp435h,BSH,2000,
xch16dmsy9pexy4fhlr88sjmmmrnv6k7fgddr4dmad5f5def3n2qusjqqaed8s,BSH,2000,
xch1e5ajsc5e0ufj0277hseu7q5806gnvvs9932ufltsm58a4eeujwrsmrymn4,BSH,2000,
xch1u4md5na499h6quhnw0kt744c8e0fjnfl0tu22l6denwa9nvkjrzq2qa0rw,BSH,2000,
xch1y9f27yv4ckyr5rlp0hx7q79r963g0pjnm64f9x3ec20lrc68xuqq96d4tm,BSH,2000,
xch1ws5v7czexx5u3px05w897k5yjkdaktjajs2r8nthw5vcjw33nhaqlc02v8,BSH,2000,
xch1kthguf2kntpd0wcykr4s80xffazu9qkkk90t7u7jgshc5v6y5lus3r0jc8,BSH,2000,
xch1unjr907h9mefvg583d3gh3kqjwzq8p8n7zttd3hq5fwkvwzxndvstjy4za,BSH,2000,
xch1lrvj7wle30e2rxfxv9s0sm4rg9n00sf6ysur2xeu4gtqldewhxcsrl05nq,BSH,2000,
xch1x58fg2crv9fnvzttlw2cqne8va7xk5cd4fqesyedmcnj5zd4n0cqcc0w6e,BSH,2000,
xch189f6r3rn4dyzfentg5hxwa9yzpydlwvxuw4fsku68y937094cajqk8drx2,BSH,2000,
xch1dgmac5a3cyx0sveze4we2mk33vph69v7wvdf0thx4zvcsmrvpsqqjn2p47,BSH,2000,
xch1ew5q2eh7dln2fw4eu87ll8q5qvr009z3l6dp5uus6maz86cz47equr02yj,BSH,2000,
xch1amauq0lq705ejytey4l36qav8ekqdpxjd3ckax0jgzqa83ct8aeq2d5cgh,BSH,2000,
xch1c0m5v03rujyhpn5xa697av66wldnvwuavg379ctua5pgmhujzenq2ztqhd,BSH,2000,
xch1jetcte3eurgjjyvfeyugcj26sxc4e824sccstrzu6cxwfqryr5xqxtymd2,BSH,2000,
xch1t4rcrm47rkqx7vw545tay3g2dqdumhwaxaq5y6phj9vatqq594ps3m3rx8,BSH,2000,
xch1r5jtcvkf7vys8zala4wfasnxz6dj8cdhe7z7vksvea4yll292r6sevpq6e,BSH,2000,
xch14sms2dxf9rx02k4y8y3j4zjxu4uddu55yqcjnganldzfrsgny74q56qw8e,BSH,2000,
xch1cc4xkzrhzleyk52xeczz3q4tmlldaszskuhhr72u0m85q8gudeks7qgq5q,BSH,2000,
xch13u4zkvydmjdyc2a87ldu69wdy805jf3m6hx4ygjsmch6g5n4jccq29quex,BSH,2000,
xch1fkttkfc0pt87cvtxe9fljeqgjuwqmv23cppajv2slkszgsguxxls78q3cx,BSH,2000,
xch1gad07rluvnhfu98q0wcj2qnc5w69fxvalh0duy7rl30wql6yfr0qh5tjnw,BSH,2000,
xch1cvvq8y6mqj2pqsr8tqe87wysgxznghxdwp5rf8r7z4um38vrameqlsy24s,BSH,2000,
xch19qweex5h5z94e0k7ddz560wfvs0a8j3nnhjn963tgc37qc336tns3ma4jg,BSH,2000,
xch12vj2n90g3tnsuummtgmjqu3wkhsfc43qpdgy040xaypwjpts84ss0nwuvh,BSH,2000,
xch16egr648fuc9ledx9mguw7pedl4ng9kcujd3d09uwd8u9kcfr260svewzec,BSH,2000,
xch16wkdf44q9gvgdjjnrpea4qtl034kjqhgqkjlj57a7rc5mjgsa2zqtzttg9,BSH,2000,
xch10cuv5xmwex76kl82y40nrvmztgcccyajdp9y2qjdyxw7g2r0cqaq0g0zz7,BSH,2000,
xch1ghfacvmkt6r3ste7su3m2klqj68tglrs3rv2apxcy2w489hs0p4qr2ta8s,BSH,2000,
xch18lmw8ylm4edr3ut7xww9e00vakkumr3wcpfpft3ee7vy4fqq86sq0zlxy2,BSH,2000,
xch1ggvh20x2wgftz4z84ahmqpzl9l5elcxssh7h7u43v737my8upa4sq882h5,BSH,2000,
xch1c2xd6fp5c3j5k0p3xw725vqk8ew2nrkuqt8875sffphqrn7ejp0s7srwxl,BSH,2000,
xch1e7q2wlp3mpfmg5hy939a4a57vgahky3lkfwu8cax6l20ujs9xr3q2ysjrr,BSH,2000,
xch1upukjuseuuqfd6rrp0gztg2zdx5wj7kf9mkjvzq4zy93424y7c9scdg84v,BSH,2000,
xch1tmzh8h86vz82qncvxl4eugyr9jfagtqf053hg25cal3wmn3vr7gq2pytu0,BSH,2000,
xch17adsvzt9z3s5cvggp5ee8xrpw6k20nlxadm87du0h2g74gt7jhqsuepuh2,BSH,2000,
xch1as7cklj32damxpgth7sm6n59jets4axsyrwmpch2sfqdf59nj0aqyptd83,BSH,2000,
xch1u5cfqm0vehszksgcz7uslqp96jj9zn2pwzzjxu6xm0qga86v78hq6sxmjg,BSH,2000,
xch1we4srhtwduk8rgv40rd96r02yary05puwp76kqjtzmahsa9nsasqerpw5l,BSH,2000,
xch1jrz9efl5w4vvngdkmn06ayhd72uya702ey3rq4wrm2pg4sqth45s4cankt,BSH,2000,
xch1z4fztnt3ryn8cspy4n9v5y2t7azglck66e07ffk2gvy9ju7jsw2sa33tdc,BSH,2000,
xch1wn87lxlq20jn00m8zvzvhmnrq7cm5qy857x9xfame4yfw52w89kqc4hv4k,BSH,2000,
xch1v2juq3kae358xjhgyhl3524dgsrec7g86ulksc4uzer8886d77zqrfpnev,BSH,2000,
xch165cu296qs4ac7gfye88qexkyuuap85va27d04trxklmd7k2ggldsqe57rd,BSH,2000,
xch1u4s7ls6sq5xp7qvt6jqwkqxdtsfd3vzak2c6cm3a6epc7ugkdfzq8aw4ug,BSH,2000,
xch1vh25htkxel95c8ghshletlaxg07h8ws0nv73py4rlt895cre0hksc6fywu,BSH,2000,
xch12whk9n88a3mzm3mg4a8pgmymzwxnuhugranlvrt0ck4c255t433sy7k6l8,BSH,2000,
xch1277mhw87z8sj9metw5nqs00930l37z3dk0f238t0zst3rtydu5vsvv2wpj,BSH,2000,
xch1ert6nl6tnt957q34vset4x5yvk0d6cf9qrfe8updtual0l8dt6kqrq89gw,BSH,2000,
xch1ekhgd638dxl9uqzwwpreg94al2drtppl353k230ghvmdngmws70sn004pp,BSH,2000,
xch1ndtz4ed55jrjdqa72yn8jdljz6tctj9d2hurmv5qeq0cjgtkfzks32jany,BSH,2000,
xch1gt98sld0nlftgdc7c4pnhgy67vtcfmdftz3jq2l8pnw6qrqsaw0qaudale,BSH,2000,
xch1rnu0s9prd8huhlu9a9tjjfxxdk0m9n8t4s39gjyurxjc4rjtrrjsvpnl08,BSH,2000,
xch1r53mku0kqwugrjpkq42zf9sp7sxfsw0hfv52ncjrr7mqkfc4e67s49qdnl,BSH,2000,
xch1lldr227c8jzw00new0qa37fml7fdknr9qeyg3lug4yyv3trpe8yq39ywy8,BSH,2000,
xch1x0549elcudt3svax6hq4pecvqvh4y0k2p8gmu4jqq44rnles23fqw3fgcv,BSH,2000,
xch12lewdtv403zwkrn6lz2e9gu2s75r0k4dlk8ljscsxqfurpu8vszsya0ls2,BSH,2000,
xch182gzvwsr6xdzruhgy5auu5zxjy2x7x8tgsw3f487hsa56gkze6wq4sh3e3,BSH,2000,
xch1h27e2y28yr40qsnn96h2kc96x3v2yhsekdv66gjeck9sjz3j936qr0mttf,BSH,2000,
xch1kelpvucwmy7vj6c7fsfxm3y2yt5kh4k2y583dxff88vajsg9j6ys4ch7wa,BSH,2000,
xch19wm3mns0q6te7hkajnn5e8wdrw6gzfyt0a4jyhwwnk0e6nkddxrqcvt0al,BSH,2000,
xch1jttx7j0fmsx6vm46ft264mtnk2gju3xftyhalzf8qy5jeu5swp4sx9ccsp,BSH,2000,
xch14ddwagknkl7fdzlxdqq9mtpqhh5t8x6ynpx99fzzrcfy555pch5s889rpg,BSH,2000,
xch1r3lk59ddvmxu09052yfs85p39rk0k8wafyfa98mham2pw7kcgazsz26rqp,BSH,2000,
xch13wvj9tfdcv9s54h9n9esy6xtydzhjy00y22n4vmzvc90cszpwsds9vpkfg,BSH,2000,
xch1mqhpxyrp9w66a7fpdgkpuns4hmac7uctpg4tln2w8u68f5qmwyuq5ns7ra,BSH,2000,
xch1s6h0743fzexxmpzg4qwzdluk494f0vzfkr307xa9rnspwkza2qaqgmdwnu,BSH,2000,
xch14zm9g0daly7fg4mndqxfqgzfj0vts4vms6fg75nhlu2ynda2kllsg0am36,BSH,2000,
xch1ck7jwfg840cg3twgdkp8nlgvgwpjecw54d9mz7z7awdxxdaqsa9q3fu0jf,BSH,2000,
xch1f3dr7k46z9xzk973zap63hqkmh5kyh3sed4m3ejneuygx4x4j24q44ucs2,BSH,2000,
xch15t48k0c2nj3pelnhz7gz02axgjs2cxtsqllkqnmq59e33typn7usd4xkmu,BSH,2000,
xch1tgqcjllwm95nkdulusc4um4d2rpg09whfp6qc2yajtkjyj96kcvs94srk5,BSH,2000,
xch15jmyhr84luqaygfgz0248aff9m935yk03vuyrsu4uxyw0tqsyt6ss84h6w,BSH,2000,
xch1hxv76lvcwcxkslj8r4ete6pku72w980nptff4u6kjx3pr3s5kqqqt446qh,BSH,2000,
xch1xdcqt4t0d7e9tnfx79l3xg8g34d8psyxr6za4qtusvspfdn7lcrsn6rmtg,BSH,2000,
xch1lwxsmg4k3gyqh5kw7gyjxnm4tuq20kcq5wuddera0uhfjq888lzqn8svnu,BSH,2000,
xch1zayazd68lha0q8lz62s6ufnuws8dv05226uv7zzakgwrrmwmvtmqdvcrhx,BSH,2000,
xch1yhf9p6xclamhujzmdz7q4ze5yq70ts8zz4y37m5ucssn0fthecysxq2qmh,BSH,2000,
xch1z4tves9xuqktewg49ldya286chrn8scl6vy9pts4ftlslxg295ksmhwml4,BSH,2000,
xch13ejvjh8aaw7ud2l9vr58vj667nt82juw8lhn9kwxat25tye8tcdsv0u9j0,BSH,2000,
xch1jg33hswvk8tfqxu26vrfrfuws23ws7r87fgcqpt4arfnrknfz5nq89dy5q,BSH,2000,
xch17lqlkkwuwrnf8rmswk3mxca6nfu263j6pt20tjxa7na3gtsm2fpqusgqeu,BSH,2000,
xch16xysvtgpsc42kggnq5ksgtpltjfkwg4wpssyw0f6tl268mn05r9sqf0n8l,BSH,2000,
xch184dusccmug5zd2pvg4325wutcsrg7e9rf7k4ft3au0hutv3mqg8qe6u6xe,BSH,2000,
xch1yjezhmuk59lvc5jaujnkjh5ns8es8fxdjvkfcw23vdm3zuu63y0svjx0ux,BSH,2000,
xch1900fcu65qx9nkxdx95ydwas90apj8jm5uh95nzfqfrtlefmr9cjsks244q,BSH,2000,
xch13w6qdzvp6gyvkavghz9cjj0fur3cfqtqmxldvjll296rawt0urgq6lheuf,BSH,2000,
xch1ntwa3age7xstt37rygt7zan6y6utjvye529djx78dnqzsa9yfemst6ky46,BSH,2000,
xch1ssc9p8j9jhjuzfk8tuvhzp7nvjx2uyha68amt4q59pry0u0rnatq6s2kp5,BSH,2000,
xch152pcu9pc99847nx47z6l9ujs2nk3muglj9t73gzfgjef5hhhrfcsmw0jax,BSH,2000,
xch1sn43ntpj256jftx5txy5hzarsrkr7prcmsmfea9d9vwkwaxks6kqd94kzx,BSH,2000,
xch183wu6st6xmsy9g7umzxuhrvlt4the5ck92pf29tp3kgmuxdv23nqrllfty,BSH,2000,
xch1g5pysjj7gj0v2qz6zd4gqjwa8jzwut8rpq7zutaxtr2yzgfrhk4q3zvkl6,BSH,2000,
xch1lj9eehxuhp9ewk0q70pppw3gjzew3np9pwt8yd0wr8zuc74dx4fqd5dacg,BSH,2000,
xch19twgvlrj5kr4gsghk6kq98sv0gr53stvj69g6m8296mh3k9q4p7sfa8c8l,BSH,2000,
xch184df9j60v9d52dkcdvkd6qwvk35lsscq59sg5jt7zcegd0urjzvqwz9k2f,BSH,2000,
xch19hpgzjgcmgjcqa26ltnf9whkgflkm8g7qjujnu035uljku0hks4qdjgwmu,BSH,2000,
xch1athtxk3wupj9w0sjr4eamyq764a90nq665t39sjf0mqjzauxd2ese8eqdd,BSH,2000,
xch1n2grwllslfy3rcaf0fwyrdtua6y9v63hyd7pzy0n93v29pjsnyrqhr5em3,BSH,2000,
xch1kmsgn9lx7ds9phkyw0pc8w0dtrwzfpr3ll2j7pxxty94gka7ng4s6mkrq3,BSH,2000,
xch1myn2udrmum0usw62dk065g6yq6uynheke7hgjrafkpfvwq3al5ss73rzt7,BSH,2000,
xch1yu4vmy25rtkhphvdfgakreeu4ys2rluhgdc45h8k27y36554gyysepcrpg,BSH,2000,
xch1kd3srlz2gcnxn7mr3afqtz072843vxgr238ufk28u7met22c3juqmyx8dm,BSH,2000,
xch1gg84f03fhwz5g0jeclss77cfkqvrfl40gtv7thpqvmdgqz2zzd3sghpwum,BSH,2000,
xch1cc5kc0f3jqegll2l6y4mr6lts8c3cptj64z4jt26g8sjtgfqlnjsxhyk7f,BSH,2000,
xch10de84t0866lp7ngaq3ahzefjg26nhz7nz703n67v2ey4s2975pgse262sg,BSH,2000,
xch1u3g0s08d4jcd9ljxjshk2rnaezpaczyhu2el4cg83jagl4fyjmyqqewrjh,BSH,2000,
xch1655uyl0x948eyu4rje0mkr6zq0papwhu7tetxgx4ngs04nm44wwqfu2k5l,BSH,2000,
xch1xarrzp227qgq9dvgkl0h42kaen4gczqsspam7y79p06dpry54pfq7wcyj8,BSH,2000,
xch1k4c6lvs39y7nujehjmphpw58v986rnllwlyzsr54nfcj340u09fs0grtgz,BSH,2000,
xch1gjpygn6aq4xgdfzfzujj8eqcqrlqsmrs7ez08yxqa2gru7v9qtlq8mr0uq,BSH,2000,
xch1emhqn0ke90q5eew076jvqumdtdt8s4hrxs9zkkuut5s9gsk4qsnsjg7kcf,BSH,2000,
xch153x95hwfzp7w0849wmxds2qmy6ku630crruxpgp3sklchh2wdchqlf46xj,BSH,2000,
xch1az9hw35x8hwaug3psgepmv70fw3362p5un27ln9f5c6afq4tzgzqwm7kxj,BSH,2000,
xch1uvjgugnnwtcddlgw35qzqkw8lu9v250krhs37fyns945kq6jydesdgqz8z,BSH,2000,
xch1kvd3smjnpjjfnzlppx8ptj0rmxv7vevm9uscaffyhawftrupgxusyj6y4d,BSH,2000,
xch1v6wughwcveth6t8s2h856dk480lczv9274dkfqt7zzn5ng4r53ssfh559v,BSH,2000,
xch1552f3c2tjrsjdg870z25cvq0265pky5evlsjkldh2zdv469xvqpq8n0773,BSH,2000,
xch15x7pd7xh9a67ppraw8f560ewh434et23n2ed35swhzr5wdl3frcqldve6s,BSH,2000,
xch17nkwfthdrfhvz8zh7hydx8xql33cvl2a627cmza0vusln8zwn7ysk6j77y,BSH,2000,
xch1dva78tvv5eunu7mlxeklwy8y4sf63zp730l507pw8fmkz8zazzxqsk3l26,BSH,2000,
xch1vt7q75vvnw5jqdmtw9tnvnjatv54ehy78cyvx83g6zxxvvtzqsqsl4kkp6,BSH,2000,
xch109zhrsln5guzmcdfn0rs7gwkag0lxy900ex6yaeemal7htwyt8cqm88ae4,BSH,2000,
xch1durtcsr9utmqv43l29nszqq7p8uxuzfexanvqp7yc0c75hrt0q5q9chat8,BSH,2000,
xch1lxrss5qvuwxdeuyg7zwmljhedfs5t4edfm80l7hv39awhj746e3qzf3hs0,BSH,2000,
xch1aykxrf4gcffuzfrtavmeh7udlndr44uc7xxu5uhlf8kt3l6fedqsmvhuh0,BSH,2000,
xch1xw2hv6r5gffk7qnsts6y7qzn5cv7a69a46u52pg7h38gfnex55lqnw2802,BSH,2000,
xch1eqr6t7e9dsdvt2xygxvfvczu7nsfyw3kl93vul0tzemywfrgjewsq00k9r,BSH,2000,
xch1dxszkx4rtvq4svrn0w29vn079xn0fplksstx9v4dm27he5z6c7kq29wp5q,BSH,2000,
xch1wf9s75dj2zt77sgqtug2mnvu09g6vv6hnyhx4338ywtwzzyynwyqlvth39,BSH,2000,
xch1fmp2yael9dxhctwv99wcnytlt50v5p6laswjx6wrqagynqhl7zlslgdny2,BSH,2000,
xch1rkm80cd3hn9zvr0fzqxu75r9y8yc7thvdg9dctwwtctus9rjle3qf38t6y,BSH,2000,
xch1wfxzd2sjf2tze0y3k44zxuesrh92jqj5fz6hg9g6k24a9u48fg5s298dde,BSH,2000,
xch1s7qwc6tkwc2ufns9cpuh6344xjvls6twm58f0dp6v4rtzysh3glqvkqntr,BSH,2000,
xch1zeq084n4q4ut4sqyhxsmntjqw8ny8s6qn9zhnqy89zwnwzwh02lsf9jek0,BSH,2000,
xch1rt73uu2wplcp7u3l0mfu8302yc85dd24h47zc58k8tk4vgxuh3jqqcxraj,BSH,2000,
xch1xv7y9y8sy9qf55uvrpkjpncnw0n78jpmrpdeae48xhrpvaa75w6srsrww3,BSH,2000,
xch16tv2zjaa3xkk6upvs4srpxst7nnhundjkktwk932kzz7wqwjuajslwjegc,BSH,2000,
xch19au4e3zks4zc3353ahfd8xzc0psvx0evuk0wuz5fvzxfsg3g2uhqk64yr7,BSH,2000,
xch1w0dhe0rgssvzwjqzm0pwe3ngydk7az00qsrr526wymsk2ydva5sqn5xaq4,BSH,2000,
xch10sj5crqtmj2dw0mse7xs2waytax02tpceec625sgrhw2nryg38wswq6k7e,BSH,2000,
xch12a4uh92g2fdglm44h82d739levd0lu5hsz8p9kfx4kmkjmlnmxkq3c8adj,BSH,2000,
xch1zg885uwkeu52hvyl8qdzuvawneya5ny5ckuqz9g02qh5cfm4wmaqj382zw,BSH,2000,
xch1nm7x5vjq56c06gxj4lqnm9hcuwhqxa6ca2eut944ftm8uuf04w2qn9eka0,BSH,2000,
xch1nhz5dns8yjc87zmw7al6x8gr22zs8x5fs9hy24e9zph4zuq3snpsrdaj0l,BSH,2000,
xch1xmw9m7ly04aklexk2mn5yvgj3whyz3u8cnlgzzsp6c0856cjhvpq74cp29,BSH,2000,
xch1npy7s6wyv0ehfpepemv5sc9sd7ndhgn5dx3jz588qupa8jplekwqc36583,BSH,2000,
xch1j6st0emc66g5zcr6c5uwwgfssnxalc7kq466k46a28l9y82grsmst5qmfw,BSH,2000,
xch16dq9j0ecuw0hvs7953ex9nw5qu0u3khyefjwntctvfrj20k7j4nq2w5etn,BSH,2000,
xch1mh0kvptfgdxalmw906xc6u5lplzlm3apjz4sf6u9ywyzxglhl8jq8nsh6y,BSH,2000,
xch1sdgs9n9j66xwycjm2uhhje7gjtg87y20h2up3425nnqxauz42g7skjmchg,BSH,2000,
xch1vsj42slcj4apukqxesf5wfntrvehe6uxmnehln3yd0emgcafrqrs5vh5pe,BSH,2000,
xch1uwmuqtcn370phnwappm5lf3k33t2eh97wu5e2cm8p0cl8xaf9hrstfmz4r,BSH,2000,
xch1w3gvts6zply6ssszzxzk0k82hrrjpdzmte7f9ufasm95mq2jcq0qjge7yv,BSH,2000,
xch1rkd7vuls0jy3hwunep9as8zhk7y9a8z9kqxwnxyy862ksget8xrqhvv7hc,BSH,2000,
xch1ndmrhypdlaffc7slfurq09h5q67399qgs0077xjq4mqhjgsmln0q4usaf6,BSH,2000,
xch1r7v4tnz663jxq630nmnhqf5c5tv87vlhh908lzkydxegcpu8yk5qkpt33k,BSH,2000,
xch1glkn0fyts3dx6gyfuexaryf29h76yy50zgekpks3ptzggn0wcd2stq37j5,BSH,2000,
xch1ep8jm2uaclvqn8dayxrks6m477zl5dl904ys4e2z6t5am9g6ueaqk2l2ur,BSH,2000,
xch103kzfrgfap5pgdun9vmp8t8q0m28ksa8uytr6p537tcgdaxel0aq4t3je2,BSH,2000,
xch1acf96g4pqaz52jwwz7t4sf3cuyy4jfxr04fm2mtvzmwqylf3fedqm469nr,BSH,2000,
xch194tnrkwht6lv28q4gy30rapnh8hwtyv830q4lzsllyqjsqqnumlskg84vh,BSH,2000,
xch1v7m5v9ght9cm9jyq4ufwz405helvracqkjy98tjryykrs28e5lrqe8c6p5,BSH,2000,
xch1wvc9t5dfrcuadly3g9ve0gdt30cyd7ru6j2fnwf37w8jcrwglvfs8cjpp5,BSH,2000,
xch12lx7tt30hs7kha9nl8lcknd2h8682plq0e9ranj5v9rae203f4uqdcsxk0,BSH,2000,
xch1h2pqfnw7kce8fzq02pn9adgheex0kjxxhxg2r5admz4ys7lmlk9qges2pv,BSH,2000,
xch1tzyvme74t2xfmp8cnutt7ahzast0xgtlaukgmd3hqwddhj4s758spdptc2,BSH,2000,
xch1n4l6ehd2kpzmn2f3dyqa6gkqf4dk2t3h8edd87ptq6dgc34ve0zsyacju4,BSH,2000,
xch152j7y3w4fj50jlqg56zxw7gtzvjjm3rv9kp5t5rdasd05mwguq4s9r5q9u,BSH,2000,
xch126ydauv2278d526fge69x0zjafrnnpucr0nx2zkncm4q4xf0kpys5ta9we,BSH,2000,
xch12g9c87jven0r724g8eh5l4ppawa6js98mn97m450zh78vlu8h8fqmaspn9,BSH,2000,
xch1k2l0yxkc57dvxh946pr8wy8mgg8wy54gh3h5mja4wnhrvuhknh4sp9vrsx,BSH,2000,
xch1xdhmrm8tesxkp7326ax6e9n5pc3g9h8ejzrxzj8088pac8w2u7mshkd7x9,BSH,2000,
xch1kcjnk2r78jhh0zfx9pnkxt4d558svnc7q9uwwrmyj2zzlrzm5crqqx7d8s,BSH,2000,
xch1lh89clmzt4s23zawnhntqvzg80c3mprnvxevkrhjyfnekgrvtn2suhwdmm,BSH,2000,
xch15awq5hxrnscdgsxum4dkv2ejq8dmlfafvl28tj6v4a9wvgnw8weqg4xhk3,BSH,2000,
xch1868p42famy7z43gdhxa6dy64k7kmr8c4na40lyuhqw6wezukl5aqlwhmaa,BSH,2000,
xch1vjf7kgmm4tjf7dr9puv3u77n3tlskyhdlsp66du9l6y7pjm4rtvsf6ay05,BSH,2000,
xch1twlxyqq745usfq5xh6ggla9mvdsuxprrjm54qy0clmald5f6qras2cws2d,BSH,2000,
xch157gj7ly24qshj2ket09gz5h57ntdfny4j2p6nsrk93qpngs7j5csnuj7h9,BSH,2000,
xch1hdmpsqj46mn5zvqc6x9qsgvsq0m7wv45ynm07zcfrrzgkahfw39qsch6wk,BSH,2000,
xch10vhzp7z9ezs9ttqddagmdqlfz2cxw9xvu97wnf0d84djz2xlfzashh2vq8,BSH,2000,
xch1r8ywr2mj4pgcp0vu8x6gs5wlkvvm3gy6yj0euqstwq4f84zfx6eq0hr8c2,BSH,2000,
xch14tv93alxdgs22deh45vk6uppfll397ssz2nv33vdvsedsa4nl6zsc29lr3,BSH,2000,
xch1vnkvx8gqxyrt732p52dtyse28el3npwhzs82p88hm5znpu4adpmqhx8f4j,BSH,2000,
xch1mq6p3zjlc0jwjkqd3tuguc06mvs0c6gpm8cztpcvl9qa7dsnvvgs4969ks,BSH,2000,
xch13jytltzhwj832hde0qe2ffedusjwne0t8rrk46kqsuqk7frqwamsg7m23a,BSH,2000,
xch1tnvpc3st42pw6cpuxezfjfl8833zt096qnqx7ruuglrakzzlap2qudeh6d,BSH,2000,
xch1sqhyq0v0nc2ldtckahtzs8482sr57w9arsf7hydz86tzaghu2hhq2u43ay,BSH,2000,
xch1ryre62j68hvw803puhschnqxyqnu4c5j0c830ge8ssv7hh2twfgq79cvqk,BSH,2000,
xch1yjs3rh58eezmx8tspt5xrafvsztdl3ftmfp4zw02gchrtdquxcasldltqq,BSH,2000,
xch193v35qnchuawg6d7s205k9tj93nf826qdn389pah6qksrvegytyq4a3g0g,BSH,2000,
xch1wre9khskg2uwalvd4nz30wxccp2nh3ttyeg6qek90m22seh42wuqte5e4d,BSH,2000,
xch1dw7wnjv6kmumsnlcvxkp2g7ptq98xs7ys9m320xtn3qg3llpe8usafdk3z,BSH,2000,
xch1960va74jsa8hnf4dezs3vp93d4nzfd7d4kvnwfzldr0djpu0arhsmw8pnt,BSH,2000,
xch1wnp6azp9txmgu45h25yx86tug2twutr8339axw7hg4d8uv9vaf2snqtypn,BSH,2000,
xch1dtfvknjzts8devv3lkjp5m62n6l9gdgcct56cq597f5fkrzysqdsqcsn72,BSH,2000,
xch1jyefls4hq3uqx36lphjalnpc60g3smnd5v273c6a52ht44ve5lkq0x5ydl,BSH,2000,
xch1vtuuatecar95lwsfysg9kgzdg6cjsfpj98mz5gav9z5se5wcup5sxgu4n8,BSH,2000,
xch1xkl6ge4vq0dtx9f7dgxwde7yat0m2ewq5sxq65y8apyuyxa2sqwquhycl4,BSH,2000,
xch1wjzwr0nt09ej875cdp6pdh58ka0x54gl834fymzy4zeesscd95tswk4q8h,BSH,2000,
xch1yf5euv6gxyv73fhfzpq3ldkkm3sydarf6hhpyk7qkd8e9qyg93hq600t7z,BSH,2000,
xch1gq0gat4e220cs3hgtrxmalavfq5vdhq88scajlak956qeerr6zns7atru6,BSH,2000,
xch1cf4grmhelsvd3z6wplwaj6awry7plm5ck9ajsz2aedzsnezcs5yq5h4dml,BSH,2000,
xch1gugdgsvswhxlums0us8vjzurp0h4h47cdu88dam55vrql30he5asz9nu89,BSH,2000,
xch12hegnm8qumturje9avc3fqlgzvvjuxcepqhje3kmwlr8kgz67mdq97g42x,BSH,2000,
xch12luqmfq3s8sadk30x9xd64yq5t8mglava8dyzv4g55f4czjtf6zqp4uugs,BSH,2000,
xch137ukfdl7g22ulexqcp47qwg2h7rvxxreq02qcks8ah6ef67zt9ssastr3d,BSH,2000,
xch18ar6gfm87etagaeceg7a6g7lzpqta047rk8enln9zfh84xt0xjzqz4yyrg,BSH,2000,
xch1amt3zx5rhlx9c0enp0ul7kstzf5lwhc9kec3qdxszm0ev7qt6cnq5drkds,BSH,2000,
xch1cy0ukve04s657lteq7gfvaf73zvc99502yge49rzhcjd88a8vjds0z3wx7,BSH,2000,
xch15x5394v0kl965hej5rzc7ht98afyrc9u4zcjf8tl72f7k2jcyduqt69xdt,BSH,2000,
xch18fkw4ve89hq8a2sg60whscahfqfuy35gr44ycgw6hu28kjge74ws8n6esq,BSH,2000,
xch18n3vtxmvaavxg55gwtu7s22wteryfl63hl059q0qj589vvxmmqzs2tkgzt,BSH,2000,
xch1xy679t780v489qqm7yt7r9drpwllf7t52asvy4rgmz758fc5ew5svjn5kc,BSH,2000,
xch1ldsefp43zdya7kv376wf7pwjcmg7fx5lj4rzag9h0rfuhe4ed9uqsclt75,BSH,2000,
xch1drqu8873vr28c52fagzxtg288upajdrdwxmq5hzjr54pqpuqzvwsnxzgu8,BSH,2000,
xch1s3q80yk2us56cume5ddzg72pvm397rhqx8lp59839fkj59hesngq5gg5j0,BSH,2000,
xch1ux0ehjj93m3cvfuwjwltwt6svsvcx5ntmtua2jh3hdtw85yuryrqw66mak,BSH,2000,
xch1r5lra00060v97qhhmzr6qgua73ppwscscr3hkq5gup8fwmpqf87qyazr9g,BSH,2000,
xch1upjsh04pkrj86pcpm6q5mtamnlw7vf6su9f4aw2a8d97rngqwc6qneaqc8,BSH,2000,
xch1cjlplr4gul89sresjxhgsl8zsrhl7t0mpuvdfxppf0nztsz4xvyssf09zq,BSH,2000,
xch19vfrmvf52yan2z82903avql4qpgrwkhu9w60s5rgd8lz0ys59ntqfauzcj,BSH,2000,
xch1fl0rct0vf9sxrx7farddezk9g34gk2j2a9dq7g9e83vcdug6ht5scx094a,BSH,2000,
xch1s5lcuw2ltewa4d9jy7tzhc6c7jrza2w6wpjuzd882g54ghhr9xcs6k8s3e,BSH,2000,
xch1gqqw5fvsgc98xf9m4gak6d73r8h7levpvm2udtc2ff6xeqxkrm6qayh7ns,BSH,2000,
xch1f6zwt5rs36lw2t9shynawl20eex9dglqlssavgeh8aa0dkwef7tsmcylzf,BSH,2000,
xch1nfs62qs37222s4qdq52cw6gzjna4n9fjcvx7lzu002w5dez7ny9q26me72,BSH,2000,
xch1jtjagkx9g3dtxnr6pp7078ta0eeferxae6u3s98lwhdlzkrxvjlqtf4tku,BSH,2000,
xch1fpml2dxfta0rk6v973ky5kslahu2cdz06e0pnlq49ask9h4k4c5ss63del,BSH,2000,
xch130mw2q238fx2nsc6uel9wq9f0jvqufc7xg22jw5lyne4g2g527cqddtm32,BSH,2000,
xch1vptj6u2cfacra8muz3g53vpfl5r9s2za05mgkpnxqukuffkhulpsjcs03h,BSH,2000,
xch1tuujcps7vqd533k9987mvj4g2dfusm5p2atj3vjfk8ejxn02uc8spf4j4f,BSH,2000,
xch1mru378afkeu4zl2399ldmkjfa4mrr8wajr6u4tee7kj0a9sd7d6qlk2f9c,BSH,2000,
xch1x8kljhc2ddr4dy5q248sccm0xgezc4gn83q0n4ht54fkpykft9vq58j6x3,BSH,2000,
xch1emtv2v642td8xztd0p2k9anuhyezcw7pzfk73sd67kla0axjfylqwm7vr9,BSH,2000,
xch1j628ngycnym4q9a0h3g0qtgwnxleecn03hq7szeratjgx4x9phqshmq2xm,BSH,2000,
xch1thl7sft5hx7vesjs5jmq8xx3q6zw0dtpycwqs8dugmlz7ggsxvaq6q76cw,BSH,2000,
xch1vd5a0qhq92g42uw0uwc04533kq39gzu30t3jdwfnuf9nc4dmt23qf6aqfg,BSH,2000,
xch14nyrxaym59qfn4dc4tmwq2ed7ghcg6qex3qxm7gwucxrkn07mqfsl8jk4m,BSH,2000,
xch1upx5aup9fr4g8t9uxl3s4pqffmdrd7288nwjtfx6pd65y5ghndpq9hmylj,BSH,2000,
xch1y3anrk2wwyjmctwu2h2lmnthpngwkatlzrm7tga267htzsx9gyaqynqzy5,BSH,2000,
xch134uzzt739madr8xtg5wdp4jllmwvksw9gr30eklvpkpwe0fyfalqzj7fcm,BSH,2000,
xch1ahv9ptrf0eqmssp3t82j3q6sh75tsunyt67mv6kv9d2cxh8aaxys0pdrt3,BSH,2000,
xch1ry3tdxlmp5dyqqxw38c76x3tejqdzd6sd67e2gvwz6a7382xv0rs6j0uy3,BSH,2000,
xch1xep6mwet7gnlym00kcnnxduauad5e5x7m3v2vgpms556hdt2el2s88rpqh,BSH,2000,
xch1hs95pdzfxlvf978dmug9zt2yv8xwswetwxk32g3t7app7u47xdvqavfueh,BSH,2000,
xch17q6n0ypl6ulj9sfcj7fwgxg27yqjk9zz6kdt9346wkywqd9xx5eq4j3cnk,BSH,2000,
xch17ft2aczn2dvjwptyfc8uht9dsgn5ysquuqqh0u7gjcmnrum29kmst2w60u,BSH,2000,
xch137ehe890mvyztfuu0vxu0y4y5fhkws3xhlr4lgx2f46ggz38lw2s3d7cmf,BSH,2000,
xch1ud7j466n55cz2ja895la3ygrg5n5pdl86l20t83gt8ptkmxwfa6q7563eh,BSH,2000,
xch176reyklkpl6cdeg8x499g38xma35uea85cj4xwat0catepxjmljs286gvq,BSH,2000,
xch1h6u4qxnl7x9zafza0euzmwzpd7lrexke68k26e94afssr9pswmqql4s09r,BSH,2000,
xch1nzczrwazlgnty8kptqkk9396sxauclykl5tdwjgnmq6pdac8nfpqcjgagu,BSH,2000,
xch1vxenqyfppvz682ru3mwgufslge9ga6p5vwz5rap0h6yuwuyvefeq7sasr6,BSH,2000,
xch1rlht5pdph3jt7dj05uargdvwh76cescg05lys79ndphqhcz7s87q5pxtk3,BSH,2000,
xch1xv3t2paufev73xr0p59txgxwuht9d4msxnw76k4tcr98v8etts6qca2uky,BSH,2000,
xch1dvgyu9z6rvjn9xcvs69vsgttplz5a9uztnuzep2qzl6dt6nsvqcspy5pcz,BSH,2000,
xch1k9ctt6wvqw0w9skdh89c36fzrtndjdqypuqu6yawn7qd4leatdkqgv8nce,BSH,2000,
xch16rc32hwyqn5jyclvfl4y89khdcdzg80ge6x8qjrsjz839cjns6rs8529de,BSH,2000,
xch1rp0fzaacyrhmhuvsspeu8mq43z6yja2pf8gz6l8jjcv857xnwnfsckanh5,BSH,2000,
xch19x98qlxeand4penzcpq4a089pul2gng829r5xxgnqg38xy9vq2mqhfyjev,BSH,2000,
xch1njzesj8gpcl8wphglq8thynwfhwsn9xfrjmkrd8glct0456atxmslh4n09,BSH,2000,
xch16xcgk4ahw467sxqseyr7jy5qpkgwym946rk4kcgvhmuq8wnjk5nqyd47lc,BSH,2000,
xch1l9hlzc8nqrhp4t8jc40pnuecg5whvgvjp9q7p8xpldpunujacgnsya77gt,BSH,2000,
xch1zh5tu97yzu3mw7ld0y727vw7c36km3eltcv0tz9pygr750t6ac6sff4h8q,BSH,2000,
xch15kygcnfq6z7wd0qgnpxdwdtmjxhu8pfqep7ewrdg9ru95q57t9sswm348d,BSH,2000,
xch1nf050m6hql7jf75t646y9j3wt4cx7nerx94vk478hdtylz3d4qdqccwntz,BSH,2000,
xch18qqmgtl73qx2wwt8ajtn7tusjf839u8sqds76sdx82n03naasddsrugq5w,BSH,2000,
xch1mw7jgfp7lec96xmafsvt48nfhwxngktj7wk8xqwrym0fn4e38z3svlf20t,BSH,2000,
xch1u854rra6adudku5d7f9hscfa3872rnqgyrx6yfwpxeg2t39uclpqn8hhgr,BSH,2000,
xch1h4236lca579zqzjc6ej09hu3tx4ws5ya0hh4zmmf7d9njgchpwmsakuwdd,BSH,2000,
xch1u70td5kfhwkupse8mwh3f0c5rq3kwnc6yyt6t3lyy6k0ga2acjhq2s299u,BSH,2000,
xch1kmd3n086fe6j8f4n0jta4qqq0n3zlwcepdxda8kf7gry7vsu9xrsu83xas,BSH,2000,
xch1dpyvetz8lepq3rjwhldnmw79y5565mzhhqnmnsrf57wg4shxl4sshstujc,BSH,2000,
xch1d8kx47zzerspq4shyzu9syuq3r9gakmascq6yxgpd5h5mnrg0rgsskrqqp,BSH,2000,
xch190nhz3d333rym7r9p5l30rnkrs8avar9m3u59j6v8yxavw7nff2skwh52m,BSH,2000,
xch1dslgkzlhq672wj6kxt28trvn7t7g4ejxxqh6nx95cpp62ldgddvqtpw8he,BSH,2000,
xch1z6rxkfrupgldetwy09as6ez5fk7g4y68d8mafmsntgjmmetj95kq90zuq3,BSH,2000,
xch15drlrkt56l7zqvujwjmpjuy6e5gx2ytl02kmm4r9qytwqm4hl90sptmlu8,BSH,2000,
xch14caumd2urrkmy9m4y22lnye6yf3rajwku39k4r3msy8vkcg9j5ls97mx9u,BSH,2000,
xch1dx6nq6nun5x34mpqp4plw9vv3fsnfvvfrzuu9wwjs6y52344tnpqfjwxmr,BSH,2000,
xch1ffhcgtl059az38erngxjqg748n57r3ams4jl0vflxe2m84shttvqnwnglu,BSH,2000,
xch1huta27u2gavmzrkfpd80342a8ltpj725k32e4sslnnjdvvs65n6q3qgr6s,BSH,2000,
xch1e80a2f42x3pm7ra2sffefx4a43nkhp654gl9lp2gezwdj53tw8eq42plgs,BSH,2000,
xch1gv400h4gjsasuds52sjjcesml4vawtvxhej97yf76lqy0gkk0jvs23l0xl,BSH,2000,
xch1nnyxpltc594sfheqfp05mhzt6nm2mfmud083x4dfr8cqe2nj0k0spvxm0u,BSH,2000,
xch1zlk4fp8lcev7465fzxepgp9ngpyvdkpeuf8zcy69chyzvswtx0tsa46ejq,BSH,2000,
xch1n7lcmkzxtj6t57puz67w42gy8skucpdzundprcufwuvlehrvhtxqcfkcx6,BSH,2000,
xch10jm89dwqtf28hqlrwyeu0ds5jq8fuqsk3np3uq9asypj5nysvyuq7dluer,BSH,2000,
xch1t9zqs3ay3ung0u8wscuq4hatw4nyzld6pkyaeuman0da6zxhm07qkc7dq0,BSH,2000,
xch1samty6cg04q3g33xvvemye67746e0269umd8plks5tv4yhhprzqqyqengh,BSH,2000,
xch18khxrh5j520ene8e2lp3wree6l6twet3pjx29362u5t44c3qwuhq002zny,BSH,2000,
xch1cvx7079ul3drmck7uyk3f3f9l93dma4efp3evs744dduz346ujvqfq6xqz,BSH,2000,
xch18tfm3l29k967uwrhp73f2rv2k380sajwecgp9cmy5gcmwlg0ggzsgz0v90,BSH,2000,
xch1x4nn6h4enye9xd6ja9kep2daylxz3932jqchgy4a4t6u9229eezqxry8zz,BSH,2000,
xch1t5wa5mr4qalcz23gj00ljn0mvccukm4ru2nf028gfs7cvya03xtsr9ejpm,BSH,2000,
xch1vvh7fw3z2t5u9dj6sqp53ngydgvkyrnh9kzt3ht739eruzz7vnnsan9srt,BSH,2000,
xch1zk52l5l8gspal4jl4t6r83802sjhqs0ca586k33kflz8q30zgmksj2f8xh,BSH,2000,
xch102z9tqnu5c3f4qrlnj90ujn40gdfe7cltsnxcqmalusureup76gsjsvyuw,BSH,2000,
xch177r6wkurfrt35pvfhagplwq9ltt0tl9snfm7u3649twkm79sya7qet8lrz,BSH,2000,
xch1k7524e35u75ltv0xzdvucun3u9vs0670qlf9ak9afxwh2pvvcuqqzzsghf,BSH,2000,
xch1rhv74yaj3f79jcw5erc3n2a5fuctrpkcvan03qgejmtxleryyujsks53hp,BSH,2000,
xch1uyjc4uynyl75crkpwczehk2mn4gp72huylyf7quvhzut3dzxgf4sr5sgwm,BSH,2000,
xch15scguzr5dcwat5mkgs3hq3r92a0097qec94tcfj6m5k7d3dpl0tq9tlp58,BSH,2000,
xch193ch0mrj5m4j4zkwdam953dxtmemauesn5zvkalnaqeae84smpes8504pk,BSH,2000,
xch10xgk5x5lq5yrryq97z3ghd0wke7g9lfqzla5fpeeervhjrlgcfrs9wdqau,BSH,2000,
xch1k0kuxn8en0jfcmx9gdcsxvvqplyhl354g9gcr3zccyerh0q8rnqqgvzf6w,BSH,2000,
xch160t2f4acpu373rcy86z27cu55qk7437s8f7e2ngs2p6kyv8zjn5qv8c57y,BSH,2000,
xch19qq9nkx9uvwgvn2muuracndgkpx4v8825f93hacv6nv6rz7j0qcs0qngta,BSH,2000,
xch1ewdnhhnd9ee377ucg9sn0zl524aarxgmf9hnuhmnkk33yw4dpywsdt5vhw,BSH,2000,
xch1zzn5qwq4rkmngynmacjmmnyn8p38qkawufyrs05r0lm70a59agnq4pfeqw,BSH,2000,
xch1fsh7fy5a9u3wlhpunrckp0kxmff9vazea4d98qjd5xarnczxqqxs8lz9n3,BSH,2000,
xch1wrg3s3xpsvjq3ksmpuaqx3x9k33qzjagkz3urljzywqu2punp8zs9mp3ws,BSH,2000,
xch155kkkf748z0jd87c2dqqfwa62t76n6mfaxtjmnxexmnzdlxvnpkqep3plw,BSH,2000,
xch1kdnzacfum9tyfrar74rqqafyyguh4szup8l5525ns25s4jwk03vqdh4254,BSH,2000,
xch17tfhesa2eam4cf8yvm45cgqtp9ww77hf7x4tpdyqlydxuywa0zyq5lkume,BSH,2000,
xch1d97jl89vrgpyppzagkqwks544x3dkdhpyvq976rgpqj7lhdn4ncs4yhwk4,BSH,2000,
xch1ky73q7l9ws8w6t2j06eys8gq872x6lt9y4f6rhrunq2upjad242q4zu7rl,BSH,2000,
xch1j8ptvc33fnttuk4azmc3jvvfkkjaaygq57ukufq6wryg8nu32daqg6j8dz,BSH,2000,
xch1fe77smv8ajm85kjj9hg8j9tu7rccx78q0zy745fjge6788h4l9vsjq6skh,BSH,2000,
xch1f0plp5j8fg3w8qw5plez3ntaz2drvhh4welc9w4xx3c8gqnzyspqr7mkwg,BSH,2000,
xch16w485723xj8rdxw37gcr5fdqsgu4qlzctmhvr6g9l3mt98qv79ts9dc2xh,BSH,2000,
xch17y436fgm3350fprjc8klkpxuf3m3he0a2jlpjkpqg8phe8y8jktq6tk9jy,BSH,2000,
xch10fk24d7hyjz06h4fyhqgjulwyazqlf0uz97pla6vgcduaft4u2vqn2n3uz,BSH,2000,
xch1fc9zs8fag2rlcsw94fd7zrzulz2v6f47vhw620uct8mjt7eetlzsxlzlkl,BSH,2000,
xch1n3xtzjnl7pt4sytptv6p6ehtca0863emwyw340u0rk24rfkf46vqrcmetk,BSH,2000,
xch1yua82wuup005e4fu79y9qpucj7ath8cqkrlm7vmlsm8h7w98urssasfh5d,BSH,2000,
xch1sgpr3mphe8mp0fwx8840s3m84wxaq93h7rjy4xdsj46gfkqc4mdqmn2tp3,BSH,2000,
xch1msw3749mdq696x75awtqa8hqfv8vznc6xm56udy83dpudmuxakyslnk4k9,BSH,2000,
xch10wh4xkyh2wxlhr6xayzcxlesf4f9xznwh4yctmkssd3p0ptjl8ystfjlm9,BSH,2000,
xch1xw5ve98052jwmpf3z9em70vuu0g4296lr599s6gajyarexq0ywpq300clk,BSH,2000,
xch1gpr4l4mef465mmq2gympaqnucz3unawhcfwn450swvtn6jee64nqd53ay3,BSH,2000,
xch14xl2723v8y4qvk3d92femputp9w2rlq0ctapt7ncajhsau76557s7dshmu,BSH,2000,
xch13wgmvw43xc43f89dejt3ak0ugf36w3ye32llwnjxwlcgy6rf6asqp7qtx3,BSH,2000,
xch10n6lel8nqtkcw42mx4nw2k5ndcwfnfaxz289va5p48kqjgxw8wxqjpm8vu,BSH,2000,
xch1msdyhkw94x9jpmw9shlvnakrkhx6gs92ev3zphfvcpdzamww4srqmv4pz6,BSH,2000,
xch1j09ytzltgyar0qtfe7a8yzgulfsm9u6wadgtq9hw3676ydhh9dxq7x4wte,BSH,2000,
xch1mw7p6cs6clnd3pngh0feug7gh7rea8zc0mrfrkmthew46h3ugz3sqxtd9d,BSH,2000,
xch19mejnyf4qh593hk8h3nj8fhsjauurcfkyt3f9hrqq8935fktmxqqeywj8h,BSH,2000,
xch1rphxglgy6hseln0xmnz0hcv99l43srhazrpfmw8tdsrs7cr4zg3ql6yka5,BSH,2000,
xch1g52j2hk6rrvluprgwwnqtpnjf3vwp2nvxh56nltjjnj8c3xcy8astqzjcq,BSH,2000,
xch1292u8mwwezwyeen8e0gxl22lfn6wujzvm2g2jmzd742q0hxx3zlqaswhku,BSH,2000,
xch1j4a23eltfs9gyggf28yfze3tlzzan6ywkqgmsh0k4305jwlfsqushaghha,BSH,2000,
xch1sclrmgc63rdl2rgu6e70ju0tjd0cwag9z52rwflv0xm0gmp60spsynjmpc,BSH,2000,
xch1y5jldu0vq46urlyurlkx6zd2xm35a78rzaj374s82zkfcdjgq4uqnf2xnm,BSH,2000,
xch129przsglxp0m9r9l3k8mw928mvj3s37hgujkn2dpty5cgpxw0jcs3jshmn,BSH,2000,
xch1fh66udhml4gh38uqcy0vd4enlted3kzrwas90rxvcz3tc9j5ft5srd2hg6,BSH,2000,
xch10d6jdag0xg6hy7w4urg2xv78u99l7c0d84e8x3qrk282hsw227xqtjq8n3,BSH,2000,
xch1xxyuxh83j5f2mznzmdreac03zhxlk4qpn3et2djgrzxccrm7k44qrqre9p,BSH,2000,
xch103gezm920gmdga7hakcqlw76476gumayup2ccmm7kyf4x69mgr9s5s7c5a,BSH,2000,
xch1yf0w4kx0v75xqyste9vwrf3fv0jk9j3k7cq20d3mmnjf43hrf8ts6tcgfq,BSH,2000,
xch1aak38ghkdt8r05xaz0sexr89elke76aum24k05pj82pwne4mjgts2ft88z,BSH,2000,
xch1ezxprwdummyq0ayhyq9fgmlkd7j7pw5weulzp0z0kt38utur8dhqszk9kc,BSH,2000,
xch1rn4ykckd3x5ymccerz57vua9wdah0x732qrwvzunmvjsd33kazpsyp6arp,BSH,2000,
xch17n7k490p2nwawkwxjqu735tu7hk6h9spay9han9d596txgt9jrrqkl3920,BSH,2000,
xch1gtm7023wd3vg558cukyu49gm6qvfrln8kudu62merd9mlqqywj6swfupe3,BSH,2000,
xch1jgzz0pftghsvhnrplrsn3uyxj9jeyp0nk6k49kck85ea34frmcfs9wqzy8,BSH,2000,
xch16d7gezmc834gmgmz2rh09d66ke4er3yn8sdh0jv3zepk4zef3uusjm08x9,BSH,2000,
xch105mn85wwkfkdvucudl995l9txaeqr3dqgdudh8vqqk3tumkj88hs0d5wku,BSH,2000,
xch1a2d5ca9x5fax4geq3dfycqz3ljwjcpv800hvlxxmpp8kxvh09xzqp7axde,BSH,2000,
xch1cmrn0ev6qfsqg9v2r2f0q35xfyg80nptda3swfdwln8d76pmjy2s4uew09,BSH,2000,
xch182tj7ndzrptyzzccmqv9wr8esrk0txh0dmjfursqtejfragnn89qtekmmj,BSH,2000,
xch1y4zm8s0xn8k5en6gprzmgjxg84cnsy75lvpt0c84hev3eguf9zkqvcll0u,BSH,2000,
xch1279wu45nm9et6vq68kfv6s57xcaytcj9wtj3j5msy5490xc6yeasts6kwn,BSH,2000,
xch1c90xyfw5efz43cymff0x3fgjxv0qrh00wm7kn6zwgtgzujm5xn7qvcmqhy,BSH,2000,
xch1mj5q0dg8tth7xnk60cw8ehacmmdgjukcjaqx23dlzwmmdh0ncv4qzgjev7,BSH,2000,
xch1wdwfvzcze3q236ynsuxv097deyk9lq8cc6wpsveuk94m44zajz3sv3zrtw,BSH,2000,
xch102jph5xuqrqv7p8ld4wfkl62e0jdx9vq7u532dn4k29q8j0y35vs3y7twp,BSH,2000,
xch1ufn2zkz9g97ya7qczzmsf8fp9f36hgj85vk9q5ysgwydy7r4hr4qlxxhql,BSH,2000,
xch10d96fhvgftyzwaqyqejfsx3ay6g5eewq47227k470gj9v3v2ygwslxfvra,BSH,2000,
xch1dqczcac3atlwz40jyfhv8zlcev6ln4q7l4r9rg4sc9yphv7pmves70frrj,BSH,2000,
xch16hdd2ahzx33zhmmkuklnvps76mtk3kuhkv2eun7nc8fgwtz6u9gqq4ns22,BSH,2000,
xch16kk58kyjh87pcwnz8v7y7ntcsx0pa4fweees7566u5mzxf6srp8s507gap,BSH,2000,
xch1vyzfqz7fj06e8pn8ra4f6zknp454gdsx8ntdddnjmg2lxrcmdz2q6dsjkx,BSH,2000,
xch1wjnzay9pmjxdcskgeayk7ucwc7vtt28a85quj35vas6xg2wqdsfqnzfrum,BSH,2000,
xch1uznjffcra8yefu3w4egnz3rcqd38s5w4n6r2jx0hvjqvmjt3azusk3jdtk,BSH,2000,
xch14pakdkku38jswa5uff9tkqk5mfgqt29srcujtqu6ewkc8uzkfp8s42qg2a,BSH,2000,
xch1a6v3ty97hl6flad23zmm3d9cuspxmza6lyas635hfdzqy09e0s4qf5rpcd,BSH,2000,
xch1799marqr4zrwqv8x29el3n6h7prqm2cxqwcfu8m9cjx8hscyy3ks0kvf54,BSH,2000,
xch1ymd7cp68gpae8y92fzm3rdvgqjvasmvtfvnl8sde4ysjsrgep3csrq2lgc,BSH,2000,
xch1mpjl8ql4dz2mhhlqd6tnyvqlyj2n2dw65nruuqaftzwf6s3033lq9v0jjj,BSH,2000,
xch1nmrvxmz630z7024ta2var559qg7us6gn4zxxja5jsls57e3730ms22r8w6,BSH,2000,
xch1v52tl0qhwq6shs6rma7gn5jt5p02n0tlv5slanqtem245mldfvpq0s2kgr,BSH,2000,
xch1zljx5xyr3upc7vk4h2flwvt3sspunzlc68qz7v90qp6mp8eaarnsgcwjly,BSH,2000,
xch1r8dh6pv488t5mxn2h3f3tyjutfsw2ppmheh2jlfu60acps77nncqq29lx9,BSH,2000,
xch1y7x3jt06q7psc5slsmg64run7vf22a6y4hyaqm8vszuk99karf7qjs4896,BSH,2000,
xch1ylq8uy3rx4gkxk6sv5j6g2q2qusvgk7jcync0027guk6389r96rszfk0vj,BSH,2000,
xch13e996nyj0qang409xx94uthyw6n6gay4lpa8ud4w77eukea3e5tsywj8nt,BSH,2000,
xch12e52lfklauxl9xl0xzagu545unyuqad994wwjtymhwfyfhcjcvcq89a6a2,BSH,2000,
xch1dy9fsmfpj4ueeznxlnvy34lp48d33j3sx829cspepzqv5vvy5u6ql3h4e3,BSH,2000,
xch18enaf2y733keg6jz9esczkmm3pq4agyf877z0q8ryrm5ze0ghykqy6pkej,BSH,2000,
xch1rpns8phsa60swg8a2az52c086xvf8ddswypmtttmfq27fjm4spaqmst57y,BSH,2000,
xch1km6ccfkwfx86qgqlrh7vwpgtejcrnq594tk90dyg5trwcvfya5ps0hfr06,BSH,2000,
xch1yr67hkx6xjpc4hg98jyd4psm70qskl3p6tw6x0tg2pqjugklukrslu9jl5,BSH,2000,
xch1c78wywtjgradfwqkndzqjaf4j74hnllnnwgs9khy4mht6ra0ccpsnhnfv6,BSH,2000,
xch130y0u43ucrf2xs8j2a6l2wc997r4ram7kv6jtsa0z9uew9tvrhqsurn84z,BSH,2000,
xch13z044cuu2e4enl2nqla7g0mkr7uk8f5t80dlltel57929j0yv4psrg046e,BSH,2000,
xch14w4qrcksjc975ndn475yv4t0f9sks9086v483tzuxwcrkq7up5kqyj5de0,BSH,2000,
xch1tldlugxq9p3vg8hjs24k9lk5csgafj6cwvczca45w2f2dpg2a85qvkneyj,BSH,2000,
xch1l3xexqrwsjye8w3hznn4plghpw3lx2r6gcwsnpjwpzcyexct42rq7t03mk,BSH,2000,
xch1m9qxelyqu8kvxff53arf93s0qxwyvram8cc6tld8653qx8p3mamqvmfuph,BSH,2000,
xch1e00xdue9dll9tryy3x3pmavk94ze0dnh3vnj3tvtlul6n89zqlrqlrywm3,BSH,2000,
xch1an5cwcw2kzj0taepqde036904u2dn8su529937eedyj783fr6xysxc40pt,BSH,2000,
xch1efmxtnefjdtmqkwf5wktexw6dgk5yhfn3udtn55fz376x0ylpufqlmhg9p,BSH,2000,
xch17uwrw2lsrpxy6hh3scqap5pfaypnh2zjmk9c5evz8w6m8lx7zmkq7lvzlr,BSH,2000,
xch1cqx5dt68qrruycqqpauadgvnkeu66s629qvtlwpywypqfj5eq8jq8adsfv,BSH,2000,
xch1lgtmxghutew2j9yhm48rcl3w6k0p2dwyseecm256zveg9y57lcyqnhscgc,BSH,2000,
xch1hgqwyh0r9l7ya2l687dx5cz4m9fvf0e0mdfznngrcts8mqknjuyqkukper,BSH,2000,
xch14r6ujjwhqngjrhmk7nj36rhe0saj79egezesmqqfcxvsnlfqpt0qm59arp,BSH,2000,
xch1khrglsxtkhptsqpd46c82nepyglzpl79uj6w920px38rz4kdyzuqrar6ut,BSH,2000,
xch15w24fhzyndjyuzflvxzkj99gkelarq92xadmu4nvvwsf5j66krzqe4ekns,BSH,2000,
xch1skdylw9xcmzau5ey3umse6kyauvl332zyfszj7knc8qjrt92sthsy2vq7c,BSH,2000,
xch1ze8zhwpcjt03gtdkzawwxddaurxqlex6dr5cc46hmexen8s90jgsznyzs9,BSH,2000,
xch16r3x3tu97eaql2erg40r8jg5chkrq394gztke2mw7wzgegaepfnszw2g5s,BSH,2000,
xch1ftatwvftvwl2lgct33w0a90qgp9gm8nnchd0ljrghcxxadupejqs2tlr70,BSH,2000,
xch1l8j0j75see0j9qxewcyxfu095ytsgl4rmjqk49pq3fgc2wmxz4tqq7nsrm,BSH,2000,
xch1245jdr7vgjmvs2k39lk6xw3f2rt7feycdcjw9fptq7dpuw0ucx3q8u7rjf,BSH,2000,
xch14xc48fnkcnt5agu2963wjjektlmth7s32d79yc8zk8l87mtnx9ps770wmy,BSH,2000,
xch1y6pv5n86gdflqfmw8ed77lxn4jp6tus6jd7errqscuz7kkwdfqpq62qs2t,BSH,2000,
xch14edzea54at3hfkt7c62lu969rvwz7al2dmzw44qwpg0m3gv23jdspfjt4m,BSH,2000,
xch1csgtxlecyv0n38w7qlte7hpj22u2lju3hcfa30mnll2yld0z30jq98e89m,BSH,2000,
xch1swu7kdekzpssjsccpqwvl4gdels6vcgky96y8cyy9j5yqhs3n4zs7d8dup,BSH,2000,
xch15dkc9cmnly0qks7cs9vtcr4zd772uek0ssmlged4qrd43nhs0hes8wvf87,BSH,2000,
xch18lj6g3vyv70yynqt0y8afefgpqfw7ku9lm5cmgqkn8sjlrdk020qtz6tlq,BSH,2000,
xch1cwhy2gz5a3d9a9a4dzjpvj0z38eg0874hv328pvpuyqpgxym4qwqhtwk2f,BSH,2000,
xch1aycezg77x2mr4t8lmltgyn6rw5fghc48w2yxyecnty87t8ly5zsq9hlc0a,BSH,2000,
xch12calqg2wgeyp3fw2uuvc4dzr70r3lhmjzjys3cq46x6alfdq6faqa279a5,BSH,2000,
xch1lxwcn8y605nqzz3707gyfhgdcz6uvhq6trpk0elqn7mkdvgg49tqt03sa6,BSH,2000,
xch19x4hjpdeck2vdq6u5csh6ptsaqpl64n25clmf66vc2uj424nhc0q06fw86,BSH,2000,
xch1enp2y7lmrzk8scckm9xptjfp5g2ryx0sunta7yz2hwdcxqa3k9jqtjam3l,BSH,2000,
xch1s5ea7seq4snf3hhmdtqwm69al9a96l0q5g5kzl659zccc4lshzqsfcs236,BSH,2000,
xch1523n3u5cjran9cn7vyd23vs25hhy74s4rc5n6ueyh2w20tshuusqusqejp,BSH,2000,
xch1uf3mj9kkq99xup6rs6a227t2ajmflvj855jw6hmuy67wqnug655sw8zwqh,BSH,2000,
xch1f5chwfc6779uvstsn0cey9dxucsmanat4f5et5mvvyqj9w8lxtcqsnf00w,BSH,2000,
xch1mzux49c4w9mm2cr6mk2qateswxcy99ft7d8rvjt0phch3a3g5ltqrv460s,BSH,2000,
xch1agxxptqkfkxx0g7ft82thwpc3e0udqw6xlwcse6ccw53l2uaaadqy2zqmd,BSH,2000,
xch19k0fc78fjacj5kzfv5hpxh65jquxuw0hlhvw28chmkuctp8l0mjs4vue3u,BSH,2000,
xch1v6jt8pkxlnnfcnu2s8dyr0ysp4g3an35p3dqdwd03yn95yzkmtnqhghq0c,BSH,2000,
xch109d3gqq5433sht8w0d4yg075zg4unnwm37ahtef26lc5xtrcjxjsmdt5kg,BSH,2000,
xch1ddscgyr3fpjvxasw0dwqhhxtvxegt286mvwq7l0cekn0qt6pd4ds5m9xrw,BSH,2000,
xch1j7aa72rjpl2cczu0fvjs9vu0lf37svnj2xy5pxcdwh4puq5k0gnsxasjnf,BSH,2000,
xch1zucemqujrzd5aedvu0qqmc5qw7vdwh7savultzq74hg5ylc7e4rqgk9cvw,BSH,2000,
xch13u387nw79kwdufddtemx4ccrx34v553y4k2y0j8ysh3ncw6ur8zswjqgl5,BSH,2000,
xch18stzywrn5wfdess9q92qg2nhdh0rvlmy63q048nhqnwdd98fg5uqtqnuzw,BSH,2000,
xch1exh8xemyncl5csjnf5znq7ne3xahuvmkfvalyey587lepykec7csme9zfu,BSH,2000,
xch1eqd0hlgwnmfg9hpxm0nq7c24hc72t4xvf8q9xa0r5f0u92mded6s4rjxms,BSH,2000,
xch10lkyrhrkewlcg6zqssytvea0w8920xw9puruwv8am5el9a8p5e6qp2pnmw,BSH,2000,
xch1mfl44cl2kl6m0jqy899ma8r3qg9987vpzd52uzl3qphrlk9ahuqs2ulrdf,BSH,2000,
xch1hqz97mkuzwm3zdep7ra4gje3e3nmqqyg3vyk9tquuhj2289k5ekqlujgrh,BSH,2000,
xch1grt5durlhhnf5z36xsre74vp62dqy3lchvvag2ssj7zpwavwzqxs02pa6f,BSH,2000,
xch1gsaa33sm2s2m8262mpjdjrjaujqcr72w2yz00e0p5h0eu4mjvjqselc0gr,BSH,2000,
xch1zdc0k7p3mpatvp6cq0ekxvvjrtuxwmve7730k3yu9srdqgujttrqrapklp,BSH,2000,
xch1tk8zmykncdrmdgnst7fawrtlrdj6k2qr3lh7qe8huxwgh7zldcfqlz7mmv,BSH,2000,
xch1dme2j5dlw8g4alz4kdae8hmlmftzsvtznw8uukx8x2mef3sratmqgqz9w4,BSH,2000,
xch1052zcz9rnu869hl9yl750hnw3zuwg9u5gnn5hzuy6m7mf4gydy0sqhwdgr,BSH,2000,
xch1m6rrtljkpc7zktng29vmt4tr02x8m94t272pj72nvdmt70k5w35slcy0nv,BSH,2000,
xch1ms7cqlsew4wd5qyrpq50p0jdsq8h0krmdezwntzg3j3j3tc6272qzjdplv,BSH,2000,
xch1d7d0ycafs66ane2sc87gx3a0kk8aewyv8xj6z099703jrxmcfppsnawdak,BSH,2000,
xch13jkgcelwdklev4k9kl2cwnp4f97kx43fg34j9nwrlnud0alg4q3q9etmsk,BSH,2000,
xch1t9mk0k9tpr0hjwaw3sg0r5ra3sjdmftxd0fm95437g4gyaf2607s97ef6d,BSH,2000,
xch13f3xpysmqq04hwld2dc45er3q935jqk5a9xmw2g8t5z430mmqauqqkjq6r,BSH,2000,
xch1xu98xkm53kn6hxs9meu6sdrznzq5sh09fawtufvvnmmagujvfj2sskqwmc,BSH,2000,
xch1a7ngrsfp7jh7ghr5xs05whg2kmgn8ndsqxt4c53qaehf654mvglsm82k6n,BSH,2000,
xch10rak8ut6l4ept7lux5zjf8fzcsrtsfc3rqheufusdqcp2m5rls7s6kedsu,BSH,2000,
xch1hls8szr285q8gavfaee5k8zgmkfrcqy3k4g5xghnanx7t5zcnpyq6f05ut,BSH,2000,
xch1yu96z9exxuygjjypznkde7psdzeda6wtgaapwggc2aewjxpxn53spvstwm,BSH,2000,
xch1wagnacu56k9lyfqjgf7ykmdjyhpkyt062qcj8eus8l0kdrrts4ys7f3gr0,BSH,2000,
xch14xlznnvrjhtf2y5lqhqg9hnrhfux0s7ea6ywquyuhq938lpc20lqqqhesg,BSH,2000,
xch1rl6djv23550zh27mlkypphfsc0q6pe6rwkmcwyhy95k2gypw2dlsw6p7t7,BSH,2000,
xch1eew0c23eh4lc6dnc4ll57yp98p3xuscmy3xntkt83c0tqd7tr0gq54ve2d,BSH,2000,
xch1g8623j49tfr65jzyl42ap93z8huy8lqu5ltwssa4dq7rrurmkkqs8w80sx,BSH,2000,
xch1ger6pfns0v8mxg2lylzpktnj8tjzlt9t4wsaajlzwc33wyecgg3qe0zfz8,BSH,2000,
xch1653pgxlev9mga6jmjj82cvr8umvrv8xdqkr6jmvm9hmcs9676ufq8hy3sf,BSH,2000,
xch1v62f5sxd9wsdlfafnx489m0nyeu9jdpqhrn9cfgslzd9hk7str4qk833lp,BSH,2000,
xch1zch60q0d86tldkf5zz4a2rzuj697q42gnkr5turm5uq8chl0n7asmwr6zp,BSH,2000,
xch1wr8cvglr8vht0fmav8am00km0q0pmw325f4s3zj63280p7qfetxskd9upa,BSH,2000,
xch1ezlk88kzqketaxt3lpn6a4wrq92awa59ypepk8tw44a9xgt4mq8skn0ttn,BSH,2000,
xch12j846xn8swuc50xhkv8q3tvntm950e30lmhjsm3w3j62awtcn52qxdmftm,BSH,2000,
xch18yuxx2p289zl5y9y04yjtc4gqr2j99t4ewzm3zjmackfs9aegtgspquff3,BSH,2000,
xch102u9xmrwges284ulp27ey08r3xnr6fmhq078v0n7nc40l0g7fnsqthud6m,BSH,2000,
xch1l9e9ljy62rg82ylnltuu9tg0dw290ftmj6dtesqn9mxzsqfrz90stmgfpm,BSH,2000,
xch1894x3g8me2wy6rf7zcw09t88ae4u7prhasvg0lxypkgw90cqrzgsjfflnt,BSH,2000,
xch18qnl5an69w6nf4lvqm0969xm5ycw4zg54txw8af5eupc9pe26npsl4p86z,BSH,2000,
xch1l54v0z2s5382hexsft4cdxfyg76z9z5rjurtx8y8ffcfufsv69wskp68g6,BSH,2000,
xch1twua4fdf9472wjlyawtxv8txtj4tfawqydp5fykpw4qa5m6uczascne2pc,BSH,2000,
xch1fyfutwrakw6qr4clqjyeq2w8vet9tgkgmpq9y36qyv3pf6mh4zsqmal4qc,BSH,2000,
xch1r5qhng8ahqxfknnh6ynmdf3nyrkz3xygx7t0l0rnvx40gjpa347st2yxva,BSH,2000,
xch19hy4ywkz73cr7t6d7ehgfhq484r3shxqcszkzf3c3gps58zkuu0s27d85u,BSH,2000,
xch15gkkjlvmwkc5exfs4fjfcdlzsxdpse0he4c04wr540yxfpxn0jpqpejjpk,BSH,2000,
xch10cfpnr4zy0jcdq9s2ed74jny9vnnc4xm3ztchdge9jngcc9hup3qhh3mmu,BSH,2000,
xch1c64urcwryqxwk2k6xsq6t6zfa92mr7ts9j6wpy5s3tumdj096j2s8e7kuv,BSH,2000,
xch1v6my3atte0g7f20kwj3heq843e9c75zl2jas5tc2rvdlwzqy5daq86903k,BSH,2000,
xch1vhd33pd3ca8eshd4hxlt6d3999f60e4cy2ng9nmgu9a44jm6l07sy7fu3r,BSH,2000,
xch1wx0ctejs98g5fnus24kc920kqe48lvsg25hltu7nc8m5xfa5ertsev0kww,BSH,2000,
xch19hvf85hq0q050qv5mpm8vfvjhvx9za96ug89ta8xlfdynd3tz8cqs5drgr,BSH,2000,
xch1zyv2h5nc5jw9qaj4urajzllfy56arzfhkym06due3r7zx5zckpls3e8666,BSH,2000,
xch19cwg7r8spmmk7mu2hl6rssx0ve9rz472xps7unjegyuy096544ns2w00t5,BSH,2000,
xch1degfalydjw9arjlsuqq855uryr2cllfqrq7ze9dyw2pljs0s5qwslcexgh,BSH,2000,
xch1xjh4mek77yamk3su5yj7ucepqung4tyx8fwnr7s7h7q29jcejrlsymp5tj,BSH,2000,
xch1mgfw9wuhn6wrqr2eyk7v9yg3mcyawdxnskg5h3cgy2lema9m65dszz7xku,BSH,2000,
xch1ze3duel9a6qyt92qcym6p4qphyf4luxv9rd6uh0kfj54df830afqxvj36d,BSH,2000,
xch1yd9sf2efn0klxhxqzv3lkqm9w24yavp7r35aet6ndyt37jj8hfeqdrq66j,BSH,2000,
xch1axevwtmu934dd0gu2tt27xvtjgvjzsupvqj5lmmkr3620wz7u93swn5mkc,BSH,2000,
xch1gqejyp0hfuy36ctgxhw0dnvkejx6cz2e8qruhehxxhawu5dt9yssjaqqw5,BSH,2000,
xch1axyq4pu7dra088fwxc9npqsrve0dt0uwm2c6pyr9vfwsya0lml3sz2mzay,BSH,2000,
xch1hnn5zfmt5jfg0dj8uvhxrv956vudcxqqtlh28vqf5hwvsyv4fw6q6n66k4,BSH,2000,
xch10w2axrqjvgusmaavd2g392z0sdug02w5y7mh7tggnh97k6fr7fusvrrk53,BSH,2000,
xch1wnwkgrps0gx96r4muthy6qutpg39pke3f303hpr4mw7dwgxaykhsk2kzew,BSH,2000,
xch139m66d5lazsr7kquvwgqfvs039q0pqlqnk9zzs937gg58u9yp2lq4s0xcc,BSH,2000,
xch18qg7g3r7g6nyftlj2wh0sn48emkmes4sdmz6432juzamvc5c7a2qjd9nm5,BSH,2000,
xch1c8y4ta0wlqlpw3kdts3jdnmzta7rewun50xkgkvw2mu37t43densqjh0v7,BSH,2000,
xch1wcusnhqkymq688y5mg0dxluvcsacdwy23favkg203p9t8z3gk7mq09wpfy,BSH,2000,
xch1mzjnf5m55w03trgxgywlh9xw5qz2dlcnslnag9uh9fzxemqfrqmqxnph3d,BSH,2000,
xch1adcja3vj42n2354h2twd6nflejyawjdsnfrfvfdawadtahmycmfqpx8xrv,BSH,2000,
xch1l8cjudvg5luwf09zqj95ty3ax4sf7028un3s76c88vrcsfl4dd7qaemk3z,BSH,2000,
xch1zdxd08awg57vlrajlmqwnqeew87ttmqf3893skrh9ztcyer5gjmsapsrv0,BSH,2000,
xch1ns5rpgtslr8x79q0dfak2lqecjvxz0u7qqkn0n4ctq84wufdvsfsrrgv02,BSH,2000,
xch103vu2k3fuqekj2d8xhyfs88q5rrw3zaeqt5jvn4289v6fr7ru8vqk8n20w,BSH,2000,
xch1tnjnxpyuj0rwc53pe29wxzkh5yau8pv44w43jrpl5w0qr0hxkjfs8f3fuz,BSH,2000,
xch13cwn8x8qdltks9n3eqzuzxn6mnxvuj4p0rffhz949k5ag8s8wvxq8fay3p,BSH,2000,
xch1w22w4cqws8y7j03uu7c2yz7hk0459v5jtjxpaqmaezw9wpdxqlaqzww7u2,BSH,2000,
xch1ngcd9naulqug68sq9ldctkupng82795nfx48mwt9gvzsmhkgfgvq7sqjpu,BSH,2000,
xch1efed7nucs84yep09x3ta3khdqdrmskxkx0kmsueugdzgfwh5r03q0pe256,BSH,2000,
xch1ujdzw8k7zesc8v7wkqker0lgnadpxts3e3qmzt86ru0salkp79wseyxpn3,BSH,2000,
xch1hpvc4zaw9lknn450qpewx58ucktd5kwyv7lvdxa4gznq5unhgq3s9jepex,BSH,2000,
xch184lyysvtzvnkp02uuldszz29qt4qxw05gh2eq8smpwwaz86yvzequjwqxe,BSH,2000,
xch1cqkkvmpcmgjmwu5le92ptc9w4ldswt06ugw5axer35fk56mgtryqa39v57,BSH,2000,
xch170l2v22ap5cpxdwx6a8hnwzyylrc0mrpyerxte0uxnfmee9dw85s2edyfu,BSH,2000,
xch1rp43zeeupxkpredyydvvadr4tq6u3wqx6lkjmgs2hxtvqyz64qrsceajt9,BSH,2000,
xch126mzktl6wj48wdwz9uewny0dxwk22ez9rzgr73uywws38hq2mp7q6mkavm,BSH,2000,
xch10usg7ndzytdxl20pghnehe7cvhd9cvkyleewlxtewse6mk02gg8syvzrju,BSH,2000,
xch1hl9f6q84c7gw35tt6272ngd2va359f8e5h8scewjv70ezxecfujqwqeyu8,BSH,2000,
xch1k7sxr7e9rph2vqx5jka6grvq4hkj5anh2utst9dnc3d79f2z4zmszgl737,BSH,2000,
xch1e7m8j3seruqwcjc39ucy0u3mytk9qcky4a9u5vlcj6ta4wwpf8zsd7jqk7,BSH,2000,
xch1nkpflffl6vgjytvwxwu383j4v98uxhx8khcmuwdsv4ypej2tm23qr2dzgg,BSH,2000,
xch1uqzyda9pxv7m97va4en4nry9w6m6ktglh2pvxfmmnpw0slja0jaqh8qaz5,BSH,2000,
xch1a9kr7jqjw7fgtz3ktcz0kren47p47zeq79a4qhxekekpqhl9y0tqg6lqxj,BSH,2000,
xch1vwmdxufdmracqzz4gyfjl8pm4r9n0dhmqy5hmyndmfqswdklqmvsjqvdjk,BSH,2000,
xch153wx9cs3h9hcl4phz898h7t0z3j0rjnnqf8vt38zlw5wa7cdqsmqfgzpml,BSH,2000,
xch19k0ydd7u8h8a262csdx4azgq9u8krjfmehvkjd4mkw9vw39faqwsz38d4d,BSH,2000,
xch1g8cs0f7qc2zkt7zch278wfrr7f7q4zzwkvyetq6x7fyf7h6g77tsqsg8vg,BSH,2000,
xch19dlgf2glmzz8ns7fafd3sc4sqk0759nl524d8frlj5cgecddyvdqrlfyau,BSH,2000,
xch1tccp0zt9gh7xypsyqfnrthjmul3mzdy4428n57fw74ad9xnsdfvqmutxv5,BSH,2000,
xch1nwukkcdln0a0vqt8e2tsed5r0zlaax46hfq9e2z757exhnn6eqfqwv7vja,BSH,2000,
xch1yremlctca0adllwk0pd5l783v56mst94adme39xadvv7gr05dvnqrjlnk8,BSH,2000,
xch1yw6t85qya09fsntzt6t5w2f8syut2kpqd2mnxnf7l9lsjk9lyshqr846x4,BSH,2000,
xch1j6lcctjkgetd5e8wf2t80xx63vjrwnx665av76wra9pawfgkr5cs03qnnm,BSH,2000,
xch19ccgjwh65umhc5myykp4jgxz5a6zurpnwg355w9d8cdlmmd570vqgnzxwt,BSH,2000,
xch150h5g6l7g7aw6gz5x7nm2spree8rs49c43x3ar8u7295ffmhy8vqk7yxl0,BSH,2000,
xch1z38lvaqfejn6uk3r64zaj2aew2g2d3gkfuqv8n74w8rgwnnu06nsyxmrg7,BSH,2000,
xch1styvjc9r00ftsudx4km5z6d6q7k2uduqr6puw75hrc6clngv3ufshhgjzp,BSH,2000,
xch1yfk636nyl5sqy6t38l4c9jqf477slpcx38rd5sujcq87n9sr083svle0wg,BSH,2000,
xch1slxm0na4mrwp2qquhau5x904anwnh97h9npmrj0jyy2qhyt0ff6q4em2yy,BSH,2000,
xch1enaefhgttlrjerjne4ccp7u20k28cwncfmrfgs068lz06kx8v4ps8lg6dz,BSH,2000,
xch1ztc8yp665n6dykd2apskhj7jgus82tvezcpwe63tlnhfyv9xfu2qvp576t,BSH,2000,
xch1lrfv9mqf7xvsyhvd5xt6rlxjj26z7swungk476cr8u5taugk2q5q4afenu,BSH,2000,
xch1zy4x4452fszp480j3gm4dp9aaeygmut6qtdqaxqtttqmvrpck90qcns370,BSH,2000,
xch18rkff8rhrphl5rss882ks8c2zv8ak3l000lnnfjednccey5qcjasne9vvc,BSH,2000,
xch1scukmd6s0qpjqnlef8gyxlt3g8hn5603m59gss6mmfwyn5j8njss2zzcdj,BSH,2000,
xch130dl8k2hgsss85ggms69s8v67jnh7hazw9z65fhkg546yr3325ssfwhwkc,BSH,2000,
xch10slnctf0sp5xkjrqnlhswdr3k9cxlrlr098wsxs4dj5nmfemmtjqar7n4u,BSH,2000,
xch136u2k7djuppgvhzwuk66z7hh5xw498wu9f0a3jae9xn74aeu7flqp7lnew,BSH,2000,
xch195meqpf4ne30awn0nhpy08utmtd4r9x3er8y3c74vqa34xj90wwsxg5xwp,BSH,2000,
xch18ama8yv04l9x5vjgmrxpc9mghjthezhv4wtqyyp3njmd84k5jm0qju33fr,BSH,2000,
xch1yq4sshm0vq6vn7mqjcmxkpr7fdg7g300amgam6ha2ngwhueu64aqsr3pyv,BSH,2000,
xch1dcyfmxuv04plzzxc7yypzdzy8qp8yyq5v9am4rk03t8st3s9m2zsmhrzcu,BSH,2000,
xch12l3v969cvh8q0f4azkjx8puxw5yshenmr3sjud9wn7drdlxx8vfq7qexwd,BSH,2000,
xch1jk7km4je53rff6tygp9a79dgrsqrjqdaftj2rdccnjezqu3mqntsar02gc,BSH,2000,
xch1zj00plglj8nh8xu6jt46wyq5vut6552ptxryrrl9fhps3ez2674s2vvghv,BSH,2000,
xch1t95l0c62qwyqcnst5a25u9u6utuck5dc5p5fjrz7q7ghcr72l6uqpqpgq7,BSH,2000,
xch1rtk69al5vzd5fwn6d8qamljkrm42uekf5rmynyvkjh3cpu4xs74s8x3vez,BSH,2000,
xch144kf67vj5s4mjl4p53as5x4ya9rvnfrqplyvhvy82cva0kwh7njsyav56q,BSH,2000,
xch1kzjcanq60f4wtwztmnkdzyz482q8ch02n3tqejqduu0k93mwsc4q6e57hy,BSH,2000,
xch1savc9zjrmtqpsk3xrk76jy3xneprtqd95zsm9tytwlwsvjjpgets7jwmrx,BSH,2000,
xch1uzc8vnle32gv9sslzgmhveeuhj2nw0lkp5jqzhwlhh2x3trjn8lsccrh52,BSH,2000,
xch1g6qa30kvml2zz6lqm4cskuk9hp6sej4d32z847zvdadsjqu7lf3sjg3nkd,BSH,2000,
xch1tnhnxq8w64szv2kjjq0pkhlgk64cxlyte336qu9qy0pr47s06mhslcsqxv,BSH,2000,
xch12uxn4dyxfh60vfruxy7c6pydr8dnv8dkxryr2m2zl240sv0fefnq4m4l8a,BSH,2000,
xch1uc8565jwyungy0fakznd6x3xuac4hm2g2pxsk55rkfd3779tlwas9607wd,BSH,2000,
xch19kmggzzxtcdmgqgeu2pqjsp46w5743nwaw8junaf9v86t36zeu2sn3hyfk,BSH,2000,
xch16pum6llg6dchp7z8l2rmulg94v2d6rseud4ajjdv6psdj2xyem6s97yhve,BSH,2000,
xch1dr7facw8d7fccv60szcuajdy0nl92jkks5shapnymmnugqrskfrq4dw4wp,BSH,2000,
xch1sy5c44hl2cmwm3thx98lj793hfan6wc97trn5jgarxc53uqlpm7q7refkk,BSH,2000,
xch1t0ccpxr8gruzpsf22wt6dq8cfdpdjezeyy22syspm79mnq378sjqv0tj6f,BSH,2000,
xch1zvx3kt2qvc9wt0qd402zchgjjlshs0c59l0v7atsk3l25dryrrsq6p964h,BSH,2000,
xch14druawmaz4fka7fqy0rkemmm82e0qeaxnpyrgwvnhseyed94m8us3gzt5n,BSH,2000,
xch1th49edt36kktfjaj9rzgyn48frqkwp977zu6pxqrsnnfzrwp4ydsvw2rus,BSH,2000,
xch1zfcctsgxuuyntechrdl8m7805xm6mr5avdefh0hang4hvc90kyuqr7ngfv,BSH,2000,
xch1u2cdc5whcwvh63edp7jqn3lnp59z3k5g9jpgzlqq8pj2zn3hqvcszh337t,BSH,2000,
xch1cgqlyzpmlp9gup55mz53nfrmysau9pullyt3f28t9yp2fymx44ksjl0x00,BSH,2000,
xch1vzgg6f4kyklj9h8qkz7heul5wl6c8gmpewp42yws7mqztq80tqhsgl9que,BSH,2000,
xch14zq3wp8080h0jvj9gzdrxzkekjfw8aeewx0zefl72u605yj0lm5sq9unsz,BSH,2000,
xch10un8qwpe4cz5j9xseghr2tpmpwr0wqy6wm8q3efct653fkamggjq2ygqaf,BSH,2000,
xch1vfpfm8eya0tgm09n4mmqk3a7wyy96x59kzal5848wpjyj3t59thquqkqza,BSH,2000,
xch15j38hu9wemuk60tehevxwpw2y66yhyzn3fglyh7yscgunc9aajtqldgaqu,BSH,2000,
xch18r8wn9uwye5u52v8s66h2pj0l53hu0yxqq5ueszl0at9077rxfsshtqzmf,BSH,2000,
xch1z3w2azqtvdnn9y0vs9djwnqxv6f0yepejatz0yhr35zad265n56szrhdek,BSH,2000,
xch1hkf37gf45fpkh3tuhltevhe9y0r8pt060nurts6r0m9l4k9ma2usj2yg67,BSH,2000,
xch1usw6kvpa5lmuarvet6hejrjvv8etj08j3q76ltcn0jq69uwk44dq43c86d,BSH,2000,
xch1tqqrzz9wvrm80slkdjvc6x0d0m2zjhk7sekt0gwdnkt6m8qdmzxqt2wfu9,BSH,2000,
xch1jtxectktkavqhh6zazj02ez64xp4shtrjaz348ecrtu22zn2rgjsmnugv4,BSH,2000,
xch1ux3h2fpkx2pcctwwsumxfcz9v8s4rxm6zpx7cshku0de7f2cy2cqgtk7nu,BSH,2000,
xch1khv9ad5j4ef7f2yh23pufe5kzlrjnjdywfwn03yltum4tqqx6ves0r0mat,BSH,2000,
xch18vqv860dh8ysrcztq03jwvanueduzptftqkjkck90p8lwe0yjw0qk5qjxl,BSH,2000,
xch16n4ymf87h87wlkh2zrpv4nz4p0znx7cfhg3xpl5zy0ee70mpz34s2dx02u,BSH,2000,
xch1nspwvs9k3zrpzp6lx6n9www02ey789dpfk5lew726e5qsyh2euuqlvla9t,BSH,2000,
xch12ljezetxz3acdphcja3gmm4eja9se7l6mew94l8sk83qn6t4u86sj4qe2g,BSH,2000,
xch14y90j8kn4ekqkzkk0htkj9cxrhpaps8ydezlc4cgacheyfpl0z3srxqc56,BSH,2000,
xch12d0nm6eydeduhp5t9znkdghua54wehtgklrk5e36v87uwkpkxc3synztg7,BSH,2000,
xch15nwhy2hf4vkvp89l200jqkm3ssu4fvkkdrsh3gwg8hn0hjuvsh7q60a8vs,BSH,2000,
xch1gwfuchzg5qh08n9x67d0mklkgegl6hyv66qvgqdkvccssz4t6rjqpdd42t,BSH,2000,
xch15u8jtn390sf87l6grfsv85zgqhtglfuzp764v4xn3zgnnn3p48ysgf7s3z,BSH,2000,
xch1spfh28qkxe0lc3dxc32r2dxaec3897al2gm6un0fttk7593surnq0dh9s7,BSH,2000,
xch15znhxkkyhectv55mqgs4z2nqaen4h9a6vj38f506dr3dp547wt9swr7zjt,BSH,2000,
xch18k6f977qdum7pz0sstekwhegp335zhu6rxwqmyc9lc24camwu0qs9nz2r8,BSH,2000,
xch1dlmftu7ynrqhxjyxaqa7u7yamgpcddyld7gak6fmg92nc9hnnuvs2tqe5e,BSH,2000,
xch1d3xzfff48a3hrjcvhak32gjp85mk0cjtwmjflq8ekxr579qgm4vsxuz9fp,BSH,2000,
xch1046d0vfl7cq4maffx70wpdxjyyl0783lq2uyx9q3jrvrd2quc6qsua0dhc,BSH,2000,
xch13r3mcny8pjxn0zflvk2d3dawa6vvtrdp8msqsyxgkx7ed7w7uvrsdcltgw,BSH,2000,
xch1nehpf2zkeq77mtcnjy3yed69vsuh62ku567ac90kuey90c60d76se5lw65,BSH,2000,
xch1tans72fvpkzvmjkehu8s6xsvktjmtd5jp0dw220l47w09tgzpyuqsadjj9,BSH,2000,
xch14gfm7jg3x0z0ysgpsleu37c9mgjtdgqy0cjp9ygt09r0c6vdt82qs6s7uf,BSH,2000,
xch1xwkn9yht3ajaxgt602mlmlr0p7a3h0pwah4jp50fwhpp9q0laauqcd5csm,BSH,2000,
xch1zaje03x42djpmmju39p6hf50yxnwfdw9d26n07zc0rp6848cvm0sfevzp8,BSH,2000,
xch1r4kw72gux30zy7dmsq509nwnkvwaqqmfh3mqf8hva8zut9q8fp9s5fgdnc,BSH,2000,
xch1hqlfjm04atwun0sf7mzf46w8j6awya0y0pyvrhqss8v2arh0t5vsueh6sy,BSH,2000,
xch1zshc50p7wya2xythaz5cy8qaeq8a6zcxdl6awvvqavu9z7y7z65qvqvsau,BSH,2000,
xch1ej5vurcswdq7q7ftxtx5n25g8yf0p9z9whf9s2e52pet9fclk09qnp47ua,BSH,2000,
xch1u6778jkymeuvrz5mlhl88kckty62aq3klkhk0matqngm6mtq5hrsvp8lyl,BSH,2000,
xch1hs58u9w30hd240k0h9509mfcv4zwtfwg7jqx27vyqcsshlk0nccs0wgvp8,BSH,2000,
xch1kk08arq3uyg43ykyqvge5gxt59e4au64wgjm73aza4lt784fs0nssy70v8,BSH,2000,
xch193mx7uxy5jh8yantqc7f9hm2m8888sty4y48y38rwf80z7cdtxpq4c0505,BSH,2000,
xch1yy2d2ez6jntc5cxggpgxcan652e884cevgrm8e0fx82px86kt4pqct2pt2,BSH,2000,
xch1hw70dmded4vw0aavvndtqux59jsmz697p325ndshq6ex3p0ljcmsw7l0nc,BSH,2000,
xch19len5uk45jw36gk3j3dhj7w8ptw9fw5kk0r4k377zxna096r7knskhn240,BSH,2000,
xch13j5wx4qw7suv9xm8altc0jln0yp3rrx4qr6kw79rk9pfzj6hemcq9pxh3s,BSH,2000,
xch1fsuqn459hxt07tempq55u9c6qk4t936ekvajk8t0shqx5900ev4q6j0px0,BSH,2000,
xch1cx9rujs59dmmcwkm56tkflux7egl3a3rhl0wfmy9jtr5h275xejqdchnfy,BSH,2000,
xch1nmy6kwcr6p6w4gppjq607m6syn8x7v0z7qx920k5xrr5a8ptg7xseenj6f,BSH,2000,
xch1tu87fldc9dqmkk805ndq23l45tws297wtscavp44ulhc0eknerjsz6pzcm,BSH,2000,
xch16c5lk5dvpx7mnfp40hudlsjsr8tkcd7yypeuun48cqmvv5reez2qyft09v,BSH,2000,
xch13d34xuvcuxh4z957a68dkjeqnqfewxaqekjzkypvqndl24rjvqxs5qke2a,BSH,2000,
xch1mvlkgtn5pmtjj7dxenjt6g75ac9whk7dk2h5s5253a38tu8jj9fqs0wr8z,BSH,2000,
xch1kk096ksypaf74cxawgwwxrzm9ez3j7qk3lpw3ms6wvlukv38hgusuvha90,BSH,2000,
xch1apz6266pf720zz3pakc7c0jqu88arxd65p43nc8x2la44x08vkaqc0jcu0,BSH,2000,
xch18y83zhza9fn2mfrqdzdrtrtd9936hhnwk5k57gg0r0m7r2h45qfq5mz5zp,BSH,2000,
xch1t52je0yfewyc5r0khyt4ke70umfhpmdvh5s4yhkscpcdty2v4m9quwds7m,BSH,2000,
xch1j7e20h50pm6x30mqhqm93kc08jp3muw34fp5kfcrp8ewvy2jmy4s0mgp6q,BSH,2000,
xch1tua8c8tcjl68gh9npghs57jgj29nxz0kve5jd8htphchqgenhg5q42nrw9,BSH,2000,
xch1gmzg4fpychnf8447k9kvhzl3vesj2v0vpasp6cxu7flqanywpadqeplmfu,BSH,2000,
xch1fr9qz9y8pgfdcnx7sam0kwrgrwqkzgls86pxhfkmnpc5cke2hd4srwmuh7,BSH,2000,
xch1uneyjnfm0k3yrmg9m0yajnmtes42fegq908h0gq64nd2t4aq2pyqvpvr75,BSH,2000,
xch1ljd7pz2n4tpuxfvkjj06wvjtut7m3wdckclyzwj648gne7ff9j7sehhg0a,BSH,2000,
xch1gef2p9yh77tlm5rnqp0f89kyr9z0s0t6askwh22ck946kfwgay2qy9c8d5,BSH,2000,
xch1fz73ntqdh56ewc7dngh797u6fh929rxjxvspkz3wtjyesxauqugqwvmetm,BSH,2000,
xch1rz5202tvh4g85gv4udjgdgfr5y36mnc8v6mqkmwfqjkvnjd4pe4sz2wyzg,BSH,2000,
xch1hdkn6dj5lv7wypmup7q9kchehra0092cwx2xl7les53u9sh670eqvq7y7u,BSH,2000,
xch1gve3kwacerm3vq7vmayppwsypnup2qscfswrca500rtwyeu4cmrqwepnma,BSH,2000,
xch1lz2q2n9m7zn3w40yxfjjnwypkrvrlm6hne3v83yp3vfnrqyngqaq95nlq9,BSH,2000,
xch1d2g7mhzaym535tul0jvkncj63sdsmml9kcs4fw78lrtkyc6e8jaqqsk78q,BSH,2000,
xch1jgyth2v2wd0n0nskf00r3xd95qua9ee5wl376k0khshwqlmknzjq043kzr,BSH,2000,
xch1t8k4pfhxw493g5j3uedff7c57pnl23zlmeetgw2vu6xyveev72kq22k4nz,BSH,2000,
xch1yqv92xlwrlxeu434qmwh2049yhl6335tpsxs23x4s5v8y0e9p9lsl5glaf,BSH,2000,
xch1242l844afwma5eg597klju40kcp6a7uh457s4kc7mwkdtly56kcspt8lhk,BSH,2000,
xch16hpasgfvezdj256fuy3pd4x4yw7xssme3k9hvsxnulv04c4avh0sev4rhu,BSH,2000,
xch1rhewugwl8acu3m9rc0txs6vwh0snh8wjysyydkmma4lygcktse7qc53mw7,BSH,2000,
xch15jcl23nj5352s9m7x796drrw2kwtldkpcy3uj62p6z9jkg5z4wpqrn9rud,BSH,2000,
xch1hs6nr2qcx5v2jx8rf7yyw0hswq8z6scyqp9fr99axkk90fwquvvqdtdp5d,BSH,2000,
xch1d0j899px9xw0cdzh6ny8r3rmvx5998a5xrjfv8a4ltwqfvmnddxsfzevfd,BSH,2000,
xch1ysqccsyr88f5525eg4whvmxafrtr43ml3fdy0h8cmfg9ysuaqjhs7eatc8,BSH,2000,
xch13wh3ymqfykehl8plcdrec4ttkzrwldg598nlf285hg7qflnjwx5sp95rkz,BSH,2000,
xch1lmt40vx6ka37jzkrahrkhqk85ateq2ppawznllvz3vl55zhds4est4r3e7,BSH,2000,
xch1rtjqt3qum4nkeqlhkgmspup3heq0kk3jjcf0xaec9pvvxm90z7kqjy9keg,BSH,2000,
xch1yr5620ukj5d23pgwsxe6c2lhp0x23zsj305rzm3umrjlcfh77m6ssmy9je,BSH,2000,
xch1xedt7whahq9nacjl7zlx46dcjuclw8q4aps2a9mmwtkz7qyns3asaffh5m,BSH,2000,
xch1jqfcyfcqy3n3jw7juak045s5tzrzfmvgzsgan9xpvy93nvjzhl7qkmcn4m,BSH,2000,
xch1uf97400mgxvcdgnjwuzamergsdxvwyp59ehfphza9y04susnldmsd8yl60,BSH,2000,
xch15x6r79u4ay2asndz77rsnfzj5gr4etqw4l8kflg906ljw7qn2kzqlm3eul,BSH,2000,
xch1d7xyccl5s0xyc40puanvfdw0djnmkytm3ea5r92k5wzaxuev975qmy5rfj,BSH,2000,
xch104x9gatl9kacvmvsudtshkdplxnl7mh35y83jpl32vnk46ay82aqw7xm3c,BSH,2000,
xch1xmuyc54xjcrcp8xm5suavrwqxvz3kcgumn9w3pud7ju73yrw370qmdcyme,BSH,2000,
xch1ajwnt6xhkmtr54635w0pw63vstph5f06shjl6et547sn78rzxq7qaafmwq,BSH,2000,
xch12z36yrazqahrs238s0da58xd9s2w2k2cp0gen9z96z84ufffvdlqpth2du,BSH,2000,
xch19s2dqj8el4p7kpjhmgfx2nuemnq2sxkqu4kcyrkwss7kquyvydeqdq6lts,BSH,2000,
xch12s2crpq57c02f973lsyy3fhcg7kxjahes5zpu7ypnv49h3wzu02qa2q2tq,BSH,2000,
xch1yurx6lqmdpvnaa2y76x96zff4thv7ysd5jaa4eyk02t2ql5uck6sgl5xf3,BSH,2000,
xch1ykw3qnnl2fmlxftzgxjur2yu0zu22zu05n8nmtq25klw5zskv2wqax226g,BSH,2000,
xch17ekfllqzn5tstju6khgp8snr2afm2ld4au6lsz0yp798jxkh2qpqdpyjqg,BSH,2000,
xch1jxgp8zd6pwmpxyvsrllzv0qqtu8f2ln7nh8a39nw859f64q2dlcqy5pjme,BSH,2000,
xch1zjew0u2rsxmaeh8l34r24egh442wlgcjfxwc8xzkhn6wh8ryr4psfjm37n,BSH,2000,
xch1cutcyrv2wj0medhm756vf6pmj5wua505zm9q78xkwza45vg074dqun5q42,BSH,2000,
xch1je9z2huj5d546f72z82xa0877msujtckcr8wu53chmrah7na7x7ss0w2tj,BSH,2000,
xch1azh95vvuuf037s0rpv2sw9esugywn8cpwehtp4nn09ylu2tl4zjse5kfvn,BSH,2000,
xch1n5ey8wz0qj8vezgzm822z0ens3e6qs85kkydcysxe3e3mvdznrrqesw2s3,BSH,2000,
xch1vku0muwuuhluwjdjl30a6aa3wr2cxqdvez8m24w66sqklnyapzwqexlqau,BSH,2000,
xch1j5zf9pt2l9tkng40jdkk7skchhzqsfxpyz3phee5fr72d76puf7qn573nh,BSH,2000,
xch1enqx55qh5m3rwygnrjnkywdtqhd3qzume5af3spx9sydzkqjak7qcljj2e,BSH,2000,
xch1z98s5zvf8nhg8q9nghyefausfapvlwk4r84jxv34n4pma8xugq0st7zv4u,BSH,2000,
xch1r8qf6v3fd8yaq56zta406a5nk85rnjq9kljcg9s2qv78wacpq8ls053ek7,BSH,2000,
xch1mjlcphevd3gnw4gn6ykxsmah0vv52gux5c5wlpl2fuw0a7pewvtqv43a09,BSH,2000,
xch1z77satfszamrrxp2hdqe73y7asgn4vpc3m3lugyqhyymj4ap0m6qsmukmk,BSH,2000,
xch1t7qklmgm7n56kv8chs30n2l5lf4ldz3fpxgz5ype0nxxly49a8rqmwun8g,BSH,2000,
xch1jehng9lmnmmq3rrnpweazkgv9dsexxstvz5uwmwamvqfnaydlsgs5xh098,BSH,2000,
xch1farl0zzc6mnsehqm5srdpu7udr6q44zwykaxvsgcyw6erklvc0asmhx0um,BSH,2000,
xch145mg2at4yr9tjpe8nvhlxlmhsfkrr3hkqampvr4zg67zf06elquq5k4n99,BSH,2000,
xch1jaergwx3sg8jthm77s548qzlhfmnjd7fk5v2s6j3u6lct74js5kqvqgpmg,BSH,2000,
xch1urvnt7q8wy30dfrexcjr8ghxjutzvllpam3sknw4gt4dxp5wr4gq5azejj,BSH,2000,
xch1z0cky9ndy6tcwaruvds8fj0fueedd07hdg2smqy7fd0czflrazuqurk3j0,BSH,2000,
xch1vl84fmq7wy7g2f3htxep99uv6qep3fklw7hqg5d9672s8h4jy8psx5lgae,BSH,2000,
xch14c4h6cfn7k7r00njhxckw42mn825xf5m6xnqyve8tal8h98xtfps65l2au,BSH,2000,
xch13ngc57q2mpuygev6zjr0qcpvasxv2lxff75cv3qzg89y8ayxcm3shngv7d,BSH,2000,
xch17xpeyx6944zzkra7uc5v83zl9f303ne9aelmm6yw0m7du70kutfsp4sy39,BSH,2000,
xch19208a7k40y06k4tvyfqtzdekmvad8jmdgqzwgzwl55ug2hpv8hyslq8z2l,BSH,2000,
xch1eqx3hm8f6z3r2tu5rqmxkqlquyf2dngzhan46xg4zpvvsfph03qq5wlp73,BSH,2000,
xch1k8wqkrw2c52pw4srydc8k4rxx589y2qlyg0az83z7jmw4mp03jtq2gydw5,BSH,2000,
xch1jkvm28ng6c309kpv322ycyhn9a33mrumg8xmj6m5fn26p45g6a5shc69wr,BSH,2000,
xch1r3w4d9hdwu7k9xkhrvn9yyae2gs8r3u2dvy7lrxstzgcuujm97jq950gkh,BSH,2000,
xch17htwr2ed5ffw7lkj7cdxc5dfspm0ra8ykjtcncjqgkw9kns3qqyqch3hp9,BSH,2000,
xch1jes6vhv5cgz6ewmvukchgc2k50vx0z9vcg37g0x0cqg0up3gps0sj65jca,BSH,2000,
xch1ejzx4zmq37lgldqlm66cuc2qdnx5n9r0mes6za0u5ava3myvesfq35zfq0,BSH,2000,
xch1zddd7rpmr8xwjn7y6tf4r2c9ygtkr562nyvgkpefmj6glnladl2q8y3fqz,BSH,2000,
xch1zr5u5u4f305ndjmfgepuaeud772r7ypgqxhgkyjxvmhvgtg4ll4s3ay9l5,BSH,2000,
xch1efjrfece88h2gm99j800slygh6haz8z5jp03zkj2w0w6vpaasyqqfgx2af,BSH,2000,
xch1j7c3j2d658l8dzgdhht3rp8ju4qyf4zuw4gwm6j6vam7z0kdkkvsas0qee,BSH,2000,
xch1t5nly9z3u936dqe4fzy0ewyfqk7l9kqe8uqnqs8s3e4j9gzghkqqu77cdu,BSH,2000,
xch1v78e0906q6c852vdwy4e7rl9gvkhfzd75lu6r782nqd989mcn6vqjv9vm9,BSH,2000,
xch1fguw47zjedvmhhafaknglyxvlfa5fcl4wccggzyr8fuha66qxafsvf9tek,BSH,2000,
xch1ln5vns499f024s420ulnjcvwv6v90rxup8wh8cl04dscz0gsrqvqqwqp5v,BSH,2000,
xch1c5rwfvznumrv00g44aqt72esgsvwqtw9p6t9jp7wstzgclfepjwqszckue,BSH,2000,
xch1eae3lhtxc3cc4fzfxsnemnpplsq2krfp0zlrv7r7lmayn34l7lcq3dq09y,BSH,2000,
xch175qvpx8dw9043kzxp0yhc6l6ukjgh2c445k6tymdgsegl3dmpqjs3j9aq9,BSH,2000,
xch1z0lc6east20s433g83wd6sgp56z59rqek5trn5hmw5f74zgn8r6qz3hn2t,BSH,2000,
xch1fdzjprshxtvvmpttnr8vze0uf7k6vfftmgnsnrfe3fn8hpq4p3qsw9vj4w,BSH,2000,
xch1w0x6aq7jv9hrdncp3zj8evrckts3se4cc6hr69y5kkausatrf5pqe0tque,BSH,2000,
xch146n4r4ytlvmtaxa9zxtklxv5y22mg3nqkhklshg04urvzk7lafys32p7tn,BSH,2000,
xch19thh43vflf6fak4wrr7hh737vdurrxa3lc53fxxuj4y3mes9l3ssh0eqgy,BSH,2000,
xch1vrau5amxw22gymae2mva9g0aspjq4fmyjrplqksj9yedffr0f06s20l0xq,BSH,2000,
xch10m2yaqulq3r2c0th2pttmu7k3nnnyx8rkuldeeata0h59eltwmnsypvkvs,BSH,2000,
xch1gyelqt0mh08c3h00w9a6h54599tf5l5fpzdma3l4re8tp35g7v6qjsktkv,BSH,2000,
xch18994tzvt00ktlgc6awtk6j0qyc74n4jmwwaftt4uryfen5z6nqyq33xaek,BSH,2000,
xch1ht6t823v82cqyf20d6yrffq6chem6zl6jel52st5rr9eq2p5jq7qgunxwp,BSH,2000,
xch1ayg5evl2xv24aamnrjr3mw983803px9s7hmlf4g0arg0qfc60qmsf94r44,BSH,2000,
xch1dw4rx899fksvxkmuf77fga2yv0auezpwlcfrp4805rjg6d7sws9q936ej4,BSH,2000,
xch1ha57lftp3z9jwr8gf9axkvyum8p0dzn3dcskt23duvshn5lgldrq9v9uk3,BSH,2000,
