addr,name,amount,11
xch19c6r9w2lzyfsahmdus5xn039850dvuxcdw0jfxsj4jhrvsgd0mgqhs2d50,BSH,2000,
xch1eje5grus90trq3w66he8f525700wghlsjqhjjw5mvqax9an5wtrqhx3m9c,BSH,2000,
xch18rgtnv9js0yqppwgkvmalpr4dh7nnt0ymjpqh6duwu2ntzvdp87q2563u0,BSH,2000,
xch1vla0vle3w5f94n7e02kqz69wv7v90eaplhyu2uqkew5kc3cau7nqa4ang7,BSH,2000,
xch1gafkkzgw5mq3zcvy4vjq5sysyyxyctwxjc7j0jhp5g2qjtyjuxhs3vpult,BSH,2000,
xch15dyanl2yxvm2jmna4u0djyyyasm3m2g0rqadgjl3354vucxsf44qz8kap7,BSH,2000,
xch1dqnuf9kjr2hsawsaa82jml0wr5rx2ap6nlxxxykf9xupmzfkm6js5uhquw,BSH,2000,
xch1t0mz7glggw266ggymdcxvjcejx0yx9a597qvu6evffv4u7yctsmqlxr7x2,BSH,2000,
xch1auqdcq33386nap98fnwjc76hxf6p2nd52cw0s2yzj4uazthyt7mqfg5qk9,BSH,2000,
xch1jv4rvnmc75puu03tm8zvv0eteu6cpnsn5xtpqne0eljm3gk40v8sujy07g,BSH,2000,
xch12lt68ggk5qsg66d9hmylxv5rdlj3fk7s3hwq5kyxsyf78cja0hmsrxejs0,BSH,2000,
xch15zvn3cvvw8p3tqux7a6p2t6pdk3gmye6rqr99fn86p42qq6sptcsjfa0dp,BSH,2000,
xch1auu6gtwvz5z5auhqs3kq00dpk7vetdkf87eda2dnkcf3dd4m7emstwkn45,BSH,2000,
xch12x2ak78237ex8ytfwuqhvkz693aqnryqe0nndu3p6q7pa5zfw4esp6hh7z,BSH,2000,
xch1wsswxf597zw8yq74tnsweyp94pzjfvtmrr43dwsarp432dem2s5sxafmac,BSH,2000,
xch1fensmxa92z4jh4hkukp4vmz0yjy4a78dy46retmquzdzqcva7rzsutrx0g,BSH,2000,
xch1z3kh88lvx8qnmwn2jr0v52ws288nd9hmg0w29ap3qxc0jrf3xpus5uscwf,BSH,2000,
xch1sfs9zm8z6whkanpxel9hxyet5ugevr8k6jn7xwvf5k33c4tsfahs6wlwpy,BSH,2000,
xch1rq9m8tj4cmd4px3c3n4gqkdc6aqsz5242ls7f8kqcaygv3c3n8xq97ap3l,BSH,2000,
xch1y87c2emtvyl6e4763dv8nhrhxqkcn808jf7mj2tqvhj3xpql3nksc88p8c,BSH,2000,
xch10sy5qkwkmszjmxhsc00c307vnh9vxua62x9yap78v0nxzrr84p7quqfm9m,BSH,2000,
xch1d3ez9ff350ur6vt5vcrxj7g8v63vzrhlx7zwlcp0qdsq7nmtdcgswerw6n,BSH,2000,
xch1ute7gefxsjcgt7u6np57ej5d3u4n5fhhdh6nhsmmgglzn86rdm5sa7e3r9,BSH,2000,
xch188gtk6zy3c3zl3mkap62yl0mtxr5ztz44xuzqrsthljpafncckssvgzpjn,BSH,2000,
xch1w2pwlz85wrd800e8tk7qlqgpurtmjrcrzcmrt752lc6j8e86r9dsyze9dm,BSH,2000,
xch1ldjt3n2vj0d6p202zdkn3zrwn0s6hmf8r99ze29j7vfec4cg035s7t36vs,BSH,2000,
xch13ywtygajqjtpqz0w40wmv8j47ysymj0k6hjhqq53qft22hcpjggqtwukh9,BSH,2000,
xch1jfy9wvf3q48p7aqa20rhreusmp58l4cpmp0empju7jva2spzpt6qmssars,BSH,2000,
xch16jqhp6ylmmd5rtzq9utglcuae37xrtwqc0nnxs8qsq0yxard9fsqt9dyeu,BSH,2000,
xch1dgewp847fc7r3sed73ef434ed93w3r3fvecmctpawr6vfx9k77jq372k9k,BSH,2000,
xch1faxt24yvh4jdl4a9zxfpqxe96dmae62yhf6dvz67v57c0k7x48wsd887ek,BSH,2000,
xch1jlkfghql485z35ec4unmdnx2relzd99stwqqqw2l2vldgzqz9xds0tg37x,BSH,2000,
xch12yrhga8gv3sqrwlgy6s7klfxqvdte94kzn5mazxvv46r5jn088nqcz6thn,BSH,2000,
xch18dg65g0pyeyczqtfh9y66rs0manuz3vlwlxahwlum2tqhaen9pvs0qenvc,BSH,2000,
xch1apxqkgsxmymduhpyql4ell4tpc5vs8nald05ele9633cy90d2cpqh2t077,BSH,2000,
xch19j3t5nj439np3h23saszccd34xgyk74zyf83hacjwwseplmrycrqd0zg8u,BSH,2000,
xch12xp9uc0tspw7vvyh8sh5fn4h8cmrrvq9ptnhm2n4gzxz76hf7zksdmx8dk,BSH,2000,
xch169lpqpzulc7s8rtw7sx022mved4ahhl6gzz9y5wp0dtu673gyx6sps5kjq,BSH,2000,
xch1dsr5v0wyfl0unuh9jjxhljvtcmwskw95l9sv4cdgyepkgazfr8fs8c0szy,BSH,2000,
xch1w4u7896k8ggnrmmkyk7kvmk44yvq75myge5l4pau52ex5p5cgz3smd2vql,BSH,2000,
xch13f0gptgqk3upxttjrv9yele7rccpn7delgek7js5l6e0n8hjd0tsuedgdc,BSH,2000,
xch1e7n922qxrnhnnkrdp5lqcc5qmnhw5gtddx8wxrs5wje2w0jht89qmv348s,BSH,2000,
xch1v6w8cswf8ej6vhanwehxe9f40cphr35peu73ssuy0h6tw6cvxv2qyeq3eu,BSH,2000,
xch1xxlsjp2s5vce0jxyxusu0zhqvhhxss9xcxtsjkdkccym6ddst0ksf8cggt,BSH,2000,
xch163p4vnh84krk7egwen36hmegqqa2zhjyejhdf3t0vqevn2q907asw9l2t4,BSH,2000,
xch16upj3es5qwuputxy4x4dr8vxemeucx654tjpsdwm4hmgymlwt24qsajkay,BSH,2000,
xch1vdfw4t7x5d0r4l0hyjj733ca9nqy5wz2kf74c5a93mtsfj3x8mlstwz6la,BSH,2000,
xch13csmrjwt20q9dd7z9mvkz85zjk4lukya0adurlafwc3cl0pgvtps0mrkd5,BSH,2000,
xch17gy8slers02f4lvhssj29fsgpnf4gwaepy624avt69ekaafjad3q6vf7mh,BSH,2000,
xch1a9f0rg6r45gavyrrx5dmdegyn2cf8sxrr5upekwnytzdyzuv499slrlm2g,BSH,2000,
xch19y39ud8p66kdc3edyhlags8wr4yh2783yguza7tej5a8rtklxpysgt27xx,BSH,2000,
xch1xlhwux6vtme7tgx556mj3pakycsj3hy2p6rcdl2n9nu927qhcl5sa6ecwv,BSH,2000,
xch1wu27lv7yq6t9f62wwnrrzqkmvnpesgy2vca8pemam2fw9qauth9qltmpc0,BSH,2000,
xch1zmsn8efl5hhf200n6mvanz8st29zkduavsw83grh4y28ashj5wyq0svj65,BSH,2000,
xch1l42526k34y7s7ecpm5es9xln4ttpew8wzv79t3psryyls0rzavpsunn05q,BSH,2000,
xch1g47tag77cd4qtr7szpwwh0407csuk90qrs94ucge0sl67xq539eqrvzjvg,BSH,2000,
xch1mm2gtukq9n3cf45z2lx3npm3hxflrlrwtj2y76w87f28szrwy6vs8434z5,BSH,2000,
xch1hn257munev6uu4psam57nzdset0p7sf88ke2u5jyj3dal7vd98hqqn8rke,BSH,2000,
xch15jssz7kd93jzfvmvt9zd2hjcf5e4lwkxw2vezuflzjc03xehqg8q7srgv6,BSH,2000,
xch1ngxk3c0r0gu6wxxr570ukkg9sz4s5h5n2eengc2zvgpst4hugkdslemer7,BSH,2000,
xch1wrdvzykknvrk6r72nqjs8mua4qjzxqefxmfncvhaadchwh63sh4sm3n4c4,BSH,2000,
xch1zu9euhzf2z9vkx707u59x8vha3freflj82fk3a8d9znaxcsyastshj85z4,BSH,2000,
xch1c24amzyjtaxm7tljydafathv9jyysc83u3unznxuc0edsydtn2ssgcf8da,BSH,2000,
xch12mkzvfnhjk0gvuv5mxhdrd8w6ut0cx80vjntq4g39yhm5gnhy9usm5v4gq,BSH,2000,
xch1chj8nx0efexgfxcj6wmtf4u67m5ev7xc30hja6nxmv0t30ay9xsq3gnjx3,BSH,2000,
xch1regzyua90rgque9v8mrevnk9f8falrtms3xg446cut32pyrfwlqsct2se5,BSH,2000,
xch1rmmuypqssfq25rm95dpm3h895k7vg2z8v7atlpyj9mr0sry40phsuee7k7,BSH,2000,
xch135ymna8v34hrxyvajpjn8tjx8kjgsa7l54th0tlaqns245rhl8dsly5af6,BSH,2000,
xch10gngx3a69azeyq4metsk6v39jjyq8vxpqgsw8xda25vsse3tf9gstx0uvy,BSH,2000,
xch1kydm8p2kc3n7v08fcvjjjnfg4a4v3uajjueygvxf932zssn0h7zqwmdt63,BSH,2000,
xch1xd0pafp5k2fr42yfp8c6qxvnu2pmv6zjmfqpvc6rae4mf3mretls37thw8,BSH,2000,
xch1dhexxtrl3at9u360fs0adptp39hj3jh3csjxtpw78uk04hqujn5s06tjgm,BSH,2000,
xch1nuvyn4vn6vfmav82hdpfzu8s2w6l5lemca0e2ftu7e5g5l69ymwspyvm2s,BSH,2000,
xch1anve360gx48p036946n2mgnqwh9y8sj424pvuwv5tn0u4e0yp55senx6gq,BSH,2000,
xch1xrhcslzrfluat4tlxkcsj6s0aa42vnlu60s3mkzfzd8wzekgx4qq9gmlvg,BSH,2000,
xch164rwf4rhmt2ll9ept6hspnzpqtwyd2mu7xr0sgl62ga0gm0wf2jsdrraue,BSH,2000,
xch1g9apm8yrwyhr56hqjvt3gpynktkemw6vejfuatvllpghdnet8vhqaavemk,BSH,2000,
xch1nd5c7lvd9vh58sdclt50d3d20x79efqk55vjupa2sdmr90vtk3ys6uhzzs,BSH,2000,
xch1yfn3fmkhjql935w5uzhpzy9w900lj37uy4h3lf8clwuy8py4tn5ssnx2p0,BSH,2000,
xch1782cz94mgwlz385ur5vn5eghl0as76fkm0yc0m05zgk3jszu76tqehw4lt,BSH,2000,
xch1y9ztzqa5w6lkru47799c4gjkmm3z7mj860npggqdv9kn58jlycpqww7m7f,BSH,2000,
xch12l856a60328dn2272etqnfx35cdyam36rusf5w4380eujvz43qls77u23u,BSH,2000,
xch1ku3yrxaxfxm2xxawwvwpnr9t49z3nxczttt2pe5xlk6qm5a4jyts869vsk,BSH,2000,
xch15ull75m83u7j3yrfxqg639qn8a9qus7j2nm6pmx3teqz84f654jsjxczak,BSH,2000,
xch1uqvmpdzedxxyd37t5aael3j8pep9e7gsjuzw8v7eghp8pmfrwa6s70xyk3,BSH,2000,
xch1vgarkv4eta20ae77gghvt4jmq6wc5d43e6x4a4yxsqvsfl39wqzqutsft5,BSH,2000,
xch16s5xg9n96563lv3x7q8l87h8rhnx0d8tqmx7dmfuscepd6ukhqdst5ge4c,BSH,2000,
xch1yzd2f4zveddxtadyw6pj7mfuw6jzyrm05zf4y38m2e3qfdpjlxms6q4hg3,BSH,2000,
xch14h7ew3em9h90yjqt4xrtnv4d6ja4snahsu32uhc4utg76kztz0sst9n49n,BSH,2000,
xch1sj2dywywmkw8kasunmgp4rvyg9ulhxed7s8q44skvz4c5hdj9j4sxw7p8z,BSH,2000,
xch16c3n4r2sc0ma62cacszxu6dcqpjv5y4zqy63ssr7svrpkvdcj80qkqnw90,BSH,2000,
xch1k2tqe3rfuv3hf0nedx8rfn2e65y96yj5rvx5s5pqfa6jhgvvjgaql7nnm2,BSH,2000,
xch1vwa67jl463rcj9pv2wncgw5ycxu5us7j8r4uhk30m8q0v3r9lzfqzcnys3,BSH,2000,
xch1g9jkfhjhpncnwdd4jcl4jjr7m2nkcdufusa4w3wpqlxpngmxsltqaqwerr,BSH,2000,
xch1v2kawjhlh579vl2yh2e8vxua9dv7kwmdpvjqj6wqzpv9343yn90qwsn02z,BSH,2000,
xch1d7wzcpjarxwc6thgs2dkxc53yvv6p9mf5qxjzlnect2g5wpjht6qz7cysh,BSH,2000,
xch13g244yu7cgxdpave7rqy78xycyqhlztlw3lql5mgfmrzjw9y4fasfy0ee8,BSH,2000,
xch177apnqlsjx6m85cm44gxymu0sdelvvvvxtegdjhelf6v3frfxwxs98zh2w,BSH,2000,
xch134v93d649avqec75qj2lcyghw4d90gwh0k5j49y2r6rg6dyvp0ds3yrgrf,BSH,2000,
xch1ny96kjgal5qkgx3h370qnu4t2rh9fvqexjcqhcxmnww60krsuegsmkjfm6,BSH,2000,
xch1vhrxr3xug4k7nz9r3h44jtnf0tq8qc8h732jq2ryvm77nr8x3jyssdunpv,BSH,2000,
xch1f7mwcc6qnky464r6m728rjdqnslfnmpj7sf02fvkruuq4fafylhs49ksu8,BSH,2000,
xch1n27nqf98s373rgpcpgc0hmzs6aja84453mz022ajektpl5ppm2hqlfvfme,BSH,2000,
xch1uza9llkexwzhuw8varre5vvkpxv3qu0fk3qtat2nz6yf395xtgysagh4gj,BSH,2000,
xch1j8v8wkkdx6tn9j2wwjujjgedslnde0n475wkgkvf3fzulhsq244qdz93e3,BSH,2000,
xch1zgnzjrylmmkcey3w89fsdvlfde4k8ppnfjk20ltq6c0m9nnuwtssfgkg25,BSH,2000,
xch17fdvvhyq045ngdvjqu7wa93v5s7nh0j9tfvs2arch3kt6xat9zrq5qjjdy,BSH,2000,
xch1g6kf6394zj04xwlhzryv3xpzpln5djyys7jtl9sw842qmaqv48csh7mwp7,BSH,2000,
xch14qvn8xtgwyfart9farg8vmr8xx2mc5daw5cdqlfpnphf4656c36s5aeyd8,BSH,2000,
xch1nvya5l6rupu6xg8zqvkdlmwn2v08ve32jhvx5fdaw0t35pdxee2s6wd6hu,BSH,2000,
xch1nr5rq5s7dv9z3dhsrmeu78qfsg4txnyn20dy6nqa9ytkg8vu9saqa2y33f,BSH,2000,
xch1zyc25tvl3s7dlhsxt24m9evucu6zrytacz920prlpjf8ddrz8zpsa890hj,BSH,2000,
xch1we0cp0er0t7x2y24gesumyan88e67z9jd3yr952k4twerpqclywss3wefe,BSH,2000,
xch1dsn2w53myddnajn5w4cyhfwgh2g4klynw6ncywavz2dn8g7tsn7s0gemlk,BSH,2000,
xch1jrc0ucvge9sy4a4qxex7rd95yjq425dw96rcjk5yj8tpjywemamsvarxjg,BSH,2000,
xch1mqdcw2mj836h645msm9kg9433wes5ndy9ge3et9a0g6nu6ty73ds6fty7q,BSH,2000,
xch1c2uns5rd3qdc6y4mswg3s9ledu7wt65k8dsh4uta2fap7a360xeszcpd0h,BSH,2000,
xch12wza88yxrvlz6af5l9udffcsz0djwhf67z48qpcrgh43mtfu469qel0572,BSH,2000,
xch1927zfmlr9sftzg44xvfzngv7hswffz3eec9e7lmkwl0wt8u36v7qv4v7u0,BSH,2000,
xch1k82hw3n59l7flaskqm5jug27qrtp67ym42c3ywuqud6xtcw3xk8smn23n8,BSH,2000,
xch1flv4me4n3zuwqd7h76tyksv49pwxrm9vqetzgjnr5davzskn22zqru6n7x,BSH,2000,
xch1sghu8f7ukdgly80qlleuj0tkjafdrmztxzuprdean6826jx7wjzsmc4v0v,BSH,2000,
xch1j6vvk2ttl9j226llkch6fttc9du8v50fgtfycmsydcvvdngkjwwst8v8zm,BSH,2000,
xch18cveext3mt3dv25e33pc99hxresk7vt2cunpyx0gd2l6lnv20rwszl9u3w,BSH,2000,
xch1lpu9sx28zkc20u43w9pve5ttr4mtnyhk7wd58d48r48dsgmdrw8sp09jkw,BSH,2000,
xch1t2tztknxj8vf2sm94sk9x23vvy5ghsjt9sv7s7jtf3x6597639cq3dlvra,BSH,2000,
xch1haxe50ay5x969af44knmh02c6gqf9cx534y7lpcue4l4twd0uzzqjryzzl,BSH,2000,
xch17qff86w42ffpekdpy55249eh6hzewmdkgajwl7awfl6tvgm89zeqe55rs4,BSH,2000,
xch1l6m4nrz7vgylss6sgau7vgyg5udvy77l2qjqtmn3vtnw6crya4rq70a7cg,BSH,2000,
xch17xfzwt2695cvlpank33p9f95x7ue97m0fv6f4k09em6q7efz57dqjxefag,BSH,2000,
xch1gsluuxaukrmm0vc262tjfrunxsc60s76dn0hjcpa5gv0g72sjcastcxsgx,BSH,2000,
xch10v8mm7y6jfeer6jy4l44ct8p25w00lr5qazt4q4nd9hxfgf348yskf4lnm,BSH,2000,
xch18f40uruf45c45xz9sajhpq6yejzay6dgt3wqfl87h7c6ca2lwm3s58d6k5,BSH,2000,
xch1st27rmp86um3cgqpjvwnn5aqdglwe2gjygfh2d7puves54dmytfsehd0f7,BSH,2000,
xch169vgr9ah6qzg8zy22f2w5hz2tlukq6mk6u6ykmwufg6x5mjsmprqckseq5,BSH,2000,
xch1flkjsds0c7fcf8y22c6ce9c0jd225m07s3hz54mdh8xzv9eklursc79klw,BSH,2000,
xch1nena4wqxamt04tm0wl26exyg7tz8zn0usz7gnfv624f9w6thuxtsek6kxz,BSH,2000,
xch1ulre9dwl83epznp2wd9slq23a5qvzymkf8xnhrra20p6uwy96sqs8mjh87,BSH,2000,
xch1zxw4wdw7yd95t8gvf5v2wl7nkhq3de3wr5ase0mellyftk6hhlfq9gsjqw,BSH,2000,
xch10f0y88wgptc0lcjrsqw3qw4n3yk429v6mk2dmpzja32l33ynd49q5y72pf,BSH,2000,
xch1e5v7kuxyrxgjaqxggm50633gxg9hj6g2fqycg3yyh48970agwn2qx9wac4,BSH,2000,
xch13eftvp7av5t6cgf6vr6rjt0svterx849n85gn58hqn5xp38n44psrt42ah,BSH,2000,
xch1hwd7s235mfp7nqgdtahxucec6l3j5hs8qcl9dhzcwrlgz8cttvtsgju0gg,BSH,2000,
xch1a4hd2pe5fysgfp0ah3nfmmhnd7yf9ptk08sa8rzz76w9azj6hzes2ra42s,BSH,2000,
xch14wzvcnuzk7gatpwkwyhw9plylc0k2s5psnja87lvk6nmlqgl75us6u4dya,BSH,2000,
xch15xvpw2lxd87g0200xntzawp27tqafy5uwjv3lrpc9r0qngznydwsexlpg3,BSH,2000,
xch143rpuy3mgje8nfkvg9zv9t2qqktkqj95u48ktktz9vnttpx6rq7s7q8kv2,BSH,2000,
xch1wpvddamg0m5y737a6dr5xuz06p7dnmx9s5jtm9xcjdcadhfkugmsz5up97,BSH,2000,
xch1s823mayls02lrmcnzfhy0glz6y6npgwzdkcx2mw0j2af4em46f7qlkk76v,BSH,2000,
xch1nyf7uqql3kfkfxlk799745usf9w6mrm4jt7f750cmype9c8yaemsjyfse8,BSH,2000,
xch1u6et4edrxk8l95z08gwdkqqee8e7mxuup64qzeaklck5mfsr9f6qda773w,BSH,2000,
xch105wrwrnp47ppdy6hckcrjlmxhppjpa9lgyecvmzym0gtzh7k622s9xzl5v,BSH,2000,
xch172m7m6rmtm8rhm2krxkp6y9z245xw4rtn2q0ksk8yds8jayj5yzseq4a8h,BSH,2000,
xch1ajauk784u74nr6gvfjp9yy3d5l98ca9lka0a7xlfdg7fdp4dl2yq97h3sr,BSH,2000,
xch12h2w2n9yf4afdeuzh7fw3lfwuv7j0392x2ytnnjq3greqy0mqs5spzyh0g,BSH,2000,
xch1kzt43t6947keak6el3jsk4htukpvy9qgh5w3tjryzx92kcvzrtfqqxex3z,BSH,2000,
xch1zxwjhyjq37g540el7x3pvk9fs0ddpjazyh6rjrm3p80mc453tn3s05jfhu,BSH,2000,
xch1ftauq9z0awvu3m8mkdk7tvfd7d2m9j6urx6rq5hqlw68ghg87y3s626neh,BSH,2000,
xch1a7rxx6772eae2a3wkj7tsqtxfxuxlh8mnktq3dftxq8lkxa2mnvqxf6lfv,BSH,2000,
xch1x6hpppr8hj428yxqzlsquv8myyt8zjdw90e7d28epc5c2jdvh93qfgky6c,BSH,2000,
xch1ga5avlc3mj9s82398vh8854syh7gzkhkp2xm8kx26zwss925qy2q6me6xz,BSH,2000,
xch1rzq8x3j3up0vwewuvgg0cyy8s22yjryxvrehjhsl72fyxmg3x3rqvlk0fs,BSH,2000,
xch1lgwx8909qc8crpnpxuf7er6scf5ujsulrt64vpysw23sklhlqg7s580cpx,BSH,2000,
xch1ca6u0aelrur6uhk06n66c7knh4p5qc3pxquut9kfrw6y6pz6936srgqgyq,BSH,2000,
xch1vszdj70f92h0hxr976t2pr6nwdve3zee05tql548hk3l8amvkhrsqcszzt,BSH,2000,
xch1wjspm7nh8xp5q49z7z4sqzg4ntt3f79zapdndppdlpwtv99fcfgsvjlzzm,BSH,2000,
xch1dhvm78kggn75j4qhmvd9mgvvugmenezk45wjwscwzv97m9rtmg6safe0wp,BSH,2000,
xch1ulpcj0cmcsz2rc0m0tsgnj53aggqfwc5n98z2a4k6jj3enzc2l5qhe3pwf,BSH,2000,
xch1kwjp9tvdfjc40wmmkc5mm6508pcgta0g7p4znhcj6c3ffq8u5vrskyglzc,BSH,2000,
xch1z2n5ltl80n49cvfj0nf3ycwl06ypz4w9c23fcmjntarnvykzhjvq8k24g5,BSH,2000,
xch146a3hw58r3mvayhqpr7zhp8wcn2ckxf3xed0suapg9fl0dz2e5vse8m3u4,BSH,2000,
xch1x7fyze9w00jvnlr8397h9lf7m985tm343ayfvfld3xamcz74ujgqh0nt8s,BSH,2000,
xch1zuqeyyf606gkr5kx8cndkherk2y5k0h0xcrwvq7tq0xv2k6xr0ksx5crl4,BSH,2000,
xch12eqatfxsf5l06gwej22eykahfnr7xdsn2lzpf9rq0xjymnnj3ghqkt42zj,BSH,2000,
xch17qdyf3yr9a89sgcagakmefhxepnv88afasjc9dsmscmzespmtwxq62kdhe,BSH,2000,
xch1w26asdtpsyu5qtdp5pgdkw2vx5ac99u50n7y4e4lw63gnj2me6tqzf3qcs,BSH,2000,
xch1vqju44gzsfplhnx85tq3h2n824tfnrp52535nvu8d923s268w5nsfhdtx2,BSH,2000,
xch1zzqyzwucrtahcdxjt763zsp5xwu84cc5a2xsccqyyej2y7keau7qc7gzln,BSH,2000,
xch1d9n4mx64w7pz7qs2creq8vj4em30gaujrrm2eqgsckzcurrv50zq3zm0v9,BSH,2000,
xch1whx3ztmfsc2rdlfud9v2njyfv2scwnl0fjnpw6nmqtwswm5htycsgy0vqd,BSH,2000,
xch1fzkzln8n8afly5n2d5wh9rjkzh0sf072rrlvwtjr6ygwkhmqutcsezgdga,BSH,2000,
xch1yn6ugcxvax762jcqhjx4mj9a0a9my4zuw97juezrdc4tlskylzrspkrvmv,BSH,2000,
xch1d8m99vwfdf84kf2vzaveu8ks2szzp8q7uaesnp4j6ctcrx7uug7sucdfpr,BSH,2000,
xch176xmxz4wndm79t99akeh429rfy0y66grdq09jrx20m5zzk7juyes52nvex,BSH,2000,
xch1c7dh5as39fl46dea7u8dezjdvzfd87dcmhgfjnk8cy9dcppzrulslk7s5y,BSH,2000,
xch1xgy8hd5u78mgwfamxznmhmpp0wf3tky69df8ku9qvxlzdnusqc8qg06l9e,BSH,2000,
xch1kp0n9ddac9h4yeapddr2kcyjyk2evl5pz7dwems96gu4x8gw26fqpv80wh,BSH,2000,
xch15g3hx4jan7kqmtdsda9sqpmx0fkqx4fzxmg8mqtfttj82tn3j7aql33gjf,BSH,2000,
xch1hjedd2wkd89myc4avra4cajeymfmupfz849l050525ymg205k0lqa95xr3,BSH,2000,
xch1wdrvvf3gy3yuztcwltut2tkvp50hsfmu0samn96cqt8kpulwl3aqh0slt0,BSH,2000,
xch13rlqjq449jl2tp6t8xre6aasn7cughr06z9prmth2t8jsrl20vdswxr583,BSH,2000,
xch1u8qk0afdwa6fmnq5frsmggqx0wwj828cgv222qnp45n3d5smfe0s5feldw,BSH,2000,
xch1gnqzwcefq8rccasjdyznzn9ym2966m5x7gy6pmdgtufwunr7zxjqzgensr,BSH,2000,
xch1sffaskvf5d02qax5vjzv7y8ddsre02qz9w0723j76gzagc7sw06qlexg29,BSH,2000,
xch1932q5j3jsgqn236rm32n6uuc86gpqm6lqx30n389gvya6ac53c9qves47m,BSH,2000,
xch1m59xck80qcmvq857sy9ud0nty8cf02xzqsuqmp8hn4qx788fn3uql6fgl8,BSH,2000,
xch1c7j97und48e3j9yn3aetj97rnaqevmkt0d9a0zw7qqjleuny8xfqtxp5l3,BSH,2000,
xch12d7l0e3em6sqrye2nlazfewakkx43vgwrnlw909r3celnyvvvk7qqnc6y6,BSH,2000,
xch1gczppk590g4sgkkd5v4sz5xvfgugjx9c75faaa4krqs9r433pt7srj7gvh,BSH,2000,
xch1ta04q05m2m53ac2vweqlunfr86cvgl4k99khvm3xqj6fjmmxhensxccpcf,BSH,2000,
xch18tlgelzpsna8m4fvgdp89nf2533yskrkte83qsxzjexaz5hcrhkqj893zj,BSH,2000,
xch142cyd9z0qyaqpag2utsmyn0gvnamsv0gyurly9evvnys6xlngtkqwhvufj,BSH,2000,
xch1uh4542q33eee47ppcgg8rky6vmfluzrfxhgjveshqes9d5460e9sxg5dt4,BSH,2000,
xch1yu0jyjvx6h6dfpajxylmt33ys8d8ek6apvc9sfdfwycprl94qjzsegl3r2,BSH,2000,
xch12pqmcvnpzvq7rmh5m2s3c329x382sk40trcpgk7qq3ne40nuflysyy8y6z,BSH,2000,
xch1uurleu20eternen94uh7c09d7qk0w0j3x3f2nzcszv4jwc8pfgrscqukze,BSH,2000,
xch1dgg5epaukxcjquadg6fg7lk265gs6zshtzw8nzpytxkw4sgf26qqf6glvd,BSH,2000,
xch1lc76yw8m8g7fy2t7mnthvf3y6r8at5chengnyj5avx8zzcm0ppmqgpgtfw,BSH,2000,
xch1y2kfkalyk8ws38lra6hwjs4wltnvv8tylw4y38ml6tdjj4qmac9q5u34ng,BSH,2000,
xch1ekap8n55qvs88xkgsdmhntr3qgf6syymq57nruahrdth0nn2cfusqq9rdq,BSH,2000,
xch1hns8vptu3vtnlxllw87tv52js5cphes8vqv9sccf88sx3jxjdggqn9n70r,BSH,2000,
xch13p83cn07tm874e4s03hzq954amvgjm44gzh47yyn6nvum396t9ls8nay5q,BSH,2000,
xch1j2nsye7adsycmtzcg0dcvm46vucxt9ayv6vefv5n84rdunjpuqxs2smd9s,BSH,2000,
xch1zmakfg4ht00cajktafh7e7weuugz9nvld8xh469g7qcdylgqkmas0hxjch,BSH,2000,
xch1ld5se9cg6n8usc8lnh9xc7fl729rcj827f96apvf4mrr0crkvstqdpdf32,BSH,2000,
xch172nkm4l2p4ru92mz4yqx8drfead8qqr6l5glnzkfkmzgh24v8fnqdkdws6,BSH,2000,
xch1lv8arpccefwky6k38v5zc5zy8slsuhj5hheqf8e0qvcv6htapewsr4ae8m,BSH,2000,
xch1vwx7yttvymqmyykzrjcwkpl957mmxvqfaad49espejymcdnjazeqmf28xn,BSH,2000,
xch17tmhgtpuvpdcz5e4mrw4sds5qzgeykjrpcj2tupn50sa2g0dwjhq0p62ej,BSH,2000,
xch1fp5h3wzh8jly93jmg79suy6mvv3srj0vu2qxdpj97dcqny2wtjpqj0cem4,BSH,2000,
xch17dv3kzqae93muuvwpntxehm9eclzmmcmsdy2nnsk869evleeuevqc8d4mm,BSH,2000,
xch18rgz6r5lqrf0rspzak72qsgfk22lla3fq50t8erthmqmlugnuglqv6wyly,BSH,2000,
xch1wn984g3zad9mqdgzkx4q68zh082rdt3fl8hkqw2ch56054nkymksevygxu,BSH,2000,
xch1d5r4zpqpyhdrywjqz838hwg5hsmyy4vs8wthhgwvfw2uz6p0tmcsts5m0z,BSH,2000,
xch1vfdtfnw7jvkuxtcqamctykfwsshlva2kdn0c74qqhusdtp5d7rcs95nwzn,BSH,2000,
xch1gt43u80qr956m08e0ngpvnprppr3q6zpu2q63rqejyqfc9s32qeq7w2tac,BSH,2000,
xch1zra75tvnz54zwzxfzfhw6dyqkzydh9ed86sgp0dzet4fg42tm3csudh2nz,BSH,2000,
xch1zdr570728lwqse5c9l4mcvmhyt5sy62fcm9lruxvfv7lrx5a5zcq28lz7v,BSH,2000,
xch16un9rlx5ffnzrtfrdp69qwhnxsrq53zdkl9khylapgn68kfth5mssxydly,BSH,2000,
xch1mz2gw8vn7qkp5xn98q553v2sf2dy8k5d2vwhm48hraftlmzt80xsn4ljt0,BSH,2000,
xch1uw3wzfl5uwl3g8y5z9v8zs5plfgql6p2w3na4g0qz88fs8dckgmsmzqsmr,BSH,2000,
xch1hms9996usqg8gtamumggw5l5dcq2nh2zgtleuwszyhxt2ypescwsfzdut2,BSH,2000,
xch1ga3066ufauzgzazyzuj2cgsr4a80jf86mapcc3qeguxhejdytvlslsrp5p,BSH,2000,
xch1tm03elmrxxpxewtaaquzjrwrar9a207a2quxqa2hd4mnjlpru5zq3hft8f,BSH,2000,
xch1weysfjdvvme2h3gzvj65dquj4cn3pvzhqtpndxvgw8w4uk2thj7q2ujqcn,BSH,2000,
xch1l9f9g5h33lz4qk2dl0s5385rjfreg37f24z43x8ldcr4n4yxhyls6tv9gz,BSH,2000,
xch1sc55fa6v27svftcmvvgz77r0suptfp3g8dty3a378xx7az62025qwf0jqu,BSH,2000,
xch19us4srs6g8mh5l079xnrrgxmsyu3a90dexmpju9sjfgws6sgycjs9xp9xx,BSH,2000,
xch1ekccdgynpysd3gtms3zgjhkcajttva6psn2w332fhat0kg2lwl8sxtg3gl,BSH,2000,
xch14y2whz30670awmuzpmhqsqux4h65cq7ggjz53umc0p3nuxqt94ys86fvry,BSH,2000,
xch1fgpu9gma4sf4nfhmahwdw3ts03dcrsmqy3h6hwcw9gak5fjjedqsj29whh,BSH,2000,
xch1ezu6rmerpea2qyd9x8v9m3wenm58xtryhddnxl6fshezmmr4mmsshv7y59,BSH,2000,
xch1ss5uknqkzv8veadg353qa2kd9ja0uk94mkyvu4geqx8tqalvmtjs992203,BSH,2000,
xch1dx29fgmkqps39re30muqkph56cjfhhme9j92xr64mysunectna5s5x3hvl,BSH,2000,
xch10ufh6fz4n6e5zza2s670j2z5fc4epa80mkdqqfhqyxrl37smcr2sr9gy8j,BSH,2000,
xch1rs500zdzc9xnzg3awf5w5u8jyjvtvzjwulqj745lvn6pn8vrtx0sc43r4k,BSH,2000,
xch1vtyd3ej0eczp34q7fete77sne8cp5fd35hxenkf9pcvh5nj94mns3erpxq,BSH,2000,
xch153c54rekzqjg7vtpgescsqxmkuxqxfhh04upylgj4rc035gq83yqfda5gw,BSH,2000,
xch1x5mulz5f6kk0p83nhszmea9yusxmk5pyhyqdq84lmkj084u8f64sltn8cq,BSH,2000,
xch12lpgj5f9g6jh3fa7qzudrj9aqturd8ajgzfqz3punz4x43ns2llqcdd2c7,BSH,2000,
xch15hzle25jt86sdzgrzcw2umhgfn5nm30knzcnqguch2wqe6zvhcaq564aad,BSH,2000,
xch1g0gfqyymh7lcrcl9skl7ztj9n4tanuxrgy89fzwcrmc6kn6fuwpqsfdcg2,BSH,2000,
xch17xahmyurply42g2a67nl9tv6jjpwylr7qvp886fmy8nkan6h0yhqttcqpk,BSH,2000,
xch1h02sg26g65k9tjyrkj2mrw8stscgadsn37gm5l9j978fpd48lrrsz5dygx,BSH,2000,
xch1ns6qmng3vzdll8w032y6zqqvk5sx2hxg7r96lt9yp7ldgdeyu4jqptev33,BSH,2000,
xch1r7apj4x6wupj626e8k7shqgm7luph0uqsuvnsj6eypzcpytpatxss83tn7,BSH,2000,
xch1zsrsh40dzq8pjh2jn0dj8ul423dnc6v2at5003akse5pnnyn98mq3dtwe2,BSH,2000,
xch1208jc73v7yl22nmn4lre4vc6mf38m2dqwzkwmsc6rplwjmcvn3dshfhke7,BSH,2000,
xch1t35mp8d9h2nhnle79wuzfcgele3vz4yz0v47m5c4vm7mls854shqdph7zc,BSH,2000,
xch17ypptdas306pg98ckfcx3wsrvhcup8lnjlrs6a4wnxqd8tyvl22q9zzr07,BSH,2000,
xch1m2krwkazynjpx4hepp0jpsrgrgsrwve00ngm7wddpekvlv7v6vrsw537nc,BSH,2000,
xch1vmnewg0x46e0l4erylk9fda2zvqqcqmmjv76a29vyzegd5ue8cesa3e2d0,BSH,2000,
xch1nxpy69te08ujflnm5zfydv6zm64qycdvvzkzpjnqyf5slks752pq2w0k9p,BSH,2000,
xch1c687hyj6ulhrzvypurnpztnqwc49nz5k2rc7gf6h5nrmm5wnasrs3s60x9,BSH,2000,
xch1fzdkpt8dk8uc0cefhk2gc0gca657n4tzry5eyegnqaghueq4hzgs0gydxs,BSH,2000,
xch1m2jj0rekmft7npn47u4h239zzg90rlaha8lt9240uavjed525vvssyszta,BSH,2000,
xch1v3wlhk29faycvs4wm2pcu65l4klapkje8jwstcswfakelmxwwlns5qk3wl,BSH,2000,
xch1h7r8wsemeh67fh0n9c7x08kzyf3uegf3pyah2sgnr98lvegkhj8q45j4fq,BSH,2000,
xch1y37ms27yvklfgk630rq4r0x6kue3cklepc9kre6yzpdwd0gkpz8qnzrz9s,BSH,2000,
xch10ptkmm9n7nh28fhny7jy838efmxyuuwsun224y0wgglux0lj8fgssck86w,BSH,2000,
xch1hk3n3c05gsykyu3w554h23g5pzplpqn78zh90lgpxzg2y7g9wymqny37h4,BSH,2000,
xch1v2ct33rvf2qyhl4xjx2r7uvsks464ax4n2fj0kayy8nr02kgdw5qqje0sd,BSH,2000,
xch1znf22ful9z5k85l4vclf5pmrpvgamdqxyqgzgpwzu7vtk78g72usuhv8hz,BSH,2000,
xch1s6zfq5scn6h0dxvcezckfc6md6mq5m9ssgx523lztglq7nlc287qv3yd7a,BSH,2000,
xch1zvdkjyflm5w99thaqsantp3mlzvq8k9axzljggl2g9rykw4nwg9qgu3sv8,BSH,2000,
xch1rqc8akn0ct26xlfexz0srrsv3drs6kj9wam724fyfx3pupkmz0kq9yypmn,BSH,2000,
xch10ml5qpeyzsf388emm6smtv88pkkhqrjver24qjahttecuyfy54kqpdh3lu,BSH,2000,
xch1frxsylcdlq88p00w5xyrfvfemptd47xs0r88k9lu9qj76qts335srt4hek,BSH,2000,
xch1ftlcgy0q2as33sqax5gywe9lt2teec9d7a6rd32t8xd3y5eyunas2unqm5,BSH,2000,
xch1dr36jg8ghj3ae556ef8kxdw2p7g3n7edetysurv6a4g67n99n0ysl6uzhj,BSH,2000,
xch1aj6knxegnakwt8eq3qayl556f7wt50nfssu352p28a3qtr6yxnjsaf0d3t,BSH,2000,
xch15cpjwa9jggvun3ksfts494hvf03362gtnlerplcun03m6l7h63usfw2pgy,BSH,2000,
xch1n4grnn2af70p29hz2ch5rp5frrt46xml4wr3u4rpk22ery5dta0s437wkp,BSH,2000,
xch1r0j4726aqrswmq62tj86rg6ng2ldjh9cpd3nl70t2z5aed3u3l9qkcl5dm,BSH,2000,
xch1ude6jpzu2m2m432mw8zr08zmtz3ugxzt7t3w7hxyx7lsdps0m44se0hu4d,BSH,2000,
xch1884e35l360g6svk3qe5f4en5mw89qmmhlzjglcz7t6xylf5zxv4q656vfv,BSH,2000,
xch1ehkzc8660j92fyx2vg7epc4jjzzvv06th3nxnwdc5vcueqvlqvgsu3vnaw,BSH,2000,
xch1lfz794mg590ungy4nnvk068ns32nxratmk96ty9x565vgt7la42swjsu7d,BSH,2000,
xch1f5dj7hxrcms698me6gknqg9mzaelknr34xwd02gdhgquc9my52csny3fu0,BSH,2000,
xch1fkzkxa3jhk7437gxapf753uc08ajegw6d2k8vg5f8qezteqc6t3q2u8hyn,BSH,2000,
xch1hz790dfkyutddwxdxld06vnwsrlffkx5dwe8mhrksnz8kpe8knuqkt3dq0,BSH,2000,
xch1vvmjce98yz4wmefyeptvz67urp9m5n3g8ay4tc80l0k7jajupehsv86pek,BSH,2000,
xch1unakhmjkw8jvulntchkv7pn2s358v90w5q2fgvtjjtmju948u43qte4c8e,BSH,2000,
xch170p3338u8ktkd0wjx2aaj37swll0gr8pu3xaflx0q5jsqvrkvdlq3ne9rq,BSH,2000,
xch129zjat97z4dsf6kufd53lt6amemwvm8t9nuks4khx8dtws2u2p0srxu92t,BSH,2000,
xch13ptgcgywq9xvzrtwaj0savpv76xyluumx0zvaksa38hg9pfqg59qsskx0t,BSH,2000,
xch1fjl69u8jgmk7255yjg6e4quy3kmryucvljkfsuevlfdwqc6zv7wqv3sq66,BSH,2000,
xch15830hdh73s4z0dtc4ms2sjuyjy8t5nw4yp47al22nenew96l3yrse7gd23,BSH,2000,
xch15dd9q852hjxl34ura4ueneh2skn8660ng2matwwqm8tym95tt9js6m3c40,BSH,2000,
xch1fgrmuz9j2smr05pthy0xg9s3v0esqmr4deddthwqvfhfsw60cv6sh6284c,BSH,2000,
xch1dpqhafr8smvfmsn427t8y7sm2tk5rnpzqyc42we9xhnpwkz2h0esuhhxay,BSH,2000,
xch18s8mtnrdqsd9zl2nr26330unp8j246dxndr97uc39fleshakvftqs09hct,BSH,2000,
xch1tmp685tv45s5a9hffyyh622jcpkh4l8ndl4zdq3h8zy3pf7a5s8qffx8mn,BSH,2000,
xch1saurvvyd6f8jnakydh4hcdsqd3gxm37fcmdut4x74rf084rc8cqsqyl3tg,BSH,2000,
xch1a294tygjrg63qle6u4g2zx63j7tj4d7yffm3l0m6z3arzny8a8rsqwycq6,BSH,2000,
xch18tzctg49p9xq2qlc644h0k7u4x2k5s2c4vt8j5f25wvsech6amzqa3h8aa,BSH,2000,
xch1d532xucfyry0j4r64nlz04j2skrydhvm2jzddgak3dequg6q5l2suzefy8,BSH,2000,
xch1fjj60fkru9vz97ak0er88e030lyjj0vgfyyzyhg0l2max7cm6lksyuy3cy,BSH,2000,
xch1563clmmahylcr534vqp26wn3fte4ly8vh8lgax28dptd9zcrf6pqneq3wj,BSH,2000,
xch1m7uv9sfkznq6qxftu6wcrhllqatn893tujn65fzl33t95f9tqd7s5jstaz,BSH,2000,
xch1nxr7p808u4tn8f6e0przaa5e654e8urwuynxmlvwtkkgjern90uqqg5t3k,BSH,2000,
xch1cw9sfwdrq9my7va5tvuu5jqjt7euznqmsgkctgxn9vre420tywuspujvj5,BSH,2000,
xch1acfmdfsh85jgfgegmfdj7c9qvvjy3m6yt076fn22uhmjy94qu4jsu93rey,BSH,2000,
xch1ltzhmchw2nj6405sdkrgzvuc5avklf02482zqlzdavs9jd0uh0nq9j2zgc,BSH,2000,
xch1akjwruez9lvtz4nuuzxd765hq0px62gf8esv990fdy6089csrqgq9a9c35,BSH,2000,
xch1yxdstpvyu06f8kf6t6jwspqmrukzlmmjew5v42jftdz9yd3ymr6qce6hk0,BSH,2000,
xch1l2em5g89h98wtv92yy9hur4uwd6ultz3wugtd7wtafarf55dpquskx7m2k,BSH,2000,
xch1udtecglkvp73mwumdarauwvmz4qu6c7gl5g6ktf9csmlmfp5pqks728gsq,BSH,2000,
xch1vnzyvrp8uwcnyyyawukf36cpustkrdqtukglkd8rjms88sgh537qcmqzpl,BSH,2000,
xch1jx7v3zck3ssgdxzkydl7ymcvw3skvqsc03hy4g6kvr4ucxjr6gps5xu5pg,BSH,2000,
xch100x9c6srtcuuecghzk0jzjkefgam6mxlkxvzqy0vazd8n0gdq4gsec3xzx,BSH,2000,
xch1jg0dkhjz9dkylzlxzjpjwfyfmy3l70vn3xgj5dl0zg3umxnu7cksyc5wrf,BSH,2000,
xch19kdmzknexh24lfpa8zxzcxyl0eqlqwgmn8wmq7kpnkz0peeg8afsky6rf4,BSH,2000,
xch1f04z0wcrj6pzsau7he7x996ws8zvrj968ral4fz4ea2xn9a3v5ws8dqvjv,BSH,2000,
xch1lqych2anru9htayymjxmjhqdnl5t325hs64yqhg9rmqan69h9nnsyz0l8p,BSH,2000,
xch1078cvkwvak6738027kedyex2sh0zmraswlvrkmvx3d08nx6yj68sfflxzm,BSH,2000,
xch1x6p3dejsx8yyfzpfc42z2gvnqqj5aze23svwzt084y4mp6m8kwuqqsmd9t,BSH,2000,
xch15zxaxls3gczjeqdkhlulnscmjjqwjy4r2qhn9vs7cwlw3rcylmsqsgt9n5,BSH,2000,
xch18567r9ncdx43jmffpwh0hcd3e7tyrl4u64g4u692gvn5x8varnxss875gj,BSH,2000,
xch1tldecq5zjj88fuvkd7q0n3re3kqkfjujrfqtvn2sy004lkgnh4mqces37m,BSH,2000,
xch1ca7v5a039lkwxce6mafc08vw28jkjcxkg3h0n8atvsfxrk2kpgyqrj9nvf,BSH,2000,
xch1r86ryph5c3r99rrhwqh7cm97z7qfe6zws86mmstjv47htrs0pcpsps9gfe,BSH,2000,
xch10ksh06vzvs7wdre9mt9yvc35mk8f82th6mxsyk6nqzgw8jnw6lysxxrltj,BSH,2000,
xch1e624n8qnvq8ahdjk80rm5rf8rmsmskvf2akafndrgnnxfpntch4qrgdsgy,BSH,2000,
xch1z2vgl9pv676x4ssy9s7e5gvjcj8fwxxsch0kwstncyng855x6cfsru7h55,BSH,2000,
xch1wdl95p7umfrae5wl3cs743t0aj4m6ulzfs5a4gwptmz4jdxdzh9q3jrq2h,BSH,2000,
xch14y9u9yf7398twgllaf2mmg3eefgkuxuey9m9ugr2x2876ddmm52qvlylzd,BSH,2000,
xch14mv473cjhekmg6kzwyad89ufl8te983v9ztnfpqgvcchjg6y0dls4euryl,BSH,2000,
xch1vkq5rlju0zlqjnzmueydqpyh9jsc243un22k9u4wn7nrp7sgfncq38mum5,BSH,2000,
xch1wcapvmjkguv5qmpkaxtlanh3ngwlrnwkcg6r2drkslv89h3pcu8s2z26az,BSH,2000,
xch1lv0v6kwz5s04g76hyxtedmcveyg00ftvm87pes3dsx5aywc0559stwh6hq,BSH,2000,
xch12xzj44wsfd9yp5nlt8e0h035vdqylupx98nlgt6uvhwx7cxtvfasjhwqa4,BSH,2000,
xch155umyxhwqn4az6sl6tqrq83ljc5gahs5p8pqdncjfjn8epzyagjs46wx9g,BSH,2000,
xch1cc6v7smwper08zq53xza3qmzs2u8xaa6d4j7m6xxf68xljpz3stqrkk6wh,BSH,2000,
xch1w25qqsvfqvv7gmthpyv85n6cvp69kku88mw840gv76nyqq3p209saljgx8,BSH,2000,
xch1e80u0uqfg4r9dwcp6me0ft2wcaz5qfaf77wlw7xzfsr55eghck5shtflgp,BSH,2000,
xch1zadcn72wdjuxw9nnf0czkflxgt4de5l8xrqka9hrl7g9v3ndem8s5sk95f,BSH,2000,
xch1wkf9s9xx45ps7tqxam7xlmlx0ms5cfs6jh4errx4eya8yt87fq9qz00gqs,BSH,2000,
xch1r70p4haen74x6acs2fr2ktmw4q5t9j38zypvv2e2pjz9hp2n3u9sd8esn2,BSH,2000,
xch1869h02mrut9yvv7x6s72hspe3k3x6e93ltw8sc74dp44ma468casu62q9v,BSH,2000,
xch1zvdrgs9gh46uqk5ltlw5e2dw76sdr3hqpgrgdswzygekqumf67hqurhcv6,BSH,2000,
xch1rxuw6agvsw56fpv37ux9mv8c5xxhjcu9gm7xkhyd5ygngqvzsu7qyxcdcy,BSH,2000,
xch17dt65u0m754y9wn3c7mnwxrnd2ljh42j922xfys56z08r4wwt70s87vd8c,BSH,2000,
xch1jjhrdwk6c8yd6suuaescps0ngk9jncw7m57rk373zzsqf05rjy0sxm8q25,BSH,2000,
xch1me93sjj4wzeg7cjkctxp78aghsam9qk9fgrteayv0nmq7qlgck4q2jn89v,BSH,2000,
xch14qj989a6z535hm3wmgqxmgfhef7gywlegg4jmug4emgcjjwp3f4skpgcht,BSH,2000,
xch12ssmh4jxse8ahf3u58yujky43dtu33sx4tyg6ty5k6ljqe5zddyqhyy8tr,BSH,2000,
xch1f5rtvfyex9gwvtk0dsy2z75ynwxzlhy5h0268mhkn8zr6n3rxt5qpvvlrt,BSH,2000,
xch1wmdzdacavxk98c23zgdmh0477zsllt5aakaazq6wt4ct84v6s2qsv5a9et,BSH,2000,
xch1uf4s22pyke67pcyv8ujhcjsrnhgl0m2ttej6wwa9gyx9w4lfc0pq5ekqfq,BSH,2000,
xch1l7fnp6p57j6p8dswfawe86gqmz2mpdeug0eau77dsxcs86esgf3sya2qtd,BSH,2000,
xch17qyvdgxfk5ldq4usteee3n3uqhnp0cr9re9txr6dhhz7g7uhde8q4kc36v,BSH,2000,
xch1khqcl0kg3hwvg6l8wx82gm3zxsla2eylqtqsf8sdugk2ezzpyr6q5f8qre,BSH,2000,
xch1essy463w35c97djwvnf8sgv5xspj3j5n72auxc44z65knsxh6y2snp55lp,BSH,2000,
xch1x6sxhaeyeq2nq3araxst754dq4mschrx72f4c8e8phednyfyvezs98xs7v,BSH,2000,
xch1m89tyk3zkz90ppfjwsde7ytxn8qcm5k2gtecyathg4vhz0f2xd3q5lapzu,BSH,2000,
xch1h72mxupw2q7uae4gzwmt8w89rau0x3ahjtuaknyvc8vnwpfdf8sqpdp4na,BSH,2000,
xch1axj39rey29dl95p75jx40p5gfpgh59gpqnxj39h94x0nu837l4yqmzfvgj,BSH,2000,
xch1dcwt3qj3lxn4adsydfq49wr6fwc20n83rhta66hvnguh5rx4m8ds6e2ztr,BSH,2000,
xch1xmxxsxv4czq4c99e7qk55pe3pp32wnvjfcg8myshk47w7ml8zvjs0qhly2,BSH,2000,
xch1xklq79ux43h7wyms5h2hgvzkn09hfn9dp0e9d29k6qwvyxxz3gsqs0a5n3,BSH,2000,
xch1tr5f0wm3gg3an5c7hvkt2a6wpja70delxac2866r0ns40ln2rx9qgwj6ch,BSH,2000,
xch16hy9cufk59y4nj0cafmd20g682vqpxh07rchcdn63jc4k0we4z5quewn8w,BSH,2000,
xch1y3tmk9ay72t56v5muwvuzul4mut7amvy59j5fmg4gf8yya7uhlqqk4vf0t,BSH,2000,
xch1a08n63ryt57kkkpaxka28t9lztk7fhvc8cyvwj55ns0vx44gdy4q7r8ajw,BSH,2000,
xch1z7qaf32d4uwcq60p3ldy8sww3fwmtv4yhz66mce64pfgpmwm0cxq6ld6kf,BSH,2000,
xch1ju7xhjv9s8nx83er4rn86a8ewc6gq2c3aauwmwwrpnvx3xk7naeqgg0psm,BSH,2000,
xch1ffw6f9ckpqhzv9lgpvs9lducfmsl52al44eae2xe3a69mg9g3hjs3yhyac,BSH,2000,
xch18jyfz66p8wmnvdlyfehy74f9mnwxtnkl9pmzphamnc28w7cp3kqsy9g5xy,BSH,2000,
xch1mjm02j4dzq72t5mgxn6dtem4hpaql9vqhmhezmu0f02entlh7vysg3jp2x,BSH,2000,
xch1cpwkl6vtennwcw5n36t5d8sfm2tewld3mjnpfqtwp47vccd4a7hqz7tj3m,BSH,2000,
xch13x74nylwed0qumz3z5adpuy7de07jl5tsjmv0e245m3phndevqlqslk0zh,BSH,2000,
xch1fj9ypphd6zat9e7cz0dq2h6vdqmrd8glgte2qkvfhzptvk76jlwqlhdkfl,BSH,2000,
xch1t9pw4kk2mr9awam8zd6cutvpjpdlftuldmzawmur23pxnel7lygqmzex34,BSH,2000,
xch1he4nh3flwefy837ds2uruad7jryhw5ak3m5c3ae2mcmtrne3vlustkh4yy,BSH,2000,
xch1rr9r8mdqlhu6e6erscrn08wkk8aswyjh56d70p5sgxqf3ygjal9sgk8ky7,BSH,2000,
xch103uvl53wqwa0rpr0xswss0eue2gd2xydh7qwrwa58erwhc79qyaq4vydfv,BSH,2000,
xch1lry2ydtxmf6gnd9la53zeurc23sq6pkf6f8av0zhfhrf47r4aqasrvvfck,BSH,2000,
xch12zx29yhfnjmpjdsjynu9lyk7agtn3tsqzun5z8twlfmg35gl6tus6raxxc,BSH,2000,
xch1w9f2ztmk06889uu5fdqjy2nyqfldrkxdpj8nv0nt4g8luu5rltjqlch9ej,BSH,2000,
xch1e9hyvwwflc0up95hyvvv5nurcv6gv4xpmcg69utpp57pvgkj9g9q5s5hzp,BSH,2000,
xch16j9rkqq3vp6tc6fh4gwg6q2trwg2pf4kmc78lvzm98f3mhqayxxsnj6qw8,BSH,2000,
xch1y22p3p2sedlxvcz7ky3urwwckq0kf4nkcyazld493u0l5jn9qjeqg7nz2t,BSH,2000,
xch165cn5h2sd8csjjzu5scj67x85753e9rfvwl7sj32pcadr4l9my5qdjtdnt,BSH,2000,
xch10rtl48qt0hfxmx0qze7tea2t860alk5g4j0maks2tzagwanf0jdsyjdlrq,BSH,2000,
xch1ez74h4t69c57rwfrvl4u00dud2aeqre62u95p03wneaz8k08h7wqr3arcp,BSH,2000,
xch178tgmah0lfzcsr5ys547w4rmxd8pnl0n0f8vk3refk5l6gvenxgs4r2jr6,BSH,2000,
xch1hq9rq2ysjf5jheryfgwxf40q22zmy3nsrcd5xjyaldlln9wjg2yqmex49p,BSH,2000,
xch1dmyn02447fqvn6chw8h6h0hxv43vvm3npvh7kpf6afsld865vcxskgqyzy,BSH,2000,
xch1n20xh0f78gfs0phxqy5qz5x77xvpxy6v2k65x9ygn6v38ee2lh4q0fw5r5,BSH,2000,
xch18g79mzx8jqlz72t475r7f9wdn5kqkezzwdgfmxr4gzd7ansx8trsa7vlrw,BSH,2000,
xch1cnkn2rmg3rv9tw3uxmnp8n4thujusey30njxs593aty49rvfk2yqrr4kha,BSH,2000,
xch15ec8wht6g4k35ngwy4lepqux4946k5luwa4czx875hln6xmrpeyqmccnyq,BSH,2000,
xch12thwphxd6p0gnq3v65k6hvg4s8r59yqlp8qwj4svjpkj4jmgj8rsmhsz84,BSH,2000,
xch15me8aw29t3yuqc8j4rv5ufqrm83tpy6sgrtkz2qkvf7e9efjlwaqmrdp55,BSH,2000,
xch1amnra9mdrk93de0qykl7gc590flp0ufkrjxlmx4m455hxk3q8vyqwe8nk7,BSH,2000,
xch1ah7dahyph5mwt2gph9asg25tykkmaxd34f39jkhjx5nakjjpjmtqr9f32z,BSH,2000,
xch13eqpwf2vx9rsmwh3n75z2m0g0gu2xujd3cx7xrlf875ugnk48y8sater9t,BSH,2000,
xch1mas0vdaw8c3mkjv9vz45dxhhe0hystsqgzpj35pwqfnuhk0wahmsgnlemu,BSH,2000,
xch12mjkjf4pekfx9ne3p3rzc6ugnp23uqwunx2mld9x33ljyzgsf8pqxz7cas,BSH,2000,
xch1ys9qy8fht8evpqfua5luwkt0jh32ueczgussgsevh9tawrce9zjqmfad5d,BSH,2000,
xch1tyr24xqqyhrfp9jhjnky6x5f2ckx7nztg3jdnadpclj4exf49vkqkt2w8c,BSH,2000,
xch16jdp6jk8xf3qkxy45d3efuwfhke7mwzshpdquek3flljv00lvp8q2lvc3y,BSH,2000,
xch1fau546lq6jvukuusj2jkll5lagencgrsmjn0zdpd8dqs9pknrpjseq95uc,BSH,2000,
xch12207yev6je7l2hkuhr2g86v2kxlpnzph6hend2fvr34h4v9tlmasdpeffp,BSH,2000,
xch1m5qlftq86cx6zzx0m76c5la5n4dq694sd3pcm40vfregkljg8elsy8rsfp,BSH,2000,
xch1yhpus360wk4z9cmynww9lv9v65y6nn8faw6awhk6n4m5d53x0u6qr24gr0,BSH,2000,
xch178a4dujeqxumv9r9dq9nfcdgp4enycpf0kjazpfjas9dfv6ng6tsw7qnp6,BSH,2000,
xch100t38qr35ecvjam2s07k9f9nnlaxfqjgz8umc88ma8j9fm746djqunpz5f,BSH,2000,
xch12d7vjn3sk6pl9m2jlq0de9cvxsczq5n8sr3kva6f70jwf3d3hhks2rv5pk,BSH,2000,
xch165mqgpjn2cmshujrespny6ur93tfeyc2pm474lw72czzwz4yeqdq2x006l,BSH,2000,
xch17xj583xmj4rkuf3k7zjhq3c5sd6mknvu6kawcwgngefrfluhx74sxapazr,BSH,2000,
xch1txzhhwwwmssat7ju5ulngasudc95hf8pdnemzcx80utcyxz9vuqs4aqsax,BSH,2000,
xch12emg859dmm6nukdd8uawcppj8ch7ntpk46x0tk57mv44x7l24rkss0mu37,BSH,2000,
xch1wcunqumvhsfytt0qn4vc8l8f36h56c44gc0gvdxpzg7mqhajdj8s0v5hh8,BSH,2000,
xch1wg63jxxnzd93lxw4a9p0d6uwz2axg98f7qv7xckkh3mrf0awctxqlc0xk5,BSH,2000,
xch155x8l6ny8tleqxppd6xcxkjyy6tthwfdfq7rrmaum7gwckapmhusc6s9ke,BSH,2000,
xch1ya23rruh7fenuv28ad4predxzwrs6u0gmhnc32vavggw8s3mmuvsx33hhm,BSH,2000,
xch1ytalevhl68pjpzffhacu564qn9ee927ngldudeystwh4aukx90zsex8lnf,BSH,2000,
xch1g2k7vpu3fuqdl5vv45p282kn6sxhvuyneh6jhmw3uya52qp50pwqyyg6ua,BSH,2000,
xch100mrgqqv0acrt495d4esf3eqcn35nlxv6g7zyf2vhek9ltkrlpnszfpeaj,BSH,2000,
xch1nvvdyqvvh9j953z3cz959hd2e5qsqefnlmgn98tzh05em2j02nxq6jksvy,BSH,2000,
xch1gf2v0rvmkkk68ecmt6kn7vgg8rcd48x97ny30z6fr3n0tcfvy8wqqj2e7e,BSH,2000,
xch1a9pwzrp3e2znn2sd23x7tmxhphm0zap6rquyy887c658lwfylgwq69jckc,BSH,2000,
xch15wyrqk5ud44nexlyva50ylqkae6qxar08umg82zlxyex0nsd93mslz50vl,BSH,2000,
xch18rehanmqg6twzcc7f2e59yazvcnr50h64y40wnj98z3xye28z4fs8f38k9,BSH,2000,
xch162x3ltv99qeng2mzug99722szgcchyfjxhzk54t95m2jaap4c6tq3pz49r,BSH,2000,
xch1gdzzspar5fkz75us2727e93yduza426xcc2qgplmxfgy2dkmglysp4ktxw,BSH,2000,
xch1n5vmheu7hxnjmz5jgm8ewat5pg70mnp2ze42eku9d94zdkdh4szq75pq26,BSH,2000,
xch19s7psml627czgmgmjz3v438flfcmd5c794254rdgz40086cg727s0qx7ad,BSH,2000,
xch1jm0jdccwydpg3avrf3q5u6v6gkqmjd7t5ertlrealr58jc95dyyqqn4kts,BSH,2000,
xch1xkta7y65glnpsgsq0nrugmyg2e2dg5fdhkcx6hddkpvu6jmucjaqgtlzmm,BSH,2000,
xch1d75tx2xq7y6pl0fjz5k53ynw52q0vuj6zm7mk4yfu798kce7kpqqm6l3jm,BSH,2000,
xch1r9eypq45hru47tazkj6e6ruc5y6k7tw5v8mwduhmnn8umh9uvr2qx0zne6,BSH,2000,
xch1dcw7xz0vwuktfnefercvzdq4es7d4pz7mj026vn6anelpplpykksurqsyw,BSH,2000,
xch18rdtjm4k7xvdk6psc3et7k8w20yj2enrzy0x6szyzvd5kn2qnqlsl2xlgl,BSH,2000,
xch1x03ryfmuhdj7u9kfu2ward66c2p7kn3clyrt6vf5f98n5h5dj4mq0f4xgw,BSH,2000,
xch1awrs8tguwdj4gn7cujhz82ak3502ayk87590mm9d78uunepkvvjqfmjy5t,BSH,2000,
xch1xv5ux0nd35jfjlgln8zpdua0zzzp6g5se30z65yjungjl6eugmasa0vd3c,BSH,2000,
xch1xm0p4872t62lkn7rk608mncydmccsrsx99el296rpwgl95rr0lasr99c42,BSH,2000,
xch1e49qq47anc4mhnfsc6djmjraurqxc4vjnj8qgqmkpqqcc8xjnwzs562xzl,BSH,2000,
xch1lgxm5mq0mvxyxwcggxqjzk60udpedrf2q0ax2wudn0za6x2phqgqvqrcu4,BSH,2000,
xch18fc7k28da2g4c4tk5akx4m88nas2nfttxcfjytmestcxz29qhzzsee2wmx,BSH,2000,
xch1khq04dr0ymfwjst0twwuanrgnql3sm5lg4hvryyx7t6k6etalg7s5xlslz,BSH,2000,
xch13tg5u544utrhnzd62nmzwraf5z8qdfqte8qs9n3xda8ul7we963s9s2d9d,BSH,2000,
xch19f8p03mwl60prplk5dug39v00mk8c4f8ngkzrlrvjrhdq2tagqfs0skqd6,BSH,2000,
xch1h5c692mksehmz254qtgf9vyv0mrwwvqfmd35pzt4g9urg3n5rl5q0y8z7r,BSH,2000,
xch1u07hawm5q6dha43gzgu3ca0c7d7hth0u663gj2u5kf6thlzx05sseyyaxy,BSH,2000,
xch170q9lz4r6v26nw0xn6akqqg2hccrnj58ct78kpjl6gmhmfn2eysqaf6jtr,BSH,2000,
xch1x2nq4796w25m7ur2je84zq89v7sglydfqywl9l2nrrmunuqsw68qxrdckv,BSH,2000,
xch15rk88tl74phu39vd6ajg8mq6wafflrfp5ftg76j3aqg28unzk2ss4t9cvr,BSH,2000,
xch1yd2xp8ky7wy4hqr73qfsgu3zmrlnr6400taarhl3t56c9enrt4qsp0zpwl,BSH,2000,
xch1lrqhvfvctenr9se729fk6chmpvz3kr2y4n2phfjqznmtx30jxawqq8htex,BSH,2000,
xch1fwjr3uzuw2zycws7mfk9u4nkm0exjnxkn85mjl8d44fzahglhfdqdehqq9,BSH,2000,
xch1m8dhn8a68nl7377y5w0zj39jue5dk5fcau6h8r9pentl0hcjv3dshvmcul,BSH,2000,
xch1ynnh9nwklk4yeccf5jhgcxt4slw7dzu3ej60ac54p7zkskmevghqjk0zkj,BSH,2000,
xch1jmwlfg644z563fqhrfdu0r5x2v8up0vn34tlls5puzvnjaldvr5schfrkx,BSH,2000,
xch1my4m89hpunfh6rjgpq6jnc37q6ttpfqxmmm06ulut8a2z235gz3qurv5mr,BSH,2000,
xch1r7gcuuwux9h3e45gvczj28tlcahawettly3m87z956x4cj3ru67q67du06,BSH,2000,
xch18m50v4p6ez90e4kvztwmh7syc6lgd4hpteqr7kaqcen85kysc79qw8wq4m,BSH,2000,
xch18rr05kex90j9actrqavfx0lp7uqhknqkhq70lu5p3aw3qld0r24shaxnaw,BSH,2000,
xch185y8l99klkgctmk7mlwvjnv77ew2ljwuta76hsdav733vtkdr4pqzamn52,BSH,2000,
xch1js4ur98prr652grfnmlgye6uvu52w09j8awyw4vglz5anz6acj0qhk5mr0,BSH,2000,
xch1j8tnmye673ky5ldf08q078squwvtc6jmzmy9lwtvsg2aqer77e3s9yljwa,BSH,2000,
xch18q359h442edejvxrv28n4aw7xm4elf9d59jzf383rk3w2danxt8qkeqwj2,BSH,2000,
xch1u8mczxqmsxr08mx0l975tzd4069mkhmgj6vuypx37zjjjyf7vc4qxzn59r,BSH,2000,
xch1tf4nfhgqx957eejc6dx37qehk0tuuzj2nexjcaa36medmjxzksksqu44te,BSH,2000,
xch1mevwmedh7nznxjy6ftj6x62fkv36cswkrcxw5cqygfd8klayvwwqu0t80m,BSH,2000,
xch1fsp26z4cavjmepu45j7wr30rcf80kk6ns67s25g86gt6t5r6saksvna4fz,BSH,2000,
xch1vehxpnwz8jlse2wn8ras2fd9cz6a030ly342ms7vrpq7fshketjq0t930c,BSH,2000,
xch1ssfwz6u77tdevuh9lplf2q4zzm3kt295g358t9dfjv039merq6nqufsdf0,BSH,2000,
xch1cax6wldljszc37yma6qt73srewf3m4x8tq743yec4z89pqqave5qp2s595,BSH,2000,
xch1ad6u0skt8r7ekuqv7nyypkqq0x35ntwhk3durhd3hht3lwkj89aqtkkysj,BSH,2000,
xch1mt47am4plwangxylvk2q897u06f7nu3ez9fvwahanvl95fkzmq0qjl222d,BSH,2000,
xch1jadjf6hgg3d72n5f5ln8f0fl6cku6xvrt3d86jxyp7pd4mkrrsvq2k3eme,BSH,2000,
xch164v3m8ax3yc5ac66903arax9n4eqnq7rdddpq6zhpu5f265822lqtl8783,BSH,2000,
xch1m7gecmg9qkhpeyv856m9ez4kp9sd2cfz24z68yp9nych7j76zhgszrpas8,BSH,2000,
xch1fx884l64q7kffm7uz62ffakrs3k882yjdw2pt284dplhr7xx0v3s3a5pv8,BSH,2000,
xch15my0p3mgeg8dfrmgp7l4fw24zpyqhkm2xhllpcqm7sdvu6erwylqe62dgr,BSH,2000,
xch160ungk7ypu9kg84g3y26shc3cw7ypxd634es554css57n8wjka5qyfjcnn,BSH,2000,
xch1xe8j6r76wk9rwzqm7jrh9ekzc6w5cdesksylyxra2ryvjfvx0h5s76zp8q,BSH,2000,
xch1dn8hqfgpksqqketwv7ntlzsm4fx4ww2h4x0jar8ya5jum3cw922qkzg3zh,BSH,2000,
xch1wxwnq6pfl8kcg7uzcqf4jy72vfr08sgs20xpthys6rwk0r8992ssg9u0fe,BSH,2000,
xch1dy0r8j9h4yhdak8qdg24xvvdk3hn9mpmr8m3sk4hjuvk7zz2w5ssxa8nqy,BSH,2000,
xch13mqdwyyzvsuku09r66qg6gakjx20ums9g8qa7tnysr4y6vsd047quwvpag,BSH,2000,
xch12nvu63vzneem9h7h26xg24cs0atgveds2r4w2n209ycdsm5k625q6c6qa8,BSH,2000,
xch1l0yf3dnqjzxumkngmgwngvldqvj2f3hh6c9mugrk4u8ljtteslqswr3v8u,BSH,2000,
xch1t83m5kw7gslhlmua4u4qmwcjnguhw0yuartxr9lt9fczv5nfawcqjqyjvf,BSH,2000,
xch1nkhv8gwqvmgdyhvj6ca45pkk0d29gc929r23t40f5je22r590tesnagvmv,BSH,2000,
xch1l28k39ym58q896azphn2s9xlwu6jkhsknd03rpcqszf0hgnjvwxs8hets2,BSH,2000,
xch1uzvgunaatet8qr46hrqmsx5vz7vnxq4x27f2y487wz6v8jv8d0tqa6nhq3,BSH,2000,
xch1m57nuduy9kdy232shldpah5jm5rwh533tfhs4wfmvshaj7546k8qtkjkg2,BSH,2000,
xch1s7k7dg4647en39gcwh96ukq2rjrefn2vcuk3fl09mwmj6dzq5szsklv98n,BSH,2000,
xch1syqseku6vhmnnmz5m62rqgj9lm83sxnlfs3myc2my7vhcd7esxvsp5p0hn,BSH,2000,
xch1ldfv6hx0psz3yz977mflx7pss46yns8kpzsk8zcypjlwnnuk2cssypf8pw,BSH,2000,
xch1zwmnqm2wxlk3j4px3a58dpwj0wzl3trg5e77skm32nmjlr9tck9sr0qumr,BSH,2000,
xch1j66cdcr8l74z9zq4q2h7s30qs5npdes3mx86pp94s2stskmse7rqff7m5g,BSH,2000,
xch107f0jweh60v9wpwt62c4k4frwrug7n5dj7j4pxvy5r67mlnt6ljss358rn,BSH,2000,
xch1urzpjdwjlawzc9ltvq6m53phs9qm3gu83evuhwqdjy0c4awv9e6qajm5fv,BSH,2000,
xch1300h2nemlkjrhdhldh3phpfnkaf0n4sq777ejw5ev2e52f9fgtask7mvr3,BSH,2000,
xch1j9dcmra6n84vrw7j0lph69zqdfh3l8w6v4fkzvgvyet4lrvyejhshuzg6m,BSH,2000,
xch1emhkq46sc9j7eyd0z2wjdmnhup5n7y8xzemzxgnpw5z49atkk4hskze0ws,BSH,2000,
xch17h4j3yn0w9gxej8r5ggazgr67yghwlcnw520wmwj4hm333c2ft5swv074v,BSH,2000,
xch10svp4tnyatxw67p478j5zwtnf2qgnvw7pgjt32mwusf9vgt242lszm37y5,BSH,2000,
xch18nkm36ce4kp8ea8j7n48kce5g2s8z2903w8lq7h9vjj9lszjr8cqh0kywn,BSH,2000,
xch12s6dcc2kaz45ms7sgluvyef5gvf6kqx7d94sx4je28uywtq7cu2qcp880q,BSH,2000,
xch120rlpe7c0rk5zzg8ldp5hwvj2vyz6nnyvxsf75gwn8hjf964l2qq8580gr,BSH,2000,
xch160zpsxm6n04n0j67pydsq50angqau95qhdykcy7hwfppuc73j9hsc7jfkm,BSH,2000,
xch130d9s3w4hpzvjtmpnrl73hqflhrmrf9lpj680lnwx3qd9gpc6ynqp65k9e,BSH,2000,
xch1jvge8pp0xvfhq7m8xn5m35k7z3na296kglg7ph3fkrx5lhjqlprqmt3909,BSH,2000,
xch12khv6jjhe67uznan6mr7hveczle5v9rq2l3vj33amual9a74sq3qa5398g,BSH,2000,
xch1wyz9p5ft23em7q338lyyaex798re924qu3u3lw46qtxumdxttkaskudf3n,BSH,2000,
xch1dhln6q3curhkmwcdu36tqdllrz3ttz5g89x8j9pfgp0yt98g45dqgasyxt,BSH,2000,
xch1zyzjhddkfresxhh392nt3vapxk3yk3frxtn7mnygd6ml5hrndhjq6cvhu4,BSH,2000,
xch1zrc7c4d2j3wsx2x09ztk3jykrnh0lsxngknl5n5gq5wtn0jlu3kqu4quv0,BSH,2000,
xch1nvs8rvz9qqpx6kcacym9438uzztm8ynpm632zq9qyjcc0f83wkrsqum4un,BSH,2000,
xch1w2l3a5d5gufwattr3c9wkdgzekx9eln9kf8yhmc6dzt0wdd6tnvqxc2ued,BSH,2000,
xch1ffvfpg2yy523ntnpp44jv9z5hkql46qwlwuhpz456kmdr7km7mdssulzfl,BSH,2000,
xch1kr8n42rys4zqcjdmf8aa3gsfpnjxu0s3ptdsr7t58cp3rsn20ggqhz4ckk,BSH,2000,
xch166un833zthnq8kyemf9zyvjujndxup3qdj0yplfx6dlkd0m50kvsrlkhlr,BSH,2000,
xch19qg5pvuqr8cxxjj3waper93pf4yc7vktfut9xht6t68jqh3hpm8qhkm04j,BSH,2000,
xch1ue06djt7lls6ulh2mgemu9hlcy3jd7su24sxlg32psekuw8cks8sw46mva,BSH,2000,
xch1h4zuujh3v8r9czalh2v93u78pgyqlec74wqyvj93erfvxthw87psrrnhwa,BSH,2000,
xch16qulm4ay4a07xt7wqygztzg6j6490c7m4f9965xahdutahsa3m9s7rgnxm,BSH,2000,
xch137yn68wvhyzkke4wwerc4xaum6ar0284nyqysejwmgq56duwsuaqk7r776,BSH,2000,
xch1vhhvpmj2xspdyd5yqlznttkr4vlavvlqplc9yc72zk0d9h8fuz4s8xkvrx,BSH,2000,
xch12hdukt4menltxs448jedss5umscwtvcllgqgjzxqtu2rgzjp0rusgv3kdn,BSH,2000,
xch1jf23ugd0para942ufept3p3elulgw2wqj90umd9s4g4ematu0wds78l8kv,BSH,2000,
xch19qm0mx6fpnsvweskq4ucdce3t3effxlvzh693cmqccklxjzcuv0shkyzpm,BSH,2000,
xch1gsnazfgddmq6c90sr5hdkym5hwcxpwvg9dx2khdngqycmnmf8jfqvpxlhs,BSH,2000,
xch1whlwkf2gsalcrknqwq8gtw23s238zq60fzqp7sdu048shlkuhyeqp7ll7h,BSH,2000,
xch1s3cplqq3luyaatg2zpswm3yfuw7hksm9wryqke5rnjmmgyyh685sqm30km,BSH,2000,
xch142yw9xn4mnf9642tsckn00cdg4lhn3g47q5hj0pka2ysyy52y3nq9kkjxe,BSH,2000,
xch13hs0r63pdz5w3rewfm6ywgn5z05rcghhxhc5uu6g2nnqfv4s3mlsem4035,BSH,2000,
xch1j34n4gpuuqpshnyrzqnz6fxwukdc0tcuf4u0xvuhhrpzv5hrg7gqn5zrnu,BSH,2000,
xch1uk0zy73qhfwpt0qygkf6sr5ul4mzwvpkggdsunk42mmernvfv3eqazz7ar,BSH,2000,
xch1lck3qdgtv69h5ak2ept5vga4h5pwmejhku7fnsregfenv9935luqvq5plf,BSH,2000,
xch184jugsjzjs6puhsffm4v7e3wqcwrh8303cf27dgq5pn7f40hvl3qxp8r86,BSH,2000,
xch19fyvj72c6lr3xca32pemdpxfs7d4aw0dsdd5m0mn3vfu22zp8pqqg8e5re,BSH,2000,
xch1d9h6hc47lwwvk0exu9v9p6hwas3c2xwkju22ktzgvuh8m0za2utqyafuqw,BSH,2000,
xch18q8gc6jss84g7vfmd46r39kr3fjca6qpazhtyng7x6c9fj76nvrs59ucy5,BSH,2000,
xch1g3dqu34ep0v928dg3k4qc24tmcthxy8qwpjd8xe7lyu8lxj482vq9l7sf4,BSH,2000,
xch1f8j53qgnmn3dddfdw72ck47fw6u7c8gnd9zlalj2lc75k29ar2rsdm9r27,BSH,2000,
xch13mt6rg98fk59fk9w5t0h0z3fa2m89t62nuyvjm7vhdvy46rz9kjq6f5l0s,BSH,2000,
xch1hd80h7lnjdkrsmns5agfqme60gkum4e0d9fkx7x5hqdy0rks22dsujgkdm,BSH,2000,
xch16j296qkwh36ksxj2cp9ry4n2s2q5saujhuhy2a54vhdvnxtz7czs83a9nj,BSH,2000,
xch124w2z45jzga6ejwn8966gg90ygqwrgexugpuuxf5ce838lkkc3dqqa4fz0,BSH,2000,
xch179jfn4hy0pm9cwwfzj05v5ks9xqnuntdf044hqqu9ffg9dntexesdsew8e,BSH,2000,
xch16u0xrrj4522eea6sp557glyufufqu0s3r7c4zld42twdhc8mct2qyehd37,BSH,2000,
xch1706022lcxz6nlsym9lcn5sje8p26n5znjwpl8k46kthql2amvd2q636fkp,BSH,2000,
xch1x2hq6e7z8jx9x7ucezs66u89vumh069kkglaxcyu44vwj45jvw2qwcey74,BSH,2000,
xch1hfwewpe008uaj9qn9s3e5wrcste6glnc6ae3yshg9hfwqfypt4csqxp8zz,BSH,2000,
xch1f57cc3wjardurwkcy5saykyjxhu8zamchrtps7ph9vj86j96h5usm0qkjv,BSH,2000,
xch179lh6v2wahseaq5e6tt4h9tex3vsm672pvvt7rw2d0vzt9asxmesl3ke4v,BSH,2000,
xch18xx3mje5q76wld4nycmcnkge3gpq0jevun9sklh5yq8ggmk6aw9s38cyx7,BSH,2000,
xch1njvvjnu3mlul3l6tpverkcs47ayjf224r5v5rp4655rvjyv45ewqvvtlcf,BSH,2000,
xch1yeehdpy42rqvyde7xcepa4y85sr9l29y6jeg8fgaxjtez2a2w8ksy85puy,BSH,2000,
xch183m4z6vavm3a5338q8y4pnmrqccngxpc46wty5sgatg6zg67h52s9x2h3m,BSH,2000,
xch1h4e4jzxqm0ujc7df5v465rlhc49hsprm374jtghv89f62twhh6jsvzl7lj,BSH,2000,
xch1m7qzy69uw3l7u0mm74zwe2nz9jfrem0p48vwv3dvfrcv83d6zyms8ptwr7,BSH,2000,
xch1vhgvdjne75fx72fkk5lnp76ejzxv0hr7czp036sz6m3wksvwl48q20sv8k,BSH,2000,
xch1zgjl7zp4x6pntyapn3wjceu4umclg3yxn6nwsnf4emxdkyqt3aeqhuaudx,BSH,2000,
xch13ayeyuu4y6ddwqz08am386mpa7dqpxgm3eklv4dcyyz6r2mthmasxumn8h,BSH,2000,
xch1nj3vuvx0z6r3qk7rdr9q77ua8y5vhj2802xjqydzrxtsu86cmr7sc4nanc,BSH,2000,
xch1atdk2r3ur7pjmldgh73hwm7f8v3hrdqump3awc8g50v9d6tel6tqfp438k,BSH,2000,
xch1ywpzv3kl88uly5gzckuj37kjy3waqhhwumdk0z7ae38dv6flmmfqd5qg7n,BSH,2000,
xch1vd4ytrvkqqaq3rcwka44vk0mcc3tf2qwuuf9rfa2xxflxv4ydtyqzywl7k,BSH,2000,
xch1nk9m6krwpdfh6fcs6dqnhl0695wa73r7d9252dzl63pd3yhz7tvq576mre,BSH,2000,
xch1rx45n8fx7qs8hvfwukxevtsygcl2gzrjxxyd38am5q6u32fydkxscd0k8r,BSH,2000,
xch1vvywzkwugtyd0swax47cannqcny6knn0l7g03w26suyltzdha8ks6sp3k0,BSH,2000,
xch1regcyp6m09jgss8gr2e6v5s08ncp38ulq9cuqufl3xuec6fvf70qypqqaq,BSH,2000,
xch16ygj6asvsetknl4hqwq8txjw26dv6kjs5uepcr42jj7zqf99zxaqecpwm8,BSH,2000,
xch1yetel0fj4lzu84l6q555c8mvwx00pvm4cgphepndspfa6vtwqc0qkqnt7h,BSH,2000,
xch1fuhgspn9tzgj9sek69yhk0sc383yq4krw067v3mxu2sekr7q99qqq7ema7,BSH,2000,
xch1npk34z2sx2xwknwy6fhmgmcpgzzcsmfv4e7ylh9lnqwx46nnfrwq6w68lk,BSH,2000,
xch1c53peur8qxesmkspjrpt2chrknhk02mqhv8a53kzuqefu6t2fzdszk69y7,BSH,2000,
xch14w5j20ygv8ckqsdp06grfc39000fkz334pu9lqh2uv7k764kxjxsmq2ee2,BSH,2000,
xch1dw6m9yr6vljnup5538xv08pc09ss2p4ha7c3k4gal89rp5l9y6estapyrj,BSH,2000,
xch1xx3aaw8re5gphp0hcfvl0r34dywz0ypm7x03cgfzsav9j90ry4mqncaawm,BSH,2000,
xch1rupljp93yqk7g53j9c5a03sdjqqqvrf6xdjrd4ad0dc87a69fm3sgc6fc9,BSH,2000,
xch1t9w2ju8c4u7rxvusd239qdsakql64yt35qz9kugdwxa84dsj5lpse568mr,BSH,2000,
xch1hkqu7vp33wx52ujl4yc5m46rv3ypy4lcpwk0dlj500ermcx3f4xs4pwdn0,BSH,2000,
xch1g5krhw8685wr2whhd8enhmklscya0zuek24hp693araw8z8e0yxs20x2uk,BSH,2000,
xch148avq3qadvjrhacmgp9fqlh9fa73nlgkc5rgdsvwvvth6rrgcfksa3y27k,BSH,2000,
xch1hq86g86zsd4x3w4n3eg0u4n6s0qfycxs8cwtkxz0hz6gx45lfc9s9f4nmj,BSH,2000,
xch10m6wwcdfh2l2htjndymand9d8tv7a6vjhh8ewyfk8etwvxkvncgs5xsjr7,BSH,2000,
xch1jjq9rayap6hethxa9zew2zp4zery4drlpml4raf8j344v9teslvqvzwryp,BSH,2000,
xch1j5ma95l5n9fh7suynlgqrf9lzrhuyvqe9ysfe4y757pvux2630qqksu4qn,BSH,2000,
xch1ry9p9jl3jvtavyrqt8n37prqrsyty30f4ct4fgk6vshkwyzj6fdqg7jckx,BSH,2000,
xch13vjmckpef9f7ya28neqw2vztwts9er8888afq93p2yy6syd2c0nse33tr4,BSH,2000,
xch1z3p6y0lvpyra7dta9qjgcg5c0c6v97c6f4jzsccckav04nfz5req4985v9,BSH,2000,
xch1nmlrz0cyh6xp9ly3aaee55m3sl9zdse752t6anha7xjym9m9n49qydxknp,BSH,2000,
xch123yylmy277nzxdhuu6xesps5dtuj7l5ptyvsl27vqxxxzrkx8nxq24nsm8,BSH,2000,
xch1t9v2pctxh22mmtezetmv4pg9sv30x54kl2apdz843sjhmz7tdtmsvqv8yh,BSH,2000,
xch1luw08mdw5xwudr5ux6zzw676yze7jj0uqfsmsjwrq35reelrm4tqthneah,BSH,2000,
xch1unfxyze8t6ura54s2kcyszg4zgpq0fwh0hwk690v8ye0tgdy37ms9tntnd,BSH,2000,
xch1rt8jjef29h25nx5lnaklmkjuw6lqfg8lkvffx23zwhj6hqe7h30q2xw9p3,BSH,2000,
xch13v95rpcx2wy5ay8htmzuw0ht9ujgpep2m3xfm07tp0d690ha5f4qcq0yx4,BSH,2000,
xch1ewl2kn9utr7lpqaemkelda6tzr27pg2q6qjj5705w72t5adwv5dsrs2347,BSH,2000,
xch1u4ckgcm8rw75v0njge29ajenm663zj5t44j5kjwv9az2uc3p5xsqzfne0s,BSH,2000,
xch1r0kvtnq75mfz6ftlttu8s04l034p4fs342kp27jg4k89wn2lxamsh0tn98,BSH,2000,
xch1fl8kn8juq45j63av30vt9vk3gxz72kwezmpa4c9rjpdemke3lltsajtp0q,BSH,2000,
xch17q4u8pksd9pek5u824a2xryq9r6uqthvx7yu4jn6t069t63jn8gshr4dcf,BSH,2000,
xch1kg60yclukxlrkaggvejsuu5wg24pcdt34f9d2m8cpxqnvmu42yks83kfqa,BSH,2000,
xch1kaeylgafekmlpcay3unc4f4ml2g2u9du6rkl4q40ve6rl9538fhqjv98vf,BSH,2000,
xch1m0cy6khxsfhxc5wf7k868l5zmphj7xrpm2uphkqut40jxe27hczsh24wv0,BSH,2000,
xch1jmdfrzdjq6krsyqgl7mrlwq69w95muuwfh6uax6uuehstxxxg3eqvx23zm,BSH,2000,
xch19tkxzhutv2nvhvu64q98fm4am4rgyz4mze09zhrcsmn5quzqkqlqdnkcd5,BSH,2000,
xch1n4kfaen36mh79s7lyfa3k9jrv8l4fdexhules5nu646ufmay6j0qr5y034,BSH,2000,
xch1rclnmce6v843yvke43rug44a2fewafnkprekhx8c3gmgruvpn0jsw3kyv5,BSH,2000,
xch1udvxf2heap808ajdqdngwxqfztehlq4v4wsxlxmk6zzux5jn0qmsz8h465,BSH,2000,
xch169mrxzwmuffc3nse6tpdyhzjpx3cvtqwjs2wa6fftxtyyqg8z5hst0kncz,BSH,2000,
xch1tasgzc75c7l6epxvl8guayu97kncan689ud3qqjh7ucum6em5x8slq6wpz,BSH,2000,
xch1ru5cgw65jj6799amkthxeg82fvdyqjhz8draqjyffzpcuwygu67sde7fd7,BSH,2000,
xch19de60kucacqnt9f2mwpx0l8zereht3n370xj9a60yvmrcyw79c4s6xdrth,BSH,2000,
xch1hvejvaawvr9qkvn39xw9cr9h7375y77z7fwln32ukkpv04v65sxszwwtnf,BSH,2000,
xch19tc02wlem39cv586fyk5wq3rl08k8h7ykuq59c3mhy6tyh66erwqv6fgvy,BSH,2000,
xch1v3ccmxwwukwrz4uezt2mua2jqjghxrel7evxjhlwrawsughhshdq39z847,BSH,2000,
xch1suhgwyv20n2ns0k8apmcw44t9d0lh7azvdfxv5azfcmdhetzhgdqru7vt3,BSH,2000,
xch1gt42dpd0txj9le0zrgfjtteetnxuetfeeu9hkplp74synn9xdg8qkpj2kt,BSH,2000,
xch1slzkuyf4f0u8klftx0gfe50np23s5eqxx8ft3y0yp0mh2s2mv6eq632k6d,BSH,2000,
xch1lw93zdrt7z4tq9rfyjgcmczd0g0hx0hj246y64x9w39eskv9kwsqpgw386,BSH,2000,
xch1wr7mylcyupy2rhr6z08adu8e5yvm693dhcpvf2cgysg875vwwzssfpvmcy,BSH,2000,
xch1wrq45w90n404kn5m3x89useemzxttdwkg0re5kj07d8tpkvmh6nsptxtd5,BSH,2000,
xch1w9x38e2gcmgyu7l0ev3xyfkuaj7xv3hysvspfzae2776r2ag89lq3s2ptd,BSH,2000,
xch1zu2uzghuch95alshqx9h7t9kq8nej3q6ue8kelpcaak4nmqr8pcs5lv4z0,BSH,2000,
xch1u9gn5pzf67249rtgelnkp7n67pw3taya7hkec0l2p5hvx0pqjugqpmz7us,BSH,2000,
xch1fhq3ghev2p0epc4zdtzglyw250hujqare7zsw7hvsgehej8rn7rs558cg8,BSH,2000,
xch1cg2eusvfskzrz65qxj2czajgkv8ul3j568ljpusyla68dcgxreysaxykea,BSH,2000,
xch194ytfs5wvf2uzvx74k7aeduur7v9e9qw270zxsle7ls9fzy9jyhsqnjx5q,BSH,2000,
xch1elf0wlq65gwnsdnkz8kx75ruduaxxry908j7d4cs7s7pre8tpjuq2j3ynt,BSH,2000,
xch175jfd88tqggvjzxz5hg3pnj4dqxn5v86hpdljsrwk597nfs9r4tq6635ap,BSH,2000,
xch1jjq8r8jp2qegyry9rsfax5a7xm4y5hvqegs6gtdqjkk6zvhrdepsy7f49f,BSH,2000,
xch1yazcwekly8jtpm68l945m9famvqcpgly396j43lqd6tp9dvmyeeq8757yq,BSH,2000,
xch1kdzslqm6vzmutn63mw4ga4xkgalqnwl9h45e3cnz67dqtf84jzzqxg3nm3,BSH,2000,
xch1drdpjrg2twng2nh4r8ewfuh46063dylkuqhmvzhfkm6eyylq7pdq2qz34f,BSH,2000,
xch1zsy5mqnnjtu0e7u2kt2cg36kg29rarrj3d4tru5z668vw9ncckwqyjjm7f,BSH,2000,
xch153gh2wkjwwgk3y98mvr2vrycqqktqt9n5q5v7ts0kxckrn7xr04sw4n43n,BSH,2000,
xch1t2xfcpxwpgawa3pjk8deq7yu07kq852c8g2xz3ty88k4aj68txhqldje35,BSH,2000,
xch1s3pdmy5tns70jek35yt7ggkus7yzcsu6fzq59rp34wqx79cxtr8s4h4lu2,BSH,2000,
xch1tjt3d627rlnrsgk9jm6efl7kgzf0vhvlyf604p6yx30g68y2pqlsx9ehyp,BSH,2000,
xch10glrsu9kd40q5dn80xkj350jwr5x0lpesyk4m4rq3gcjyqv3x8lqwt6vaq,BSH,2000,
xch1gdzrcnkudgjhfgw25xf5afs6e9n9tmsm8qzg4qcth4js4m9pgd5qruf2g3,BSH,2000,
xch12dsv0s5zzwh3nhclt94sa6l0s663cvva6l2y53gjy6kyj6a6kjpqzaknv6,BSH,2000,
xch1xy7xgfdtps3h5tns4h3xraly607hz62wwvec9vx5myr9dapsjkdsp4yc2k,BSH,2000,
xch1k8yw55n687jcc9fec80vyku5n5dw6xwg05te9vg8vvmv4uvjnxuscqqekl,BSH,2000,
xch1lguasknc6z4l2dfew496df5u9yw7rmt3rmaut5808v8hzsns8c7q4v99hl,BSH,2000,
xch10c45p9depzx0fkt96lsmxewacrql2z6dw7w6hu8j9hsmpgq65f9qped9l2,BSH,2000,
xch17a4erlvlf6luvmw3p26vhrrs6g4rsr6f7njqxjqvpkf440l0x7rqsakfhl,BSH,2000,
xch1x60zee5dm83ugn06q5p3wyxzj28pk9mven6vvnfrt3typjzug73s0gvnqg,BSH,2000,
xch150cj3v7u8kqawlq7zs4nf7tutluuvhu7twfqa4ehpnhtumxuc48qen5p6t,BSH,2000,
xch1r45k6rev8w5t453990p59kyp8f7ammh9jdk54kjwgte87hu8vr2qt88q6v,BSH,2000,
xch1axr3cjj2j0lhkr9kg9q6mha4tzavgvmp475q8egt65p5fz7vdugq9fdngy,BSH,2000,
xch133vxln67z7eetf0nxazsr7mhejwynv2zsgvcygs9mzj6r32qgdxqef86dt,BSH,2000,
xch1s7zy9yqvupqw83862wg98j0uys4590kd6vlr4w3d09vgvcnrqpsqj40xh3,BSH,2000,
xch17908t9jflwj2rm48t5tm6ex5um39a6ysxafh8lf3sx4mxuxeu73q3mhwxs,BSH,2000,
xch13jg6vad4fun5t77ucs6rmcr4qlrcplpk33t0lmex0ux6gr0xavvsxh0mye,BSH,2000,
xch15ur075us855l6tc22lqc6wkxfyeq7k2y3me04cghxchhsmm67k2queuamr,BSH,2000,
xch1nv27xljk53u6ahx2rr8lps3dgyzgxc3cl8sdj4dldlwzzd5805uqk25jnm,BSH,2000,
xch1czpe3kq0sj9ltztnze28lf3xcugxcu0p4hqgg7luxxvfee4uk6hqfgch0u,BSH,2000,
xch1f4wrfy9u7f6gxv2c7nm4a560gurmjg8k7shwv2k004cs4mwnz45s7aumxg,BSH,2000,
xch1trqf9yk5zwjuxcvjpr2mrv2msljk8wucw5539v4u4696yzg57pkqphmxa0,BSH,2000,
xch1kd8vu0wrwv9zr7uulhjmdv2klxqgcdqn0ftlrrp7nxeay7l8xqfsus4grq,BSH,2000,
xch1jektn3fsmsulh7w8sa86dc8xn5ps7q062032ezmt2nfkz97y385q0dca0h,BSH,2000,
xch17he75e4f2l6x70axvf9hq4ycver48jag5w5rjg534wa85seprkhqnhywgn,BSH,2000,
xch1rell9m6q8s2493wafjdpys5rq4j3yusxcnuccgd20c3y2aagtmcqt5kua3,BSH,2000,
xch1yz3m520nqum503z0428hx6dw9j50dh6mj2cj537d7c8s86guw0sqsdax0n,BSH,2000,
xch1s0ugnr32p85lh82hfkh2p67r5pzwjckharwj7mpvlpkxfh503k7qz2npx3,BSH,2000,
xch1nnmfnhhkgaqgwkmzd5eg4fnwffen4j4r4ps8hctm4s7927hhsmrsghrksa,BSH,2000,
xch1yerzdpcwacedcjx45h9rfxr04fkf79872e8559s4r8l7qp7r3p0s4dkf4l,BSH,2000,
xch1vkkzzp9nuhcljnsx96dahw93fpuv4n498t03ajwwu2vd397wnwlqt7peff,BSH,2000,
xch19pn72ug6nud29ylfwdwdmhzf0h8fld6ur05yl0fpvpmsv6j5mp0qknusxp,BSH,2000,
xch1mwnqnz83wfl3wvxwf5fwsyaawv4d0q739x36gn4mmckaa5g77qtqhrs3sz,BSH,2000,
xch148963ndayuy56s5lp3ass3ysw6eg95ew0xps3ylcdrhphymw58gqv5020a,BSH,2000,
xch1fvyfypw40ze2qsfaw880wn7a2y2l2qkct54ccam52h97yhc62hrq9g98l3,BSH,2000,
xch1duyzuftzqd38ez879lggwahwe6ma0l3rfc73fczhykh0wj4mennqa5aazw,BSH,2000,
xch1cz84kcwa3g0nfnqh4tgms9ay0r9nnqv659lhrww429rqrjz75kssjwttgs,BSH,2000,
xch17e8446pt06fjzn5ysd0zqdhrce8taay8sducqa4zw7r2txc32cgqvdxzps,BSH,2000,
xch1amfy4kmtz74vzp8pkpcrz4d39agxj7j29zt23f79my9xn462kpeq239w0q,BSH,2000,
xch15y55gz37y0awhmkf6242gsc2qag9vq5aeypp73j6u6hcf4auc8eqf4pjs2,BSH,2000,
xch1dp7urpgy6uafhxnt305pj8hq2nqkdasycgrmnmwwtnc2542lnrvsdanazj,BSH,2000,
xch1a9668wfy8stt7ey3unggmqyfwze83zan23d87ahsyzsx8cmq66cqywqlf8,BSH,2000,
xch1vrr40qnj2fvkvmux9dawtyug24h4w80h4qenxhz5vaql35az93mssexj9c,BSH,2000,
xch1mwxqm73wed4dlfdk9e0wts5gh3lj3pxs7rmhmyd7sczyp32phk5qxf7gsv,BSH,2000,
xch14tf9u2a6tq2yy3zvgr7zmx060tj5yne6xjl82e86vf7c45k9sdsqwv9me6,BSH,2000,
xch1d2tfn43gqvm62kv2c9wpmkj557rgdq7c5zjuppw3r8tuswe77peskahdsy,BSH,2000,
xch1rwf6aeezxngeyc5g0rh4qmu9q9ny0p0ttap483fdnmj2ewuqrs9qjqtp6n,BSH,2000,
xch1z4xy7nh6d23gdhuj6hg37paf6aquc3zayhjfrcdf89ehj77tlvksq2hq2j,BSH,2000,
xch1td3v0whweyqpxdwenk3e6gcppcldvt2srtksarcsqsclvj73e3pqay4rzz,BSH,2000,
xch1ztr366w4cfwwpm27zrafm8qx66mqjrnjr46um4yq08qzpe82d6qqm5f5x5,BSH,2000,
xch12eeu82wl72v3k07yl5k7ryfz55ufprp0mj3hx6h03xjv4fvs0wgsa8gy9v,BSH,2000,
xch10dk8gdf6nmk3a5u8hvnlad82wemppury33wdt9xtnw5msqjykg9spp9ts4,BSH,2000,
xch1tnknq4702eqht9z3jg69gpxl4t3lswy47zaywuyjqdzkqrk5h2csjeue4t,BSH,2000,
xch14zenwvgdjqzxpnh3jnjrdvl3xawl6k8p4gtxh3896sd4jelmn48sy67n70,BSH,2000,
xch1syw4c6eknlfj5slxw0tea7xcesrqctq6latnhkqs9vv2cchuzfrq7r6vwd,BSH,2000,
xch1rxjd4mzazppvzdcl25v5c9x6fqna6yskcs3ngtrp8pqscykwydgq6uhhnl,BSH,2000,
xch10vdvxqfl7u9x0seerxsqep4e5g0nd2344pax9awfxu8he90tqdsqnjxu3u,BSH,2000,
xch1003knavwkk4kszqf980x44e2qk2hn36dwdjt0xkk5cc50m3pnfus95hwzq,BSH,2000,
xch1nrck8nk8jfrj6808gewlwr5f2ds0gmnf9jj0d6ky05wz4v7q4cesc3d07s,BSH,2000,
xch1tph43nrun588pl6cegmns8w54apupmhuhsx9mkk84vnahqzas8eql9r7jq,BSH,2000,
xch1dg23renuu885zpqpyr4qw8adlxvz00c4paw80slsym9fu53pfxfqknn3a5,BSH,2000,
xch19er89rg3608yuchmjzzjgs27x6g3dvannkcvd6kptm0sc088629q33es0x,BSH,2000,
xch1kndkan92wskkcfhnz4yp7wfx84qccxnjejj7uuc7jrhqgpez5fts98w56q,BSH,2000,
xch136edzjdxpkcn5xtvs3vef3kmx6c0k07jz6da3rvrmsq0cv9adqsqyzjq4f,BSH,2000,
xch1rvhgvxy60xl66ccn354pvc7z5x0zya9g6gnrgyyq7e2mzlgcwymqff3pen,BSH,2000,
xch14sszhlcdv29vzhger7etn546efnmmucd6e53sux0yvx5xhzp0wuql5x4a5,BSH,2000,
xch1vp4qfznrxhnyteg95v0s0xg8kv9p4tytycum8j74xq9rk5xt72lq7fnvs8,BSH,2000,
xch1hp43km25f6ad3smlhhhum8jteltv0q28vvfh5wqm2mcj6mlu6mtqlwrtrf,BSH,2000,
xch12al2fq5rvqmvtcuuwxjdh83jl7zx5dlnex5ffgr0kajdgcwumf7seqwl4t,BSH,2000,
xch1n0ffw3kwwuecw7fhe65zae80dmx0g4e4wxq7k5c6sxrze7xuv7eq7pk8dg,BSH,2000,
xch1eh44v987ktrr6gew8lsnushjhx297mnt98txmskmlnq2ya5kc7vqqj7f7h,BSH,2000,
xch1gdr7gcy9sqk3kfxp4hexsvry5anh8cdemfcv7ke3yxs6spwqyafsyupswp,BSH,2000,
xch1jw8u9yz6tc9xa72ncf4vzmnh4h6g824chmvppynl8r6ek0tpzwvqrzjgpn,BSH,2000,
xch1ep6t78s0nxehl8r4z2wlkxt2jaf5xhymaer42np0j80n98l03xzqe2eclk,BSH,2000,
xch1ke9cgq6g9aghn28r3rr7jvmlz9wf42xujr2asfzmtlm5qn9ahvvsuuhf6f,BSH,2000,
xch1aqx3qul7phfc422rvxj3nnx0u74fnx23g64kkja75e4j82qejcxspaue40,BSH,2000,
xch1ztx3j4zm3vk60j4jtwrvwm8sp5v8dvvf3y09sp2zm0sntapyl8fqn3a5mc,BSH,2000,
xch1wskj2ym5fau5nw6flc4ckkqka6tsaszznvk75lvtdtsu05k6647qycffxx,BSH,2000,
xch1rsdx8l9gsy4jjec5kmmlzyny5hu8dwwlrxq69czr7dse4k2upn4qv4639r,BSH,2000,
xch1ecwtz6g3rvnpmmjn0thmdgvjm2pfkdg88rrgjwa3mj0yhwzwtsas90zwh2,BSH,2000,
xch1j4ufqjrt3sls3mggxhmsf4q8hpms9uja64fhfe4x7vw2vyxg2h3smdqagl,BSH,2000,
xch1k7v6swamj495yw5kzqqeyju47wjrr593xwt9pt4a3xwsd8k4ujcqma2m4u,BSH,2000,
xch1rlzp36u4tzan79kmnf3l40qcsukq7cq9q7kru45fsxlfyhyl8gnsyux38w,BSH,2000,
xch1hkd6y4udvxga87w33rqmwexh27s72s5tnk53yh476alm5awhtqrsekmyxk,BSH,2000,
xch1tjlnn00c2u7avcesuanzzlwny5d8j35wg9zj2fum5q4gh6zsxdysyqs3fq,BSH,2000,
xch13u8qm0jqt4l4m2ez6upsru0tm0y4srcaatlyazuvv60968hufxcsry6s7d,BSH,2000,
xch1z95p02mvpl292y2r95r863c8uym7rnsakwa27lwsl9rdj623gfzsz3eeqx,BSH,2000,
xch1dtxp7amncjsqj52epueg7ydcxjnwj7whe8pc3824997u79wqytjqem7gwj,BSH,2000,
xch168203ja5jucd2vduzx3ass85z92wymjyk7vkjr7nl94nqq648x8q4dgkj5,BSH,2000,
xch1rqcvch4dkf4j682daa2m4gwzlc0vtkhrjm69c2pw6e6l6gjqgg6qjt7v5e,BSH,2000,
xch1j77gvtkjtyhg00e5982kmwdfv25f57yp7thuh4lze2c3uhk37mrqtazp9t,BSH,2000,
xch1fkrkycjngqa8gqj7f9l0yfcmhvtmzkuyasdpk2y297lfuz8dmqtqe2z3aj,BSH,2000,
xch1ktfutphfmx9zxs3rlxk9yn48f04y5tvajyfd2g0vu6pxpscwaclsdjym7r,BSH,2000,
xch1h6nw0dwjrnvj60vk6ujjle5arccl567n8n7s9ydr9znfruehlupqya0d9f,BSH,2000,
xch10lh29a9r8f53skzwx9qsefsz69n3nhm87v8n52szalnh3rgx8r8ql8rf8e,BSH,2000,
xch14vnwdve3pj8rfy2n6pucfpc8x3cpzm36y7cqh2j8dxhz4vhgs2esyycekh,BSH,2000,
xch1l796kr7cs9uwrz2hv6pnc0qjhstw6ejnp4vfngdr3gwpegv5acqqm5rlkt,BSH,2000,
xch15zzzyw0dr8k8hcepqwswxy8w44tqkqk4ujs58gal8wj46gtpl7zqyu2qv9,BSH,2000,
xch12pezv946zd5rshgpqk5ys8jv6klwrpft7u2e34vvam6zmhjefsms0vgc34,BSH,2000,
xch1c9fkynxys5n3thy9sz5tzn8ny5xfyrjjvvqw6tkxvdq4ppnu4cwq0nrzgu,BSH,2000,
xch1wlnmrvmlgc9a6a2j6xa5qc9x8h4ke8xd2z3v86qlqw32unaf09msfa9etk,BSH,2000,
xch18ef78elmgcft8nwe09hf5lc02fd7hjkz0t4esphhzvqs3am68w2q6r0w6k,BSH,2000,
xch1lmj9x28s2qajs4mv2xmyy5mcjvhqtf88ss48tj0uatfzhnpcxj2qn7r6ag,BSH,2000,
xch1chnthm3x6p4cg0njz0jcmu4q4a55hv98vzpksqqcuj7xz8jp4zeqfm88wf,BSH,2000,
xch1x45lyx7rvuq7qqurdqgrg74gjqcde5tgmswhwwglx8pnqdwdsjusvr5dpt,BSH,2000,
xch1cdtw8hkk3whas5g3cc7u30kr3kzalr3q8akyxsjyh38v84v9qarqnca6sm,BSH,2000,
xch174j4j642pzspd4zepcpqh56prwupgthh6are6n25352sz0twk3jqse4lll,BSH,2000,
xch1gc6zkftn6wud6kn72yvaau42n2ysrana0ml3lyawcycu2vt53gesa7dkvf,BSH,2000,
xch1uudh9zr93vrtp452dde3lertdsr5ts2kddfncqnzg34vgumnytmqzshf5t,BSH,2000,
xch1avga6l2w3wykf4jhlmh0ygdzccyvpnay566d9kp8ypq34tn2uqws2q9npw,BSH,2000,
xch1auhx7qrxr5wwa4mtd0ncgkftsmry6xuu2r6z5z323f70lwjf7cfsnwwe2a,BSH,2000,
xch1sr9yaevqmal7gu8dfdaal852k9rqc7d6sc6v6xkv8kgzlrprtvjs9y9rfj,BSH,2000,
xch1tcpunv9wscxskztrd2vc2hxszrerha27zh850eu696vqf2l7fzkq2fyu3u,BSH,2000,
xch1ry80nauxucp89alnjcrqy4up0jahvt5jwr7kphml28rvhcs5ftqqx8cjts,BSH,2000,
xch1zrr0wqcztdd0kzfzps38rdv755rmvkzpur20sltezty6073zvpxq7kjxwr,BSH,2000,
xch18qemr0hq3yw6dvqnszfxlgmw2lr3h7fhklff6a5cs44zmn2sz5xsnf8upe,BSH,2000,
xch1v2yy35kekc9av3nnj62ghx8r2x0f4s558mt9eex6puxe8wp5wwns3s70pr,BSH,2000,
xch1rmufmfxzxh60qqphnsyqym0r47ucvn5l4cjec26r6yf2ehw4ah8qklrq9d,BSH,2000,
xch1athen8uvd6lk9nmz5v74ap5wnswgyq8t6630zcdt789z6glvtkrqrhvxgr,BSH,2000,
xch1zsplhadn7tkje7kxvazddndgz5xfva042jpkk8dpmql7s54k4g7q3kppz4,BSH,2000,
xch1fmaqne94g3xx2jaqp3gj99n2q4kmsa7cnuaghj4qqq4vdrnedegs6up23n,BSH,2000,
xch1wlusrm30t0fntayjesl7x4a3s0pg632d06afwluhteanqm8t7elqu54nvh,BSH,2000,
xch1geggspg2exf47hkxk0juf45h3kzunz7cz6evgerca7wyhhl90qqqpjy2qu,BSH,2000,
xch13dfgzd7vdztw3g3gdvyfhunc8mn9artupu0pfnyw2s9frw6qxr9svhkdqc,BSH,2000,
xch1nh8ws60vs7t6m465f6taepfpzzlcpkvm4tmd2n6ysegrzfd75yxqhdfggv,BSH,2000,
xch1f3pf6rcfamcwtazt988wy8cnnu6z9g775kzptas2enk9xc0k4mjqe9czrn,BSH,2000,
xch14xt3wszjwxhz6excemsdkc08esa3vxnd96l2js4r2sgwsmgf8tasy8fd47,BSH,2000,
xch138sez9jeujxeul2nhpjk2fudw35l0c2ra7pgtfqguujfy26alkjsddsdk6,BSH,2000,
xch1rjxpfwtdepeq4gv6vka06terkmnjwr47anp2y7ryvj3rx6lvz79q3nd3ae,BSH,2000,
xch15zr2v5vp7g35gv75l4zfwsly7s8rvdha0yuc9rrxfkhzcadfhtfqc8erjd,BSH,2000,
xch1udgv9xwxxg93cnn3yhcv7nyrax4tjvkv77c4jdxftqfe99dp3cgqgt4zvt,BSH,2000,
xch1dnfpknmqear0pfjkzm0tmyny9wn6wk4vueuatpqmcnc8t49en4psljnpq5,BSH,2000,
xch1sr94ely58cc9ee9v9sw8lmv5823wufsqjrzuq78mxffm0w9u2zhs2q5wd5,BSH,2000,
xch15tcl7ev82e7ykfqeftswnseznqq2739lxkh7g8svz3xzzjysfmusvq9l0p,BSH,2000,
xch1wqem9quchg8muca55mmad2p3gmqlnpgtxktydzhmy47cxc3y6u0sj7t4n6,BSH,2000,
xch18w2tevamj0hd8x8566mt90yv9v7wvre0fsavs40hkrysus9j4fkqxz2cq2,BSH,2000,
xch17vzst5fdr9ngc39x9fm8yf5axdvwmv5pea42zn8snmwv95q785aq5cnzm5,BSH,2000,
xch1vut2f6xhzdtxt0vyd953vv5p5w3s7ls85v6cu0hwx56d7e2qta9q92d65d,BSH,2000,
xch1nx4245s97s7ed5tdnuk70fqe2cwn7em999umec3d9y42neand05sm608h3,BSH,2000,
xch1z470s20ee3u2wjxdqql0kvet03w28ge2td33ftjjf7usrl6czy3sj72p4p,BSH,2000,
xch1vhq3xdapfz5wnl6aal2ylan4ll5rlvfnq2jktj3ph3z9ak3rasts3a6776,BSH,2000,
xch1388hazutzhxdu9ucf0rmq3g04r6uemlhyhegks54ymf6443cxesqt4g52s,BSH,2000,
xch18djnt9w6fp5vy6hdlat4vlcdc9jgwnna2dee9mwk3qxzs4atqwtsj6xy3e,BSH,2000,
xch1tu26uu32p503rlmd0jv4clh6yqedg89mzzsm6art7ft3763jgfcqujxnjv,BSH,2000,
xch1cjh0wz7v364uwa79hnfr78uxgxunvusj4hcjvy634rg5sqgdj74suffh0c,BSH,2000,
xch1n9v0y20lrm2s8srxy0psmq97wna8qrw6hwvmq0uwmksyul43thuqnrq4hj,BSH,2000,
xch13pjdkyepfq9f63mq5kk0pe6m736nvw4clm94wrsc057s7nls3w6sf67hm2,BSH,2000,
xch1ykkgglp4yaqg63rk635wtc05m0vymg8hehlsl82dyczqgt3mwxnq6ya5yv,BSH,2000,
xch13u5gwwh448curcec4j29arqykptz7wncvtt2q7wpevc2lnn9xasquh84lw,BSH,2000,
xch135ny2fxhzsfqew4elpp6e44xzy48c22ajdywr9y56449auz4uswqtkm734,BSH,2000,
xch1ds5qa3x8xs7jy74f70lssqeurhp27gsdu0eyelwrd7m50n5g8xkshal6de,BSH,2000,
xch17xk7779hm9nyz38m53gy3tpnfzllzjqjyf4khnum0f5uzlxlk6gq3mqtha,BSH,2000,
xch1g67hsnpusq8kfejfvhw8sagpl0daq40q6ghp7rlfs2j370weee6qmxhsrx,BSH,2000,
xch1urjejpkzrmxp9je0svvlktm2qzeqkxswdtves40d23qwx7gl2kfsd83404,BSH,2000,
xch1keqrtay37adtwu9cjjtyvftff206pfvyzxld859umn0lv594z2yscu2x65,BSH,2000,
xch1hjhhqu2vmmj2ttcv9rarghyd8vp75wfj357p2erxgyn72zlqfywqlcyn00,BSH,2000,
xch1vyqg6ntrejx5wspdwhm4xrkzg8rk50lca9uzspsqzvwlmlfcrs8sp03uhq,BSH,2000,
xch18cgvpns37sqldulcmtu5zcgwuyu0cveqacqremyry7mgny7ytwmsmedxzr,BSH,2000,
xch1g4yph4f9h3tcwkfgfhesvwwcjkkrdpv07kn9tufl6ng6ulvkjcws9exz3v,BSH,2000,
xch12ktyn2tfgsc95casactajgprs6rqyf2j956r3perua68rlgs765stuu36f,BSH,2000,
xch1w3upru430j0fc4uewmaa64nkt3ky0p5y35rlu2q7un2ce3syy7asutcvxk,BSH,2000,
xch1x6yr7qd3ku533gr7u9epevjus84gpnwgf0tc78rjrpz44rtst9jqx9apyq,BSH,2000,
xch106gcawn653m2305up60zs4u3gc8hyrx7u2njcqq3xauhua4c9lcsa8u62t,BSH,2000,
xch1l7njus7eyhzljpluljuu4yhq9gwnj4lg05fykknez749efg89jvsgq2v7a,BSH,2000,
xch1km5j2964j4z0eyqveqnvt5nqyytw6fy8g962ecsv4xuq0htlp7gq3t504e,BSH,2000,
xch18kj3q3xw45d6ee9uphjenssnj0l9a2h4v4kh86kurwks0r4gn78seqxzec,BSH,2000,
xch15m03d8mwk4ekg3yasfzuautg5ywj8pnlrx37pp39tlm48j5xtxzq82t4vx,BSH,2000,
xch10ecgntuz3yyt3qt0ksl5stqu5dwhgsh06tfg47ctmzntqzcthwmq8llul4,BSH,2000,
xch14ulxz7qh29cwtewsjqw68ltwjnxxp3mdjl9cnf5hpnjy0ftxh6lsvte0a5,BSH,2000,
xch1rvwlkatc0fd5ycvnhdulw3chwx8xp7wnle8mygkuzdhzyxn0yfnqvkjw6m,BSH,2000,
xch12rhthylccjmfc8je72eah2yq6pze24fafmhnpxrrjhatck66daaqwpsr0n,BSH,2000,
xch1dr2fdw2jpen3hj0s27rss2czsyys6kvesmwrt3k3mne5zvewyymss2dcjx,BSH,2000,
xch1zfgzyyvhujp8hvph35rzk4tawv67z7xhjxv70z6l48lyx0dx6eqqz004de,BSH,2000,
xch1aka9pu4k82z9d7u59wvvhzwlmdfj2xe3f3qaad3uxd4crthelt8ss5j0km,BSH,2000,
xch1ndyzyysj4t6hvg8ej80axk3jgzwt884mr8ww0y0k0u86tn3ssyaqrafysg,BSH,2000,
xch13n7ffxs5fs2452j3403wrndep8y9q4gkz6nye43gsa4jwydn3urqqfx88k,BSH,2000,
xch1yy5ufj2vemk77uafek2rgnrfmexy0rhna5q2unnqjd6cprxta8uq7lnlny,BSH,2000,
xch13x8d7ztlqa43z5jalnl5fpp94yc3a2smlughwhvgamq2c2g38h0qcw34g5,BSH,2000,
xch1jhvp6mnvscey82e335h05jhwmyr7xzuhhfjh4r5xjtnge62p7grqyy9sk4,BSH,2000,
xch1uwufhtesjp9yc3dvd3vcczj5npqfvt9ak3rud7jl9zcf9r36m7pqtfxufn,BSH,2000,
xch13z7533r98z7l827l3knlgeaxa79ewmekt0p0hgarq746r9zmqqwqy35r38,BSH,2000,
xch1eyrd3z0wluqk2a579uac7qefkjn6kr3ftar03ajt3m3qqu8hmujq9wynmp,BSH,2000,
xch13447f3tjl28yylm9uvt7dncenzrsf5gma32fwtwh6jae020qzmyqpfrjnf,BSH,2000,
xch1vw55gytvl9wpa8c5v3gjfd5gdyntz2srhzxn929z77zt5k7sa9vqya4wj9,BSH,2000,
xch19su9j39skrq2vkmadevxq9kzz8su9km8la97tu59u3f5cqmeqkksd8kxyn,BSH,2000,
xch1xsepfsc2dnxzkd93afeasgshsxcgpez2yp8s7wj5cwpgesj349rq9lz0vu,BSH,2000,
xch1krnvw292y4356jy6vh4xfxxhq59tczzkp6l7zmepyf8f244een5sa6ha4q,BSH,2000,
xch1umvtslujz6c5x00nylj8gjgmncll0p5rvlxupfsmlqgpkh2djr9sz7w0s7,BSH,2000,
xch1xuass273tpvsyrgy3ydp0yd4l45az2af50a9r30am87jctr8xsxsa3y0rr,BSH,2000,
xch1ug63k5r36yfmx4gkxjd495e72wmmnzan9dnchp2u9t3mzfchpeqqxue7m2,BSH,2000,
xch1gru7ayt2ll0ccl6ec2qrpeld6yudrrkvdm52k5dd7fzah9s4c7rs028278,BSH,2000,
xch17dk788qa0jmr7gxnkj878vfmr6fj7hr2v8wxw9gdkuqtcqf3753qc2rr2w,BSH,2000,
xch1fnk6sqysh8zt2fxa6ynjclrwmmaguh4keam2ktwawvm7lqasdgvqgkgvzj,BSH,2000,
xch10luwdv5r4eulx8vqwt4ep9wpxeh845chm3ylsc83yrhxj5l9ntcszucusz,BSH,2000,
xch1jzlwq8ulvz95prdlnwdvduyfux8ygrwr2yu4cvltnrl73w38vtkswrahg5,BSH,2000,
xch18hyl3awsse7c9hysyfet40hq6r495y7lwrfanmqfrj4srxpg2cksdutet0,BSH,2000,
xch10s4kaknfql7p0l53wt4ucwa6sp7qe8n40w5dk5d40a79ttyxahzq0v2ame,BSH,2000,
xch1ldgf294sqgzvse72tseulruud3c82455ymqtsnme5nxmm72z2a9qraflqd,BSH,2000,
xch1lgm7t5hxlpzzse8fhj7fn4zxlhew6fvgptfnyfndcgcl2qg6fj4qv6tktg,BSH,2000,
xch1xuq4kgsdh6nfursdynup3h4z7r6p20lyz6ymwnnd6df5zme7k6ysxdyjfk,BSH,2000,
xch19sf3m6p5066qtks9ltxvt4x25t3v8dccc5hnuu0ajmaxheakudpqesjq2z,BSH,2000,
xch1w4xqf3ttt7lujcl509yx23l03cnyfjr2yggh77vuucx33duwp6hqfdnu3m,BSH,2000,
xch1mhc0fgqwdu0mzgtqe6c6t850f94c622c8u8dkp7qct9e2t0c2s6skuzlqj,BSH,2000,
xch10ap925jrtasw9gsdu5c77wa527j7ja6vdk9e2mdplp940uyfuf6sftdyf5,BSH,2000,
xch1u7xyu49j57ynr7hq5c08spshj343wyf0uc0q5vnxuadqvzajj8jsucrvea,BSH,2000,
xch1ylc8y92s902t7r2kzlxtg9a7vq56uzczdm5emlwacwctsy24mdwqgvkzhk,BSH,2000,
xch14d8m4sjygw7t2d7qdfkdcw8fmernn7lkcpkrxyleyyudpu3sn46qv833ku,BSH,2000,
xch1lre9v8xkrpus3c8lkwrxmm0xj74xhtlfrt0sh8ph3eu7rp5v0paq2cvshf,BSH,2000,
xch1w7aagsmzz40u002c3hmtd7tzd0p8y0mqs9vjfkmmfjm6fsm8kapqy5z422,BSH,2000,
xch1gxwm5cf8qsf7ucjkrx8tsjhsg7gq9m4jaw0d2ryr3zsv5w8ww55q3y8hqh,BSH,2000,
xch19xh27yd23ezje8ksnpz3y839enu3ugt5mysjjplmdy825rgdjgrsghphc4,BSH,2000,
xch1sce9a3e0vgxa3kccw4gm6vgld9am2x8mv5s3xhjs46u6nse7ehlspzgupu,BSH,2000,
xch1n0va8yzz94pyksaff35p9qp4r5xcjqydx48jppg62gyvw6qnputsu6ftdd,BSH,2000,
xch1nt2p9dz4kytsvtzcx68m7669a2y54ccsezysmtsspl2gxa7gxs3q55ks9e,BSH,2000,
xch1n4yzgc5rljg5ptkl706slz0z5qxxd5f8relghx2lhtwg4hgv4vtqmfn6kt,BSH,2000,
xch18gx233z7mt3shx47wqsh5pl6vvj5mw9dkf5hptp9lsyhh459vmns8tvddq,BSH,2000,
xch10gf227ecfuxktewv0gvl6a3vs2ghd0jjxh89me8q3lumcvy3rd8qglzm27,BSH,2000,
xch1vgfkd4nea2qywakgrdjcgy008fzlulmlgtwguweskm6xkncrj3wqly889l,BSH,2000,
xch1wn4pgn50wwqktrrrlryy263pz443ehjljsglwlhd35pmj68jutxqr93nng,BSH,2000,
xch1wnvxlflwg4w5tgm5sj33nzkr2fytjqu28yz8ja8kl5tsycnu8gxsgr3xpm,BSH,2000,
xch1af2gwu6768a5kjy6zy662a2639m8xd5eerjncx8s7vydqya60zfsh45tvy,BSH,2000,
xch194m4mk697v0e6j9jd3h2g03yrdakkcd4vc974lwlupvpn435x9pqdah8rp,BSH,2000,
xch1mn76pczjfq5tsges4j9alvxmddkx690jkgrxnw2fsjwt3lrljv0sq5fy5m,BSH,2000,
xch1zvaqcky644uy7chsxq5gfzlqhrtg2p2qqczzgelhuk0eh0hkxz3slp4yhg,BSH,2000,
xch1r7jvvrrz6rfu57trscygnuhgv3mzdjytw945fwzywnh94t46vhaqjq3a3j,BSH,2000,
xch12kxhwkmgsdleja0p27w575ev3qvd72pa3zqwae5uaweeysr5rgwsghgmgx,BSH,2000,
xch1e5qlwe94mx5ntjarlu53ekyfru9gwp8zq8ngdxn6hsflg9nz3grsarafjc,BSH,2000,
xch14lc2m4v0ea3h6tdxe5z2x4rrpmczlv45f459jmaaadfh8yhygrqsspefs9,BSH,2000,
xch12z6qrxk0udjuh2s972hfjklzte5ku6kk2hx7drkv0gecj9lfy8hqpmcmrz,BSH,2000,
xch1fe390nqkmrrlkzp22d7r35lhyydds5clyaulgfhw2pc9mwr456gs34yc6h,BSH,2000,
xch1nqwzpzsuuk8pxj4thej23y67yplm5sjv3lrhzxvlwfv9krwpjrsq5rmuup,BSH,2000,
xch14w64fd02gkzj2cm58el4a6cnxu35ufrkw2vh43rt3fxdl3xr4z9sn77shh,BSH,2000,
xch1fe2k0xceqfj783x3e8c52j37gum9rjqed9vtyc3ht5r3km74f9us86jd9j,BSH,2000,
xch1jn0wd26z3upc654f7uea7f004n3tvuvjnuqtrmt4adhwmgstkutqnuqysz,BSH,2000,
xch1eemn4yyt5qrumt7wnrg3syysf3m8fdfet96vec0z4l984ghv49fsgs5lkl,BSH,2000,
xch14pq29y2kvkhvaqnlqmqtkjfllpdqq6w27qdv9zm5svm29ft7xh2sjysuqy,BSH,2000,
xch1rf7q4u04j8l6z0tahmyp0pfd42f0x8zqx0p83z865va26282qucs5kqss8,BSH,2000,
xch1gxrufa78fl46d2ment6cv9vmmaytse0tlemp9krqkycp4s63f2esqlhfyq,BSH,2000,
xch1e7qw5s0twjkfs9z3wt8skj938uakkan33dsvn2dpcwj9up56vaqqm0tm85,BSH,2000,
xch1xy54nwfaxnymek6yvgwljk9lgj3u7j73q7c49u845jx3wyshyhqsyf7ag3,BSH,2000,
xch1lh4yruqcsv0fpv2zcz7360jj3p3cmhux85wcc7dlephuk8j04z0svvmhvq,BSH,2000,
xch1jn2xjlxxhmxzvdfr9r9z6hwgpgjvjxg866c8vw48qnr6knu8zwwqylhw78,BSH,2000,
xch1shy4gu7ntm8npnrvmxgl2hvd9wggt3qjdxexwh0xye42fj9am7nq22q7y0,BSH,2000,
xch1yy2jmjc03xl3dwh4eh5m35fufsm9064nms46nmlfjh0vmc32e0cqupgljc,BSH,2000,
xch192726mq2qklau5kf5nkpw64t3xcus2hwss2k9gpyfy2ssuvwvtms88w6q0,BSH,2000,
xch1z92rt337py2pgsqpd6apsgthydzdm0v935z2lt5f0qe8uevrwevqg7k0z7,BSH,2000,
xch1yup3qattt05qh4kxjt4en9w23ywsa4ew0nlkmr52y24za2uul26q2tuf22,BSH,2000,
xch1043mfj5rpwa5qqwymgp9k8hd5sfydxjf97zxyhvrsxzjx6su9rpqxcqwl6,BSH,2000,
xch1k2tuxel5l0jyf9qr5lz7vszp3ehrmrrw8jn6crvncunx4wx7q25qvfrlhq,BSH,2000,
xch1a7qf9eyfw25aaqsvgjl52w9cf4xvrttl3yma0wcc8wysynsdp3esley9g6,BSH,2000,
xch12jsxhhq4ytnayh4ytggmauvwgqamgytgxn32k40vzq4xan53nlgqzf8ftr,BSH,2000,
xch1x9rr6mgmm4q39nqmrsnyxanm2zp34y9483jrj93tfx3q9cwf75eq5cspna,BSH,2000,
xch16tmdzcdggfsmq2zrg3z0kt4rd778uyw6wdjrf75uqsx65gmetmtsjz6cs3,BSH,2000,
xch1zslmzxj7rvce5kqgc2kfjsjhzpwrngx9523yfthl9dw4cv83awtsd2yt22,BSH,2000,
xch1au3hhv76r892vctnjd2kgyltnmhrkt0x3p8c7wyvynm6sw9m66cslm2rwe,BSH,2000,
xch1t82hsyz8t687766n0pvvwr9aewh5zmepue8x0r9ym5druc9tagtqr4dtxq,BSH,2000,
xch153tm8as35hurvpnpxt2t05a3ejv3z8nvwpeqhnqm577c57pvtwqqlqft86,BSH,2000,
xch1xwmsg0lzelmja0r2cpl7f3h542zuljff3m4rkdpe80geyrjwv9ps8anm2r,BSH,2000,
xch1dsckf9ua7p90904g0zmxxgkudganrulph8yejp7zsgx9xh02vy9qqs64s5,BSH,2000,
xch1dz3hr9wfjdr25xuvngvjvmp0efq37z3sy8upf9tvdm9aztj6utjscd9wjq,BSH,2000,
xch143f8hlsa87aw5qmg3v5xpu0d2hdzuspt6cean3hechpv7fwk79mqcn4na7,BSH,2000,
xch1j6r4gnqea9xr8mhlq378cz0tsv63evke50hq7dpn2d8d26n3g7eqk0pxve,BSH,2000,
xch1gwnc8dxymea5gunt43tkfn7khvmd8zvegcvmdz2v076cz63nvqjsj8skzv,BSH,2000,
xch1lkcgz2lhx9jg625kz5p0fnwmzfvv6ekg60q4agwhhhf6frexxcssm7mkzh,BSH,2000,
xch10uzm4kh2nyum7le6w6p75zz3zutrp7z0cgakktu3spp4syd7yk4svgypfj,BSH,2000,
xch19wvuq7p5v9ysurmykdjn48nukq4vkwtkgjklhctf8fcawsfpengqe4jfrk,BSH,2000,
xch1kg6v5xt7e90dyhv2l5z6xjw06pw6g4umhfytyda4n5wnlj9wxkeqw26ghx,BSH,2000,
xch1nmgq55yf0a90htq9q5emqxd5l2na9mk3mh0pm4fmg0gn82jz9fvqgzn7ph,BSH,2000,
xch1yypjp47s0ka8zn7g2yagqed3ar4agcykd34a8srvzwld4qxr7qhq2rxkmn,BSH,2000,
xch169f6assqk2xkrdj8df3n5u8umjm74cw4aqv0gt30ffw9xrl3sf2q7ntpuy,BSH,2000,
xch1jcuhhrs950rha6yyq8sh44dvs882jc6uytv3auv7asx4phcnzc6q0g6e9s,BSH,2000,
xch1ngpw3qhcpv3sd4z9rmctjgtfzlahgysu3u88wh76dck4gvyz4spq9rkwrt,BSH,2000,
xch1xdsn0g7jqz235h0vwu57n4xn6ac6jgwggw2jkgkpzcszhtmyf6xseservx,BSH,2000,
xch1ly2a4c6s75rr5y25pv55ahgz892qs5rxvx7sw5x0m420e5tfs7aql9lp5k,BSH,2000,
xch1ytk622vxsf6ytds4qly0r0fgrpg0p5g85pyrnk27n5xfwv52ndmq4y6dhz,BSH,2000,
xch17wf6znu7wasz4fq6gt84eehcmr9v4eevfl5xawtmhql2x8fh4rnqq3ngv6,BSH,2000,
xch1x6tjjlwxucjfxa84nqqqz7ckcnk7pmsq8n08cafdmfjwrqt9pe4sn3xgej,BSH,2000,
xch188vfamv2yn5zctn0mgmqe309ulra2hv9fgc655cfqmderhr2sxcsnz45pq,BSH,2000,
xch1a8243rqpsrc5r4e39npz2k784x3ssvtfrte8mmezpzpkweljqtssmxcx3k,BSH,2000,
xch1nmv5xdjrut50sh96h9dme4dmu6s68el3gun90xd0ct60cxqucn3sv4fz3f,BSH,2000,
xch10wwqdgj5asmzmv7xmkylzta06g4m866c0ssthkq7nvwp58smf7xqsv784v,BSH,2000,
xch1suff9tan7vjc99rcpqwyp0p3uegqpkpp9edskgpxdf4s292lfv0scv9dnr,BSH,2000,
xch19wmq8wcpz5a8aezs3py7xur27kmjyelxar49dc9875lzl8prpf9qepy4da,BSH,2000,
xch1u3vz0uzd3nv8mlg7fjvt69al58gekxvg8y0t357ft25r4a5zmnsqtv802l,BSH,2000,
xch1vfezdnpnky4nvpp4kf7alxw4nyqh77pqydzwmcd6pas7ntdyg8fqse49na,BSH,2000,
xch15a92f6dykahy5k3rlztcrfnmsjqp8fcgx2l9mkt60mnwd3sj9f7s4j29np,BSH,2000,
xch109qrhjz7ygp24fgxshf452p9awyg83xkrnkh89ythxtn3xuty3ts8jvmgq,BSH,2000,
xch1njdlf2s0vc2wgwhxszn2gz5z5ngr4k0dkyhsaxya97v9zyjev68q7hps02,BSH,2000,
xch1y0a43cqkpzs2p0gk4l92wcmk9lq6u4yljx2xru9wwwvhrhygvj2sx4ggnd,BSH,2000,
xch12ushjsmxmyxe45n7lr86jk93er26zwgc0wckkw2mw72w5tum2m4sudknv3,BSH,2000,
xch13l2fv3v6xmspft65zmgpwjsg0gpmx4ewuapnqd8ulel3a73ujuws6n6h2w,BSH,2000,
xch1f5fefjwsfkncrv6869enuwhmx5pmd746fpesfn9ug53cwrl3d7zqy6up44,BSH,2000,
xch1jetzkhx7q8aczmxf3zhv6uphax6t5vu888yqx54nfuhzxe5swkhsvr5g08,BSH,2000,
xch17krggevjpfmeqhgg98nlhna64ewsrwpl8n60xhfaelgs0jehnc9qkg392l,BSH,2000,
xch1mhg6yv59uknv7zd04yzch5wkhq5qa3ftpqhys7ldnlq5yv9xgvrqu86n2n,BSH,2000,
xch1wjzurnern2zt48g2aljjz2lvdcv0hre6895acfv7pas8rk9kqvasg3aslz,BSH,2000,
xch1trh3s0gptx0jape3hp3genwcg0a63tfkrxfy0l6uqnz4s50559yswphgqp,BSH,2000,
xch10nawgckypnpjtakjq48prz7fghs5pq4nwy0hhn9g8r9vvh0nh4ksltj6nk,BSH,2000,
xch1cfhy4m0x87tt20y4lwkynawaz4xg9d90ty2sgqx7wdykw6s7dq3qx2lheh,BSH,2000,
xch1l6l5y88ae6upslcazjdvh86ahtrjtgh6rqawzk6ctf7hy8hc6fnqfd4833,BSH,2000,
xch16z7zwwkwlcrql9d07lafkuv4mh6qynz49ekqg4nm48c2vgd6wcxqgmywyd,BSH,2000,
xch1n2ecw8wrsaw7wtwst7z03akad7pwwz9dqh0sx4e523z35qa0ku9qflamgj,BSH,2000,
xch1fy3edyz5y3wfd5q0tftc00undu5qkx8zqa47xax0mekf9t0d4sps8dx45m,BSH,2000,
xch1akmjum22hm3ys6zyxktyymtwtge2nms5xw3vt6c4csv7gap0n20qaqd3ly,BSH,2000,
xch1hgtkqp2ev06m5nnv960rd5kxernmuxan9w09hae87mf05rdyz7yql5eyjq,BSH,2000,
xch1sz3wz98mn8ns2txg3ar6hkc5g5nmdjsz6xt4trlgy4dh2gncvshqcf94an,BSH,2000,
xch1lctnpcjpktucgz66yy06a6jpewwupsgwu9jf090fjxukjja3sngs6tpg8d,BSH,2000,
xch10krmrh2ztpmwlz7vudnujxdyp29a557futupaxpftzm64rw8n9rssvn30e,BSH,2000,
xch19ya9xcyur6695lhh6lml02x0xg0l3j0c4pma7g8fuevahn04xa2qtpr0w5,BSH,2000,
xch1vmnj4lcsa9cd6sumq3tmtq7wev8lqqszjcst083uecn966xdtx9s0l7t4l,BSH,2000,
xch1xd9a4xewzf6g8l6usfkp7a8uzkzp5jypxl5n5njyfnn2nxa6wvqq9wk33e,BSH,2000,
xch1v52swysvvece4432966vdsmr0yepcqy4z6pnt6kpf0zs7mer2amqru62wv,BSH,2000,
xch1ws2acrk9gqfcnkpl6zehaujacaaac8e8pnhgh9x4hp5senazxqcsy3cqze,BSH,2000,
xch12wgqw2k8mvpy6dwpn970ajajue6y4p7fvndaffggaynn0g5aktxsl7feww,BSH,2000,
xch1m75xgm62q5ywyj2yyxqjp4p7edqnelcp3tya37xkaz7nv20ljudq42tqdj,BSH,2000,
xch1vnamfevmzh8h4fhwtk2cxy3x8na4zuela5w6ga0mt7vadc7p235q5m8nhd,BSH,2000,
xch1l0783luv274akh7ajpeutl59uvwpt4th4c5n25a8fund9e6fyhxqtcvz60,BSH,2000,
xch15h3qq39wxvg6dlnmwqnha2n9jz055nx7fy7wmmuytxqu9l4n485szq4nnz,BSH,2000,
xch1lpd0mcafcm5l52j4ruu6spvcdqw6tam2a64ylj0x6whw4k9h82yqywhx4d,BSH,2000,
xch1tzgqsqzl2j6k565ymt4wfk2wf78r6fv2020h7wch29ad8jxjxmrqrlgheu,BSH,2000,
xch1r34njh0ktvhucrskfytc4u8g2u6jffzkwwghp8yqv5e23hevse4sqsdqc8,BSH,2000,
xch1knwwn0jrm7v7wjlktzuvncgry7peywnzvu97y64e9f0875y2wrws8vs9cv,BSH,2000,
xch1kxeujygfqezehjln6rvs9d8dr065tj600ymezt0nskakjldrww2sw3dtul,BSH,2000,
xch13du838kdrxdgm7q3qqchrmuf0g5xrqe60wkzjutrlwsw7qyqm08qyu77xd,BSH,2000,
xch19dr0sxwptpmtjvtj3f2c7ck3vugnpv0petf6eygfa4ccn2f7n54shn7f28,BSH,2000,
xch1f023qm73r2x7sfwsc9zsdfp6drym7t0x7uj0pq6vrf7wnq75ejwssj2a3z,BSH,2000,
xch1yaysvjwz3nju0kldqh6474gfthffxj8yfd54a34y2xdmjjt3lugqq6w3da,BSH,2000,
xch1mjphfqtr3ytnxr8x6w8vt480mwk8sxhqshyxj7xxed6pxk4aw7gs8lu755,BSH,2000,
xch10yv5jt7lk7pff0vspwn0kwhwlnq352uw49vjh8x2hreh3qm5h0xsunq84x,BSH,2000,
xch1mpe7lahjlypq6u75424gtfdvl09uceqdeuf2lnv7anrdxgdysf0sdrwv7n,BSH,2000,
xch1e5r0w5e8gg7zegv0syxdjk9hl8rgzz6szwd4uvru40mddaxlxvhqgr87mp,BSH,2000,
xch1s85aqc8t88pyxj5t8g5yyeexxqr629mlzg9ewqzzmgwasenjj6ysn2u07t,BSH,2000,
xch1xlhe248ht95cmw73gtj4c26mfzfn62fa9flulya35w264ajdmufs2sccye,BSH,2000,
xch1nc60wc7ydu8jd7ktgvurz7wf8pv3tmldr2erlslrfpzyhrjww9askutyxf,BSH,2000,
xch1skqsqdxqxp7prvdtuw5tj2x26suzud7d2wllp8agr46pvhc06yqszagmus,BSH,2000,
xch1sc5yqd5je2fgqez8dn9kaczeune4zuf5ye97vmj76cns6c7n7tvqmww08l,BSH,2000,
xch18z3fetkp8dzq6wl4cvfqns2g9tyxxda5mrqy3qd5d95qphtfvwysg9yjkv,BSH,2000,
xch1uh4lzxl8y3qlv53egjkderhm2syxsxdfacen7674yr3m93fnxv6swp5kff,BSH,2000,
xch1ndap5pqpt3gl7waafcnr62kpc7gfdtp3v0l5m4vx2wcff0qjrm8skr7crg,BSH,2000,
xch1wggu7xlh3eke5df8vqzc74lfzzqmjz4quju9ega0wxvp9tm3a4aqradvqz,BSH,2000,
xch1gy27z2glnq0vfu9hx90f2w54kazxnl2jxre8s25f7zctapw0rhcsddx7z7,BSH,2000,
xch1fvan2rghemj0t9ny0ydhkv2dutdjamk3uzpze0t7neaj332pxqhsx89yw5,BSH,2000,
xch1ah69hvu0upwl3f0rrjev8mmhkfme4mc4ckg9tz6qkg6uvzlrwt3q26tpg6,BSH,2000,
xch1mpeyzvt68gatez2jesf3pjtwj46gydfl9y64knfyckgkem4aq0gsc0g8kq,BSH,2000,
xch12pv5dvmllt07m8dwnz7tdphrp6xyvf0qw7ymduqm0g0me44kefvszf2zck,BSH,2000,
xch1n8qj8ae6ggm229hdh7r6t3gzjmngu3z6tqp5rzv0qe776l6mk7wqw52etq,BSH,2000,
xch1nzwa63hw0mw256har5xhe0ywejkcwq75kpk09kwd45t88ddn4pdq3d7dq7,BSH,2000,
xch1cy05xzpzdscyzcccv7vvauyy95etrqngm39skl4jpwpv339nktaq2kh90q,BSH,2000,
xch17x9xr4a5ezl90d0ym5389tmrmpu8xvwxzz6tcxm347gzw2pl2cpqmggura,BSH,2000,
xch1nkxyk0xhpha2j70wdngfkxhxxtsa6p532ke8gva28z38pxl9gfjqahnxs3,BSH,2000,
